ISO-10303-21;
HEADER;
FILE_DESCRIPTION (( 'STEP AP214' ),
    '1' );
FILE_NAME ('CLT32-17N.STEP',
    '2022-11-04T19:57:37',
    ( '' ),
    ( '' ),
    'SwSTEP 2.0',
    'SolidWorks 2017',
    '' );
FILE_SCHEMA (( 'AUTOMOTIVE_DESIGN' ));
ENDSEC;

DATA;
#1 = DIRECTION ( 'NONE',  ( 0.0000000000000000000, -0.0000000000000000000, 1.000000000000000000 ) ) ;
#2 = VERTEX_POINT ( 'NONE', #975 ) ;
#3 = LINE ( 'NONE', #1384, #2703 ) ;
#4 = CYLINDRICAL_SURFACE ( 'NONE', #1987, 0.04910647691539935700 ) ;
#5 = EDGE_CURVE ( 'NONE', #1972, #854, #1041, .T. ) ;
#6 = CARTESIAN_POINT ( 'NONE',  ( -0.9000000000000001300, 0.2491064769153990600, -0.3084354357119420400 ) ) ;
#7 = VERTEX_POINT ( 'NONE', #1785 ) ;
#8 = VECTOR ( 'NONE', #2559, 1000.000000000000000 ) ;
#9 = CARTESIAN_POINT ( 'NONE',  ( 0.9000000000000002400, 2.475000000000000100, 0.6999999999999997300 ) ) ;
#10 = ORIENTED_EDGE ( 'NONE', *, *, #3230, .T. ) ;
#11 = VERTEX_POINT ( 'NONE', #2854 ) ;
#12 = CARTESIAN_POINT ( 'NONE',  ( 1.116175491646428200, 1.748711205562461000, 1.069640914885038500 ) ) ;
#13 = ORIENTED_EDGE ( 'NONE', *, *, #2387, .F. ) ;
#14 = CARTESIAN_POINT ( 'NONE',  ( 1.053606543901726100, 1.774118095489829700, -1.091695537491062400 ) ) ;
#15 = ORIENTED_EDGE ( 'NONE', *, *, #3046, .F. ) ;
#16 = DIRECTION ( 'NONE',  ( -4.818676322157798400E-016, 0.0000000000000000000, -1.000000000000000000 ) ) ;
#17 = AXIS2_PLACEMENT_3D ( 'NONE', #1330, #1640, #3536 ) ;
#18 = CARTESIAN_POINT ( 'NONE',  ( -1.146579437399554800, 1.729906060138488100, -1.071647758104568700 ) ) ;
#19 = VERTEX_POINT ( 'NONE', #941 ) ;
#20 = LINE ( 'NONE', #2610, #2848 ) ;
#21 = EDGE_LOOP ( 'NONE', ( #2173, #1727, #2770, #3015 ) ) ;
#22 = DIRECTION ( 'NONE',  ( 1.000000000000000000, 0.0000000000000000000, 0.0000000000000000000 ) ) ;
#23 = VERTEX_POINT ( 'NONE', #3153 ) ;
#24 = FILL_AREA_STYLE_COLOUR ( '', #3232 ) ;
#25 = DIRECTION ( 'NONE',  ( 0.0000000000000000000, 0.0000000000000000000, 1.000000000000000000 ) ) ;
#26 = CARTESIAN_POINT ( 'NONE',  ( 0.0000000000000000000, 0.05000000000000000300, 0.4080450184411360000 ) ) ;
#27 = PLANE ( 'NONE',  #2526 ) ;
#28 = DIRECTION ( 'NONE',  ( 0.0000000000000000000, 0.0000000000000000000, 1.000000000000000000 ) ) ;
#29 = CARTESIAN_POINT ( 'NONE',  ( -0.9000000000000002400, 0.0000000000000000000, -0.4499999999999995700 ) ) ;
#30 = COLOUR_RGB ( '',0.7921568627450980000, 0.8196078431372548800, 0.9333333333333333500 ) ;
#31 = AXIS2_PLACEMENT_3D ( 'NONE', #1217, #2055, #1757 ) ;
#32 = ORIENTED_EDGE ( 'NONE', *, *, #1018, .F. ) ;
#33 = DIRECTION ( 'NONE',  ( 0.0000000000000000000, 0.0000000000000000000, -1.000000000000000000 ) ) ;
#34 = EDGE_LOOP ( 'NONE', ( #2888, #907, #2640, #2838 ) ) ;
#35 = FACE_OUTER_BOUND ( 'NONE', #615, .T. ) ;
#36 = ADVANCED_FACE ( 'NONE', ( #362 ), #1167, .F. ) ;
#37 = DIRECTION ( 'NONE',  ( -1.000000000000000000, -0.0000000000000000000, -0.0000000000000000000 ) ) ;
#38 = EDGE_CURVE ( 'NONE', #3394, #3380, #3439, .T. ) ;
#39 = AXIS2_PLACEMENT_3D ( 'NONE', #1670, #1695, #16 ) ;
#40 = ORIENTED_EDGE ( 'NONE', *, *, #3243, .T. ) ;
#41 = LINE ( 'NONE', #2824, #2611 ) ;
#42 = CARTESIAN_POINT ( 'NONE',  ( 0.0000000000000000000, 2.700000000000000200, 0.0000000000000000000 ) ) ;
#43 = CARTESIAN_POINT ( 'NONE',  ( 1.564999999999999900, 1.700000000000000000, -1.214999999999999900 ) ) ;
#44 = LINE ( 'NONE', #2645, #2395 ) ;
#45 = EDGE_CURVE ( 'NONE', #1012, #2780, #2626, .T. ) ;
#46 = EDGE_CURVE ( 'NONE', #755, #2192, #1655, .T. ) ;
#47 = CIRCLE ( 'NONE', #1423, 0.2249999999999999500 ) ;
#48 = FACE_OUTER_BOUND ( 'NONE', #1117, .T. ) ;
#49 = EDGE_CURVE ( 'NONE', #1659, #3442, #2371, .T. ) ;
#50 = DIRECTION ( 'NONE',  ( 1.000000000000000000, 0.0000000000000000000, 0.0000000000000000000 ) ) ;
#51 = CIRCLE ( 'NONE', #1749, 0.4501129136690195700 ) ;
#52 = VECTOR ( 'NONE', #961, 1000.000000000000000 ) ;
#53 = DIRECTION ( 'NONE',  ( -2.449293598294705900E-016, 0.0000000000000000000, -1.000000000000000000 ) ) ;
#54 = ORIENTED_EDGE ( 'NONE', *, *, #2658, .T. ) ;
#55 = EDGE_CURVE ( 'NONE', #2303, #1045, #2410, .T. ) ;
#56 = ORIENTED_EDGE ( 'NONE', *, *, #1850, .F. ) ;
#57 = ADVANCED_FACE ( 'NONE', ( #2451 ), #2581, .T. ) ;
#58 = ORIENTED_EDGE ( 'NONE', *, *, #2447, .F. ) ;
#59 = AXIS2_PLACEMENT_3D ( 'NONE', #932, #968, #1246 ) ;
#60 = ORIENTED_EDGE ( 'NONE', *, *, #2540, .T. ) ;
#61 = ORIENTED_EDGE ( 'NONE', *, *, #3012, .F. ) ;
#62 = ORIENTED_EDGE ( 'NONE', *, *, #1097, .T. ) ;
#63 = CARTESIAN_POINT ( 'NONE',  ( 0.9000000000000003600, 1.700000000000000000, -1.140597764726383000 ) ) ;
#64 = DIRECTION ( 'NONE',  ( -2.449293598294705900E-016, 0.0000000000000000000, -1.000000000000000000 ) ) ;
#65 = DIRECTION ( 'NONE',  ( -1.000000000000000000, -0.0000000000000000000, -0.0000000000000000000 ) ) ;
#66 = DIRECTION ( 'NONE',  ( 1.000000000000000000, 0.0000000000000000000, 0.0000000000000000000 ) ) ;
#67 =( LENGTH_UNIT ( ) NAMED_UNIT ( * ) SI_UNIT ( .MILLI., .METRE. ) );
#68 = CARTESIAN_POINT ( 'NONE',  ( 1.417330463524280000, 1.700000000000000000, 0.0000000000000000000 ) ) ;
#69 = CARTESIAN_POINT ( 'NONE',  ( -0.9000000000000002400, 0.05000000000000001000, -0.4080450184411357800 ) ) ;
#70 = ORIENTED_EDGE ( 'NONE', *, *, #2011, .T. ) ;
#71 = CARTESIAN_POINT ( 'NONE',  ( -1.600000000000000100, 0.2352080016535703100, 0.1678453236622475800 ) ) ;
#72 = DIRECTION ( 'NONE',  ( 0.0000000000000000000, 1.000000000000000000, 0.0000000000000000000 ) ) ;
#73 = DIRECTION ( 'NONE',  ( -1.000000000000000000, -0.0000000000000000000, -0.0000000000000000000 ) ) ;
#74 = AXIS2_PLACEMENT_3D ( 'NONE', #1720, #2231, #2808 ) ;
#75 = FACE_OUTER_BOUND ( 'NONE', #1840, .T. ) ;
#76 = CARTESIAN_POINT ( 'NONE',  ( -0.9000000000000001300, 0.2000000000000003200, -1.250000000000000000 ) ) ;
#77 = ORIENTED_EDGE ( 'NONE', *, *, #49, .F. ) ;
#78 = LINE ( 'NONE', #2388, #3460 ) ;
#79 = DIRECTION ( 'NONE',  ( 0.0000000000000000000, 0.0000000000000000000, 1.000000000000000000 ) ) ;
#80 = CARTESIAN_POINT ( 'NONE',  ( 1.564999999999999700, 1.700000000000000000, -1.215000000000000300 ) ) ;
#81 = AXIS2_PLACEMENT_3D ( 'NONE', #2756, #1409, #3052 ) ;
#82 = VECTOR ( 'NONE', #1186, 1000.000000000000000 ) ;
#83 = EDGE_CURVE ( 'NONE', #281, #1837, #228, .T. ) ;
#84 = ORIENTED_EDGE ( 'NONE', *, *, #176, .T. ) ;
#85 = UNCERTAINTY_MEASURE_WITH_UNIT (LENGTH_MEASURE( 1.000000000000000100E-005 ), #1368, 'distance_accuracy_value', 'NONE');
#86 = DIRECTION ( 'NONE',  ( 0.0000000000000000000, 0.0000000000000000000, 1.000000000000000000 ) ) ;
#87 = LINE ( 'NONE', #3385, #1859 ) ;
#88 = EDGE_LOOP ( 'NONE', ( #2571, #2530, #2758, #1976 ) ) ;
#89 = VECTOR ( 'NONE', #3363, 1000.000000000000000 ) ;
#90 = VECTOR ( 'NONE', #2655, 1000.000000000000000 ) ;
#91 = CARTESIAN_POINT ( 'NONE',  ( -0.9000000000000000200, 0.2491064769153993300, 0.6618042484119135400 ) ) ;
#92 = CARTESIAN_POINT ( 'NONE',  ( 0.9000000000000001300, 0.0000000000000000000, -1.250000000000000000 ) ) ;
#93 = ORIENTED_EDGE ( 'NONE', *, *, #2859, .F. ) ;
#94 = VECTOR ( 'NONE', #679, 1000.000000000000000 ) ;
#95 = VERTEX_POINT ( 'NONE', #597 ) ;
#96 = ORIENTED_EDGE ( 'NONE', *, *, #1220, .T. ) ;
#97 = CARTESIAN_POINT ( 'NONE',  ( 1.417330463524280300, 1.800000000000000300, -0.6999999999999978500 ) ) ;
#98 = DIRECTION ( 'NONE',  ( 0.0000000000000000000, 1.000000000000000000, -0.0000000000000000000 ) ) ;
#99 = CARTESIAN_POINT ( 'NONE',  ( -1.053606543901725900, 1.774118095489829700, 1.091695537491062600 ) ) ;
#100 = AXIS2_PLACEMENT_3D ( 'NONE', #1103, #1663, #1942 ) ;
#101 = EDGE_LOOP ( 'NONE', ( #1088, #539, #564, #2585, #1362 ) ) ;
#102 = CARTESIAN_POINT ( 'NONE',  ( -1.251784245380883400, 1.899999999999999900, 1.215000000000000100 ) ) ;
#103 = VERTEX_POINT ( 'NONE', #1118 ) ;
#104 = CARTESIAN_POINT ( 'NONE',  ( -1.215040734568392000, 1.700000000000000000, 1.077871221049410100 ) ) ;
#105 = LINE ( 'NONE', #1396, #3317 ) ;
#106 = EDGE_CURVE ( 'NONE', #329, #3142, #2962, .T. ) ;
#107 = DIRECTION ( 'NONE',  ( -0.9659258262890698700, -0.2588190451025148000, 0.0000000000000000000 ) ) ;
#108 = AXIS2_PLACEMENT_3D ( 'NONE', #2885, #1929, #662 ) ;
#109 = VERTEX_POINT ( 'NONE', #1968 ) ;
#110 = ORIENTED_EDGE ( 'NONE', *, *, #2087, .T. ) ;
#111 = CARTESIAN_POINT ( 'NONE',  ( -0.9000000000000001300, 0.2491064769153993300, 0.6126977714965139400 ) ) ;
#112 = DIRECTION ( 'NONE',  ( -0.2588190451025146900, -0.9659258262890698700, -8.402694830839956400E-016 ) ) ;
#113 = EDGE_CURVE ( 'NONE', #3143, #3014, #830, .T. ) ;
#114 = DIRECTION ( 'NONE',  ( 8.017490599450574700E-017, -0.9659258262890699800, -0.2588190451025145800 ) ) ;
#115 = DIRECTION ( 'NONE',  ( 1.000000000000000000, 0.0000000000000000000, 0.0000000000000000000 ) ) ;
#116 = DIRECTION ( 'NONE',  ( 0.0000000000000000000, 0.0000000000000000000, 1.000000000000000000 ) ) ;
#117 = EDGE_CURVE ( 'NONE', #2106, #1837, #782, .T. ) ;
#118 = EDGE_CURVE ( 'NONE', #3442, #2244, #1957, .T. ) ;
#119 = DIRECTION ( 'NONE',  ( 1.000000000000000000, 0.0000000000000000000, 0.0000000000000000000 ) ) ;
#120 = CARTESIAN_POINT ( 'NONE',  ( 1.320737880895373100, 1.774118095489748600, -1.092760902614055900 ) ) ;
#121 = VERTEX_POINT ( 'NONE', #2276 ) ;
#122 = ORIENTED_EDGE ( 'NONE', *, *, #2931, .T. ) ;
#123 = VECTOR ( 'NONE', #1578, 1000.000000000000000 ) ;
#124 = PLANE ( 'NONE',  #2211 ) ;
#125 = AXIS2_PLACEMENT_3D ( 'NONE', #3087, #1456, #3099 ) ;
#126 = DIRECTION ( 'NONE',  ( 0.0000000000000000000, 0.0000000000000000000, -1.000000000000000000 ) ) ;
#127 = CIRCLE ( 'NONE', #1398, 0.3042623357845721800 ) ;
#128 = AXIS2_PLACEMENT_3D ( 'NONE', #1321, #1595, #1890 ) ;
#129 = DIRECTION ( 'NONE',  ( 0.0000000000000000000, 0.0000000000000000000, -1.000000000000000000 ) ) ;
#130 = CARTESIAN_POINT ( 'NONE',  ( 0.9000000000000001300, 0.5267751238522144800, 0.1840341033824127400 ) ) ;
#131 = VECTOR ( 'NONE', #2833, 1000.000000000000000 ) ;
#132 = ORIENTED_EDGE ( 'NONE', *, *, #2367, .F. ) ;
#133 = DIRECTION ( 'NONE',  ( 2.449293598294705900E-016, 0.0000000000000000000, 1.000000000000000000 ) ) ;
#134 = VERTEX_POINT ( 'NONE', #644 ) ;
#135 = CARTESIAN_POINT ( 'NONE',  ( 1.564999999999999900, 0.2352080016535703100, 0.1678453236622475800 ) ) ;
#136 = VECTOR ( 'NONE', #2368, 1000.000000000000000 ) ;
#137 = AXIS2_PLACEMENT_3D ( 'NONE', #1618, #2708, #576 ) ;
#138 = LINE ( 'NONE', #3228, #3305 ) ;
#139 = DIRECTION ( 'NONE',  ( -0.0000000000000000000, -1.000000000000000000, 0.0000000000000000000 ) ) ;
#140 = CARTESIAN_POINT ( 'NONE',  ( -0.8999999999999998000, 1.700000000000000000, 1.215000000000000100 ) ) ;
#141 = LINE ( 'NONE', #3135, #781 ) ;
#142 = VECTOR ( 'NONE', #3322, 1000.000000000000000 ) ;
#143 = DIRECTION ( 'NONE',  ( 0.0000000000000000000, 0.0000000000000000000, -1.000000000000000000 ) ) ;
#144 = CARTESIAN_POINT ( 'NONE',  ( 1.320737880895372900, 1.774118095489748400, 0.6999999999999981800 ) ) ;
#145 = EDGE_LOOP ( 'NONE', ( #2624, #663, #229, #3025 ) ) ;
#146 = CARTESIAN_POINT ( 'NONE',  ( 1.564999999999999700, 1.817453405399557900, -1.075024482152652400 ) ) ;
#147 = ORIENTED_EDGE ( 'NONE', *, *, #2729, .F. ) ;
#148 = ORIENTED_EDGE ( 'NONE', *, *, #1946, .T. ) ;
#149 = DIRECTION ( 'NONE',  ( 0.0000000000000000000, 0.0000000000000000000, -1.000000000000000000 ) ) ;
#150 = CARTESIAN_POINT ( 'NONE',  ( 1.564999999999999900, 0.1771672682059996200, 0.3013390105916600700 ) ) ;
#151 = EDGE_LOOP ( 'NONE', ( #3187, #1977, #2995, #1928 ) ) ;
#152 = CARTESIAN_POINT ( 'NONE',  ( -1.564999999999999900, 1.700000000000000000, -1.214999999999999900 ) ) ;
#153 = DIRECTION ( 'NONE',  ( -1.556946131228447100E-016, 0.0000000000000000000, -1.000000000000000000 ) ) ;
#154 = VECTOR ( 'NONE', #1310, 1000.000000000000000 ) ;
#155 = EDGE_LOOP ( 'NONE', ( #2380, #1916, #1436, #1121 ) ) ;
#156 = ORIENTED_EDGE ( 'NONE', *, *, #3300, .F. ) ;
#157 = CARTESIAN_POINT ( 'NONE',  ( -0.9000000000000001300, 0.1771672682059996200, 0.3013390105916600700 ) ) ;
#158 = DIRECTION ( 'NONE',  ( 0.0000000000000000000, 0.0000000000000000000, -1.000000000000000000 ) ) ;
#159 = ORIENTED_EDGE ( 'NONE', *, *, #3248, .F. ) ;
#160 = AXIS2_PLACEMENT_3D ( 'NONE', #3500, #470, #2386 ) ;
#161 = EDGE_CURVE ( 'NONE', #2461, #2369, #402, .T. ) ;
#162 = DIRECTION ( 'NONE',  ( 0.0000000000000000000, 1.614882900561510400E-016, -1.000000000000000000 ) ) ;
#163 = ORIENTED_EDGE ( 'NONE', *, *, #1979, .T. ) ;
#164 = CARTESIAN_POINT ( 'NONE',  ( -0.9000000000000001300, 1.800000000000000000, 1.113802845483271600 ) ) ;
#165 = EDGE_CURVE ( 'NONE', #660, #2234, #3436, .T. ) ;
#166 = VERTEX_POINT ( 'NONE', #1470 ) ;
#167 = DIRECTION ( 'NONE',  ( -1.000000000000000000, -0.0000000000000000000, -0.0000000000000000000 ) ) ;
#168 = LINE ( 'NONE', #92, #293 ) ;
#169 = FILL_AREA_STYLE ('',( #2295 ) ) ;
#170 = LINE ( 'NONE', #858, #2901 ) ;
#171 = DIRECTION ( 'NONE',  ( -0.0000000000000000000, -0.0000000000000000000, 1.000000000000000000 ) ) ;
#172 = AXIS2_PLACEMENT_3D ( 'NONE', #3402, #964, #2072 ) ;
#173 = VECTOR ( 'NONE', #2564, 1000.000000000000000 ) ;
#174 = DIRECTION ( 'NONE',  ( 0.0000000000000000000, 0.0000000000000000000, -1.000000000000000000 ) ) ;
#175 = EDGE_LOOP ( 'NONE', ( #1219, #2489, #1921 ) ) ;
#176 = EDGE_CURVE ( 'NONE', #1998, #2672, #1782, .T. ) ;
#177 = VECTOR ( 'NONE', #1391, 1000.000000000000000 ) ;
#178 = AXIS2_PLACEMENT_3D ( 'NONE', #2082, #3104, #940 ) ;
#179 = FACE_OUTER_BOUND ( 'NONE', #456, .T. ) ;
#180 = ORIENTED_EDGE ( 'NONE', *, *, #1264, .T. ) ;
#181 = EDGE_CURVE ( 'NONE', #496, #329, #2248, .T. ) ;
#182 = LINE ( 'NONE', #514, #1647 ) ;
#183 = CIRCLE ( 'NONE', #74, 0.06674684346470624600 ) ;
#184 = VERTEX_POINT ( 'NONE', #2535 ) ;
#185 = CARTESIAN_POINT ( 'NONE',  ( -1.565000000000000200, 0.2491064769153993300, -0.6126977714965135000 ) ) ;
#186 = ORIENTED_EDGE ( 'NONE', *, *, #1715, .F. ) ;
#187 = DIRECTION ( 'NONE',  ( 0.0000000000000000000, -0.6427876096865373600, 0.7660444431189796800 ) ) ;
#188 = ADVANCED_FACE ( 'NONE', ( #2405 ), #2826, .F. ) ;
#189 = ORIENTED_EDGE ( 'NONE', *, *, #1700, .F. ) ;
#190 = ORIENTED_EDGE ( 'NONE', *, *, #3177, .F. ) ;
#191 = DIRECTION ( 'NONE',  ( 0.0000000000000000000, 0.0000000000000000000, -1.000000000000000000 ) ) ;
#192 = CARTESIAN_POINT ( 'NONE',  ( -1.053606543901726400, 1.774118095489829700, -1.091695537491062200 ) ) ;
#193 = ORIENTED_EDGE ( 'NONE', *, *, #2649, .F. ) ;
#194 = EDGE_CURVE ( 'NONE', #3420, #3416, #1207, .T. ) ;
#195 = EDGE_LOOP ( 'NONE', ( #3139, #2719, #2455, #2130 ) ) ;
#196 = ORIENTED_EDGE ( 'NONE', *, *, #559, .T. ) ;
#197 = DIRECTION ( 'NONE',  ( -1.000000000000000000, -0.0000000000000000000, -0.0000000000000000000 ) ) ;
#198 = DIRECTION ( 'NONE',  ( 0.0000000000000000000, -0.7660444431189796800, -0.6427876096865374800 ) ) ;
#199 = CARTESIAN_POINT ( 'NONE',  ( -0.9000000000000000200, 0.2352080016535702800, 0.3013390105916602900 ) ) ;
#200 = AXIS2_PLACEMENT_3D ( 'NONE', #2207, #814, #2161 ) ;
#201 = ADVANCED_FACE ( 'NONE', ( #2049 ), #686, .T. ) ;
#202 = CARTESIAN_POINT ( 'NONE',  ( -1.251784245380883800, 1.899999999999999900, -1.214999999999999600 ) ) ;
#203 = VECTOR ( 'NONE', #1980, 1000.000000000000000 ) ;
#204 = DIRECTION ( 'NONE',  ( 1.000000000000000000, 0.0000000000000000000, 0.0000000000000000000 ) ) ;
#205 = DIRECTION ( 'NONE',  ( 0.0000000000000000000, 0.0000000000000000000, 1.000000000000000000 ) ) ;
#206 = VERTEX_POINT ( 'NONE', #71 ) ;
#207 = ORIENTED_EDGE ( 'NONE', *, *, #2819, .T. ) ;
#208 = VECTOR ( 'NONE', #2662, 1000.000000000000000 ) ;
#209 = CARTESIAN_POINT ( 'NONE',  ( -0.9000000000000001300, 0.2491064769153990300, 0.3084354357119418200 ) ) ;
#210 = DIRECTION ( 'NONE',  ( 0.0000000000000000000, 0.0000000000000000000, -1.000000000000000000 ) ) ;
#211 = CIRCLE ( 'NONE', #1518, 0.04910647691539935700 ) ;
#212 = ORIENTED_EDGE ( 'NONE', *, *, #2834, .T. ) ;
#213 = FACE_OUTER_BOUND ( 'NONE', #790, .T. ) ;
#214 = PRESENTATION_LAYER_ASSIGNMENT (  '', '', ( #637 ) ) ;
#215 = ORIENTED_EDGE ( 'NONE', *, *, #2150, .F. ) ;
#216 = CARTESIAN_POINT ( 'NONE',  ( -0.9000000000000002400, 0.2352080016535702800, -0.2345921671269536000 ) ) ;
#217 = FACE_OUTER_BOUND ( 'NONE', #2004, .T. ) ;
#218 = ADVANCED_FACE ( 'NONE', ( #2878 ), #1494, .T. ) ;
#219 = CARTESIAN_POINT ( 'NONE',  ( 0.9000000000000001300, 0.5267751238522144800, -0.1840341033824127400 ) ) ;
#220 = VECTOR ( 'NONE', #1165, 1000.000000000000000 ) ;
#221 = EDGE_CURVE ( 'NONE', #1816, #318, #3345, .T. ) ;
#222 = VECTOR ( 'NONE', #541, 1000.000000000000000 ) ;
#223 = AXIS2_PLACEMENT_3D ( 'NONE', #2841, #1744, #1763 ) ;
#224 = DIRECTION ( 'NONE',  ( -1.000000000000000000, 0.0000000000000000000, 2.449293598294705900E-016 ) ) ;
#225 = CIRCLE ( 'NONE', #3465, 0.3042623357845721800 ) ;
#226 = EDGE_CURVE ( 'NONE', #2634, #3398, #2490, .T. ) ;
#227 = ORIENTED_EDGE ( 'NONE', *, *, #446, .T. ) ;
#228 = LINE ( 'NONE', #1414, #1122 ) ;
#229 = ORIENTED_EDGE ( 'NONE', *, *, #1730, .F. ) ;
#230 = ORIENTED_EDGE ( 'NONE', *, *, #1342, .F. ) ;
#231 = EDGE_CURVE ( 'NONE', #3170, #2951, #2755, .T. ) ;
#232 = DIRECTION ( 'NONE',  ( -1.000000000000000000, 0.0000000000000000000, 0.0000000000000000000 ) ) ;
#233 = CARTESIAN_POINT ( 'NONE',  ( -0.9000000000000001300, 0.0000000000000000000, 1.250000000000000000 ) ) ;
#234 = VERTEX_POINT ( 'NONE', #1524 ) ;
#235 = EDGE_CURVE ( 'NONE', #887, #1750, #2170, .T. ) ;
#236 = FACE_OUTER_BOUND ( 'NONE', #3133, .T. ) ;
#237 = CARTESIAN_POINT ( 'NONE',  ( -0.9000000000000001300, 0.2352080016535702800, 0.3013390105916600700 ) ) ;
#238 = ORIENTED_EDGE ( 'NONE', *, *, #46, .T. ) ;
#239 = ADVANCED_FACE ( 'NONE', ( #3220 ), #1240, .T. ) ;
#240 = CARTESIAN_POINT ( 'NONE',  ( -1.600000000000000100, 0.1771672682059997100, -0.3013390105916604100 ) ) ;
#241 = EDGE_CURVE ( 'NONE', #95, #19, #2839, .T. ) ;
#242 = CARTESIAN_POINT ( 'NONE',  ( -1.600000000000000100, 1.102182119232617800E-016, -0.4500000000000001200 ) ) ;
#243 = EDGE_CURVE ( 'NONE', #3529, #2482, #1605, .T. ) ;
#244 = AXIS2_PLACEMENT_3D ( 'NONE', #820, #834, #3552 ) ;
#245 = CARTESIAN_POINT ( 'NONE',  ( 0.9000000000000001300, 0.9375464517754831300, -2.671744672970104100E-016 ) ) ;
#246 = CARTESIAN_POINT ( 'NONE',  ( 0.9000000000000001300, 0.5267751238522144800, 0.1840341033824127400 ) ) ;
#247 = ADVANCED_FACE ( 'NONE', ( #2670 ), #1433, .F. ) ;
#248 = DIRECTION ( 'NONE',  ( 0.0000000000000000000, 1.000000000000000000, 0.0000000000000000000 ) ) ;
#249 = VERTEX_POINT ( 'NONE', #2183 ) ;
#250 = CIRCLE ( 'NONE', #2298, 0.3042623357845721800 ) ;
#251 = CIRCLE ( 'NONE', #2973, 0.4687607764909875700 ) ;
#252 = ADVANCED_FACE ( 'NONE', ( #1257 ), #520, .F. ) ;
#253 = CARTESIAN_POINT ( 'NONE',  ( 0.9000000000000001300, 0.2491064769153993300, 0.6618042484119133200 ) ) ;
#254 = LINE ( 'NONE', #478, #2198 ) ;
#255 = DIRECTION ( 'NONE',  ( -1.000000000000000000, -0.0000000000000000000, 0.0000000000000000000 ) ) ;
#256 = DIRECTION ( 'NONE',  ( -1.000000000000000000, 0.0000000000000000000, -8.923474670662587900E-017 ) ) ;
#257 = DIRECTION ( 'NONE',  ( 0.0000000000000000000, 1.000000000000000000, 0.0000000000000000000 ) ) ;
#258 = EDGE_LOOP ( 'NONE', ( #110, #1653, #753, #486, #275, #1558, #3091, #3137 ) ) ;
#259 = CIRCLE ( 'NONE', #416, 0.2249999999999999500 ) ;
#260 = EDGE_CURVE ( 'NONE', #3496, #1613, #871, .T. ) ;
#261 = CARTESIAN_POINT ( 'NONE',  ( 0.9000000000000002400, 1.331239223509012500, -1.193596045024971000 ) ) ;
#262 = VECTOR ( 'NONE', #914, 1000.000000000000000 ) ;
#263 = ORIENTED_EDGE ( 'NONE', *, *, #235, .T. ) ;
#264 = FACE_OUTER_BOUND ( 'NONE', #3267, .T. ) ;
#265 = PLANE ( 'NONE',  #505 ) ;
#266 = AXIS2_PLACEMENT_3D ( 'NONE', #1841, #187, #713 ) ;
#267 = FACE_OUTER_BOUND ( 'NONE', #395, .T. ) ;
#268 = ORIENTED_EDGE ( 'NONE', *, *, #1298, .F. ) ;
#269 = EDGE_LOOP ( 'NONE', ( #163, #2914, #1147, #189 ) ) ;
#270 = CARTESIAN_POINT ( 'NONE',  ( 1.600000000000000100, 0.1999999999999999800, 0.6618042484119133200 ) ) ;
#271 =( GEOMETRIC_REPRESENTATION_CONTEXT ( 3 ) GLOBAL_UNCERTAINTY_ASSIGNED_CONTEXT ( ( #2334 ) ) GLOBAL_UNIT_ASSIGNED_CONTEXT ( ( #67, #2568, #2023 ) ) REPRESENTATION_CONTEXT ( 'NONE', 'WORKASPACE' ) );
#272 = CARTESIAN_POINT ( 'NONE',  ( 1.600000000000000100, 0.2491064769153993300, 0.6126977714965139400 ) ) ;
#273 = CARTESIAN_POINT ( 'NONE',  ( 0.9000000000000001300, 0.2000000000000000100, 1.249999999999999600 ) ) ;
#274 = ORIENTED_EDGE ( 'NONE', *, *, #1071, .T. ) ;
#275 = ORIENTED_EDGE ( 'NONE', *, *, #1029, .T. ) ;
#276 = ORIENTED_EDGE ( 'NONE', *, *, #3423, .T. ) ;
#277 = ORIENTED_EDGE ( 'NONE', *, *, #635, .T. ) ;
#278 = DIRECTION ( 'NONE',  ( 1.000000000000000000, 0.0000000000000000000, 0.0000000000000000000 ) ) ;
#279 = DIRECTION ( 'NONE',  ( -1.000000000000000000, 0.0000000000000000000, 0.0000000000000000000 ) ) ;
#280 = VERTEX_POINT ( 'NONE', #571 ) ;
#281 = VERTEX_POINT ( 'NONE', #2471 ) ;
#282 = CARTESIAN_POINT ( 'NONE',  ( 1.251784245380883600, 1.700000000000000000, -1.079313397063758300 ) ) ;
#283 = DIRECTION ( 'NONE',  ( 0.0000000000000000000, 0.0000000000000000000, -1.000000000000000000 ) ) ;
#284 = CARTESIAN_POINT ( 'NONE',  ( -0.9000000000000001300, 0.2352080016535703100, 0.1678453236622478000 ) ) ;
#285 = DIRECTION ( 'NONE',  ( -2.449293598294705900E-016, -0.0000000000000000000, -1.000000000000000000 ) ) ;
#286 = CARTESIAN_POINT ( 'NONE',  ( -0.9000000000000002400, 0.0000000000000000000, -0.4499999999999995700 ) ) ;
#287 = AXIS2_PLACEMENT_3D ( 'NONE', #3194, #1293, #3242 ) ;
#288 = CARTESIAN_POINT ( 'NONE',  ( 0.9000000000000001300, 0.1999999999999999800, 0.6618042484119133200 ) ) ;
#289 = EDGE_LOOP ( 'NONE', ( #1660, #2180, #1037, #1160 ) ) ;
#290 = ADVANCED_FACE ( 'NONE', ( #709 ), #1379, .T. ) ;
#291 = EDGE_CURVE ( 'NONE', #3335, #23, #3515, .T. ) ;
#292 = AXIS2_PLACEMENT_3D ( 'NONE', #102, #918, #3152 ) ;
#293 = VECTOR ( 'NONE', #3081, 1000.000000000000000 ) ;
#294 = CARTESIAN_POINT ( 'NONE',  ( -1.320737880895373100, 1.774118095489748400, -0.6999999999999978500 ) ) ;
#295 = EDGE_CURVE ( 'NONE', #281, #3186, #488, .T. ) ;
#296 = EDGE_CURVE ( 'NONE', #998, #1917, #1913, .T. ) ;
#297 = EDGE_LOOP ( 'NONE', ( #506, #3273, #1990, #1271 ) ) ;
#298 = CARTESIAN_POINT ( 'NONE',  ( 1.417330463524280000, 1.700000000000000000, 0.6999999999999981800 ) ) ;
#299 = DIRECTION ( 'NONE',  ( 1.000000000000000000, 0.0000000000000000000, 0.0000000000000000000 ) ) ;
#300 = LINE ( 'NONE', #844, #2653 ) ;
#301 = EDGE_CURVE ( 'NONE', #2, #1798, #2008, .T. ) ;
#302 = VECTOR ( 'NONE', #3542, 1000.000000000000000 ) ;
#303 = CARTESIAN_POINT ( 'NONE',  ( 1.600000000000000100, 0.1771672682059996200, 0.3013390105916600700 ) ) ;
#304 = CARTESIAN_POINT ( 'NONE',  ( -0.9000000000000001300, 0.9375464517754831300, -2.671744672970104100E-016 ) ) ;
#305 = CIRCLE ( 'NONE', #1487, 0.4501129136690195700 ) ;
#306 = VECTOR ( 'NONE', #1349, 1000.000000000000000 ) ;
#307 = CARTESIAN_POINT ( 'NONE',  ( 0.9000000000000001300, 0.1999999999999999800, -0.6618042484119133200 ) ) ;
#308 = VERTEX_POINT ( 'NONE', #2435 ) ;
#309 = LINE ( 'NONE', #3282, #3303 ) ;
#310 = CARTESIAN_POINT ( 'NONE',  ( 1.146579437399557700, 1.729906060138485900, -1.214999999999999900 ) ) ;
#311 = CARTESIAN_POINT ( 'NONE',  ( -0.9000000000000001300, 0.1771672682059996200, 0.3013390105916600700 ) ) ;
#312 = CIRCLE ( 'NONE', #1062, 0.04910647691539935700 ) ;
#313 = EDGE_CURVE ( 'NONE', #1905, #249, #2093, .T. ) ;
#314 = ADVANCED_FACE ( 'NONE', ( #2798 ), #1519, .F. ) ;
#315 = LINE ( 'NONE', #1900, #3260 ) ;
#316 = ORIENTED_EDGE ( 'NONE', *, *, #1449, .F. ) ;
#317 = VECTOR ( 'NONE', #3140, 1000.000000000000000 ) ;
#318 = VERTEX_POINT ( 'NONE', #3533 ) ;
#319 = VECTOR ( 'NONE', #1865, 1000.000000000000000 ) ;
#320 = DIRECTION ( 'NONE',  ( -1.876267750540549900E-016, -0.6427876096865373600, -0.7660444431189796800 ) ) ;
#321 = PLANE ( 'NONE',  #1542 ) ;
#322 = ORIENTED_EDGE ( 'NONE', *, *, #1730, .T. ) ;
#323 = AXIS2_PLACEMENT_3D ( 'NONE', #351, #2314, #681 ) ;
#324 = CARTESIAN_POINT ( 'NONE',  ( -0.9000000000000001300, 1.800000000000000000, 1.193596045024971200 ) ) ;
#325 = ORIENTED_EDGE ( 'NONE', *, *, #231, .F. ) ;
#326 = LINE ( 'NONE', #2935, #589 ) ;
#327 = CARTESIAN_POINT ( 'NONE',  ( 1.600000000000000100, 0.5267751238522144800, 0.1840341033824127400 ) ) ;
#328 = ORIENTED_EDGE ( 'NONE', *, *, #2858, .F. ) ;
#329 = VERTEX_POINT ( 'NONE', #2985 ) ;
#330 = DIRECTION ( 'NONE',  ( -1.000000000000000000, 0.0000000000000000000, 0.0000000000000000000 ) ) ;
#331 = EDGE_LOOP ( 'NONE', ( #1344, #3433, #132, #3466, #3058 ) ) ;
#332 = CARTESIAN_POINT ( 'NONE',  ( -1.224646799147356400E-017, 1.800000000000000000, -1.214999999999999900 ) ) ;
#333 = ADVANCED_FACE ( 'NONE', ( #2330 ), #2213, .T. ) ;
#334 = DIRECTION ( 'NONE',  ( 0.0000000000000000000, 0.0000000000000000000, 1.000000000000000000 ) ) ;
#335 = CARTESIAN_POINT ( 'NONE',  ( -0.9000000000000001300, 0.2491064769153995000, -0.6618042484119135400 ) ) ;
#336 = ORIENTED_EDGE ( 'NONE', *, *, #743, .T. ) ;
#337 = MECHANICAL_DESIGN_GEOMETRIC_PRESENTATION_REPRESENTATION (  '', ( #637 ), #714 ) ;
#338 = ORIENTED_EDGE ( 'NONE', *, *, #1203, .F. ) ;
#339 = VECTOR ( 'NONE', #1285, 1000.000000000000000 ) ;
#340 = CARTESIAN_POINT ( 'NONE',  ( 0.9000000000000001300, 0.05000000000000001000, -0.4080450184411360000 ) ) ;
#341 = DIRECTION ( 'NONE',  ( -1.000000000000000000, -0.0000000000000000000, -0.0000000000000000000 ) ) ;
#342 = ORIENTED_EDGE ( 'NONE', *, *, #1146, .T. ) ;
#343 = VECTOR ( 'NONE', #1793, 1000.000000000000000 ) ;
#344 = CARTESIAN_POINT ( 'NONE',  ( -0.9000000000000001300, 0.0000000000000000000, -1.250000000000000000 ) ) ;
#345 = EDGE_CURVE ( 'NONE', #1394, #2377, #1870, .T. ) ;
#346 = DIRECTION ( 'NONE',  ( 0.0000000000000000000, -1.000000000000000000, 2.168404344971008900E-015 ) ) ;
#347 = LINE ( 'NONE', #3210, #2032 ) ;
#348 = EDGE_CURVE ( 'NONE', #1554, #1080, #225, .T. ) ;
#349 = ORIENTED_EDGE ( 'NONE', *, *, #1712, .T. ) ;
#350 = VECTOR ( 'NONE', #1484, 1000.000000000000000 ) ;
#351 = CARTESIAN_POINT ( 'NONE',  ( -0.9000000000000002400, 0.2491064769153990300, -0.3084354357119416000 ) ) ;
#352 = VECTOR ( 'NONE', #2392, 1000.000000000000100 ) ;
#353 = ORIENTED_EDGE ( 'NONE', *, *, #446, .F. ) ;
#354 = DIRECTION ( 'NONE',  ( 0.0000000000000000000, 0.0000000000000000000, 1.000000000000000000 ) ) ;
#355 = LINE ( 'NONE', #2151, #2206 ) ;
#356 = LINE ( 'NONE', #3277, #485 ) ;
#357 = DIRECTION ( 'NONE',  ( 0.0000000000000000000, 0.0000000000000000000, -1.000000000000000000 ) ) ;
#358 = DIRECTION ( 'NONE',  ( 0.0000000000000000000, 0.0000000000000000000, -1.000000000000000000 ) ) ;
#359 = SURFACE_STYLE_USAGE ( .BOTH. , #3311 ) ;
#360 = ORIENTED_EDGE ( 'NONE', *, *, #1898, .T. ) ;
#361 = AXIS2_PLACEMENT_3D ( 'NONE', #1652, #1095, #3545 ) ;
#362 = FACE_OUTER_BOUND ( 'NONE', #2201, .T. ) ;
#363 = EDGE_LOOP ( 'NONE', ( #929, #1533, #56, #1338 ) ) ;
#364 = DIRECTION ( 'NONE',  ( -0.0000000000000000000, -0.0000000000000000000, 1.000000000000000000 ) ) ;
#365 = AXIS2_PLACEMENT_3D ( 'NONE', #2846, #3388, #2594 ) ;
#366 = ORIENTED_EDGE ( 'NONE', *, *, #1161, .F. ) ;
#367 = ORIENTED_EDGE ( 'NONE', *, *, #2864, .F. ) ;
#368 = EDGE_CURVE ( 'NONE', #911, #3073, #2917, .T. ) ;
#369 = DIRECTION ( 'NONE',  ( 0.0000000000000000000, -1.000000000000000000, -1.614882900561510400E-016 ) ) ;
#370 = DIRECTION ( 'NONE',  ( -1.000000000000000000, 0.0000000000000000000, 8.923474670662587900E-017 ) ) ;
#371 = ORIENTED_EDGE ( 'NONE', *, *, #1978, .T. ) ;
#372 = DIRECTION ( 'NONE',  ( 1.000000000000000000, 0.0000000000000000000, 0.0000000000000000000 ) ) ;
#373 = CARTESIAN_POINT ( 'NONE',  ( 1.564999999999999900, 0.05000000000000000300, -0.4080450184411360000 ) ) ;
#374 = ORIENTED_EDGE ( 'NONE', *, *, #937, .F. ) ;
#375 = DIRECTION ( 'NONE',  ( -1.000000000000000000, 0.0000000000000000000, 2.449293598294705900E-016 ) ) ;
#376 = CARTESIAN_POINT ( 'NONE',  ( 1.564999999999999900, 0.2491064769153993300, 0.6126977714965139400 ) ) ;
#377 = VERTEX_POINT ( 'NONE', #1390 ) ;
#378 = CARTESIAN_POINT ( 'NONE',  ( 0.9000000000000001300, 0.0000000000000000000, -1.250000000000000000 ) ) ;
#379 = CARTESIAN_POINT ( 'NONE',  ( 1.564999999999999700, 1.700000000000000000, -1.215000000000000300 ) ) ;
#380 = EDGE_CURVE ( 'NONE', #2113, #2296, #3134, .T. ) ;
#381 = EDGE_CURVE ( 'NONE', #3352, #3142, #1631, .T. ) ;
#382 = VECTOR ( 'NONE', #930, 1000.000000000000000 ) ;
#383 = AXIS2_PLACEMENT_3D ( 'NONE', #202, #1626, #2404 ) ;
#384 = ORIENTED_EDGE ( 'NONE', *, *, #1093, .T. ) ;
#385 = CARTESIAN_POINT ( 'NONE',  ( 0.9000000000000001300, 0.2352080016535703600, -0.1678453236622478600 ) ) ;
#386 = CIRCLE ( 'NONE', #3452, 0.5173304635242798000 ) ;
#387 = CARTESIAN_POINT ( 'NONE',  ( 1.600000000000000100, 0.2352080016535703600, -0.3013390105916603500 ) ) ;
#388 = VECTOR ( 'NONE', #3483, 1000.000000000000000 ) ;
#389 = DIRECTION ( 'NONE',  ( -2.408733763374645500E-016, 0.0000000000000000000, -1.000000000000000000 ) ) ;
#390 = AXIS2_PLACEMENT_3D ( 'NONE', #464, #2650, #754 ) ;
#391 = FACE_OUTER_BOUND ( 'NONE', #1446, .T. ) ;
#392 = CARTESIAN_POINT ( 'NONE',  ( 1.600000000000000100, 0.0000000000000000000, -1.250000000000000000 ) ) ;
#393 = FACE_OUTER_BOUND ( 'NONE', #2669, .T. ) ;
#394 = CARTESIAN_POINT ( 'NONE',  ( 1.600000000000000100, 0.2352080016535703600, -0.1678453236622478600 ) ) ;
#395 = EDGE_LOOP ( 'NONE', ( #1087, #1610, #3412, #2513 ) ) ;
#396 = CARTESIAN_POINT ( 'NONE',  ( 1.053606543901726100, 1.774118095489829700, 1.091695537491062400 ) ) ;
#397 = CARTESIAN_POINT ( 'NONE',  ( -1.564999999999999900, 0.2352080016535703100, 0.1678453236622479400 ) ) ;
#398 = VECTOR ( 'NONE', #1202, 1000.000000000000000 ) ;
#399 = FACE_OUTER_BOUND ( 'NONE', #2724, .T. ) ;
#400 = CARTESIAN_POINT ( 'NONE',  ( 3.259409350337610800E-016, 1.700000000000000000, -1.214999999999999900 ) ) ;
#401 = ORIENTED_EDGE ( 'NONE', *, *, #3233, .F. ) ;
#402 = LINE ( 'NONE', #673, #534 ) ;
#403 = DIRECTION ( 'NONE',  ( 1.000000000000000000, -0.0000000000000000000, 6.484268945210212400E-017 ) ) ;
#404 = VERTEX_POINT ( 'NONE', #904 ) ;
#405 = DIRECTION ( 'NONE',  ( -1.000000000000000000, 0.0000000000000000000, -0.0000000000000000000 ) ) ;
#406 = EDGE_LOOP ( 'NONE', ( #2358, #2663, #429, #277 ) ) ;
#407 = DIRECTION ( 'NONE',  ( -2.147965472833748400E-016, -0.7660444431189796800, -0.6427876096865372500 ) ) ;
#408 = DIRECTION ( 'NONE',  ( 1.000000000000000000, 0.0000000000000000000, 0.0000000000000000000 ) ) ;
#409 = ORIENTED_EDGE ( 'NONE', *, *, #1537, .T. ) ;
#410 = EDGE_CURVE ( 'NONE', #1575, #2953, #1386, .T. ) ;
#411 = AXIS2_PLACEMENT_3D ( 'NONE', #1671, #3009, #1387 ) ;
#412 = ORIENTED_EDGE ( 'NONE', *, *, #3434, .F. ) ;
#413 = ORIENTED_EDGE ( 'NONE', *, *, #1453, .F. ) ;
#414 = FACE_OUTER_BOUND ( 'NONE', #1699, .T. ) ;
#415 = EDGE_CURVE ( 'NONE', #2928, #2054, #2128, .T. ) ;
#416 = AXIS2_PLACEMENT_3D ( 'NONE', #2760, #2735, #3554 ) ;
#417 = ORIENTED_EDGE ( 'NONE', *, *, #483, .F. ) ;
#418 = EDGE_CURVE ( 'NONE', #3010, #2450, #1300, .T. ) ;
#419 = ORIENTED_EDGE ( 'NONE', *, *, #3524, .T. ) ;
#420 = VERTEX_POINT ( 'NONE', #928 ) ;
#421 = CARTESIAN_POINT ( 'NONE',  ( 0.9000000000000001300, 0.2352080016535703100, 0.1678453236622475800 ) ) ;
#422 = CARTESIAN_POINT ( 'NONE',  ( 0.9000000000000001300, 0.5267751238522143700, -0.1840341033824128800 ) ) ;
#423 = CARTESIAN_POINT ( 'NONE',  ( 1.005131153747765200, 1.790931128616791000, 1.105866484567005000 ) ) ;
#424 = DIRECTION ( 'NONE',  ( 0.0000000000000000000, 1.000000000000000000, 0.0000000000000000000 ) ) ;
#425 = DIRECTION ( 'NONE',  ( 0.0000000000000000000, -0.6427876096865373600, -0.7660444431189796800 ) ) ;
#426 = CARTESIAN_POINT ( 'NONE',  ( -0.9000000000000001300, 0.1771672682059997100, -0.3013390105916604100 ) ) ;
#427 = PRODUCT_CONTEXT ( 'NONE', #1804, 'mechanical' ) ;
#428 = PLANE ( 'NONE',  #3199 ) ;
#429 = ORIENTED_EDGE ( 'NONE', *, *, #3016, .F. ) ;
#430 = CIRCLE ( 'NONE', #510, 0.2249999999999999500 ) ;
#431 = DIRECTION ( 'NONE',  ( 1.000000000000000000, 0.0000000000000000000, -1.556946131228447100E-016 ) ) ;
#432 = AXIS2_PLACEMENT_3D ( 'NONE', #3396, #951, #2589 ) ;
#433 = DIRECTION ( 'NONE',  ( 1.000000000000000000, -0.0000000000000000000, -2.449293598294705900E-016 ) ) ;
#434 = DIRECTION ( 'NONE',  ( -1.000000000000000000, -0.0000000000000000000, 0.0000000000000000000 ) ) ;
#435 = ORIENTED_EDGE ( 'NONE', *, *, #1077, .F. ) ;
#436 = LINE ( 'NONE', #1967, #2692 ) ;
#437 = DIRECTION ( 'NONE',  ( 1.000000000000000000, 0.0000000000000000000, 0.0000000000000000000 ) ) ;
#438 = LINE ( 'NONE', #237, #2518 ) ;
#439 = EDGE_CURVE ( 'NONE', #3380, #1569, #3387, .T. ) ;
#440 = DIRECTION ( 'NONE',  ( 0.0000000000000000000, -1.000000000000000000, 2.168404344971008900E-015 ) ) ;
#441 = LINE ( 'NONE', #598, #350 ) ;
#442 = CIRCLE ( 'NONE', #1319, 0.4207378808953729500 ) ;
#443 = CARTESIAN_POINT ( 'NONE',  ( 1.564999999999999700, 0.2000000000000000900, 1.215000000000000300 ) ) ;
#444 = LINE ( 'NONE', #1044, #2911 ) ;
#445 = LINE ( 'NONE', #1083, #3383 ) ;
#446 = EDGE_CURVE ( 'NONE', #3054, #660, #747, .T. ) ;
#447 = CARTESIAN_POINT ( 'NONE',  ( 1.251784245380883600, 1.700000000000000000, 1.079313397063758300 ) ) ;
#448 = CARTESIAN_POINT ( 'NONE',  ( 0.9000000000000001300, 0.0000000000000000000, 1.250000000000000000 ) ) ;
#449 = ORIENTED_EDGE ( 'NONE', *, *, #1280, .F. ) ;
#450 = DIRECTION ( 'NONE',  ( 0.0000000000000000000, 0.0000000000000000000, -1.000000000000000000 ) ) ;
#451 = ORIENTED_EDGE ( 'NONE', *, *, #2108, .T. ) ;
#452 = VERTEX_POINT ( 'NONE', #2236 ) ;
#453 = CARTESIAN_POINT ( 'NONE',  ( 1.251784245380883600, 1.899999999999999900, -1.193596045024971000 ) ) ;
#454 = ORIENTED_EDGE ( 'NONE', *, *, #3236, .F. ) ;
#455 = CARTESIAN_POINT ( 'NONE',  ( 1.564999999999999900, 0.05000000000000000300, 0.4080450184411360000 ) ) ;
#456 = EDGE_LOOP ( 'NONE', ( #741, #1364, #955, #1565, #62, #2456, #1073, #3175, #960, #947, #1228, #2131, #2498, #122, #994, #2138, #84, #1057 ) ) ;
#457 = CARTESIAN_POINT ( 'NONE',  ( -1.251784245380883400, 1.700000000000000000, 1.215000000000000100 ) ) ;
#458 = AXIS2_PLACEMENT_3D ( 'NONE', #1986, #2800, #2522 ) ;
#459 = PLANE ( 'NONE',  #1770 ) ;
#460 = CARTESIAN_POINT ( 'NONE',  ( -0.9000000000000001300, 0.5267751238522143700, -0.1840341033824128800 ) ) ;
#461 = ORIENTED_EDGE ( 'NONE', *, *, #555, .T. ) ;
#462 = PRESENTATION_LAYER_ASSIGNMENT (  '', '', ( #1941 ) ) ;
#463 = ADVANCED_FACE ( 'NONE', ( #655 ), #1120, .T. ) ;
#464 = CARTESIAN_POINT ( 'NONE',  ( -0.9000000000000003600, 0.2000000000000000100, -1.249999999999999300 ) ) ;
#465 = ORIENTED_EDGE ( 'NONE', *, *, #3195, .F. ) ;
#466 = DIRECTION ( 'NONE',  ( 6.484268945210212400E-017, -0.0000000000000000000, -1.000000000000000000 ) ) ;
#467 = ORIENTED_EDGE ( 'NONE', *, *, #2105, .T. ) ;
#468 = FACE_OUTER_BOUND ( 'NONE', #2860, .T. ) ;
#469 = CARTESIAN_POINT ( 'NONE',  ( 0.9000000000000001300, 0.2000000000000003200, -1.250000000000000000 ) ) ;
#470 = DIRECTION ( 'NONE',  ( 4.046182747954176100E-015, -0.0000000000000000000, 1.000000000000000000 ) ) ;
#471 = ORIENTED_EDGE ( 'NONE', *, *, #1209, .T. ) ;
#472 = CIRCLE ( 'NONE', #3404, 0.06674684346470624600 ) ;
#473 = PLANE ( 'NONE',  #771 ) ;
#474 = ADVANCED_FACE ( 'NONE', ( #2527 ), #4, .T. ) ;
#475 = EDGE_CURVE ( 'NONE', #2076, #3352, #2165, .T. ) ;
#476 = ORIENTED_EDGE ( 'NONE', *, *, #3088, .T. ) ;
#477 = CYLINDRICAL_SURFACE ( 'NONE', #108, 0.3042623357845721800 ) ;
#478 = CARTESIAN_POINT ( 'NONE',  ( -2.835176284095430300E-017, 1.700000000000000000, 1.214999999999999900 ) ) ;
#479 = AXIS2_PLACEMENT_3D ( 'NONE', #1324, #3241, #1082 ) ;
#480 = DIRECTION ( 'NONE',  ( 2.449293598294705900E-016, 0.0000000000000000000, 1.000000000000000000 ) ) ;
#481 = CYLINDRICAL_SURFACE ( 'NONE', #886, 0.4687607764909876300 ) ;
#482 = ORIENTED_EDGE ( 'NONE', *, *, #1787, .T. ) ;
#483 = EDGE_CURVE ( 'NONE', #2003, #318, #2246, .T. ) ;
#484 = LINE ( 'NONE', #2605, #3047 ) ;
#485 = VECTOR ( 'NONE', #2469, 1000.000000000000000 ) ;
#486 = ORIENTED_EDGE ( 'NONE', *, *, #46, .F. ) ;
#487 = CARTESIAN_POINT ( 'NONE',  ( -0.9000000000000001300, 0.1771672682059996200, 0.3013390105916600700 ) ) ;
#488 = LINE ( 'NONE', #828, #1038 ) ;
#489 = EDGE_CURVE ( 'NONE', #2060, #2656, #1690, .T. ) ;
#490 = EDGE_CURVE ( 'NONE', #2212, #3416, #2574, .T. ) ;
#491 = CARTESIAN_POINT ( 'NONE',  ( 1.600000000000000100, 0.9375464517754831300, -2.671744672970104100E-016 ) ) ;
#492 = ORIENTED_EDGE ( 'NONE', *, *, #118, .T. ) ;
#493 = ORIENTED_EDGE ( 'NONE', *, *, #2931, .F. ) ;
#494 = ORIENTED_EDGE ( 'NONE', *, *, #2452, .F. ) ;
#495 = CARTESIAN_POINT ( 'NONE',  ( 0.9000000000000001300, 0.1771672682059996200, 0.3013390105916600700 ) ) ;
#496 = VERTEX_POINT ( 'NONE', #693 ) ;
#497 = ADVANCED_FACE ( 'NONE', ( #2752 ), #735, .T. ) ;
#498 = ORIENTED_EDGE ( 'NONE', *, *, #3355, .T. ) ;
#499 = CARTESIAN_POINT ( 'NONE',  ( 0.9000000000000003600, 1.800000000000000000, 1.113802845483271400 ) ) ;
#500 = AXIS2_PLACEMENT_3D ( 'NONE', #566, #256, #283 ) ;
#501 = CIRCLE ( 'NONE', #1701, 0.4501129136690195700 ) ;
#502 = ORIENTED_EDGE ( 'NONE', *, *, #1963, .T. ) ;
#503 = CARTESIAN_POINT ( 'NONE',  ( 1.600000000000000100, 0.2352080016535703400, -0.2345921671269540800 ) ) ;
#504 = DIRECTION ( 'NONE',  ( -1.000000000000000000, -0.0000000000000000000, -0.0000000000000000000 ) ) ;
#505 = AXIS2_PLACEMENT_3D ( 'NONE', #528, #1413, #1983 ) ;
#506 = ORIENTED_EDGE ( 'NONE', *, *, #181, .T. ) ;
#507 = DIRECTION ( 'NONE',  ( -3.854941057726238700E-015, 0.0000000000000000000, 1.000000000000000000 ) ) ;
#508 = CARTESIAN_POINT ( 'NONE',  ( 1.600000000000000100, 0.0000000000000000000, 0.4499999999999997900 ) ) ;
#509 = CARTESIAN_POINT ( 'NONE',  ( -0.9532970616926269600, 1.800000000000000000, -1.113802845483271100 ) ) ;
#510 = AXIS2_PLACEMENT_3D ( 'NONE', #9, #2439, #1657 ) ;
#511 = ORIENTED_EDGE ( 'NONE', *, *, #2447, .T. ) ;
#512 = CARTESIAN_POINT ( 'NONE',  ( -0.9000000000000000200, 0.1771672682059996200, 0.3013390105916602900 ) ) ;
#513 = ADVANCED_FACE ( 'NONE', ( #3215 ), #1259, .F. ) ;
#514 = CARTESIAN_POINT ( 'NONE',  ( -0.9000000000000001300, 0.2352080016535703100, 0.1678453236622475800 ) ) ;
#515 = LINE ( 'NONE', #1813, #1895 ) ;
#516 = DIRECTION ( 'NONE',  ( -0.0000000000000000000, 1.000000000000000000, 2.304084502391925000E-016 ) ) ;
#517 = CARTESIAN_POINT ( 'NONE',  ( -0.9000000000000000200, 0.2491064769153993300, 0.6618042484119135400 ) ) ;
#518 = ORIENTED_EDGE ( 'NONE', *, *, #2144, .T. ) ;
#519 = LINE ( 'NONE', #633, #2114 ) ;
#520 = PLANE ( 'NONE',  #3534 ) ;
#521 = CIRCLE ( 'NONE', #666, 0.2173333109150407900 ) ;
#522 = ADVANCED_FACE ( 'NONE', ( #1563 ), #1382, .F. ) ;
#523 = DIRECTION ( 'NONE',  ( -1.000000000000000000, 0.0000000000000000000, 0.0000000000000000000 ) ) ;
#524 = AXIS2_PLACEMENT_3D ( 'NONE', #2010, #53, #2495 ) ;
#525 = ORIENTED_EDGE ( 'NONE', *, *, #3108, .T. ) ;
#526 = CARTESIAN_POINT ( 'NONE',  ( 0.9000000000000001300, 0.2491064769153993300, 0.6126977714965139400 ) ) ;
#527 = LINE ( 'NONE', #1473, #864 ) ;
#528 = CARTESIAN_POINT ( 'NONE',  ( -0.9000000000000001300, 0.2491064769153993300, 0.6618042484119133200 ) ) ;
#529 = LINE ( 'NONE', #2342, #2039 ) ;
#530 = DIRECTION ( 'NONE',  ( 0.0000000000000000000, 0.0000000000000000000, 1.000000000000000000 ) ) ;
#531 = VECTOR ( 'NONE', #440, 1000.000000000000000 ) ;
#532 = AXIS2_PLACEMENT_3D ( 'NONE', #1503, #905, #3095 ) ;
#533 = CARTESIAN_POINT ( 'NONE',  ( 0.9000000000000001300, 0.5267751238522144800, 0.1840341033824127400 ) ) ;
#534 = VECTOR ( 'NONE', #115, 1000.000000000000000 ) ;
#535 = ADVANCED_FACE ( 'NONE', ( #1826 ), #2083, .T. ) ;
#536 = CARTESIAN_POINT ( 'NONE',  ( 0.9000000000000001300, 0.2491064769153990300, -0.3084354357119418200 ) ) ;
#537 = ORIENTED_EDGE ( 'NONE', *, *, #3167, .F. ) ;
#538 = ORIENTED_EDGE ( 'NONE', *, *, #3188, .T. ) ;
#539 = ORIENTED_EDGE ( 'NONE', *, *, #572, .F. ) ;
#540 = CARTESIAN_POINT ( 'NONE',  ( 0.9000000000000001300, 1.102182119232617800E-016, -0.4500000000000001200 ) ) ;
#541 = DIRECTION ( 'NONE',  ( 1.000000000000000000, 0.0000000000000000000, 0.0000000000000000000 ) ) ;
#542 = VERTEX_POINT ( 'NONE', #130 ) ;
#543 = CARTESIAN_POINT ( 'NONE',  ( 0.9000000000000003600, 1.800000000000000000, -1.113802845483271400 ) ) ;
#544 = DIRECTION ( 'NONE',  ( 0.0000000000000000000, -1.000000000000000000, 3.252606517456511700E-015 ) ) ;
#545 = EDGE_CURVE ( 'NONE', #1747, #3143, #992, .T. ) ;
#546 = EDGE_LOOP ( 'NONE', ( #2454, #465, #1393 ) ) ;
#547 = DIRECTION ( 'NONE',  ( 0.0000000000000000000, 0.0000000000000000000, 1.000000000000000000 ) ) ;
#548 = ORIENTED_EDGE ( 'NONE', *, *, #1331, .T. ) ;
#549 = AXIS2_PLACEMENT_3D ( 'NONE', #6, #2753, #2424 ) ;
#550 = DIRECTION ( 'NONE',  ( 0.0000000000000000000, -1.377727649040772400E-016, -1.000000000000000000 ) ) ;
#551 = CARTESIAN_POINT ( 'NONE',  ( 0.9000000000000001300, 1.700000000000000000, -1.214999999999999900 ) ) ;
#552 = EDGE_CURVE ( 'NONE', #720, #3361, #2045, .T. ) ;
#553 = AXIS2_PLACEMENT_3D ( 'NONE', #732, #2934, #2909 ) ;
#554 = DIRECTION ( 'NONE',  ( -2.449293598294705900E-016, -0.0000000000000000000, -1.000000000000000000 ) ) ;
#555 = EDGE_CURVE ( 'NONE', #1807, #3073, #138, .T. ) ;
#556 = CARTESIAN_POINT ( 'NONE',  ( 0.9000000000000002400, 2.475000000000000100, -0.6999999999999999600 ) ) ;
#557 = ORIENTED_EDGE ( 'NONE', *, *, #3470, .F. ) ;
#558 = FACE_OUTER_BOUND ( 'NONE', #1697, .T. ) ;
#559 = EDGE_CURVE ( 'NONE', #990, #1747, #3049, .T. ) ;
#560 = DIRECTION ( 'NONE',  ( -1.000000000000000000, 0.0000000000000000000, 0.0000000000000000000 ) ) ;
#561 = CIRCLE ( 'NONE', #1492, 0.4501129136690195700 ) ;
#562 = DIRECTION ( 'NONE',  ( -1.000000000000000000, 0.0000000000000000000, 0.0000000000000000000 ) ) ;
#563 = DIRECTION ( 'NONE',  ( 0.0000000000000000000, 0.0000000000000000000, 1.000000000000000000 ) ) ;
#564 = ORIENTED_EDGE ( 'NONE', *, *, #2736, .T. ) ;
#565 = FACE_OUTER_BOUND ( 'NONE', #1111, .T. ) ;
#566 = CARTESIAN_POINT ( 'NONE',  ( 1.564999999999999900, 0.2352080016535702800, -0.2345921671269538300 ) ) ;
#567 = CARTESIAN_POINT ( 'NONE',  ( -1.178252888271271100, 1.710315713064524800, -1.073738396294618800 ) ) ;
#568 = ORIENTED_EDGE ( 'NONE', *, *, #3434, .T. ) ;
#569 = FACE_OUTER_BOUND ( 'NONE', #3351, .T. ) ;
#570 = ADVANCED_FACE ( 'NONE', ( #2485 ), #2680, .T. ) ;
#571 = CARTESIAN_POINT ( 'NONE',  ( -0.9000000000000003600, 0.2000000000000000100, -1.214999999999999600 ) ) ;
#572 = EDGE_CURVE ( 'NONE', #2761, #2919, #1296, .T. ) ;
#573 = LINE ( 'NONE', #2070, #1465 ) ;
#574 = ORIENTED_EDGE ( 'NONE', *, *, #2427, .T. ) ;
#575 = LINE ( 'NONE', #826, #1070 ) ;
#576 = DIRECTION ( 'NONE',  ( -0.0000000000000000000, 0.0000000000000000000, -1.000000000000000000 ) ) ;
#577 = FACE_OUTER_BOUND ( 'NONE', #877, .T. ) ;
#578 = CARTESIAN_POINT ( 'NONE',  ( -1.564999999999999700, 0.2491064769153993300, 0.6618042484119137600 ) ) ;
#579 = VERTEX_POINT ( 'NONE', #3459 ) ;
#580 = VECTOR ( 'NONE', #1974, 1000.000000000000000 ) ;
#581 = CARTESIAN_POINT ( 'NONE',  ( 1.564999999999999900, 1.700000000000000000, 0.3013390105916600200 ) ) ;
#582 = AXIS2_PLACEMENT_3D ( 'NONE', #587, #2517, #876 ) ;
#583 = ORIENTED_EDGE ( 'NONE', *, *, #2950, .F. ) ;
#584 = ORIENTED_EDGE ( 'NONE', *, *, #380, .T. ) ;
#585 = CARTESIAN_POINT ( 'NONE',  ( -1.146579437399554400, 1.729906060138488100, 1.071647758104569100 ) ) ;
#586 = EDGE_LOOP ( 'NONE', ( #2323, #3486, #2347, #3549, #1615, #2802, #1003, #3325, #1906, #3438, #1478, #1959, #588, #557 ) ) ;
#587 = CARTESIAN_POINT ( 'NONE',  ( 1.564999999999999900, 0.2491064769153993300, 0.6618042484119133200 ) ) ;
#588 = ORIENTED_EDGE ( 'NONE', *, *, #3017, .F. ) ;
#589 = VECTOR ( 'NONE', #2875, 1000.000000000000000 ) ;
#590 = DIRECTION ( 'NONE',  ( -1.000000000000000000, 0.0000000000000000000, 0.0000000000000000000 ) ) ;
#591 = CARTESIAN_POINT ( 'NONE',  ( 0.9000000000000001300, 0.2491064769153990600, -0.3084354357119420400 ) ) ;
#592 = ADVANCED_FACE ( 'NONE', ( #1650 ), #2937, .T. ) ;
#593 = DIRECTION ( 'NONE',  ( 0.0000000000000000000, -1.000000000000000000, -0.0000000000000000000 ) ) ;
#594 = EDGE_LOOP ( 'NONE', ( #3340, #238, #2641, #2016 ) ) ;
#595 = VERTEX_POINT ( 'NONE', #3202 ) ;
#596 = DIRECTION ( 'NONE',  ( 0.0000000000000000000, 0.0000000000000000000, -1.000000000000000000 ) ) ;
#597 = CARTESIAN_POINT ( 'NONE',  ( -0.9000000000000001300, 0.2000000000000000100, 1.249999999999999600 ) ) ;
#598 = CARTESIAN_POINT ( 'NONE',  ( 1.564999999999999700, 0.2000000000000000900, -1.215000000000000300 ) ) ;
#599 = DIRECTION ( 'NONE',  ( -1.000000000000000000, 0.0000000000000000000, 2.449293598294705900E-016 ) ) ;
#600 = VERTEX_POINT ( 'NONE', #199 ) ;
#601 = PLANE ( 'NONE',  #1684 ) ;
#602 = CARTESIAN_POINT ( 'NONE',  ( -0.9000000000000003600, 0.05000000000000000300, -1.214999999999999600 ) ) ;
#603 = LINE ( 'NONE', #1674, #687 ) ;
#604 = DIRECTION ( 'NONE',  ( 1.000000000000000000, 0.0000000000000000000, 0.0000000000000000000 ) ) ;
#605 = EDGE_LOOP ( 'NONE', ( #803, #2470, #2671, #1786 ) ) ;
#606 = EDGE_CURVE ( 'NONE', #3335, #660, #1076, .T. ) ;
#607 = DIRECTION ( 'NONE',  ( 0.0000000000000000000, -0.6427876096865373600, -0.7660444431189796800 ) ) ;
#608 = EDGE_LOOP ( 'NONE', ( #3183, #2217, #1873, #1299 ) ) ;
#609 = VECTOR ( 'NONE', #1027, 1000.000000000000000 ) ;
#610 = ADVANCED_FACE ( 'NONE', ( #903 ), #780, .F. ) ;
#611 = LINE ( 'NONE', #2575, #1897 ) ;
#612 = EDGE_CURVE ( 'NONE', #3474, #1636, #356, .T. ) ;
#613 = CARTESIAN_POINT ( 'NONE',  ( 1.600000000000000100, 0.0000000000000000000, 0.4499999999999997900 ) ) ;
#614 = CYLINDRICAL_SURFACE ( 'NONE', #3227, 0.2249999999999999500 ) ;
#615 = EDGE_LOOP ( 'NONE', ( #60, #2892, #2119, #2621 ) ) ;
#616 = DIRECTION ( 'NONE',  ( 8.017490599450574700E-017, -0.9659258262890699800, 0.2588190451025145800 ) ) ;
#617 = ORIENTED_EDGE ( 'NONE', *, *, #348, .T. ) ;
#618 = CYLINDRICAL_SURFACE ( 'NONE', #1235, 0.3042623357845721800 ) ;
#619 = LINE ( 'NONE', #2364, #1292 ) ;
#620 = AXIS2_PLACEMENT_3D ( 'NONE', #2073, #3146, #1802 ) ;
#621 = ORIENTED_EDGE ( 'NONE', *, *, #2145, .F. ) ;
#622 = LINE ( 'NONE', #1479, #3435 ) ;
#623 = VECTOR ( 'NONE', #153, 1000.000000000000000 ) ;
#624 = DIRECTION ( 'NONE',  ( 6.287289743771022600E-016, 0.0000000000000000000, -1.000000000000000000 ) ) ;
#625 = AXIS2_PLACEMENT_3D ( 'NONE', #632, #1717, #1137 ) ;
#626 = ORIENTED_EDGE ( 'NONE', *, *, #2579, .T. ) ;
#627 = ORIENTED_EDGE ( 'NONE', *, *, #2799, .T. ) ;
#628 = ADVANCED_FACE ( 'NONE', ( #577 ), #2728, .T. ) ;
#629 = ORIENTED_EDGE ( 'NONE', *, *, #381, .T. ) ;
#630 = FACE_OUTER_BOUND ( 'NONE', #1621, .T. ) ;
#631 = ORIENTED_EDGE ( 'NONE', *, *, #2493, .F. ) ;
#632 = CARTESIAN_POINT ( 'NONE',  ( -0.9000000000000000200, 1.774118095489748400, 0.6999999999999998400 ) ) ;
#633 = CARTESIAN_POINT ( 'NONE',  ( 0.9000000000000001300, 0.2352080016535703100, 0.1678453236622475800 ) ) ;
#634 = CARTESIAN_POINT ( 'NONE',  ( -1.600000000000000100, 0.2000000000000003200, -1.250000000000000000 ) ) ;
#635 = EDGE_CURVE ( 'NONE', #3264, #166, #2667, .T. ) ;
#636 = EDGE_CURVE ( 'NONE', #2412, #658, #2449, .T. ) ;
#637 = STYLED_ITEM ( 'NONE', ( #1469 ), #841 ) ;
#638 = EDGE_LOOP ( 'NONE', ( #962, #58, #3161, #787, #2766 ) ) ;
#639 =( LENGTH_UNIT ( ) NAMED_UNIT ( * ) SI_UNIT ( .MILLI., .METRE. ) );
#640 = VECTOR ( 'NONE', #1752, 1000.000000000000000 ) ;
#641 = DIRECTION ( 'NONE',  ( 0.0000000000000000000, 0.0000000000000000000, 1.000000000000000000 ) ) ;
#642 = VECTOR ( 'NONE', #2457, 1000.000000000000000 ) ;
#643 = DIRECTION ( 'NONE',  ( 0.0000000000000000000, 0.0000000000000000000, 1.000000000000000000 ) ) ;
#644 = CARTESIAN_POINT ( 'NONE',  ( -1.564999999999999900, 0.5267751238522144800, 0.1840341033824131300 ) ) ;
#645 = CYLINDRICAL_SURFACE ( 'NONE', #1278, 0.04910647691539935700 ) ;
#646 = DIRECTION ( 'NONE',  ( 1.000000000000000000, 0.0000000000000000000, -2.449293598294705900E-016 ) ) ;
#647 = ORIENTED_EDGE ( 'NONE', *, *, #1919, .T. ) ;
#648 = LINE ( 'NONE', #3057, #3080 ) ;
#649 = ORIENTED_EDGE ( 'NONE', *, *, #2977, .T. ) ;
#650 = CIRCLE ( 'NONE', #2188, 0.4687607764909875700 ) ;
#651 = CARTESIAN_POINT ( 'NONE',  ( -1.600000000000000100, 0.2000000000000001800, -0.6618042484119135400 ) ) ;
#652 = VERTEX_POINT ( 'NONE', #2181 ) ;
#653 = CYLINDRICAL_SURFACE ( 'NONE', #2291, 0.04910647691539935700 ) ;
#654 = EDGE_CURVE ( 'NONE', #308, #755, #445, .T. ) ;
#655 = FACE_OUTER_BOUND ( 'NONE', #363, .T. ) ;
#656 = CARTESIAN_POINT ( 'NONE',  ( 0.9000000000000001300, 0.2352080016535702800, -0.2345921671269538300 ) ) ;
#657 = CARTESIAN_POINT ( 'NONE',  ( 0.9000000000000002400, 1.331239223509012500, 1.214999999999999900 ) ) ;
#658 = VERTEX_POINT ( 'NONE', #298 ) ;
#659 = VECTOR ( 'NONE', #1225, 1000.000000000000000 ) ;
#660 = VERTEX_POINT ( 'NONE', #3286 ) ;
#661 = CARTESIAN_POINT ( 'NONE',  ( -1.178252888271270600, 1.710315713064524800, 1.073738396294619200 ) ) ;
#662 = DIRECTION ( 'NONE',  ( 0.0000000000000000000, 0.0000000000000000000, -1.000000000000000000 ) ) ;
#663 = ORIENTED_EDGE ( 'NONE', *, *, #418, .F. ) ;
#664 = EDGE_CURVE ( 'NONE', #1485, #2817, #1371, .T. ) ;
#665 = DIRECTION ( 'NONE',  ( 0.0000000000000000000, -2.304084502391925000E-016, 1.000000000000000000 ) ) ;
#666 = AXIS2_PLACEMENT_3D ( 'NONE', #3530, #2713, #809 ) ;
#667 = ORIENTED_EDGE ( 'NONE', *, *, #1475, .F. ) ;
#668 = CARTESIAN_POINT ( 'NONE',  ( 0.9000000000000001300, 0.2352080016535703400, -0.2345921671269540800 ) ) ;
#669 = EDGE_CURVE ( 'NONE', #3456, #3529, #1201, .T. ) ;
#670 = DIRECTION ( 'NONE',  ( 1.000000000000000000, 0.0000000000000000000, 0.0000000000000000000 ) ) ;
#671 = ORIENTED_EDGE ( 'NONE', *, *, #2541, .F. ) ;
#672 = CARTESIAN_POINT ( 'NONE',  ( 0.9000000000000001300, 0.05000000000000001000, 0.4080450184411360000 ) ) ;
#673 = CARTESIAN_POINT ( 'NONE',  ( 0.9000000000000001300, 0.2000000000000000100, 1.249999999999999600 ) ) ;
#674 = LINE ( 'NONE', #1620, #319 ) ;
#675 = CARTESIAN_POINT ( 'NONE',  ( 1.600000000000000100, 0.0000000000000000000, 1.250000000000000000 ) ) ;
#676 = ORIENTED_EDGE ( 'NONE', *, *, #2563, .F. ) ;
#677 = ORIENTED_EDGE ( 'NONE', *, *, #1969, .F. ) ;
#678 = CARTESIAN_POINT ( 'NONE',  ( 0.0000000000000000000, 0.05000000000000000300, -0.4080450184411360000 ) ) ;
#679 = DIRECTION ( 'NONE',  ( 0.0000000000000000000, 1.000000000000000000, 0.0000000000000000000 ) ) ;
#680 = VERTEX_POINT ( 'NONE', #533 ) ;
#681 = DIRECTION ( 'NONE',  ( 3.563379508310734600E-016, 0.0000000000000000000, 1.000000000000000000 ) ) ;
#682 = DIRECTION ( 'NONE',  ( 2.449293598294705900E-016, 0.0000000000000000000, 1.000000000000000000 ) ) ;
#683 = CARTESIAN_POINT ( 'NONE',  ( -0.9000000000000001300, 0.0000000000000000000, 1.250000000000000000 ) ) ;
#684 = CARTESIAN_POINT ( 'NONE',  ( -0.9000000000000002400, 0.2491064769153993300, -0.6618042484119131000 ) ) ;
#685 = EDGE_CURVE ( 'NONE', #658, #2303, #1777, .T. ) ;
#686 = PLANE ( 'NONE',  #3487 ) ;
#687 = VECTOR ( 'NONE', #22, 1000.000000000000000 ) ;
#688 = CARTESIAN_POINT ( 'NONE',  ( 0.9000000000000001300, 0.0000000000000000000, 1.250000000000000000 ) ) ;
#689 = DIRECTION ( 'NONE',  ( 0.0000000000000000000, 1.000000000000000000, 0.0000000000000000000 ) ) ;
#690 = AXIS2_PLACEMENT_3D ( 'NONE', #3292, #593, #1949 ) ;
#691 = DIRECTION ( 'NONE',  ( -1.574375577468391800E-016, 0.7660444431189797900, -0.6427876096865372500 ) ) ;
#692 = ORIENTED_EDGE ( 'NONE', *, *, #1332, .T. ) ;
#693 = CARTESIAN_POINT ( 'NONE',  ( -1.417330463524280300, 1.700000000000000000, -0.6999999999999978500 ) ) ;
#694 = VECTOR ( 'NONE', #3280, 1000.000000000000000 ) ;
#695 = CARTESIAN_POINT ( 'NONE',  ( -0.9000000000000002400, 0.1771672682059996200, -0.3013390105916598500 ) ) ;
#696 = ORIENTED_EDGE ( 'NONE', *, *, #2551, .T. ) ;
#697 = LINE ( 'NONE', #1805, #3501 ) ;
#698 = CARTESIAN_POINT ( 'NONE',  ( -1.565000000000000200, 1.700000000000000000, -1.214999999999999400 ) ) ;
#699 = VERTEX_POINT ( 'NONE', #1624 ) ;
#700 = CYLINDRICAL_SURFACE ( 'NONE', #1019, 0.3042623357845721800 ) ;
#701 = CARTESIAN_POINT ( 'NONE',  ( 1.053606543901726100, 1.774118095489829700, 1.091695537491062400 ) ) ;
#702 = ORIENTED_EDGE ( 'NONE', *, *, #1090, .T. ) ;
#703 = FACE_OUTER_BOUND ( 'NONE', #3331, .T. ) ;
#704 = PLANE ( 'NONE',  #3107 ) ;
#705 = CARTESIAN_POINT ( 'NONE',  ( -0.9000000000000001300, 0.2491064769153993300, 0.6618042484119133200 ) ) ;
#706 = FACE_OUTER_BOUND ( 'NONE', #1988, .T. ) ;
#707 = DIRECTION ( 'NONE',  ( -1.000000000000000000, 0.0000000000000000000, 2.449293598294705900E-016 ) ) ;
#708 = CONICAL_SURFACE ( 'NONE', #690, 0.2173333109150407900, 0.2617993877991433000 ) ;
#709 = FACE_OUTER_BOUND ( 'NONE', #1002, .T. ) ;
#710 = CARTESIAN_POINT ( 'NONE',  ( -0.9000000000000000200, 2.475000000000000100, 0.7000000000000001800 ) ) ;
#711 = ORIENTED_EDGE ( 'NONE', *, *, #2540, .F. ) ;
#712 = ORIENTED_EDGE ( 'NONE', *, *, #2926, .F. ) ;
#713 = DIRECTION ( 'NONE',  ( 0.0000000000000000000, -0.7660444431189796800, -0.6427876096865373600 ) ) ;
#714 =( GEOMETRIC_REPRESENTATION_CONTEXT ( 3 ) GLOBAL_UNCERTAINTY_ASSIGNED_CONTEXT ( ( #733 ) ) GLOBAL_UNIT_ASSIGNED_CONTEXT ( ( #2256, #2775, #2536 ) ) REPRESENTATION_CONTEXT ( 'NONE', 'WORKASPACE' ) );
#715 = ORIENTED_EDGE ( 'NONE', *, *, #2787, .F. ) ;
#716 = ORIENTED_EDGE ( 'NONE', *, *, #176, .F. ) ;
#717 = AXIS2_PLACEMENT_3D ( 'NONE', #400, #2047, #2306 ) ;
#718 = ORIENTED_EDGE ( 'NONE', *, *, #2682, .T. ) ;
#719 = CARTESIAN_POINT ( 'NONE',  ( 0.9000000000000001300, 0.2352080016535703600, -0.3013390105916603500 ) ) ;
#720 = VERTEX_POINT ( 'NONE', #1339 ) ;
#721 = CARTESIAN_POINT ( 'NONE',  ( -1.005131153747765000, 1.790931128616791000, 1.105866484567005200 ) ) ;
#722 = DIRECTION ( 'NONE',  ( 0.0000000000000000000, 0.0000000000000000000, -1.000000000000000000 ) ) ;
#723 = DIRECTION ( 'NONE',  ( 0.0000000000000000000, 0.0000000000000000000, -1.000000000000000000 ) ) ;
#724 = SURFACE_STYLE_USAGE ( .BOTH. , #2356 ) ;
#725 = ORIENTED_EDGE ( 'NONE', *, *, #1774, .F. ) ;
#726 = CARTESIAN_POINT ( 'NONE',  ( 0.9000000000000002400, 1.700000000000000000, -0.6999999999999996200 ) ) ;
#727 = EDGE_CURVE ( 'NONE', #1658, #1523, #1953, .T. ) ;
#728 = CARTESIAN_POINT ( 'NONE',  ( 1.251784245380883600, 1.700000000000000000, 1.214999999999999900 ) ) ;
#729 = B_SPLINE_CURVE_WITH_KNOTS ( 'NONE', 3,
 ( #14, #1939, #2639, #2939 ),
 .UNSPECIFIED., .F., .F.,
 ( 4, 4 ),
 ( 6.297102071819494000E-007, 0.0001055453836298460600 ),
 .UNSPECIFIED. ) ;
#730 = ORIENTED_EDGE ( 'NONE', *, *, #3479, .T. ) ;
#731 = CYLINDRICAL_SURFACE ( 'NONE', #2444, 0.06674684346470624600 ) ;
#732 = CARTESIAN_POINT ( 'NONE',  ( 0.9000000000000002400, 1.800000000000000000, 0.6999999999999996200 ) ) ;
#733 = UNCERTAINTY_MEASURE_WITH_UNIT (LENGTH_MEASURE( 1.000000000000000100E-005 ), #2256, 'distance_accuracy_value', 'NONE');
#734 = AXIS2_PLACEMENT_3D ( 'NONE', #1213, #2894, #3422 ) ;
#735 = PLANE ( 'NONE',  #2874 ) ;
#736 = VECTOR ( 'NONE', #1835, 1000.000000000000000 ) ;
#737 = EDGE_CURVE ( 'NONE', #3462, #2681, #312, .T. ) ;
#738 = EDGE_LOOP ( 'NONE', ( #1306, #1215, #2945, #649 ) ) ;
#739 = DIRECTION ( 'NONE',  ( 0.0000000000000000000, 0.0000000000000000000, 1.000000000000000000 ) ) ;
#740 = LINE ( 'NONE', #2071, #2827 ) ;
#741 = ORIENTED_EDGE ( 'NONE', *, *, #892, .T. ) ;
#742 = PLANE ( 'NONE',  #825 ) ;
#743 = EDGE_CURVE ( 'NONE', #121, #377, #1015, .T. ) ;
#744 = EDGE_LOOP ( 'NONE', ( #493, #2702, #212, #409 ) ) ;
#745 = DIRECTION ( 'NONE',  ( -1.000000000000000000, 0.0000000000000000000, 2.449293598294705900E-016 ) ) ;
#746 = VECTOR ( 'NONE', #1372, 1000.000000000000000 ) ;
#747 = CIRCLE ( 'NONE', #1040, 0.4207378808953729500 ) ;
#748 = DIRECTION ( 'NONE',  ( 0.0000000000000000000, -0.0000000000000000000, -1.000000000000000000 ) ) ;
#749 = CARTESIAN_POINT ( 'NONE',  ( 0.9000000000000001300, 0.2352080016535703100, 0.1678453236622475800 ) ) ;
#750 = ORIENTED_EDGE ( 'NONE', *, *, #1946, .F. ) ;
#751 = ADVANCED_FACE ( 'NONE', ( #1737 ), #1866, .F. ) ;
#752 = ORIENTED_EDGE ( 'NONE', *, *, #1901, .F. ) ;
#753 = ORIENTED_EDGE ( 'NONE', *, *, #1408, .F. ) ;
#754 = DIRECTION ( 'NONE',  ( -2.449293598294705900E-016, 0.0000000000000000000, -1.000000000000000000 ) ) ;
#755 = VERTEX_POINT ( 'NONE', #1129 ) ;
#756 = CARTESIAN_POINT ( 'NONE',  ( 1.178252888271270600, 1.710315713064524800, 1.073738396294619000 ) ) ;
#757 = DIRECTION ( 'NONE',  ( -0.0000000000000000000, -0.7660444431189796800, -0.6427876096865374800 ) ) ;
#758 = AXIS2_PLACEMENT_3D ( 'NONE', #80, #370, #3109 ) ;
#759 = ORIENTED_EDGE ( 'NONE', *, *, #2999, .F. ) ;
#760 = FACE_OUTER_BOUND ( 'NONE', #1923, .T. ) ;
#761 = CARTESIAN_POINT ( 'NONE',  ( -0.9000000000000001300, 0.1771672682059997100, -0.3013390105916604100 ) ) ;
#762 = ORIENTED_EDGE ( 'NONE', *, *, #1458, .T. ) ;
#763 = CARTESIAN_POINT ( 'NONE',  ( -1.600000000000000100, 0.5267751238522143700, -0.1840341033824128800 ) ) ;
#764 = ORIENTED_EDGE ( 'NONE', *, *, #2129, .F. ) ;
#765 = DIRECTION ( 'NONE',  ( -1.000000000000000000, -0.0000000000000000000, -0.0000000000000000000 ) ) ;
#766 = DIRECTION ( 'NONE',  ( 0.0000000000000000000, 0.0000000000000000000, -1.000000000000000000 ) ) ;
#767 = ADVANCED_FACE ( 'NONE', ( #2401 ), #3262, .F. ) ;
#768 = ORIENTED_EDGE ( 'NONE', *, *, #1264, .F. ) ;
#769 = VECTOR ( 'NONE', #2940, 1000.000000000000000 ) ;
#770 = CARTESIAN_POINT ( 'NONE',  ( -0.9000000000000001300, 0.2000000000000001800, -0.6618042484119135400 ) ) ;
#771 = AXIS2_PLACEMENT_3D ( 'NONE', #1548, #2643, #1274 ) ;
#772 = VECTOR ( 'NONE', #3032, 1000.000000000000000 ) ;
#773 = CARTESIAN_POINT ( 'NONE',  ( 1.117333310915041000, 2.533234285148065800, 0.6999999999999989600 ) ) ;
#774 = VECTOR ( 'NONE', #1540, 1000.000000000000000 ) ;
#775 = AXIS2_PLACEMENT_3D ( 'NONE', #1183, #2053, #897 ) ;
#776 = ORIENTED_EDGE ( 'NONE', *, *, #2339, .T. ) ;
#777 = EDGE_LOOP ( 'NONE', ( #451, #476, #2845, #718 ) ) ;
#778 = EDGE_CURVE ( 'NONE', #2672, #2369, #949, .T. ) ;
#779 = ADVANCED_FACE ( 'NONE', ( #267 ), #2514, .T. ) ;
#780 = CYLINDRICAL_SURFACE ( 'NONE', #1000, 0.04910647691539935700 ) ;
#781 = VECTOR ( 'NONE', #2066, 1000.000000000000000 ) ;
#782 = LINE ( 'NONE', #2863, #3309 ) ;
#783 = EDGE_CURVE ( 'NONE', #1080, #2842, #3129, .T. ) ;
#784 = EDGE_CURVE ( 'NONE', #2791, #1523, #3086, .T. ) ;
#785 = CARTESIAN_POINT ( 'NONE',  ( 0.9000000000000001300, 0.0000000000000000000, 0.4499999999999997900 ) ) ;
#786 = DIRECTION ( 'NONE',  ( 1.000000000000000000, 0.0000000000000000000, 0.0000000000000000000 ) ) ;
#787 = ORIENTED_EDGE ( 'NONE', *, *, #475, .T. ) ;
#788 = EDGE_LOOP ( 'NONE', ( #2716, #1229, #1184, #2584 ) ) ;
#789 = CARTESIAN_POINT ( 'NONE',  ( 0.9000000000000003600, 1.800000000000000000, -1.113802845483271400 ) ) ;
#790 = EDGE_LOOP ( 'NONE', ( #13, #435, #2283, #2603 ) ) ;
#791 = DIRECTION ( 'NONE',  ( 0.0000000000000000000, -1.000000000000000000, -1.868002191021389500E-015 ) ) ;
#792 = ORIENTED_EDGE ( 'NONE', *, *, #83, .T. ) ;
#793 = VERTEX_POINT ( 'NONE', #43 ) ;
#794 = EDGE_CURVE ( 'NONE', #234, #1905, #183, .T. ) ;
#795 = CARTESIAN_POINT ( 'NONE',  ( -0.8999999999999998000, 0.2000000000000000100, 1.215000000000000100 ) ) ;
#796 = CARTESIAN_POINT ( 'NONE',  ( 0.9000000000000001300, 0.1771672682059996200, 0.3013390105916600700 ) ) ;
#797 = ADVANCED_FACE ( 'NONE', ( #1601 ), #27, .F. ) ;
#798 = AXIS2_PLACEMENT_3D ( 'NONE', #2782, #341, #354 ) ;
#799 = ORIENTED_EDGE ( 'NONE', *, *, #3346, .T. ) ;
#800 = DIRECTION ( 'NONE',  ( -1.000000000000000000, 0.0000000000000000000, 0.0000000000000000000 ) ) ;
#801 = EDGE_CURVE ( 'NONE', #1613, #3150, #2286, .T. ) ;
#802 = CARTESIAN_POINT ( 'NONE',  ( 0.9000000000000003600, 1.800000000000000000, 1.113802845483271400 ) ) ;
#803 = ORIENTED_EDGE ( 'NONE', *, *, #778, .F. ) ;
#804 = CARTESIAN_POINT ( 'NONE',  ( 1.146579437399557700, 1.729906060138485700, -1.193596045024971000 ) ) ;
#805 = EDGE_LOOP ( 'NONE', ( #2135, #538, #548, #2690 ) ) ;
#806 = FILL_AREA_STYLE ('',( #24 ) ) ;
#807 = DIRECTION ( 'NONE',  ( 0.0000000000000000000, 0.0000000000000000000, -1.000000000000000000 ) ) ;
#808 = LINE ( 'NONE', #120, #1545 ) ;
#809 = DIRECTION ( 'NONE',  ( 0.0000000000000000000, 0.0000000000000000000, -1.000000000000000000 ) ) ;
#810 = CYLINDRICAL_SURFACE ( 'NONE', #1205, 0.2249999999999999500 ) ;
#811 = ADVANCED_FACE ( 'NONE', ( #3003 ), #3258, .F. ) ;
#812 = CARTESIAN_POINT ( 'NONE',  ( -1.600000000000000100, 0.0000000000000000000, -1.250000000000000000 ) ) ;
#813 = TOROIDAL_SURFACE ( 'NONE', #553, 0.5173304635242798000, 0.1000000000000000100 ) ;
#814 = DIRECTION ( 'NONE',  ( -0.0000000000000000000, 1.000000000000000000, 0.0000000000000000000 ) ) ;
#815 = AXIS2_PLACEMENT_3D ( 'NONE', #216, #2406, #2693 ) ;
#816 = ORIENTED_EDGE ( 'NONE', *, *, #2916, .T. ) ;
#817 = DIRECTION ( 'NONE',  ( 0.0000000000000000000, 0.0000000000000000000, -1.000000000000000000 ) ) ;
#818 = LINE ( 'NONE', #1222, #82 ) ;
#819 = ORIENTED_EDGE ( 'NONE', *, *, #3478, .F. ) ;
#820 = CARTESIAN_POINT ( 'NONE',  ( -1.564999999999999900, 1.700000000000000000, -1.214999999999999900 ) ) ;
#821 = CARTESIAN_POINT ( 'NONE',  ( -1.085688777122871400, 1.762990807019932300, -1.082316848066113200 ) ) ;
#822 = CIRCLE ( 'NONE', #1887, 0.2173333109150407900 ) ;
#823 = CARTESIAN_POINT ( 'NONE',  ( 1.251784245380883600, 1.700000000000000000, 1.214999999999999900 ) ) ;
#824 = LINE ( 'NONE', #68, #89 ) ;
#825 = AXIS2_PLACEMENT_3D ( 'NONE', #2954, #1604, #1273 ) ;
#826 = CARTESIAN_POINT ( 'NONE',  ( -0.9000000000000006900, 1.700000000000000000, -1.140597764726382700 ) ) ;
#827 = VECTOR ( 'NONE', #599, 1000.000000000000000 ) ;
#828 = CARTESIAN_POINT ( 'NONE',  ( 9.994220514839196000E-017, 0.05000000000000000300, 0.4080450184411360000 ) ) ;
#829 = ORIENTED_EDGE ( 'NONE', *, *, #2508, .T. ) ;
#830 = LINE ( 'NONE', #26, #142 ) ;
#831 = CARTESIAN_POINT ( 'NONE',  ( -1.224646799147356400E-017, 1.800000000000000000, 1.214999999999999900 ) ) ;
#832 = EDGE_LOOP ( 'NONE', ( #712, #2586, #2881, #3056 ) ) ;
#833 = VERTEX_POINT ( 'NONE', #634 ) ;
#834 = DIRECTION ( 'NONE',  ( 1.000000000000000000, 0.0000000000000000000, -1.556946131228447100E-016 ) ) ;
#835 = ADVANCED_FACE ( 'NONE', ( #2208 ), #3354, .F. ) ;
#836 = CARTESIAN_POINT ( 'NONE',  ( -0.9000000000000002400, 0.2491064769153993300, -0.6126977714965137200 ) ) ;
#837 = ORIENTED_EDGE ( 'NONE', *, *, #3177, .T. ) ;
#838 = DIRECTION ( 'NONE',  ( -0.0000000000000000000, -1.377727649040772400E-016, -1.000000000000000000 ) ) ;
#839 = ORIENTED_EDGE ( 'NONE', *, *, #2932, .F. ) ;
#840 = VECTOR ( 'NONE', #1677, 1000.000000000000000 ) ;
#841 = MANIFOLD_SOLID_BREP ( 'Mirror3', #1008 ) ;
#842 = ORIENTED_EDGE ( 'NONE', *, *, #1849, .F. ) ;
#843 = ORIENTED_EDGE ( 'NONE', *, *, #2635, .T. ) ;
#844 = CARTESIAN_POINT ( 'NONE',  ( -0.9000000000000001300, 1.102182119232617800E-016, -0.4500000000000001200 ) ) ;
#845 = VERTEX_POINT ( 'NONE', #1153 ) ;
#846 = DIRECTION ( 'NONE',  ( 0.0000000000000000000, -1.000000000000000000, 0.0000000000000000000 ) ) ;
#847 = CARTESIAN_POINT ( 'NONE',  ( -0.9000000000000001300, 0.0000000000000000000, 1.250000000000000000 ) ) ;
#848 = AXIS2_PLACEMENT_3D ( 'NONE', #42, #2230, #1 ) ;
#849 = EDGE_CURVE ( 'NONE', #1212, #1905, #3509, .T. ) ;
#850 = ADVANCED_FACE ( 'NONE', ( #393 ), #3323, .F. ) ;
#851 = CARTESIAN_POINT ( 'NONE',  ( 1.600000000000000100, 0.1771672682059996200, 0.3013390105916600700 ) ) ;
#852 = CIRCLE ( 'NONE', #1566, 0.3042623357845721200 ) ;
#853 = EDGE_CURVE ( 'NONE', #3335, #11, #822, .T. ) ;
#854 = VERTEX_POINT ( 'NONE', #3409 ) ;
#855 = CIRCLE ( 'NONE', #2923, 0.06674684346470624600 ) ;
#856 = DIRECTION ( 'NONE',  ( 0.0000000000000000000, -1.868002191021389500E-015, 1.000000000000000000 ) ) ;
#857 = CYLINDRICAL_SURFACE ( 'NONE', #734, 0.06674684346470624600 ) ;
#858 = CARTESIAN_POINT ( 'NONE',  ( 0.9000000000000001300, 0.1771672682059997100, -0.3013390105916604100 ) ) ;
#859 = FILL_AREA_STYLE_COLOUR ( '', #2912 ) ;
#860 = AXIS2_PLACEMENT_3D ( 'NONE', #2978, #3251, #1072 ) ;
#861 = VECTOR ( 'NONE', #1834, 1000.000000000000000 ) ;
#862 = EDGE_LOOP ( 'NONE', ( #2372, #759, #1230, #839 ) ) ;
#863 = VERTEX_POINT ( 'NONE', #310 ) ;
#864 = VECTOR ( 'NONE', #2309, 1000.000000000000000 ) ;
#865 = CARTESIAN_POINT ( 'NONE',  ( -0.9000000000000001300, 0.2352080016535703400, -0.2345921671269540800 ) ) ;
#866 = AXIS2_PLACEMENT_3D ( 'NONE', #1994, #879, #3084 ) ;
#867 = SURFACE_STYLE_FILL_AREA ( #1996 ) ;
#868 = DIRECTION ( 'NONE',  ( 0.0000000000000000000, 0.0000000000000000000, -1.000000000000000000 ) ) ;
#869 = CARTESIAN_POINT ( 'NONE',  ( -0.9000000000000001300, 0.2352080016535703100, 0.1678453236622475800 ) ) ;
#870 = LINE ( 'NONE', #2943, #3131 ) ;
#871 = CIRCLE ( 'NONE', #1154, 0.3042623357845721800 ) ;
#872 = PLANE ( 'NONE',  #2855 ) ;
#873 = EDGE_LOOP ( 'NONE', ( #482, #1965, #2263, #1328, #2340, #54, #1427, #1092, #843, #1001, #1265, #3367, #3145, #3453, #2840, #3457, #829, #3350 ) ) ;
#874 = VERTEX_POINT ( 'NONE', #422 ) ;
#875 = VERTEX_POINT ( 'NONE', #1457 ) ;
#876 = DIRECTION ( 'NONE',  ( 0.0000000000000000000, 0.0000000000000000000, 1.000000000000000000 ) ) ;
#877 = EDGE_LOOP ( 'NONE', ( #3020, #1698, #449, #799 ) ) ;
#878 = FACE_OUTER_BOUND ( 'NONE', #638, .T. ) ;
#879 = DIRECTION ( 'NONE',  ( 1.000000000000000000, 0.0000000000000000000, -1.556946131228447100E-016 ) ) ;
#880 = VERTEX_POINT ( 'NONE', #373 ) ;
#881 = ORIENTED_EDGE ( 'NONE', *, *, #3043, .F. ) ;
#882 = DIRECTION ( 'NONE',  ( 1.000000000000000000, 0.0000000000000000000, 0.0000000000000000000 ) ) ;
#883 = CARTESIAN_POINT ( 'NONE',  ( -0.9000000000000002400, 0.2491064769153993300, -0.6126977714965137200 ) ) ;
#884 = ORIENTED_EDGE ( 'NONE', *, *, #3243, .F. ) ;
#885 = ADVANCED_FACE ( 'NONE', ( #706 ), #481, .T. ) ;
#886 = AXIS2_PLACEMENT_3D ( 'NONE', #2308, #2335, #1196 ) ;
#887 = VERTEX_POINT ( 'NONE', #2038 ) ;
#888 = CARTESIAN_POINT ( 'NONE',  ( -1.146579437399557500, 1.729906060138485700, 1.193596045024971200 ) ) ;
#889 = MECHANICAL_DESIGN_GEOMETRIC_PRESENTATION_REPRESENTATION (  '', ( #1941 ), #1066 ) ;
#890 = ORIENTED_EDGE ( 'NONE', *, *, #2601, .T. ) ;
#891 = ORIENTED_EDGE ( 'NONE', *, *, #1138, .F. ) ;
#892 = EDGE_CURVE ( 'NONE', #2369, #1333, #1557, .T. ) ;
#893 = FACE_OUTER_BOUND ( 'NONE', #1748, .T. ) ;
#894 = FILL_AREA_STYLE ('',( #2849 ) ) ;
#895 = ORIENTED_EDGE ( 'NONE', *, *, #3313, .F. ) ;
#896 = SPHERICAL_SURFACE ( 'NONE', #365, 0.2249999999999999500 ) ;
#897 = DIRECTION ( 'NONE',  ( -1.756275182494476500E-016, 0.0000000000000000000, -1.000000000000000000 ) ) ;
#898 = DIRECTION ( 'NONE',  ( -1.000000000000000000, -0.0000000000000000000, -0.0000000000000000000 ) ) ;
#899 = FACE_OUTER_BOUND ( 'NONE', #3393, .T. ) ;
#900 = LINE ( 'NONE', #140, #2523 ) ;
#901 = EDGE_LOOP ( 'NONE', ( #3000, #1442, #1666, #2538 ) ) ;
#902 = FACE_OUTER_BOUND ( 'NONE', #2628, .T. ) ;
#903 = FACE_OUTER_BOUND ( 'NONE', #2042, .T. ) ;
#904 = CARTESIAN_POINT ( 'NONE',  ( -1.251784245380883800, 1.700000000000000000, -1.214999999999999600 ) ) ;
#905 = DIRECTION ( 'NONE',  ( -0.0000000000000000000, -0.0000000000000000000, -1.000000000000000000 ) ) ;
#906 = AXIS2_PLACEMENT_3D ( 'NONE', #1017, #1291, #974 ) ;
#907 = ORIENTED_EDGE ( 'NONE', *, *, #2149, .T. ) ;
#908 = VECTOR ( 'NONE', #3296, 1000.000000000000000 ) ;
#909 = ORIENTED_EDGE ( 'NONE', *, *, #2041, .T. ) ;
#910 = CARTESIAN_POINT ( 'NONE',  ( -0.9000000000000001300, 1.700000000000000000, 1.140597764726383200 ) ) ;
#911 = VERTEX_POINT ( 'NONE', #392 ) ;
#912 = ORIENTED_EDGE ( 'NONE', *, *, #2097, .T. ) ;
#913 = CARTESIAN_POINT ( 'NONE',  ( 0.9000000000000001300, 0.1771672682059997100, -0.3013390105916604100 ) ) ;
#914 = DIRECTION ( 'NONE',  ( -0.0000000000000000000, -1.000000000000000000, 2.168404344971008900E-015 ) ) ;
#915 = EDGE_LOOP ( 'NONE', ( #584, #147, #996, #837 ) ) ;
#916 = VERTEX_POINT ( 'NONE', #2287 ) ;
#917 = EDGE_CURVE ( 'NONE', #1743, #875, #2795, .T. ) ;
#918 = DIRECTION ( 'NONE',  ( 2.449293598294705900E-016, -0.0000000000000000000, 1.000000000000000000 ) ) ;
#919 = ORIENTED_EDGE ( 'NONE', *, *, #1211, .T. ) ;
#920 = CARTESIAN_POINT ( 'NONE',  ( -1.085688777122870700, 1.762990807019932300, 1.082316848066113400 ) ) ;
#921 = VECTOR ( 'NONE', #2163, 1000.000000000000000 ) ;
#922 = CARTESIAN_POINT ( 'NONE',  ( -0.9000000000000001300, 0.05000000000000000300, 2.204364238465235600E-016 ) ) ;
#923 = ORIENTED_EDGE ( 'NONE', *, *, #3445, .F. ) ;
#924 = EDGE_LOOP ( 'NONE', ( #492, #1875, #2205, #2297 ) ) ;
#925 = CARTESIAN_POINT ( 'NONE',  ( 0.9000000000000001300, 0.9375464517754831300, -2.671744672970104100E-016 ) ) ;
#926 = CARTESIAN_POINT ( 'NONE',  ( 0.9000000000000001300, 0.2000000000000000100, 1.249999999999999600 ) ) ;
#927 = AXIS2_PLACEMENT_3D ( 'NONE', #3179, #2103, #2616 ) ;
#928 = CARTESIAN_POINT ( 'NONE',  ( -1.146579437399557500, 1.729906060138485900, 1.215000000000000100 ) ) ;
#929 = ORIENTED_EDGE ( 'NONE', *, *, #2223, .T. ) ;
#930 = DIRECTION ( 'NONE',  ( 0.0000000000000000000, -2.304084502391925000E-016, 1.000000000000000000 ) ) ;
#931 = VECTOR ( 'NONE', #1716, 1000.000000000000000 ) ;
#932 = CARTESIAN_POINT ( 'NONE',  ( 0.9000000000000001300, 0.2491064769153995000, -0.6618042484119135400 ) ) ;
#933 = DIRECTION ( 'NONE',  ( -0.0000000000000000000, -1.000000000000000000, 0.0000000000000000000 ) ) ;
#934 = ORIENTED_EDGE ( 'NONE', *, *, #979, .F. ) ;
#935 = VECTOR ( 'NONE', #3526, 1000.000000000000000 ) ;
#936 = DIRECTION ( 'NONE',  ( -1.000000000000000000, 0.0000000000000000000, 0.0000000000000000000 ) ) ;
#937 = EDGE_CURVE ( 'NONE', #2331, #600, #2705, .T. ) ;
#938 = VERTEX_POINT ( 'NONE', #701 ) ;
#939 = VECTOR ( 'NONE', #2873, 1000.000000000000000 ) ;
#940 = DIRECTION ( 'NONE',  ( 0.0000000000000000000, -0.0000000000000000000, 1.000000000000000000 ) ) ;
#941 = CARTESIAN_POINT ( 'NONE',  ( -1.600000000000000100, 0.2000000000000000100, 1.249999999999999600 ) ) ;
#942 = CARTESIAN_POINT ( 'NONE',  ( -1.600000000000000100, 0.1771672682059996200, 0.3013390105916600700 ) ) ;
#943 = ORIENTED_EDGE ( 'NONE', *, *, #2041, .F. ) ;
#944 = CIRCLE ( 'NONE', #1991, 0.04910647691539935700 ) ;
#945 = CARTESIAN_POINT ( 'NONE',  ( -0.9000000000000001300, 0.5267751238522144800, -0.1840341033824125500 ) ) ;
#946 = DIRECTION ( 'NONE',  ( -2.449293598294705900E-016, -0.0000000000000000000, -1.000000000000000000 ) ) ;
#947 = ORIENTED_EDGE ( 'NONE', *, *, #2900, .T. ) ;
#948 = LINE ( 'NONE', #2644, #2572 ) ;
#949 = LINE ( 'NONE', #2265, #220 ) ;
#950 = DIRECTION ( 'NONE',  ( 1.556946131228447100E-016, 0.0000000000000000000, 1.000000000000000000 ) ) ;
#951 = DIRECTION ( 'NONE',  ( -0.0000000000000000000, 1.000000000000000000, 0.0000000000000000000 ) ) ;
#952 = CIRCLE ( 'NONE', #625, 0.4207378808953729500 ) ;
#953 = VECTOR ( 'NONE', #2171, 1000.000000000000000 ) ;
#954 = DIRECTION ( 'NONE',  ( 0.0000000000000000000, -1.000000000000000000, 0.0000000000000000000 ) ) ;
#955 = ORIENTED_EDGE ( 'NONE', *, *, #38, .T. ) ;
#956 = LINE ( 'NONE', #379, #1164 ) ;
#957 = EDGE_CURVE ( 'NONE', #1267, #2545, #573, .T. ) ;
#958 = ORIENTED_EDGE ( 'NONE', *, *, #3046, .T. ) ;
#959 = ORIENTED_EDGE ( 'NONE', *, *, #1776, .F. ) ;
#960 = ORIENTED_EDGE ( 'NONE', *, *, #2612, .T. ) ;
#961 = DIRECTION ( 'NONE',  ( 1.000000000000000000, 0.0000000000000000000, 0.0000000000000000000 ) ) ;
#962 = ORIENTED_EDGE ( 'NONE', *, *, #2858, .T. ) ;
#963 = EDGE_CURVE ( 'NONE', #19, #2953, #87, .T. ) ;
#964 = DIRECTION ( 'NONE',  ( 2.449293598294705900E-016, 0.0000000000000000000, 1.000000000000000000 ) ) ;
#965 = ORIENTED_EDGE ( 'NONE', *, *, #2999, .T. ) ;
#966 = ORIENTED_EDGE ( 'NONE', *, *, #260, .T. ) ;
#967 = ORIENTED_EDGE ( 'NONE', *, *, #612, .F. ) ;
#968 = DIRECTION ( 'NONE',  ( -1.000000000000000000, -0.0000000000000000000, 0.0000000000000000000 ) ) ;
#969 = AXIS2_PLACEMENT_3D ( 'NONE', #2738, #3076, #2505 ) ;
#970 = CARTESIAN_POINT ( 'NONE',  ( -2.835176284095430300E-017, 0.2000000000000000900, 1.214999999999999900 ) ) ;
#971 = CARTESIAN_POINT ( 'NONE',  ( 0.9000000000000001300, 0.2491064769153993300, -0.6126977714965139400 ) ) ;
#972 = CARTESIAN_POINT ( 'NONE',  ( -0.9000000000000001300, 0.2491064769153990600, -0.3084354357119420400 ) ) ;
#973 = ORIENTED_EDGE ( 'NONE', *, *, #2547, .F. ) ;
#974 = DIRECTION ( 'NONE',  ( 0.0000000000000000000, 0.0000000000000000000, -1.000000000000000000 ) ) ;
#975 = CARTESIAN_POINT ( 'NONE',  ( -1.600000000000000100, 1.102182119232617800E-016, -0.4500000000000001200 ) ) ;
#976 = AXIS2_PLACEMENT_3D ( 'NONE', #1036, #2936, #1583 ) ;
#977 = CARTESIAN_POINT ( 'NONE',  ( -0.9000000000000000200, 0.0000000000000000000, 0.4500000000000000100 ) ) ;
#978 = LINE ( 'NONE', #1848, #1059 ) ;
#979 = EDGE_CURVE ( 'NONE', #1068, #2482, #2829, .T. ) ;
#980 = ORIENTED_EDGE ( 'NONE', *, *, #2682, .F. ) ;
#981 = CIRCLE ( 'NONE', #1139, 0.06674684346470624600 ) ;
#982 = DIRECTION ( 'NONE',  ( -1.000000000000000000, 0.0000000000000000000, 0.0000000000000000000 ) ) ;
#983 = CIRCLE ( 'NONE', #2678, 0.3042623357845721800 ) ;
#984 = DIRECTION ( 'NONE',  ( 1.000000000000000000, 0.0000000000000000000, -0.0000000000000000000 ) ) ;
#985 = CARTESIAN_POINT ( 'NONE',  ( 1.564999999999999700, 0.05000000000000000300, -1.215000000000000300 ) ) ;
#986 = EDGE_LOOP ( 'NONE', ( #342, #419, #2428, #3149 ) ) ;
#987 = FACE_OUTER_BOUND ( 'NONE', #1006, .T. ) ;
#988 = DIRECTION ( 'NONE',  ( 0.0000000000000000000, 0.0000000000000000000, 1.000000000000000000 ) ) ;
#989 = CARTESIAN_POINT ( 'NONE',  ( -1.116175491646427900, 1.748711205562461000, 1.069640914885038800 ) ) ;
#990 = VERTEX_POINT ( 'NONE', #2302 ) ;
#991 = LINE ( 'NONE', #3539, #222 ) ;
#992 = LINE ( 'NONE', #146, #3469 ) ;
#993 = EDGE_CURVE ( 'NONE', #1258, #2013, #900, .T. ) ;
#994 = ORIENTED_EDGE ( 'NONE', *, *, #1547, .T. ) ;
#995 = DIRECTION ( 'NONE',  ( 2.724492222300776200E-015, 0.0000000000000000000, -1.000000000000000000 ) ) ;
#996 = ORIENTED_EDGE ( 'NONE', *, *, #3122, .F. ) ;
#997 = CARTESIAN_POINT ( 'NONE',  ( -1.053606543901725900, 1.774118095489829700, 1.091695537491062600 ) ) ;
#998 = VERTEX_POINT ( 'NONE', #1495 ) ;
#999 = B_SPLINE_CURVE_WITH_KNOTS ( 'NONE', 3,
 ( #789, #1918, #2726, #3274 ),
 .UNSPECIFIED., .F., .F.,
 ( 4, 4 ),
 ( 1.969659791669109300E-007, 0.0001576703978029414100 ),
 .UNSPECIFIED. ) ;
#1000 = AXIS2_PLACEMENT_3D ( 'NONE', #1584, #1576, #210 ) ;
#1001 = ORIENTED_EDGE ( 'NONE', *, *, #1280, .T. ) ;
#1002 = EDGE_LOOP ( 'NONE', ( #568, #1206, #2409, #1955 ) ) ;
#1003 = ORIENTED_EDGE ( 'NONE', *, *, #1054, .T. ) ;
#1004 = STYLED_ITEM ( 'NONE', ( #3495 ), #3484 ) ;
#1005 = EDGE_LOOP ( 'NONE', ( #1590, #1133, #3254, #2533 ) ) ;
#1006 = EDGE_LOOP ( 'NONE', ( #2294, #316, #1958, #3389 ) ) ;
#1007 = DIRECTION ( 'NONE',  ( 0.0000000000000000000, -1.000000000000000000, 0.0000000000000000000 ) ) ;
#1008 = CLOSED_SHELL ( 'NONE', ( #779, #3250, #1926, #2423, #1908, #2271, #2647, #3481, #290, #628, #218, #535, #3023, #1708, #2125, #2460, #2432, #3324, #2158, #497 ) ) ;
#1009 = CARTESIAN_POINT ( 'NONE',  ( -1.564999999999999900, 0.5267751238522144800, -0.1840341033824123800 ) ) ;
#1010 = ADVANCED_FACE ( 'NONE', ( #179 ), #2828, .T. ) ;
#1011 = DIRECTION ( 'NONE',  ( -1.000000000000000000, 0.0000000000000000000, 0.0000000000000000000 ) ) ;
#1012 = VERTEX_POINT ( 'NONE', #1509 ) ;
#1013 = CYLINDRICAL_SURFACE ( 'NONE', #323, 0.3042623357845721800 ) ;
#1014 = CARTESIAN_POINT ( 'NONE',  ( -1.117333310915041200, 2.533234285148065800, -1.092760902614055700 ) ) ;
#1015 = B_SPLINE_CURVE_WITH_KNOTS ( 'NONE', 3,
 ( #18, #567, #3522, #1634 ),
 .UNSPECIFIED., .F., .F.,
 ( 4, 4 ),
 ( 1.167721476617542300E-018, 0.0001103111848188606400 ),
 .UNSPECIFIED. ) ;
#1016 = CIRCLE ( 'NONE', #582, 0.04910647691539935700 ) ;
#1017 = CARTESIAN_POINT ( 'NONE',  ( -0.9000000000000001300, 0.2491064769153993300, 0.6618042484119133200 ) ) ;
#1018 = EDGE_CURVE ( 'NONE', #2681, #1710, #3378, .T. ) ;
#1019 = AXIS2_PLACEMENT_3D ( 'NONE', #972, #2629, #143 ) ;
#1020 = DIRECTION ( 'NONE',  ( 0.2588190451025146900, -0.9659258262890698700, 9.036618661126295700E-016 ) ) ;
#1021 = CYLINDRICAL_SURFACE ( 'NONE', #2814, 0.4501129136690195700 ) ;
#1022 = EDGE_CURVE ( 'NONE', #1085, #2385, #650, .T. ) ;
#1023 = ADVANCED_FACE ( 'NONE', ( #2121 ), #2569, .T. ) ;
#1024 = CARTESIAN_POINT ( 'NONE',  ( -0.9000000000000002400, 0.2352080016535702800, -0.3013390105916598500 ) ) ;
#1025 = CIRCLE ( 'NONE', #383, 0.2000000000000000900 ) ;
#1026 = LINE ( 'NONE', #2933, #306 ) ;
#1027 = DIRECTION ( 'NONE',  ( 0.0000000000000000000, 1.000000000000000000, 0.0000000000000000000 ) ) ;
#1028 = EDGE_CURVE ( 'NONE', #3142, #3320, #3082, .T. ) ;
#1029 = EDGE_CURVE ( 'NONE', #755, #1743, #2001, .T. ) ;
#1030 = EDGE_LOOP ( 'NONE', ( #2969, #2596, #2847, #70 ) ) ;
#1031 = VECTOR ( 'NONE', #2844, 1000.000000000000000 ) ;
#1032 = DIRECTION ( 'NONE',  ( 0.0000000000000000000, 1.614882900561510400E-016, -1.000000000000000000 ) ) ;
#1033 = VECTOR ( 'NONE', #1236, 1000.000000000000000 ) ;
#1034 = DIRECTION ( 'NONE',  ( -1.000000000000000000, -0.0000000000000000000, 0.0000000000000000000 ) ) ;
#1035 = LINE ( 'NONE', #2532, #3050 ) ;
#1036 = CARTESIAN_POINT ( 'NONE',  ( 0.9000000000000001300, 0.2352080016535703400, -0.2345921671269540800 ) ) ;
#1037 = ORIENTED_EDGE ( 'NONE', *, *, #1209, .F. ) ;
#1038 = VECTOR ( 'NONE', #3013, 1000.000000000000000 ) ;
#1039 = ORIENTED_EDGE ( 'NONE', *, *, #3162, .F. ) ;
#1040 = AXIS2_PLACEMENT_3D ( 'NONE', #1488, #3114, #3390 ) ;
#1041 = CIRCLE ( 'NONE', #3288, 0.04910647691539935700 ) ;
#1042 = ORIENTED_EDGE ( 'NONE', *, *, #3236, .T. ) ;
#1043 = ADVANCED_FACE ( 'NONE', ( #2748 ), #1115, .T. ) ;
#1044 = CARTESIAN_POINT ( 'NONE',  ( 0.9000000000000001300, 0.1771672682059996200, 0.3013390105916600700 ) ) ;
#1045 = VERTEX_POINT ( 'NONE', #728 ) ;
#1046 = PRESENTATION_STYLE_ASSIGNMENT (( #3269 ) ) ;
#1047 = CARTESIAN_POINT ( 'NONE',  ( 0.9000000000000001300, 0.2352080016535702800, 0.2345921671269538300 ) ) ;
#1048 = VERTEX_POINT ( 'NONE', #1009 ) ;
#1049 = CARTESIAN_POINT ( 'NONE',  ( 0.9000000000000001300, 0.0000000000000000000, 1.250000000000000000 ) ) ;
#1050 = ORIENTED_EDGE ( 'NONE', *, *, #3334, .T. ) ;
#1051 = ORIENTED_EDGE ( 'NONE', *, *, #2011, .F. ) ;
#1052 = PRODUCT_DEFINITION_SHAPE ( 'NONE', 'NONE',  #1871 ) ;
#1053 = CARTESIAN_POINT ( 'NONE',  ( 1.146579437399557700, 1.729906060138485700, 1.193596045024971000 ) ) ;
#1054 = EDGE_CURVE ( 'NONE', #280, #3420, #619, .T. ) ;
#1055 = CARTESIAN_POINT ( 'NONE',  ( -0.9000000000000000200, 0.2352080016535702800, 0.2345921671269540200 ) ) ;
#1056 = DIRECTION ( 'NONE',  ( -1.000000000000000000, 0.0000000000000000000, 0.0000000000000000000 ) ) ;
#1057 = ORIENTED_EDGE ( 'NONE', *, *, #778, .T. ) ;
#1058 = ADVANCED_FACE ( 'NONE', ( #1197 ), #1572, .T. ) ;
#1059 = VECTOR ( 'NONE', #1570, 1000.000000000000000 ) ;
#1060 = EDGE_CURVE ( 'NONE', #2925, #2076, #2651, .T. ) ;
#1061 = DIRECTION ( 'NONE',  ( 0.0000000000000000000, -1.000000000000000000, -0.0000000000000000000 ) ) ;
#1062 = AXIS2_PLACEMENT_3D ( 'NONE', #2976, #2200, #2458 ) ;
#1063 = VECTOR ( 'NONE', #936, 1000.000000000000000 ) ;
#1064 = DIRECTION ( 'NONE',  ( 1.000785682103035400E-016, -0.7660444431189796800, 0.6427876096865372500 ) ) ;
#1065 = CARTESIAN_POINT ( 'NONE',  ( -0.9000000000000003600, 2.700000000000000200, -0.6999999999999995100 ) ) ;
#1066 =( GEOMETRIC_REPRESENTATION_CONTEXT ( 3 ) GLOBAL_UNCERTAINTY_ASSIGNED_CONTEXT ( ( #1437 ) ) GLOBAL_UNIT_ASSIGNED_CONTEXT ( ( #2346, #1272, #3185 ) ) REPRESENTATION_CONTEXT ( 'NONE', 'WORKASPACE' ) );
#1067 = CARTESIAN_POINT ( 'NONE',  ( 1.146579437399554600, 1.729906060138488100, -1.071647758104568900 ) ) ;
#1068 = VERTEX_POINT ( 'NONE', #3448 ) ;
#1069 = ORIENTED_EDGE ( 'NONE', *, *, #1531, .T. ) ;
#1070 = VECTOR ( 'NONE', #3310, 1000.000000000000100 ) ;
#1071 = EDGE_CURVE ( 'NONE', #1258, #887, #1645, .T. ) ;
#1072 = DIRECTION ( 'NONE',  ( 1.000000000000000000, 0.0000000000000000000, 0.0000000000000000000 ) ) ;
#1073 = ORIENTED_EDGE ( 'NONE', *, *, #3167, .T. ) ;
#1074 = FACE_OUTER_BOUND ( 'NONE', #406, .T. ) ;
#1075 = DIRECTION ( 'NONE',  ( -0.0000000000000000000, -0.0000000000000000000, 1.000000000000000000 ) ) ;
#1076 = LINE ( 'NONE', #1598, #2959 ) ;
#1077 = EDGE_CURVE ( 'NONE', #680, #1241, #1159, .T. ) ;
#1078 = DIRECTION ( 'NONE',  ( -1.000000000000000000, -0.0000000000000000000, 1.556946131228447100E-016 ) ) ;
#1079 = ADVANCED_FACE ( 'NONE', ( #48 ), #473, .T. ) ;
#1080 = VERTEX_POINT ( 'NONE', #3189 ) ;
#1081 = ORIENTED_EDGE ( 'NONE', *, *, #181, .F. ) ;
#1082 = DIRECTION ( 'NONE',  ( 0.0000000000000000000, 0.0000000000000000000, -1.000000000000000000 ) ) ;
#1083 = CARTESIAN_POINT ( 'NONE',  ( 0.9000000000000001300, 0.2352080016535703100, -0.1678453236622475800 ) ) ;
#1084 = ORIENTED_EDGE ( 'NONE', *, *, #1537, .F. ) ;
#1085 = VERTEX_POINT ( 'NONE', #1252 ) ;
#1086 = AXIS2_PLACEMENT_3D ( 'NONE', #2089, #3151, #3407 ) ;
#1087 = ORIENTED_EDGE ( 'NONE', *, *, #963, .T. ) ;
#1088 = ORIENTED_EDGE ( 'NONE', *, *, #3017, .T. ) ;
#1089 = CARTESIAN_POINT ( 'NONE',  ( -1.116175491646428400, 1.748711205562461000, -1.069640914885038300 ) ) ;
#1090 = EDGE_CURVE ( 'NONE', #2098, #329, #2661, .T. ) ;
#1091 = AXIS2_PLACEMENT_3D ( 'NONE', #3174, #2067, #1536 ) ;
#1092 = ORIENTED_EDGE ( 'NONE', *, *, #2541, .T. ) ;
#1093 = EDGE_CURVE ( 'NONE', #1241, #3456, #2361, .T. ) ;
#1094 = DIRECTION ( 'NONE',  ( -1.000000000000000000, -0.0000000000000000000, -3.097720492815727200E-016 ) ) ;
#1095 = DIRECTION ( 'NONE',  ( 0.0000000000000000000, 0.0000000000000000000, -1.000000000000000000 ) ) ;
#1096 = CARTESIAN_POINT ( 'NONE',  ( -1.600000000000000100, 0.1999999999999999800, 0.6618042484119133200 ) ) ;
#1097 = EDGE_CURVE ( 'NONE', #1569, #2172, #2872, .T. ) ;
#1098 = CARTESIAN_POINT ( 'NONE',  ( 1.117333310915041000, 2.533234285148065800, -0.6999999999999989600 ) ) ;
#1099 = EDGE_LOOP ( 'NONE', ( #3358, #336, #1829, #2852, #15 ) ) ;
#1100 = CARTESIAN_POINT ( 'NONE',  ( -1.564999999999999900, 0.2491064769153990300, 0.3084354357119422100 ) ) ;
#1101 = PLANE ( 'NONE',  #1562 ) ;
#1102 = LINE ( 'NONE', #1443, #2229 ) ;
#1103 = CARTESIAN_POINT ( 'NONE',  ( 0.9000000000000002400, 1.700000000000000000, 0.6999999999999996200 ) ) ;
#1104 = ORIENTED_EDGE ( 'NONE', *, *, #45, .F. ) ;
#1105 = LINE ( 'NONE', #3196, #3247 ) ;
#1106 = EDGE_CURVE ( 'NONE', #184, #2303, #2695, .T. ) ;
#1107 = DIRECTION ( 'NONE',  ( 1.574375577468392100E-016, 0.7660444431189796800, 0.6427876096865373600 ) ) ;
#1108 = LINE ( 'NONE', #1767, #3077 ) ;
#1109 = CARTESIAN_POINT ( 'NONE',  ( 0.9000000000000003600, 1.800000000000000000, -1.193596045024971000 ) ) ;
#1110 = AXIS2_PLACEMENT_3D ( 'NONE', #1754, #2051, #389 ) ;
#1111 = EDGE_LOOP ( 'NONE', ( #2964, #881, #1418, #525 ) ) ;
#1112 = FACE_OUTER_BOUND ( 'NONE', #915, .T. ) ;
#1113 = PLANE ( 'NONE',  #3375 ) ;
#1114 = CARTESIAN_POINT ( 'NONE',  ( -1.146579437399554800, 1.729906060138488100, -1.071647758104568700 ) ) ;
#1115 = CONICAL_SURFACE ( 'NONE', #2080, 0.2173333109150407900, 0.2617993877991433000 ) ;
#1116 = CARTESIAN_POINT ( 'NONE',  ( 1.251784245380883600, 1.700000000000000000, -1.214999999999999900 ) ) ;
#1117 = EDGE_LOOP ( 'NONE', ( #2685, #842, #730, #461 ) ) ;
#1118 = CARTESIAN_POINT ( 'NONE',  ( 0.9000000000000001300, 0.2352080016535703100, 0.1678453236622475800 ) ) ;
#1119 = FACE_OUTER_BOUND ( 'NONE', #1444, .T. ) ;
#1120 = CYLINDRICAL_SURFACE ( 'NONE', #1794, 0.06674684346470624600 ) ;
#1121 = ORIENTED_EDGE ( 'NONE', *, *, #415, .T. ) ;
#1122 = VECTOR ( 'NONE', #2763, 1000.000000000000000 ) ;
#1123 = ORIENTED_EDGE ( 'NONE', *, *, #3106, .T. ) ;
#1124 = EDGE_LOOP ( 'NONE', ( #1755, #2292, #1571, #401, #711, #2399, #1269, #1880 ) ) ;
#1125 = CARTESIAN_POINT ( 'NONE',  ( 0.9000000000000001300, 0.2491064769153993300, -0.6618042484119133200 ) ) ;
#1126 = ORIENTED_EDGE ( 'NONE', *, *, #55, .T. ) ;
#1127 = VERTEX_POINT ( 'NONE', #1525 ) ;
#1128 = CARTESIAN_POINT ( 'NONE',  ( 1.992760902614056000, 2.475000000000000100, 0.6999999999999999600 ) ) ;
#1129 = CARTESIAN_POINT ( 'NONE',  ( 1.564999999999999900, 0.2352080016535703100, -0.1678453236622475800 ) ) ;
#1130 = EDGE_CURVE ( 'NONE', #2580, #281, #529, .T. ) ;
#1131 = ORIENTED_EDGE ( 'NONE', *, *, #1901, .T. ) ;
#1132 = VECTOR ( 'NONE', #1568, 1000.000000000000000 ) ;
#1133 = ORIENTED_EDGE ( 'NONE', *, *, #2819, .F. ) ;
#1134 = AXIS2_PLACEMENT_3D ( 'NONE', #695, #682, #1190 ) ;
#1135 = ORIENTED_EDGE ( 'NONE', *, *, #301, .F. ) ;
#1136 = DIRECTION ( 'NONE',  ( 0.0000000000000000000, 0.0000000000000000000, -1.000000000000000000 ) ) ;
#1137 = DIRECTION ( 'NONE',  ( 2.576906481960245800E-016, 0.0000000000000000000, 1.000000000000000000 ) ) ;
#1138 = EDGE_CURVE ( 'NONE', #1127, #2634, #3431, .T. ) ;
#1139 = AXIS2_PLACEMENT_3D ( 'NONE', #656, #2520, #2558 ) ;
#1140 = EDGE_LOOP ( 'NONE', ( #1416, #3415, #268, #180 ) ) ;
#1141 = CARTESIAN_POINT ( 'NONE',  ( -0.9000000000000001300, 1.800000000000000000, 1.113802845483271600 ) ) ;
#1142 = CARTESIAN_POINT ( 'NONE',  ( -0.9000000000000000200, 0.2491064769153990300, 0.3084354357119420400 ) ) ;
#1143 = VERTEX_POINT ( 'NONE', #1593 ) ;
#1144 = CARTESIAN_POINT ( 'NONE',  ( 0.9000000000000003600, 2.533234285148065800, 0.9173333109150406700 ) ) ;
#1145 = EDGE_CURVE ( 'NONE', #938, #2412, #442, .T. ) ;
#1146 = EDGE_CURVE ( 'NONE', #23, #2412, #2998, .T. ) ;
#1147 = ORIENTED_EDGE ( 'NONE', *, *, #3113, .F. ) ;
#1148 = CARTESIAN_POINT ( 'NONE',  ( -0.9000000000000001300, 0.1999999999999999800, 0.6618042484119133200 ) ) ;
#1149 = VECTOR ( 'NONE', #523, 1000.000000000000000 ) ;
#1150 = DIRECTION ( 'NONE',  ( -1.000000000000000000, -0.0000000000000000000, 0.0000000000000000000 ) ) ;
#1151 = FACE_OUTER_BOUND ( 'NONE', #2771, .T. ) ;
#1152 = DIRECTION ( 'NONE',  ( 0.0000000000000000000, 0.7660444431189796800, -0.6427876096865373600 ) ) ;
#1153 = CARTESIAN_POINT ( 'NONE',  ( -1.117333310915040700, 2.533234285148065800, 0.6999999999999992900 ) ) ;
#1154 = AXIS2_PLACEMENT_3D ( 'NONE', #3278, #2219, #1638 ) ;
#1155 = FACE_OUTER_BOUND ( 'NONE', #1522, .T. ) ;
#1156 = ORIENTED_EDGE ( 'NONE', *, *, #2414, .T. ) ;
#1157 = LINE ( 'NONE', #926, #3125 ) ;
#1158 = AXIS2_PLACEMENT_3D ( 'NONE', #3204, #2348, #3158 ) ;
#1159 = CIRCLE ( 'NONE', #3266, 0.3042623357845721800 ) ;
#1160 = ORIENTED_EDGE ( 'NONE', *, *, #937, .T. ) ;
#1161 = EDGE_CURVE ( 'NONE', #1012, #845, #1909, .T. ) ;
#1162 = DIRECTION ( 'NONE',  ( 0.0000000000000000000, 1.614882900561510400E-016, -1.000000000000000000 ) ) ;
#1163 = LINE ( 'NONE', #1812, #2245 ) ;
#1164 = VECTOR ( 'NONE', #3510, 1000.000000000000000 ) ;
#1165 = DIRECTION ( 'NONE',  ( -0.0000000000000000000, -0.0000000000000000000, 1.000000000000000000 ) ) ;
#1166 = ORIENTED_EDGE ( 'NONE', *, *, #2105, .F. ) ;
#1167 = CYLINDRICAL_SURFACE ( 'NONE', #172, 0.2000000000000000900 ) ;
#1168 = ADVANCED_FACE ( 'NONE', ( #3299 ), #1771, .T. ) ;
#1169 = ORIENTED_EDGE ( 'NONE', *, *, #231, .T. ) ;
#1170 = ORIENTED_EDGE ( 'NONE', *, *, #345, .F. ) ;
#1171 = ORIENTED_EDGE ( 'NONE', *, *, #1221, .F. ) ;
#1172 = CARTESIAN_POINT ( 'NONE',  ( 1.600000000000000100, 1.102182119232617800E-016, -0.4500000000000001200 ) ) ;
#1173 = VERTEX_POINT ( 'NONE', #540 ) ;
#1174 = DIRECTION ( 'NONE',  ( 0.0000000000000000000, -0.6427876096865373600, -0.7660444431189796800 ) ) ;
#1175 = DIRECTION ( 'NONE',  ( 0.0000000000000000000, -1.377727649040772400E-016, -1.000000000000000000 ) ) ;
#1176 = EDGE_CURVE ( 'NONE', #600, #2003, #3343, .T. ) ;
#1177 = EDGE_LOOP ( 'NONE', ( #3006, #1237, #2012, #3096, #1773 ) ) ;
#1178 = AXIS2_PLACEMENT_3D ( 'NONE', #668, #2659, #3168 ) ;
#1179 = CARTESIAN_POINT ( 'NONE',  ( 0.9000000000000003600, 1.800000000000000000, 1.214999999999999900 ) ) ;
#1180 = SURFACE_SIDE_STYLE ('',( #3031 ) ) ;
#1181 = DIRECTION ( 'NONE',  ( -1.000000000000000000, 0.0000000000000000000, 0.0000000000000000000 ) ) ;
#1182 = AXIS2_PLACEMENT_3D ( 'NONE', #3513, #2187, #1912 ) ;
#1183 = CARTESIAN_POINT ( 'NONE',  ( -0.9000000000000003600, 1.800000000000000000, -0.6999999999999994000 ) ) ;
#1184 = ORIENTED_EDGE ( 'NONE', *, *, #1705, .F. ) ;
#1185 = CARTESIAN_POINT ( 'NONE',  ( -0.9000000000000002400, 0.2352080016535702800, -0.3013390105916598500 ) ) ;
#1186 = DIRECTION ( 'NONE',  ( -1.000000000000000000, 0.0000000000000000000, 2.449293598294705900E-016 ) ) ;
#1187 = CARTESIAN_POINT ( 'NONE',  ( -1.251784245380883400, 1.700000000000000000, 1.079313397063758500 ) ) ;
#1188 = CIRCLE ( 'NONE', #1182, 0.06674684346470624600 ) ;
#1189 =( NAMED_UNIT ( * ) PLANE_ANGLE_UNIT ( ) SI_UNIT ( $, .RADIAN. ) );
#1190 = DIRECTION ( 'NONE',  ( 1.000000000000000000, 0.0000000000000000000, -2.449293598294705900E-016 ) ) ;
#1191 = VECTOR ( 'NONE', #1277, 1000.000000000000000 ) ;
#1192 = DIRECTION ( 'NONE',  ( -1.000000000000000000, -0.0000000000000000000, -0.0000000000000000000 ) ) ;
#1193 = CARTESIAN_POINT ( 'NONE',  ( 1.600000000000000100, 0.5267751238522143700, -0.1840341033824128800 ) ) ;
#1194 = ORIENTED_EDGE ( 'NONE', *, *, #2531, .T. ) ;
#1195 = LINE ( 'NONE', #3535, #2037 ) ;
#1196 = DIRECTION ( 'NONE',  ( -1.000000000000000000, 0.0000000000000000000, 4.625822922308216200E-016 ) ) ;
#1197 = FACE_OUTER_BOUND ( 'NONE', #2989, .T. ) ;
#1198 = ORIENTED_EDGE ( 'NONE', *, *, #439, .F. ) ;
#1199 = FACE_OUTER_BOUND ( 'NONE', #788, .T. ) ;
#1200 = CARTESIAN_POINT ( 'NONE',  ( -0.9000000000000002400, 0.1771672682059996200, -0.3013390105916598500 ) ) ;
#1201 = LINE ( 'NONE', #273, #1515 ) ;
#1202 = DIRECTION ( 'NONE',  ( 0.0000000000000000000, 1.000000000000000000, 0.0000000000000000000 ) ) ;
#1203 = EDGE_CURVE ( 'NONE', #3217, #2113, #1026, .T. ) ;
#1204 = EDGE_CURVE ( 'NONE', #249, #2, #3211, .T. ) ;
#1205 = AXIS2_PLACEMENT_3D ( 'NONE', #1128, #3321, #334 ) ;
#1206 = ORIENTED_EDGE ( 'NONE', *, *, #1467, .F. ) ;
#1207 = LINE ( 'NONE', #1233, #317 ) ;
#1208 = DIRECTION ( 'NONE',  ( -1.000000000000000000, 0.0000000000000000000, 0.0000000000000000000 ) ) ;
#1209 = EDGE_CURVE ( 'NONE', #2331, #2580, #1573, .T. ) ;
#1210 = CARTESIAN_POINT ( 'NONE',  ( 3.259409350337610800E-016, 1.700000000000000000, 1.214999999999999900 ) ) ;
#1211 = EDGE_CURVE ( 'NONE', #3014, #990, #3147, .T. ) ;
#1212 = VERTEX_POINT ( 'NONE', #2956 ) ;
#1213 = CARTESIAN_POINT ( 'NONE',  ( -0.9000000000000001300, 0.2352080016535703400, -0.2345921671269540800 ) ) ;
#1214 = CLOSED_SHELL ( 'NONE', ( #2177, #1301, #2773, #1872, #850, #2963, #513, #2242, #2789, #2407, #2805, #2442, #1043, #3497, #3516, #188, #1431, #2390, #2666, #2510, #1686, #2524, #314, #333, #3338, #1852, #1023, #1651, #797, #2499, #3532, #2683, #2694, #3055, #835, #1630, #247, #522, #2941, #2997, #1561, #3068, #2142, #463, #2379, #1315, #3357, #1961, #1614, #2707, #1355, #3270, #474, #811, #2193, #3198, #592, #751, #3238, #1345, #36, #1168, #1335, #252, #2474, #57, #3214, #2005, #3461, #2981, #885, #767 ) ) ;
#1215 = ORIENTED_EDGE ( 'NONE', *, *, #1978, .F. ) ;
#1216 = DIRECTION ( 'NONE',  ( -2.495812762120655400E-015, -3.252606517456499900E-015, 1.000000000000000000 ) ) ;
#1217 = CARTESIAN_POINT ( 'NONE',  ( 0.9000000000000001300, 0.2352080016535702800, -0.2345921671269538300 ) ) ;
#1218 = EDGE_LOOP ( 'NONE', ( #2021, #1084, #2052, #2767 ) ) ;
#1219 = ORIENTED_EDGE ( 'NONE', *, *, #2725, .T. ) ;
#1220 = EDGE_CURVE ( 'NONE', #2500, #452, #2301, .T. ) ;
#1221 = EDGE_CURVE ( 'NONE', #103, #308, #2179, .T. ) ;
#1222 = CARTESIAN_POINT ( 'NONE',  ( -0.9000000000000002400, 0.1771672682059996200, -0.3013390105916598500 ) ) ;
#1223 = DIRECTION ( 'NONE',  ( -1.000000000000000000, -0.0000000000000000000, 0.0000000000000000000 ) ) ;
#1224 = ORIENTED_EDGE ( 'NONE', *, *, #241, .F. ) ;
#1225 = DIRECTION ( 'NONE',  ( 1.000000000000000000, 0.0000000000000000000, 0.0000000000000000000 ) ) ;
#1226 = VECTOR ( 'NONE', #2429, 1000.000000000000000 ) ;
#1227 = CARTESIAN_POINT ( 'NONE',  ( 1.117333310915041000, 2.533234285148065800, -1.092760902614055900 ) ) ;
#1228 = ORIENTED_EDGE ( 'NONE', *, *, #368, .T. ) ;
#1229 = ORIENTED_EDGE ( 'NONE', *, *, #1586, .F. ) ;
#1230 = ORIENTED_EDGE ( 'NONE', *, *, #801, .T. ) ;
#1231 = EDGE_CURVE ( 'NONE', #1045, #1085, #1796, .T. ) ;
#1232 = ORIENTED_EDGE ( 'NONE', *, *, #2966, .F. ) ;
#1233 = CARTESIAN_POINT ( 'NONE',  ( -1.564999999999999500, 0.2000000000000000900, 1.215000000000000700 ) ) ;
#1234 = DIRECTION ( 'NONE',  ( 1.000000000000000000, 0.0000000000000000000, 0.0000000000000000000 ) ) ;
#1235 = AXIS2_PLACEMENT_3D ( 'NONE', #591, #3551, #2252 ) ;
#1236 = DIRECTION ( 'NONE',  ( -2.449293598294705900E-016, 1.614882900561510400E-016, -1.000000000000000000 ) ) ;
#1237 = ORIENTED_EDGE ( 'NONE', *, *, #2360, .T. ) ;
#1238 = FACE_OUTER_BOUND ( 'NONE', #297, .T. ) ;
#1239 = PLANE ( 'NONE',  #1964 ) ;
#1240 = PLANE ( 'NONE',  #1602 ) ;
#1241 = VERTEX_POINT ( 'NONE', #526 ) ;
#1242 = VECTOR ( 'NONE', #1682, 1000.000000000000000 ) ;
#1243 = CARTESIAN_POINT ( 'NONE',  ( 1.053606543901726100, 1.774118095489829700, 1.091695537491062400 ) ) ;
#1244 = DIRECTION ( 'NONE',  ( -1.000000000000000000, 0.0000000000000000000, 0.0000000000000000000 ) ) ;
#1245 = CYLINDRICAL_SURFACE ( 'NONE', #2797, 0.2249999999999999500 ) ;
#1246 = DIRECTION ( 'NONE',  ( 0.0000000000000000000, 0.0000000000000000000, 1.000000000000000000 ) ) ;
#1247 = ORIENTED_EDGE ( 'NONE', *, *, #1683, .F. ) ;
#1248 = LINE ( 'NONE', #1325, #1513 ) ;
#1249 = VECTOR ( 'NONE', #745, 1000.000000000000000 ) ;
#1250 = CARTESIAN_POINT ( 'NONE',  ( 0.9000000000000002400, 1.331239223509012500, -1.214999999999999900 ) ) ;
#1251 = ORIENTED_EDGE ( 'NONE', *, *, #743, .F. ) ;
#1252 = CARTESIAN_POINT ( 'NONE',  ( 1.146579437399557700, 1.729906060138485900, 1.214999999999999900 ) ) ;
#1253 = LINE ( 'NONE', #683, #531 ) ;
#1254 = EDGE_CURVE ( 'NONE', #1354, #2262, #2972, .T. ) ;
#1255 = DIRECTION ( 'NONE',  ( 2.449293598294705900E-016, 0.0000000000000000000, 1.000000000000000000 ) ) ;
#1256 = AXIS2_PLACEMENT_3D ( 'NONE', #1779, #3397, #3089 ) ;
#1257 = FACE_OUTER_BOUND ( 'NONE', #145, .T. ) ;
#1258 = VERTEX_POINT ( 'NONE', #795 ) ;
#1259 = PLANE ( 'NONE',  #2764 ) ;
#1260 = ORIENTED_EDGE ( 'NONE', *, *, #1204, .F. ) ;
#1261 = DIRECTION ( 'NONE',  ( 0.0000000000000000000, 0.0000000000000000000, 1.000000000000000000 ) ) ;
#1262 = PRODUCT_DEFINITION_FORMATION_WITH_SPECIFIED_SOURCE ( 'ANY', '', #3222, .NOT_KNOWN. ) ;
#1263 = ORIENTED_EDGE ( 'NONE', *, *, #1467, .T. ) ;
#1264 = EDGE_CURVE ( 'NONE', #1917, #1430, #2929, .T. ) ;
#1265 = ORIENTED_EDGE ( 'NONE', *, *, #2146, .T. ) ;
#1266 = DIRECTION ( 'NONE',  ( 8.923474670662587900E-017, -1.614882900561510400E-016, 1.000000000000000000 ) ) ;
#1267 = VERTEX_POINT ( 'NONE', #602 ) ;
#1268 = DIRECTION ( 'NONE',  ( 0.0000000000000000000, -1.000000000000000000, 0.0000000000000000000 ) ) ;
#1269 = ORIENTED_EDGE ( 'NONE', *, *, #2547, .T. ) ;
#1270 = DIRECTION ( 'NONE',  ( -1.000000000000000000, 0.0000000000000000000, 0.0000000000000000000 ) ) ;
#1271 = ORIENTED_EDGE ( 'NONE', *, *, #2020, .T. ) ;
#1272 =( NAMED_UNIT ( * ) PLANE_ANGLE_UNIT ( ) SI_UNIT ( $, .RADIAN. ) );
#1273 = DIRECTION ( 'NONE',  ( -2.449293598294705900E-016, 1.614882900561510400E-016, -1.000000000000000000 ) ) ;
#1274 = DIRECTION ( 'NONE',  ( -1.000000000000000000, 0.0000000000000000000, -0.0000000000000000000 ) ) ;
#1275 = CARTESIAN_POINT ( 'NONE',  ( -1.564999999999999900, 0.1771672682059996200, -0.3013390105916596800 ) ) ;
#1276 = ORIENTED_EDGE ( 'NONE', *, *, #3423, .F. ) ;
#1277 = DIRECTION ( 'NONE',  ( 1.556946131228447100E-016, -1.614882900561510400E-016, 1.000000000000000000 ) ) ;
#1278 = AXIS2_PLACEMENT_3D ( 'NONE', #2396, #1056, #2446 ) ;
#1279 = DIRECTION ( 'NONE',  ( 1.000000000000000000, 0.0000000000000000000, 0.0000000000000000000 ) ) ;
#1280 = EDGE_CURVE ( 'NONE', #2633, #2946, #105, .T. ) ;
#1281 = ADVANCED_FACE ( 'NONE', ( #236 ), #1383, .T. ) ;
#1282 = ORIENTED_EDGE ( 'NONE', *, *, #1738, .F. ) ;
#1283 = CIRCLE ( 'NONE', #3382, 0.06674684346470624600 ) ;
#1284 = DIRECTION ( 'NONE',  ( 1.000000000000000000, 0.0000000000000000000, 0.0000000000000000000 ) ) ;
#1285 = DIRECTION ( 'NONE',  ( -1.000000000000000000, 0.0000000000000000000, 0.0000000000000000000 ) ) ;
#1286 = FACE_OUTER_BOUND ( 'NONE', #1463, .T. ) ;
#1287 = EDGE_CURVE ( 'NONE', #318, #2060, #2415, .T. ) ;
#1288 = DIRECTION ( 'NONE',  ( 0.0000000000000000000, 0.0000000000000000000, 1.000000000000000000 ) ) ;
#1289 = CARTESIAN_POINT ( 'NONE',  ( -1.600000000000000100, 0.1771672682059996200, 0.3013390105916600700 ) ) ;
#1290 = LINE ( 'NONE', #2604, #173 ) ;
#1291 = DIRECTION ( 'NONE',  ( -1.000000000000000000, 0.0000000000000000000, 0.0000000000000000000 ) ) ;
#1292 = VECTOR ( 'NONE', #1806, 1000.000000000000000 ) ;
#1293 = DIRECTION ( 'NONE',  ( -0.0000000000000000000, 1.000000000000000000, 0.0000000000000000000 ) ) ;
#1294 = ORIENTED_EDGE ( 'NONE', *, *, #3365, .T. ) ;
#1295 = LINE ( 'NONE', #1904, #2957 ) ;
#1296 = LINE ( 'NONE', #1314, #2328 ) ;
#1297 = DIRECTION ( 'NONE',  ( 1.000000000000000000, 0.0000000000000000000, 0.0000000000000000000 ) ) ;
#1298 = EDGE_CURVE ( 'NONE', #1917, #3432, #501, .T. ) ;
#1299 = ORIENTED_EDGE ( 'NONE', *, *, #489, .F. ) ;
#1300 = LINE ( 'NONE', #29, #580 ) ;
#1301 = ADVANCED_FACE ( 'NONE', ( #2101 ), #3306, .F. ) ;
#1302 = AXIS2_PLACEMENT_3D ( 'NONE', #2809, #299, #2257 ) ;
#1303 = ORIENTED_EDGE ( 'NONE', *, *, #2222, .T. ) ;
#1304 = ORIENTED_EDGE ( 'NONE', *, *, #161, .F. ) ;
#1305 = ORIENTED_EDGE ( 'NONE', *, *, #2617, .F. ) ;
#1306 = ORIENTED_EDGE ( 'NONE', *, *, #2414, .F. ) ;
#1307 = EDGE_LOOP ( 'NONE', ( #2035, #1799, #676, #692 ) ) ;
#1308 = VECTOR ( 'NONE', #1491, 1000.000000000000000 ) ;
#1309 = ORIENTED_EDGE ( 'NONE', *, *, #685, .F. ) ;
#1310 = DIRECTION ( 'NONE',  ( 0.0000000000000000000, 0.7660444431189797900, -0.6427876096865372500 ) ) ;
#1311 = DIRECTION ( 'NONE',  ( 5.735898953653564500E-017, -0.7660444431189796800, -0.6427876096865372500 ) ) ;
#1312 = ORIENTED_EDGE ( 'NONE', *, *, #2859, .T. ) ;
#1313 = DIRECTION ( 'NONE',  ( 0.0000000000000000000, 0.0000000000000000000, -1.000000000000000000 ) ) ;
#1314 = CARTESIAN_POINT ( 'NONE',  ( 0.9000000000000003600, 1.800000000000000000, 1.193596045024971000 ) ) ;
#1315 = ADVANCED_FACE ( 'NONE', ( #2887 ), #1691, .F. ) ;
#1316 = MANIFOLD_SOLID_BREP ( 'Mirror2', #1214 ) ;
#1317 = FACE_OUTER_BOUND ( 'NONE', #1869, .T. ) ;
#1318 = CARTESIAN_POINT ( 'NONE',  ( 0.9000000000000001300, 0.0000000000000000000, 0.4499999999999997900 ) ) ;
#1319 = AXIS2_PLACEMENT_3D ( 'NONE', #3255, #1878, #205 ) ;
#1320 = VERTEX_POINT ( 'NONE', #340 ) ;
#1321 = CARTESIAN_POINT ( 'NONE',  ( 1.251784245380883600, 1.899999999999999900, 1.193596045024971000 ) ) ;
#1322 = ORIENTED_EDGE ( 'NONE', *, *, #2367, .T. ) ;
#1323 = LINE ( 'NONE', #1588, #123 ) ;
#1324 = CARTESIAN_POINT ( 'NONE',  ( 0.9000000000000001300, 0.2491064769153990300, 0.3084354357119418200 ) ) ;
#1325 = CARTESIAN_POINT ( 'NONE',  ( -0.9000000000000001300, 0.1999999999999999800, 0.6618042484119133200 ) ) ;
#1326 = FACE_OUTER_BOUND ( 'NONE', #1099, .T. ) ;
#1327 = CARTESIAN_POINT ( 'NONE',  ( 0.9000000000000001300, 0.2491064769153993300, 0.6618042484119133200 ) ) ;
#1328 = ORIENTED_EDGE ( 'NONE', *, *, #3122, .T. ) ;
#1329 = LINE ( 'NONE', #2133, #1191 ) ;
#1330 = CARTESIAN_POINT ( 'NONE',  ( -0.9000000000000001300, 0.2000000000000000100, 1.249999999999999600 ) ) ;
#1331 = EDGE_CURVE ( 'NONE', #109, #2924, #1351, .T. ) ;
#1332 = EDGE_CURVE ( 'NONE', #3432, #1659, #1616, .T. ) ;
#1333 = VERTEX_POINT ( 'NONE', #1772 ) ;
#1334 = CIRCLE ( 'NONE', #976, 0.06674684346470624600 ) ;
#1335 = ADVANCED_FACE ( 'NONE', ( #630 ), #2869, .F. ) ;
#1336 = CARTESIAN_POINT ( 'NONE',  ( 0.9000000000000001300, 0.5267751238522144800, 0.1840341033824127400 ) ) ;
#1337 = VECTOR ( 'NONE', #2118, 1000.000000000000000 ) ;
#1338 = ORIENTED_EDGE ( 'NONE', *, *, #1176, .T. ) ;
#1339 = CARTESIAN_POINT ( 'NONE',  ( 0.9000000000000001300, 0.0000000000000000000, 1.250000000000000000 ) ) ;
#1340 = VECTOR ( 'NONE', #2046, 1000.000000000000000 ) ;
#1341 = VERTEX_POINT ( 'NONE', #2002 ) ;
#1342 = EDGE_CURVE ( 'NONE', #1173, #1714, #1481, .T. ) ;
#1343 = ORIENTED_EDGE ( 'NONE', *, *, #3479, .F. ) ;
#1344 = ORIENTED_EDGE ( 'NONE', *, *, #1022, .F. ) ;
#1345 = ADVANCED_FACE ( 'NONE', ( #878 ), #2381, .T. ) ;
#1346 = DIRECTION ( 'NONE',  ( -1.000000000000000000, 0.0000000000000000000, 8.923474670662587900E-017 ) ) ;
#1347 = ORIENTED_EDGE ( 'NONE', *, *, #2612, .F. ) ;
#1348 = EDGE_CURVE ( 'NONE', #420, #3352, #20, .T. ) ;
#1349 = DIRECTION ( 'NONE',  ( 0.0000000000000000000, 0.7660444431189797900, -0.6427876096865372500 ) ) ;
#1350 = ORIENTED_EDGE ( 'NONE', *, *, #2736, .F. ) ;
#1351 = CIRCLE ( 'NONE', #2673, 0.2249999999999999500 ) ;
#1352 = EDGE_CURVE ( 'NONE', #699, #2182, #3021, .T. ) ;
#1353 = CARTESIAN_POINT ( 'NONE',  ( 1.178252888271270600, 1.710315713064524800, -1.073738396294619000 ) ) ;
#1354 = VERTEX_POINT ( 'NONE', #651 ) ;
#1355 = ADVANCED_FACE ( 'NONE', ( #2590 ), #428, .F. ) ;
#1356 = DIRECTION ( 'NONE',  ( -1.000000000000000000, 0.0000000000000000000, 0.0000000000000000000 ) ) ;
#1357 = ORIENTED_EDGE ( 'NONE', *, *, #2980, .F. ) ;
#1358 = PLANE ( 'NONE',  #17 ) ;
#1359 = DIRECTION ( 'NONE',  ( 8.923474670662587900E-017, 0.0000000000000000000, 1.000000000000000000 ) ) ;
#1360 = DIRECTION ( 'NONE',  ( 1.000000000000000000, 0.0000000000000000000, 0.0000000000000000000 ) ) ;
#1361 = CARTESIAN_POINT ( 'NONE',  ( 1.251784245380883600, 1.700000000000000000, -1.079313397063758300 ) ) ;
#1362 = ORIENTED_EDGE ( 'NONE', *, *, #3230, .F. ) ;
#1363 = DIRECTION ( 'NONE',  ( 1.000000000000000000, 0.0000000000000000000, 0.0000000000000000000 ) ) ;
#1364 = ORIENTED_EDGE ( 'NONE', *, *, #2727, .T. ) ;
#1365 = CARTESIAN_POINT ( 'NONE',  ( -1.251784245380883400, 1.700000000000000000, 1.215000000000000100 ) ) ;
#1366 = AXIS2_PLACEMENT_3D ( 'NONE', #1125, #1927, #25 ) ;
#1367 = VECTOR ( 'NONE', #2737, 1000.000000000000000 ) ;
#1368 =( LENGTH_UNIT ( ) NAMED_UNIT ( * ) SI_UNIT ( .MILLI., .METRE. ) );
#1369 = CARTESIAN_POINT ( 'NONE',  ( -0.9000000000000001300, 0.2352080016535702800, 0.2345921671269538300 ) ) ;
#1370 = ADVANCED_FACE ( 'NONE', ( #760 ), #1534, .T. ) ;
#1371 = B_SPLINE_CURVE_WITH_KNOTS ( 'NONE', 3,
 ( #1067, #1353, #1932, #1361 ),
 .UNSPECIFIED., .F., .F.,
 ( 4, 4 ),
 ( 1.167721476617542300E-018, 0.0001103111848188606400 ),
 .UNSPECIFIED. ) ;
#1372 = DIRECTION ( 'NONE',  ( 1.000000000000000000, 0.0000000000000000000, 0.0000000000000000000 ) ) ;
#1373 = FACE_OUTER_BOUND ( 'NONE', #1702, .T. ) ;
#1374 = CARTESIAN_POINT ( 'NONE',  ( -0.9000000000000001300, 0.2000000000000003200, -1.250000000000000000 ) ) ;
#1375 = DIRECTION ( 'NONE',  ( -1.000000000000000000, 0.0000000000000000000, 2.449293598294705900E-016 ) ) ;
#1376 = ORIENTED_EDGE ( 'NONE', *, *, #669, .F. ) ;
#1377 = LINE ( 'NONE', #2537, #177 ) ;
#1378 = EDGE_CURVE ( 'NONE', #2182, #854, #2259, .T. ) ;
#1379 = PLANE ( 'NONE',  #361 ) ;
#1380 = VERTEX_POINT ( 'NONE', #2570 ) ;
#1381 = VECTOR ( 'NONE', #2733, 1000.000000000000000 ) ;
#1382 = TOROIDAL_SURFACE ( 'NONE', #620, 0.5173304635242798000, 0.1000000000000000100 ) ;
#1383 = PLANE ( 'NONE',  #2140 ) ;
#1384 = CARTESIAN_POINT ( 'NONE',  ( 0.9000000000000001300, 0.1999999999999999800, 0.6618042484119133200 ) ) ;
#1385 = EDGE_LOOP ( 'NONE', ( #1322, #1831, #1309, #2884, #2185 ) ) ;
#1386 = LINE ( 'NONE', #2565, #3473 ) ;
#1387 = DIRECTION ( 'NONE',  ( -0.0000000000000000000, -1.377727649040772400E-016, -1.000000000000000000 ) ) ;
#1388 = EDGE_LOOP ( 'NONE', ( #3223, #190, #1170, #207 ) ) ;
#1389 = ORIENTED_EDGE ( 'NONE', *, *, #1231, .F. ) ;
#1390 = CARTESIAN_POINT ( 'NONE',  ( -1.251784245380883800, 1.700000000000000000, -1.079313397063758100 ) ) ;
#1391 = DIRECTION ( 'NONE',  ( 0.0000000000000000000, -1.000000000000000000, 0.0000000000000000000 ) ) ;
#1392 = AXIS2_PLACEMENT_3D ( 'NONE', #2739, #285, #2715 ) ;
#1393 = ORIENTED_EDGE ( 'NONE', *, *, #3113, .T. ) ;
#1394 = VERTEX_POINT ( 'NONE', #2050 ) ;
#1395 = VECTOR ( 'NONE', #2710, 1000.000000000000000 ) ;
#1396 = CARTESIAN_POINT ( 'NONE',  ( -0.9000000000000001300, 0.0000000000000000000, -1.250000000000000000 ) ) ;
#1397 = CARTESIAN_POINT ( 'NONE',  ( 0.9000000000000001300, 0.1771672682059996200, 0.3013390105916600700 ) ) ;
#1398 = AXIS2_PLACEMENT_3D ( 'NONE', #3370, #2546, #2300 ) ;
#1399 = ORIENTED_EDGE ( 'NONE', *, *, #1352, .F. ) ;
#1400 = CARTESIAN_POINT ( 'NONE',  ( -0.9000000000000001300, 0.5267751238522144800, 0.1840341033824129700 ) ) ;
#1401 = EDGE_CURVE ( 'NONE', #2258, #3442, #3525, .T. ) ;
#1402 = CARTESIAN_POINT ( 'NONE',  ( -0.9000000000000000200, 0.1771672682059996200, 0.3013390105916602900 ) ) ;
#1403 = DIRECTION ( 'NONE',  ( -1.000000000000000000, 0.0000000000000000000, 0.0000000000000000000 ) ) ;
#1404 = CARTESIAN_POINT ( 'NONE',  ( -0.9000000000000002400, 0.1999999999999999800, -0.6618042484119131000 ) ) ;
#1405 = ORIENTED_EDGE ( 'NONE', *, *, #784, .T. ) ;
#1406 = DIRECTION ( 'NONE',  ( -1.000000000000000000, -0.0000000000000000000, -0.0000000000000000000 ) ) ;
#1407 = EDGE_CURVE ( 'NONE', #11, #2831, #2804, .T. ) ;
#1408 = EDGE_CURVE ( 'NONE', #2192, #1451, #3100, .T. ) ;
#1409 = DIRECTION ( 'NONE',  ( 3.373073425510459200E-015, 0.0000000000000000000, -1.000000000000000000 ) ) ;
#1410 = DIRECTION ( 'NONE',  ( 0.0000000000000000000, -1.000000000000000000, -1.868002191021389500E-015 ) ) ;
#1411 = ADVANCED_FACE ( 'NONE', ( #414 ), #3482, .F. ) ;
#1412 = CARTESIAN_POINT ( 'NONE',  ( 0.9000000000000001300, 0.2491064769153993300, 0.6618042484119133200 ) ) ;
#1413 = DIRECTION ( 'NONE',  ( -1.000000000000000000, 0.0000000000000000000, 0.0000000000000000000 ) ) ;
#1414 = CARTESIAN_POINT ( 'NONE',  ( -1.564999999999999900, 0.05000000000000000300, -1.214999999999999900 ) ) ;
#1415 = CARTESIAN_POINT ( 'NONE',  ( -1.417330463524280500, 1.800000000000000300, -0.6999999999999975100 ) ) ;
#1416 = ORIENTED_EDGE ( 'NONE', *, *, #3313, .T. ) ;
#1417 = CARTESIAN_POINT ( 'NONE',  ( 0.9000000000000001300, 0.0000000000000000000, -0.4499999999999997900 ) ) ;
#1418 = ORIENTED_EDGE ( 'NONE', *, *, #2195, .F. ) ;
#1419 = LINE ( 'NONE', #1896, #3071 ) ;
#1420 = AXIS2_PLACEMENT_3D ( 'NONE', #2577, #898, #2036 ) ;
#1421 = LINE ( 'NONE', #443, #2434 ) ;
#1422 = CARTESIAN_POINT ( 'NONE',  ( -0.9000000000000000200, 0.1999999999999999800, 0.6618042484119135400 ) ) ;
#1423 = AXIS2_PLACEMENT_3D ( 'NONE', #556, #1094, #2714 ) ;
#1424 = CIRCLE ( 'NONE', #3019, 0.3042623357845721800 ) ;
#1425 = CARTESIAN_POINT ( 'NONE',  ( -0.9000000000000001300, 0.2000000000000001800, -0.6618042484119135400 ) ) ;
#1426 = CARTESIAN_POINT ( 'NONE',  ( -0.9000000000000001300, 0.0000000000000000000, 0.4499999999999997900 ) ) ;
#1427 = ORIENTED_EDGE ( 'NONE', *, *, #3326, .T. ) ;
#1428 = VECTOR ( 'NONE', #691, 1000.000000000000000 ) ;
#1429 = CARTESIAN_POINT ( 'NONE',  ( 0.9000000000000001300, 0.9375464517754831300, -2.671744672970104100E-016 ) ) ;
#1430 = VERTEX_POINT ( 'NONE', #763 ) ;
#1431 = ADVANCED_FACE ( 'NONE', ( #2137 ), #2062, .T. ) ;
#1432 = LINE ( 'NONE', #1210, #2092 ) ;
#1433 = CYLINDRICAL_SURFACE ( 'NONE', #2576, 0.3042623357845721800 ) ;
#1434 = DIRECTION ( 'NONE',  ( 2.449293598294705900E-016, -0.0000000000000000000, 1.000000000000000000 ) ) ;
#1435 = ORIENTED_EDGE ( 'NONE', *, *, #2950, .T. ) ;
#1436 = ORIENTED_EDGE ( 'NONE', *, *, #1527, .T. ) ;
#1437 = UNCERTAINTY_MEASURE_WITH_UNIT (LENGTH_MEASURE( 1.000000000000000100E-005 ), #2346, 'distance_accuracy_value', 'NONE');
#1438 = EDGE_LOOP ( 'NONE', ( #3272, #518, #93, #1687 ) ) ;
#1439 = DIRECTION ( 'NONE',  ( 0.0000000000000000000, 0.9659258262890699800, -0.2588190451025145800 ) ) ;
#1440 = VECTOR ( 'NONE', #232, 1000.000000000000000 ) ;
#1441 = AXIS2_PLACEMENT_3D ( 'NONE', #1471, #1746, #126 ) ;
#1442 = ORIENTED_EDGE ( 'NONE', *, *, #849, .F. ) ;
#1443 = CARTESIAN_POINT ( 'NONE',  ( -0.9000000000000001300, 0.1771672682059997100, -0.3013390105916604100 ) ) ;
#1444 = EDGE_LOOP ( 'NONE', ( #2971, #1081, #3504, #2882, #3184, #2529, #1305, #3315 ) ) ;
#1445 = ORIENTED_EDGE ( 'NONE', *, *, #1106, .F. ) ;
#1446 = EDGE_LOOP ( 'NONE', ( #2267, #1656, #2984, #3244 ) ) ;
#1447 =( GEOMETRIC_REPRESENTATION_CONTEXT ( 3 ) GLOBAL_UNCERTAINTY_ASSIGNED_CONTEXT ( ( #1707 ) ) GLOBAL_UNIT_ASSIGNED_CONTEXT ( ( #639, #1189, #2813 ) ) REPRESENTATION_CONTEXT ( 'NONE', 'WORKASPACE' ) );
#1448 = DIRECTION ( 'NONE',  ( 0.0000000000000000000, 0.0000000000000000000, -1.000000000000000000 ) ) ;
#1449 = EDGE_CURVE ( 'NONE', #720, #1333, #326, .T. ) ;
#1450 = DIRECTION ( 'NONE',  ( 0.0000000000000000000, 0.7660444431189796800, 0.6427876096865373600 ) ) ;
#1451 = VERTEX_POINT ( 'NONE', #2492 ) ;
#1452 = PLANE ( 'NONE',  #2357 ) ;
#1453 = EDGE_CURVE ( 'NONE', #542, #1526, #1665, .T. ) ;
#1454 = EDGE_LOOP ( 'NONE', ( #752, #1945, #1564, #2801 ) ) ;
#1455 = FACE_OUTER_BOUND ( 'NONE', #2273, .T. ) ;
#1456 = DIRECTION ( 'NONE',  ( 0.0000000000000000000, -0.6427876096865373600, 0.7660444431189796800 ) ) ;
#1457 = CARTESIAN_POINT ( 'NONE',  ( 1.564999999999999900, 0.2352080016535702800, 0.3013390105916600700 ) ) ;
#1458 = EDGE_CURVE ( 'NONE', #1068, #793, #956, .T. ) ;
#1459 = LINE ( 'NONE', #448, #736 ) ;
#1460 = CARTESIAN_POINT ( 'NONE',  ( 1.600000000000000100, 0.0000000000000000000, -1.250000000000000000 ) ) ;
#1461 = ORIENTED_EDGE ( 'NONE', *, *, #2149, .F. ) ;
#1462 = VECTOR ( 'NONE', #2465, 1000.000000000000000 ) ;
#1463 = EDGE_LOOP ( 'NONE', ( #1966, #1788, #776 ) ) ;
#1464 = AXIS2_PLACEMENT_3D ( 'NONE', #3138, #139, #3118 ) ;
#1465 = VECTOR ( 'NONE', #408, 1000.000000000000000 ) ;
#1466 = ORIENTED_EDGE ( 'NONE', *, *, #3300, .T. ) ;
#1467 = EDGE_CURVE ( 'NONE', #2865, #833, #3173, .T. ) ;
#1468 = LINE ( 'NONE', #3319, #2285 ) ;
#1469 = PRESENTATION_STYLE_ASSIGNMENT (( #359 ) ) ;
#1470 = CARTESIAN_POINT ( 'NONE',  ( 0.9000000000000001300, 0.2352080016535702800, -0.3013390105916600700 ) ) ;
#1471 = CARTESIAN_POINT ( 'NONE',  ( 1.600000000000000100, 0.2491064769153993300, 0.6618042484119133200 ) ) ;
#1472 = ORIENTED_EDGE ( 'NONE', *, *, #418, .T. ) ;
#1473 = CARTESIAN_POINT ( 'NONE',  ( -0.9000000000000001300, 0.5267751238522144800, -0.1840341033824125500 ) ) ;
#1474 = VECTOR ( 'NONE', #1954, 1000.000000000000000 ) ;
#1475 = EDGE_CURVE ( 'NONE', #2953, #3217, #674, .T. ) ;
#1476 = EDGE_LOOP ( 'NONE', ( #2100, #1376, #1131, #943 ) ) ;
#1477 = ORIENTED_EDGE ( 'NONE', *, *, #606, .T. ) ;
#1478 = ORIENTED_EDGE ( 'NONE', *, *, #727, .T. ) ;
#1479 = CARTESIAN_POINT ( 'NONE',  ( 1.564999999999999900, 1.700000000000000000, -1.214999999999999900 ) ) ;
#1480 = CARTESIAN_POINT ( 'NONE',  ( 0.9000000000000001300, 0.2491064769153995000, -0.6126977714965141700 ) ) ;
#1481 = LINE ( 'NONE', #1504, #3444 ) ;
#1482 = CARTESIAN_POINT ( 'NONE',  ( -0.9000000000000000200, 0.1771672682059996200, 0.3013390105916602900 ) ) ;
#1483 = EDGE_LOOP ( 'NONE', ( #2184, #1924, #1166, #1827 ) ) ;
#1484 = DIRECTION ( 'NONE',  ( -8.923474670662587900E-017, 0.0000000000000000000, -1.000000000000000000 ) ) ;
#1485 = VERTEX_POINT ( 'NONE', #2982 ) ;
#1486 = EDGE_CURVE ( 'NONE', #542, #2224, #3121, .T. ) ;
#1487 = AXIS2_PLACEMENT_3D ( 'NONE', #1429, #73, #2288 ) ;
#1488 = CARTESIAN_POINT ( 'NONE',  ( 0.9000000000000002400, 1.774118095489748400, -0.6999999999999996200 ) ) ;
#1489 = VERTEX_POINT ( 'NONE', #1065 ) ;
#1490 = CARTESIAN_POINT ( 'NONE',  ( -0.9000000000000001300, 0.2000000000000003200, -1.250000000000000000 ) ) ;
#1491 = DIRECTION ( 'NONE',  ( -1.000000000000000000, -0.0000000000000000000, 0.0000000000000000000 ) ) ;
#1492 = AXIS2_PLACEMENT_3D ( 'NONE', #1933, #560, #1627 ) ;
#1493 = CARTESIAN_POINT ( 'NONE',  ( 0.9000000000000001300, 0.0000000000000000000, -1.250000000000000000 ) ) ;
#1494 = PLANE ( 'NONE',  #125 ) ;
#1495 = CARTESIAN_POINT ( 'NONE',  ( -0.9000000000000001300, 0.2491064769153995000, -0.6126977714965141700 ) ) ;
#1496 = COLOUR_RGB ( '',0.7921568627450980000, 0.8196078431372548800, 0.9333333333333333500 ) ;
#1497 = EDGE_CURVE ( 'NONE', #1451, #880, #870, .T. ) ;
#1498 = DIRECTION ( 'NONE',  ( 0.0000000000000000000, -0.2588190451025145800, 0.9659258262890699800 ) ) ;
#1499 = CARTESIAN_POINT ( 'NONE',  ( -1.117333310915041200, 2.533234285148065800, -0.6999999999999986200 ) ) ;
#1500 = EDGE_LOOP ( 'NONE', ( #1282, #366, #2921, #2910 ) ) ;
#1501 = DIRECTION ( 'NONE',  ( -1.000000000000000000, 0.0000000000000000000, -0.0000000000000000000 ) ) ;
#1502 = FACE_OUTER_BOUND ( 'NONE', #3488, .T. ) ;
#1503 = CARTESIAN_POINT ( 'NONE',  ( 1.251784245380883600, 1.899999999999999900, -1.214999999999999900 ) ) ;
#1504 = CARTESIAN_POINT ( 'NONE',  ( 0.9000000000000001300, 1.102182119232617800E-016, -0.4500000000000001200 ) ) ;
#1505 = VECTOR ( 'NONE', #2332, 1000.000000000000000 ) ;
#1506 = DIRECTION ( 'NONE',  ( 0.0000000000000000000, 0.0000000000000000000, -1.000000000000000000 ) ) ;
#1507 = DIRECTION ( 'NONE',  ( 0.0000000000000000000, -1.000000000000000000, 1.377727649040772400E-016 ) ) ;
#1508 = LINE ( 'NONE', #1669, #2120 ) ;
#1509 = CARTESIAN_POINT ( 'NONE',  ( -1.117333310915041200, 2.533234285148065800, -0.6999999999999986200 ) ) ;
#1510 = AXIS2_PLACEMENT_3D ( 'NONE', #1920, #257, #2191 ) ;
#1511 = ORIENTED_EDGE ( 'NONE', *, *, #2883, .F. ) ;
#1512 = CARTESIAN_POINT ( 'NONE',  ( 0.9532970616926266200, 1.800000000000000000, 1.113802845483271400 ) ) ;
#1513 = VECTOR ( 'NONE', #1011, 1000.000000000000000 ) ;
#1514 = CARTESIAN_POINT ( 'NONE',  ( -0.9000000000000001300, 0.0000000000000000000, 0.4499999999999997900 ) ) ;
#1515 = VECTOR ( 'NONE', #2433, 1000.000000000000000 ) ;
#1516 = CARTESIAN_POINT ( 'NONE',  ( -0.9000000000000001300, 0.2352080016535703100, 0.1678453236622478000 ) ) ;
#1517 = LINE ( 'NONE', #2393, #3178 ) ;
#1518 = AXIS2_PLACEMENT_3D ( 'NONE', #684, #2598, #2341 ) ;
#1519 = CYLINDRICAL_SURFACE ( 'NONE', #860, 0.1000000000000000500 ) ;
#1520 = DIRECTION ( 'NONE',  ( -1.000000000000000000, 0.0000000000000000000, 4.625822922308216200E-016 ) ) ;
#1521 = CARTESIAN_POINT ( 'NONE',  ( -1.600000000000000100, 0.0000000000000000000, -1.250000000000000000 ) ) ;
#1522 = EDGE_LOOP ( 'NONE', ( #3097, #1247, #1194, #2156 ) ) ;
#1523 = VERTEX_POINT ( 'NONE', #3491 ) ;
#1524 = CARTESIAN_POINT ( 'NONE',  ( -1.600000000000000100, 0.2352080016535703600, -0.1678453236622478600 ) ) ;
#1525 = CARTESIAN_POINT ( 'NONE',  ( -0.9000000000000001300, 0.5267751238522144800, 0.1840341033824129700 ) ) ;
#1526 = VERTEX_POINT ( 'NONE', #3245 ) ;
#1527 = EDGE_CURVE ( 'NONE', #1143, #2928, #1692, .T. ) ;
#1528 = PLANE ( 'NONE',  #3044 ) ;
#1529 = ORIENTED_EDGE ( 'NONE', *, *, #1348, .T. ) ;
#1530 = CARTESIAN_POINT ( 'NONE',  ( -1.146579437399554400, 1.729906060138488100, 1.071647758104569100 ) ) ;
#1531 = EDGE_CURVE ( 'NONE', #1862, #579, #444, .T. ) ;
#1532 = ORIENTED_EDGE ( 'NONE', *, *, #3301, .T. ) ;
#1533 = ORIENTED_EDGE ( 'NONE', *, *, #3233, .T. ) ;
#1534 = PLANE ( 'NONE',  #2166 ) ;
#1535 = EDGE_LOOP ( 'NONE', ( #1556, #1224, #193, #502 ) ) ;
#1536 = DIRECTION ( 'NONE',  ( -2.576906481960245800E-016, 0.0000000000000000000, -1.000000000000000000 ) ) ;
#1537 = EDGE_CURVE ( 'NONE', #874, #3007, #355, .T. ) ;
#1538 = CARTESIAN_POINT ( 'NONE',  ( 1.215040734568392200, 1.700000000000000000, 1.077871221049409900 ) ) ;
#1539 = CARTESIAN_POINT ( 'NONE',  ( 1.992760902614056000, 2.533234285148065800, 0.9173333109150406700 ) ) ;
#1540 = DIRECTION ( 'NONE',  ( -2.449293598294705900E-016, 0.0000000000000000000, -1.000000000000000000 ) ) ;
#1541 = EDGE_CURVE ( 'NONE', #2951, #1173, #315, .T. ) ;
#1542 = AXIS2_PLACEMENT_3D ( 'NONE', #1412, #2284, #2243 ) ;
#1543 = ORIENTED_EDGE ( 'NONE', *, *, #1641, .F. ) ;
#1544 = DIRECTION ( 'NONE',  ( -1.000000000000000000, 0.0000000000000000000, 2.449293598294705900E-016 ) ) ;
#1545 = VECTOR ( 'NONE', #3132, 1000.000000000000000 ) ;
#1546 = DIRECTION ( 'NONE',  ( 0.0000000000000000000, 0.0000000000000000000, -1.000000000000000000 ) ) ;
#1547 = EDGE_CURVE ( 'NONE', #3007, #2224, #1603, .T. ) ;
#1548 = CARTESIAN_POINT ( 'NONE',  ( 0.9000000000000001300, 0.0000000000000000000, -1.250000000000000000 ) ) ;
#1549 = FACE_OUTER_BOUND ( 'NONE', #21, .T. ) ;
#1550 = CARTESIAN_POINT ( 'NONE',  ( 0.9000000000000001300, 0.2352080016535702800, -0.3013390105916600700 ) ) ;
#1551 = ORIENTED_EDGE ( 'NONE', *, *, #1712, .F. ) ;
#1552 = LINE ( 'NONE', #3164, #1728 ) ;
#1553 = EDGE_CURVE ( 'NONE', #2172, #2054, #1517, .T. ) ;
#1554 = VERTEX_POINT ( 'NONE', #219 ) ;
#1555 = CIRCLE ( 'NONE', #292, 0.2000000000000000900 ) ;
#1556 = ORIENTED_EDGE ( 'NONE', *, *, #3162, .T. ) ;
#1557 = LINE ( 'NONE', #675, #262 ) ;
#1558 = ORIENTED_EDGE ( 'NONE', *, *, #917, .T. ) ;
#1559 = DIRECTION ( 'NONE',  ( 0.0000000000000000000, -1.000000000000000000, 3.252606517456511700E-015 ) ) ;
#1560 = LINE ( 'NONE', #3329, #2169 ) ;
#1561 = ADVANCED_FACE ( 'NONE', ( #3216 ), #3001, .F. ) ;
#1562 = AXIS2_PLACEMENT_3D ( 'NONE', #3024, #641, #1181 ) ;
#1563 = FACE_OUTER_BOUND ( 'NONE', #2250, .T. ) ;
#1564 = ORIENTED_EDGE ( 'NONE', *, *, #2387, .T. ) ;
#1565 = ORIENTED_EDGE ( 'NONE', *, *, #439, .T. ) ;
#1566 = AXIS2_PLACEMENT_3D ( 'NONE', #3316, #1689, #33 ) ;
#1567 = ORIENTED_EDGE ( 'NONE', *, *, #313, .F. ) ;
#1568 = DIRECTION ( 'NONE',  ( 0.0000000000000000000, -1.000000000000000000, 0.0000000000000000000 ) ) ;
#1569 = VERTEX_POINT ( 'NONE', #1607 ) ;
#1570 = DIRECTION ( 'NONE',  ( -1.000000000000000000, 0.0000000000000000000, 0.0000000000000000000 ) ) ;
#1571 = ORIENTED_EDGE ( 'NONE', *, *, #1861, .F. ) ;
#1572 = PLANE ( 'NONE',  #266 ) ;
#1573 = LINE ( 'NONE', #512, #1706 ) ;
#1574 = CARTESIAN_POINT ( 'NONE',  ( -0.9000000000000001300, 1.102182119232617800E-016, -0.4500000000000001200 ) ) ;
#1575 = VERTEX_POINT ( 'NONE', #233 ) ;
#1576 = DIRECTION ( 'NONE',  ( 1.000000000000000000, 0.0000000000000000000, 0.0000000000000000000 ) ) ;
#1577 = ADVANCED_FACE ( 'NONE', ( #2525 ), #3512, .F. ) ;
#1578 = DIRECTION ( 'NONE',  ( -0.0000000000000000000, -1.377727649040772400E-016, -1.000000000000000000 ) ) ;
#1579 = AXIS2_PLACEMENT_3D ( 'NONE', #2464, #2486, #1359 ) ;
#1580 = EDGE_CURVE ( 'NONE', #2545, #1320, #2402, .T. ) ;
#1581 = DIRECTION ( 'NONE',  ( 0.0000000000000000000, -1.000000000000000000, -1.614882900561510400E-016 ) ) ;
#1582 = AXIS2_PLACEMENT_3D ( 'NONE', #1402, #3521, #646 ) ;
#1583 = DIRECTION ( 'NONE',  ( 0.0000000000000000000, 0.0000000000000000000, -1.000000000000000000 ) ) ;
#1584 = CARTESIAN_POINT ( 'NONE',  ( 0.9000000000000001300, 0.2491064769153995000, -0.6618042484119135400 ) ) ;
#1585 = LINE ( 'NONE', #1109, #931 ) ;
#1586 = EDGE_CURVE ( 'NONE', #1341, #206, #182, .T. ) ;
#1587 = LINE ( 'NONE', #2915, #208 ) ;
#1588 = CARTESIAN_POINT ( 'NONE',  ( 0.9000000000000001300, 0.0000000000000000000, -1.250000000000000000 ) ) ;
#1589 = EDGE_CURVE ( 'NONE', #1862, #3380, #2007, .T. ) ;
#1590 = ORIENTED_EDGE ( 'NONE', *, *, #1475, .T. ) ;
#1591 = CIRCLE ( 'NONE', #223, 0.04910647691539935700 ) ;
#1592 = EDGE_CURVE ( 'NONE', #699, #1972, #991, .T. ) ;
#1593 = CARTESIAN_POINT ( 'NONE',  ( 0.9000000000000001300, 0.2352080016535703100, 0.1678453236622475800 ) ) ;
#1594 = ADVANCED_FACE ( 'NONE', ( #1736 ), #3257, .F. ) ;
#1595 = DIRECTION ( 'NONE',  ( 0.0000000000000000000, 0.0000000000000000000, -1.000000000000000000 ) ) ;
#1596 = LINE ( 'NONE', #551, #1462 ) ;
#1597 = CARTESIAN_POINT ( 'NONE',  ( -1.320737880895373400, 1.774118095489748600, -1.092760902614055700 ) ) ;
#1598 = CARTESIAN_POINT ( 'NONE',  ( 1.117333310915041000, 2.533234285148065800, -0.6999999999999989600 ) ) ;
#1599 = ORIENTED_EDGE ( 'NONE', *, *, #3119, .T. ) ;
#1600 = LINE ( 'NONE', #977, #1428 ) ;
#1601 = FACE_OUTER_BOUND ( 'NONE', #1030, .T. ) ;
#1602 = AXIS2_PLACEMENT_3D ( 'NONE', #421, #2079, #2599 ) ;
#1603 = CIRCLE ( 'NONE', #1934, 0.4501129136690195700 ) ;
#1604 = DIRECTION ( 'NONE',  ( -3.955322350340893600E-032, -1.000000000000000000, -1.614882900561510400E-016 ) ) ;
#1605 = LINE ( 'NONE', #3424, #52 ) ;
#1606 = CARTESIAN_POINT ( 'NONE',  ( -0.9000000000000001300, 0.5267751238522143700, -0.1840341033824128800 ) ) ;
#1607 = CARTESIAN_POINT ( 'NONE',  ( 1.600000000000000100, 0.2352080016535702800, 0.3013390105916600700 ) ) ;
#1608 = AXIS2_PLACEMENT_3D ( 'NONE', #2974, #1856, #480 ) ;
#1609 = EDGE_LOOP ( 'NONE', ( #417, #2497, #374, #2812, #3279, #2609, #2221, #1893, #891, #3543, #966, #965, #2850, #1759, #912, #1472, #647, #3548 ) ) ;
#1610 = ORIENTED_EDGE ( 'NONE', *, *, #410, .F. ) ;
#1611 = CARTESIAN_POINT ( 'NONE',  ( 0.9000000000000002400, 2.475000000000000100, -0.6999999999999997300 ) ) ;
#1612 = DIRECTION ( 'NONE',  ( 0.0000000000000000000, 0.7660444431189797900, -0.6427876096865372500 ) ) ;
#1613 = VERTEX_POINT ( 'NONE', #836 ) ;
#1614 = ADVANCED_FACE ( 'NONE', ( #264 ), #708, .T. ) ;
#1615 = ORIENTED_EDGE ( 'NONE', *, *, #957, .F. ) ;
#1616 = LINE ( 'NONE', #3004, #1973 ) ;
#1617 = ORIENTED_EDGE ( 'NONE', *, *, #55, .F. ) ;
#1618 = CARTESIAN_POINT ( 'NONE',  ( -0.9000000000000001300, 0.0000000000000000000, 1.250000000000000000 ) ) ;
#1619 = ORIENTED_EDGE ( 'NONE', *, *, #664, .T. ) ;
#1620 = CARTESIAN_POINT ( 'NONE',  ( -1.600000000000000100, 0.0000000000000000000, 1.250000000000000000 ) ) ;
#1621 = EDGE_LOOP ( 'NONE', ( #3060, #3231, #574, #973 ) ) ;
#1622 = CARTESIAN_POINT ( 'NONE',  ( 1.564999999999999900, 0.2491064769153993300, -0.6126977714965139400 ) ) ;
#1623 = ADVANCED_FACE ( 'NONE', ( #399 ), #2961, .F. ) ;
#1624 = CARTESIAN_POINT ( 'NONE',  ( 0.9000000000000001300, 0.2000000000000001800, -0.6618042484119135400 ) ) ;
#1625 = EDGE_CURVE ( 'NONE', #1012, #2831, #2488, .T. ) ;
#1626 = DIRECTION ( 'NONE',  ( 2.449293598294705900E-016, 0.0000000000000000000, 1.000000000000000000 ) ) ;
#1627 = DIRECTION ( 'NONE',  ( 0.0000000000000000000, 0.0000000000000000000, -1.000000000000000000 ) ) ;
#1628 = AXIS2_PLACEMENT_3D ( 'NONE', #517, #224, #1845 ) ;
#1629 = EDGE_LOOP ( 'NONE', ( #2573, #1039, #2056, #77, #895, #1981, #3053, #923, #412, #1135, #1260, #1567, #2238, #2955, #3069, #2503, #338, #667 ) ) ;
#1630 = ADVANCED_FACE ( 'NONE', ( #2448 ), #3344, .T. ) ;
#1631 = B_SPLINE_CURVE_WITH_KNOTS ( 'NONE', 3,
 ( #585, #661, #104, #1187 ),
 .UNSPECIFIED., .F., .F.,
 ( 4, 4 ),
 ( 1.167721476617542300E-018, 0.0001103111848188606400 ),
 .UNSPECIFIED. ) ;
#1632 = DIRECTION ( 'NONE',  ( 0.0000000000000000000, 0.0000000000000000000, -1.000000000000000000 ) ) ;
#1633 = CARTESIAN_POINT ( 'NONE',  ( -1.053606543901726400, 1.774118095489829700, -1.091695537491062200 ) ) ;
#1634 = CARTESIAN_POINT ( 'NONE',  ( -1.251784245380883800, 1.700000000000000000, -1.079313397063758100 ) ) ;
#1635 = ORIENTED_EDGE ( 'NONE', *, *, #2900, .F. ) ;
#1636 = VERTEX_POINT ( 'NONE', #2466 ) ;
#1637 = LINE ( 'NONE', #698, #1505 ) ;
#1638 = DIRECTION ( 'NONE',  ( -3.563379508310734600E-016, 0.0000000000000000000, -1.000000000000000000 ) ) ;
#1639 = CIRCLE ( 'NONE', #906, 0.04910647691539935700 ) ;
#1640 = DIRECTION ( 'NONE',  ( 0.0000000000000000000, 1.000000000000000000, 0.0000000000000000000 ) ) ;
#1641 = EDGE_CURVE ( 'NONE', #2732, #121, #2896, .T. ) ;
#1642 = ORIENTED_EDGE ( 'NONE', *, *, #1531, .F. ) ;
#1643 = FACE_OUTER_BOUND ( 'NONE', #1307, .T. ) ;
#1644 = VERTEX_POINT ( 'NONE', #3030 ) ;
#1645 = LINE ( 'NONE', #970, #1249 ) ;
#1646 = ORIENTED_EDGE ( 'NONE', *, *, #3191, .T. ) ;
#1647 = VECTOR ( 'NONE', #279, 1000.000000000000000 ) ;
#1648 = CARTESIAN_POINT ( 'NONE',  ( -0.9000000000000002400, 0.2491064769153993300, -0.6618042484119131000 ) ) ;
#1649 = DIRECTION ( 'NONE',  ( 2.495812762120655400E-015, 3.252606517456499900E-015, 1.000000000000000000 ) ) ;
#1650 = FACE_OUTER_BOUND ( 'NONE', #1609, .T. ) ;
#1651 = ADVANCED_FACE ( 'NONE', ( #1074 ), #1101, .F. ) ;
#1652 = CARTESIAN_POINT ( 'NONE',  ( -0.9000000000000001300, 0.0000000000000000000, -1.250000000000000000 ) ) ;
#1653 = ORIENTED_EDGE ( 'NONE', *, *, #1497, .F. ) ;
#1654 = AXIS2_PLACEMENT_3D ( 'NONE', #1778, #2027, #2069 ) ;
#1655 = CIRCLE ( 'NONE', #500, 0.06674684346470624600 ) ;
#1656 = ORIENTED_EDGE ( 'NONE', *, *, #2579, .F. ) ;
#1657 = DIRECTION ( 'NONE',  ( -1.000000000000000000, 0.0000000000000000000, 3.854941057726238700E-015 ) ) ;
#1658 = VERTEX_POINT ( 'NONE', #2006 ) ;
#1659 = VERTEX_POINT ( 'NONE', #2272 ) ;
#1660 = ORIENTED_EDGE ( 'NONE', *, *, #1850, .T. ) ;
#1661 = DIRECTION ( 'NONE',  ( 1.000000000000000000, 0.0000000000000000000, 0.0000000000000000000 ) ) ;
#1662 = EDGE_CURVE ( 'NONE', #1575, #1394, #2247, .T. ) ;
#1663 = DIRECTION ( 'NONE',  ( -0.0000000000000000000, -1.000000000000000000, -0.0000000000000000000 ) ) ;
#1664 = EDGE_LOOP ( 'NONE', ( #1635, #230, #2876, #2652 ) ) ;
#1665 = CIRCLE ( 'NONE', #2337, 0.3042623357845721800 ) ;
#1666 = ORIENTED_EDGE ( 'NONE', *, *, #3326, .F. ) ;
#1667 = EDGE_CURVE ( 'NONE', #2296, #206, #2365, .T. ) ;
#1668 = PLANE ( 'NONE',  #137 ) ;
#1669 = CARTESIAN_POINT ( 'NONE',  ( -0.9000000000000001300, 0.0000000000000000000, -1.250000000000000000 ) ) ;
#1670 = CARTESIAN_POINT ( 'NONE',  ( 0.9000000000000002400, 2.475000000000000100, 0.6999999999999999600 ) ) ;
#1671 = CARTESIAN_POINT ( 'NONE',  ( -0.9000000000000001300, 0.0000000000000000000, -1.250000000000000000 ) ) ;
#1672 = DIRECTION ( 'NONE',  ( 0.0000000000000000000, 0.0000000000000000000, -1.000000000000000000 ) ) ;
#1673 = LINE ( 'NONE', #1422, #3411 ) ;
#1674 = CARTESIAN_POINT ( 'NONE',  ( 0.9000000000000001300, 0.2491064769153993300, 0.6126977714965139400 ) ) ;
#1675 = AXIS2_PLACEMENT_3D ( 'NONE', #3405, #133, #1520 ) ;
#1676 = ORIENTED_EDGE ( 'NONE', *, *, #3012, .T. ) ;
#1677 = DIRECTION ( 'NONE',  ( -1.000000000000000000, 0.0000000000000000000, 2.449293598294705900E-016 ) ) ;
#1678 = DIRECTION ( 'NONE',  ( 1.000000000000000000, 0.0000000000000000000, 0.0000000000000000000 ) ) ;
#1679 = VERTEX_POINT ( 'NONE', #1425 ) ;
#1680 = ORIENTED_EDGE ( 'NONE', *, *, #2977, .F. ) ;
#1681 = FACE_OUTER_BOUND ( 'NONE', #3517, .T. ) ;
#1682 = DIRECTION ( 'NONE',  ( 0.0000000000000000000, 0.7660444431189797900, -0.6427876096865372500 ) ) ;
#1683 = EDGE_CURVE ( 'NONE', #109, #845, #3085, .T. ) ;
#1684 = AXIS2_PLACEMENT_3D ( 'NONE', #2000, #3070, #2472 ) ;
#1685 = LINE ( 'NONE', #2684, #774 ) ;
#1686 = ADVANCED_FACE ( 'NONE', ( #902 ), #321, .T. ) ;
#1687 = ORIENTED_EDGE ( 'NONE', *, *, #1138, .T. ) ;
#1688 = LINE ( 'NONE', #3171, #2620 ) ;
#1689 = DIRECTION ( 'NONE',  ( 1.000000000000000000, -0.0000000000000000000, -3.341641065360964700E-016 ) ) ;
#1690 = CIRCLE ( 'NONE', #2159, 0.06674684346470624600 ) ;
#1691 = PLANE ( 'NONE',  #3449 ) ;
#1692 = LINE ( 'NONE', #3208, #2706 ) ;
#1693 = ORIENTED_EDGE ( 'NONE', *, *, #2426, .F. ) ;
#1694 = VECTOR ( 'NONE', #1356, 1000.000000000000000 ) ;
#1695 = DIRECTION ( 'NONE',  ( 1.000000000000000000, 0.0000000000000000000, -3.097720492815727200E-016 ) ) ;
#1696 = CARTESIAN_POINT ( 'NONE',  ( 0.9000000000000001300, 0.0000000000000000000, 0.4499999999999997900 ) ) ;
#1697 = EDGE_LOOP ( 'NONE', ( #2627, #2336, #1877, #3400 ) ) ;
#1698 = ORIENTED_EDGE ( 'NONE', *, *, #3283, .F. ) ;
#1699 = EDGE_LOOP ( 'NONE', ( #537, #2175, #148, #1123 ) ) ;
#1700 = EDGE_CURVE ( 'NONE', #2218, #1489, #1468, .T. ) ;
#1701 = AXIS2_PLACEMENT_3D ( 'NONE', #304, #590, #817 ) ;
#1702 = EDGE_LOOP ( 'NONE', ( #3235, #1719, #1171, #1676 ) ) ;
#1703 = CARTESIAN_POINT ( 'NONE',  ( -1.600000000000000100, 0.0000000000000000000, -1.250000000000000000 ) ) ;
#1704 = ORIENTED_EDGE ( 'NONE', *, *, #2168, .F. ) ;
#1705 = EDGE_CURVE ( 'NONE', #916, #1341, #2796, .T. ) ;
#1706 = VECTOR ( 'NONE', #3480, 1000.000000000000000 ) ;
#1707 = UNCERTAINTY_MEASURE_WITH_UNIT (LENGTH_MEASURE( 1.000000000000000100E-005 ), #639, 'distance_accuracy_value', 'NONE');
#1708 = ADVANCED_FACE ( 'NONE', ( #2877 ), #2544, .T. ) ;
#1709 = DIRECTION ( 'NONE',  ( 1.000000000000000000, 0.0000000000000000000, -2.449293598294705900E-016 ) ) ;
#1710 = VERTEX_POINT ( 'NONE', #2018 ) ;
#1711 = DIRECTION ( 'NONE',  ( 0.0000000000000000000, 0.0000000000000000000, -1.000000000000000000 ) ) ;
#1712 = EDGE_CURVE ( 'NONE', #2076, #2098, #952, .T. ) ;
#1713 = CARTESIAN_POINT ( 'NONE',  ( 0.9000000000000001300, 0.2000000000000000100, -1.249999999999999600 ) ) ;
#1714 = VERTEX_POINT ( 'NONE', #1172 ) ;
#1715 = EDGE_CURVE ( 'NONE', #134, #1048, #2622, .T. ) ;
#1716 = DIRECTION ( 'NONE',  ( 0.0000000000000000000, 0.0000000000000000000, 1.000000000000000000 ) ) ;
#1717 = DIRECTION ( 'NONE',  ( -0.0000000000000000000, -1.000000000000000000, -0.0000000000000000000 ) ) ;
#1718 = CARTESIAN_POINT ( 'NONE',  ( -1.224646799147356400E-017, 1.800000000000000000, 1.193596045024971000 ) ) ;
#1719 = ORIENTED_EDGE ( 'NONE', *, *, #654, .F. ) ;
#1720 = CARTESIAN_POINT ( 'NONE',  ( -1.600000000000000100, 0.2352080016535703400, -0.2345921671269540800 ) ) ;
#1721 = LINE ( 'NONE', #487, #609 ) ;
#1722 = AXIS2_PLACEMENT_3D ( 'NONE', #97, #1216, #3384 ) ;
#1723 = CARTESIAN_POINT ( 'NONE',  ( 0.9000000000000001300, 0.05000000000000000300, 1.214999999999999900 ) ) ;
#1724 = VECTOR ( 'NONE', #2749, 1000.000000000000000 ) ;
#1725 = EDGE_CURVE ( 'NONE', #2234, #658, #824, .T. ) ;
#1726 = AXIS2_PLACEMENT_3D ( 'NONE', #2891, #516, #2421 ) ;
#1727 = ORIENTED_EDGE ( 'NONE', *, *, #2980, .T. ) ;
#1728 = VECTOR ( 'NONE', #2922, 1000.000000000000100 ) ;
#1729 = CARTESIAN_POINT ( 'NONE',  ( -1.600000000000000100, 0.2352080016535703600, -0.3013390105916603500 ) ) ;
#1730 = EDGE_CURVE ( 'NONE', #1837, #3010, #1035, .T. ) ;
#1731 = DIRECTION ( 'NONE',  ( 1.000000000000000000, 0.0000000000000000000, 0.0000000000000000000 ) ) ;
#1732 = LINE ( 'NONE', #2550, #3376 ) ;
#1733 = DIRECTION ( 'NONE',  ( -3.563379508310734600E-016, 0.0000000000000000000, -1.000000000000000000 ) ) ;
#1734 = EDGE_CURVE ( 'NONE', #3073, #1972, #141, .T. ) ;
#1735 = ORIENTED_EDGE ( 'NONE', *, *, #3108, .F. ) ;
#1736 = FACE_OUTER_BOUND ( 'NONE', #1930, .T. ) ;
#1737 = FACE_OUTER_BOUND ( 'NONE', #2136, .T. ) ;
#1738 = EDGE_CURVE ( 'NONE', #845, #2098, #1560, .T. ) ;
#1739 = CARTESIAN_POINT ( 'NONE',  ( 0.9000000000000002400, 2.475000000000000100, -1.092760902614055900 ) ) ;
#1740 = ORIENTED_EDGE ( 'NONE', *, *, #1028, .T. ) ;
#1741 = VECTOR ( 'NONE', #2326, 1000.000000000000100 ) ;
#1742 = PLANE ( 'NONE',  #758 ) ;
#1743 = VERTEX_POINT ( 'NONE', #135 ) ;
#1744 = DIRECTION ( 'NONE',  ( -1.000000000000000000, 0.0000000000000000000, 3.341641065360964700E-016 ) ) ;
#1745 = DIRECTION ( 'NONE',  ( -1.000000000000000000, 0.0000000000000000000, 0.0000000000000000000 ) ) ;
#1746 = DIRECTION ( 'NONE',  ( 1.000000000000000000, 0.0000000000000000000, 0.0000000000000000000 ) ) ;
#1747 = VERTEX_POINT ( 'NONE', #150 ) ;
#1748 = EDGE_LOOP ( 'NONE', ( #1680, #2068, #1477, #353, #1350 ) ) ;
#1749 = AXIS2_PLACEMENT_3D ( 'NONE', #925, #1192, #1506 ) ;
#1750 = VERTEX_POINT ( 'NONE', #2033 ) ;
#1751 = DIRECTION ( 'NONE',  ( 0.0000000000000000000, 0.0000000000000000000, -1.000000000000000000 ) ) ;
#1752 = DIRECTION ( 'NONE',  ( 0.0000000000000000000, -2.304084502391925000E-016, 1.000000000000000000 ) ) ;
#1753 = ORIENTED_EDGE ( 'NONE', *, *, #3362, .F. ) ;
#1754 = CARTESIAN_POINT ( 'NONE',  ( -0.9000000000000001300, 0.9375464517754831300, -4.673804345048687300E-017 ) ) ;
#1755 = ORIENTED_EDGE ( 'NONE', *, *, #83, .F. ) ;
#1756 = DIRECTION ( 'NONE',  ( 2.449293598294705900E-016, 0.0000000000000000000, 1.000000000000000000 ) ) ;
#1757 = DIRECTION ( 'NONE',  ( 0.0000000000000000000, 0.0000000000000000000, 1.000000000000000000 ) ) ;
#1758 = CARTESIAN_POINT ( 'NONE',  ( 1.564999999999999900, 0.2000000000000000900, 1.214999999999999900 ) ) ;
#1759 = ORIENTED_EDGE ( 'NONE', *, *, #3112, .T. ) ;
#1760 = PLANE ( 'NONE',  #717 ) ;
#1761 = FACE_OUTER_BOUND ( 'NONE', #986, .T. ) ;
#1762 = VECTOR ( 'NONE', #2194, 1000.000000000000000 ) ;
#1763 = DIRECTION ( 'NONE',  ( 0.0000000000000000000, 0.0000000000000000000, -1.000000000000000000 ) ) ;
#1764 = DIRECTION ( 'NONE',  ( 0.0000000000000000000, 0.0000000000000000000, -1.000000000000000000 ) ) ;
#1765 = DIRECTION ( 'NONE',  ( 0.0000000000000000000, -1.000000000000000000, -3.252606517456511700E-015 ) ) ;
#1766 = LINE ( 'NONE', #2699, #302 ) ;
#1767 = CARTESIAN_POINT ( 'NONE',  ( 3.259409350337610800E-016, 0.05000000000000000300, 1.214999999999999900 ) ) ;
#1768 = DIRECTION ( 'NONE',  ( 0.0000000000000000000, 0.0000000000000000000, -1.000000000000000000 ) ) ;
#1769 = LINE ( 'NONE', #2203, #3120 ) ;
#1770 = AXIS2_PLACEMENT_3D ( 'NONE', #749, #1581, #2654 ) ;
#1771 = CYLINDRICAL_SURFACE ( 'NONE', #815, 0.06674684346470624600 ) ;
#1772 = CARTESIAN_POINT ( 'NONE',  ( 1.600000000000000100, 0.0000000000000000000, 1.250000000000000000 ) ) ;
#1773 = ORIENTED_EDGE ( 'NONE', *, *, #2642, .T. ) ;
#1774 = EDGE_CURVE ( 'NONE', #1045, #1068, #1432, .T. ) ;
#1775 = CIRCLE ( 'NONE', #2769, 0.1000000000000000500 ) ;
#1776 = EDGE_CURVE ( 'NONE', #874, #542, #51, .T. ) ;
#1777 = CIRCLE ( 'NONE', #100, 0.5173304635242798000 ) ;
#1778 = CARTESIAN_POINT ( 'NONE',  ( -0.9000000000000000200, 1.700000000000000000, 0.6999999999999998400 ) ) ;
#1779 = CARTESIAN_POINT ( 'NONE',  ( 1.564999999999999900, 0.2352080016535702800, 0.2345921671269538300 ) ) ;
#1780 = VECTOR ( 'NONE', #1962, 1000.000000000000000 ) ;
#1781 = ORIENTED_EDGE ( 'NONE', *, *, #2087, .F. ) ;
#1782 = CIRCLE ( 'NONE', #1420, 0.04910647691539935700 ) ;
#1783 = EDGE_CURVE ( 'NONE', #793, #1380, #622, .T. ) ;
#1784 = DIRECTION ( 'NONE',  ( 0.0000000000000000000, 0.9659258262890699800, 0.2588190451025145800 ) ) ;
#1785 = CARTESIAN_POINT ( 'NONE',  ( -1.564999999999999700, 0.2491064769153993300, 0.6126977714965143900 ) ) ;
#1786 = ORIENTED_EDGE ( 'NONE', *, *, #161, .T. ) ;
#1787 = EDGE_CURVE ( 'NONE', #95, #1575, #1253, .T. ) ;
#1788 = ORIENTED_EDGE ( 'NONE', *, *, #1979, .F. ) ;
#1789 = ORIENTED_EDGE ( 'NONE', *, *, #1700, .T. ) ;
#1790 = ORIENTED_EDGE ( 'NONE', *, *, #2561, .T. ) ;
#1791 = DIRECTION ( 'NONE',  ( 0.0000000000000000000, -1.000000000000000000, 2.168404344971008900E-015 ) ) ;
#1792 = ORIENTED_EDGE ( 'NONE', *, *, #165, .T. ) ;
#1793 = DIRECTION ( 'NONE',  ( -3.097720492815727200E-016, -0.0000000000000000000, -1.000000000000000000 ) ) ;
#1794 = AXIS2_PLACEMENT_3D ( 'NONE', #3093, #3366, #1751 ) ;
#1795 = DIRECTION ( 'NONE',  ( 0.0000000000000000000, 0.0000000000000000000, -1.000000000000000000 ) ) ;
#1796 = CIRCLE ( 'NONE', #3514, 0.2000000000000000900 ) ;
#1797 = DIRECTION ( 'NONE',  ( -0.0000000000000000000, -1.000000000000000000, -0.0000000000000000000 ) ) ;
#1798 = VERTEX_POINT ( 'NONE', #1521 ) ;
#1799 = ORIENTED_EDGE ( 'NONE', *, *, #1401, .F. ) ;
#1800 = PLANE ( 'NONE',  #2553 ) ;
#1801 = DIRECTION ( 'NONE',  ( -1.000000000000000000, 0.0000000000000000000, 0.0000000000000000000 ) ) ;
#1802 = DIRECTION ( 'NONE',  ( 0.0000000000000000000, 0.0000000000000000000, -1.000000000000000000 ) ) ;
#1803 = ORIENTED_EDGE ( 'NONE', *, *, #2864, .T. ) ;
#1804 = APPLICATION_CONTEXT ( 'automotive_design' ) ;
#1805 = CARTESIAN_POINT ( 'NONE',  ( -1.600000000000000100, 0.2352080016535703100, 0.1678453236622475800 ) ) ;
#1806 = DIRECTION ( 'NONE',  ( -1.000000000000000000, 0.0000000000000000000, 2.449293598294705900E-016 ) ) ;
#1807 = VERTEX_POINT ( 'NONE', #469 ) ;
#1808 = CARTESIAN_POINT ( 'NONE',  ( 1.992760902614056000, 1.800000000000000000, -1.113802845483271400 ) ) ;
#1809 = LINE ( 'NONE', #2720, #1762 ) ;
#1810 = DIRECTION ( 'NONE',  ( 1.000000000000000000, 0.0000000000000000000, 0.0000000000000000000 ) ) ;
#1811 = LINE ( 'NONE', #1950, #772 ) ;
#1812 = CARTESIAN_POINT ( 'NONE',  ( 0.9000000000000001300, 0.0000000000000000000, -1.250000000000000000 ) ) ;
#1813 = CARTESIAN_POINT ( 'NONE',  ( -0.9000000000000000200, 0.2491064769153993300, 0.6126977714965141700 ) ) ;
#1814 = FACE_OUTER_BOUND ( 'NONE', #805, .T. ) ;
#1815 = AXIS2_PLACEMENT_3D ( 'NONE', #3101, #3141, #1764 ) ;
#1816 = VERTEX_POINT ( 'NONE', #1024 ) ;
#1817 = CARTESIAN_POINT ( 'NONE',  ( -1.600000000000000100, 0.2352080016535702800, 0.3013390105916600700 ) ) ;
#1818 = LINE ( 'NONE', #971, #2043 ) ;
#1819 = CARTESIAN_POINT ( 'NONE',  ( -1.564999999999999900, 0.1771672682059996200, 0.3013390105916604600 ) ) ;
#1820 = VECTOR ( 'NONE', #2141, 1000.000000000000000 ) ;
#1821 = CARTESIAN_POINT ( 'NONE',  ( -1.600000000000000100, 0.2491064769153993300, 0.6618042484119133200 ) ) ;
#1822 = VERTEX_POINT ( 'NONE', #2115 ) ;
#1823 = VECTOR ( 'NONE', #3553, 1000.000000000000000 ) ;
#1824 = APPLICATION_CONTEXT ( 'automotive_design' ) ;
#1825 = AXIS2_PLACEMENT_3D ( 'NONE', #2779, #3304, #624 ) ;
#1826 = FACE_OUTER_BOUND ( 'NONE', #2338, .T. ) ;
#1827 = ORIENTED_EDGE ( 'NONE', *, *, #783, .T. ) ;
#1828 = DIRECTION ( 'NONE',  ( 1.000000000000000000, 0.0000000000000000000, 0.0000000000000000000 ) ) ;
#1829 = ORIENTED_EDGE ( 'NONE', *, *, #3349, .F. ) ;
#1830 = DIRECTION ( 'NONE',  ( 1.000000000000000000, 0.0000000000000000000, -0.0000000000000000000 ) ) ;
#1831 = ORIENTED_EDGE ( 'NONE', *, *, #1106, .T. ) ;
#1832 = CARTESIAN_POINT ( 'NONE',  ( -1.320737880895372700, 1.774118095489748400, 0.6999999999999985100 ) ) ;
#1833 = EDGE_LOOP ( 'NONE', ( #631, #3356, #2254, #792, #322, #2375, #3446, #1935, #1693, #1781, #3518, #2507 ) ) ;
#1834 = DIRECTION ( 'NONE',  ( -1.000000000000000000, -0.0000000000000000000, -0.0000000000000000000 ) ) ;
#1835 = DIRECTION ( 'NONE',  ( -0.0000000000000000000, -1.000000000000000000, 2.168404344971008900E-015 ) ) ;
#1836 = ORIENTED_EDGE ( 'NONE', *, *, #3265, .F. ) ;
#1837 = VERTEX_POINT ( 'NONE', #2109 ) ;
#1838 = CARTESIAN_POINT ( 'NONE',  ( -0.9000000000000003600, 2.475000000000000100, -0.6999999999999997300 ) ) ;
#1839 = EDGE_CURVE ( 'NONE', #3496, #1127, #2329, .T. ) ;
#1840 = EDGE_LOOP ( 'NONE', ( #1789, #2019, #2870, #2186 ) ) ;
#1841 = CARTESIAN_POINT ( 'NONE',  ( 0.9000000000000001300, 1.102182119232617800E-016, -0.4500000000000001200 ) ) ;
#1842 = CARTESIAN_POINT ( 'NONE',  ( 0.9000000000000001300, 0.05000000000000000300, -1.214999999999999900 ) ) ;
#1843 = AXIS2_PLACEMENT_3D ( 'NONE', #1250, #171, #982 ) ;
#1844 = CARTESIAN_POINT ( 'NONE',  ( 1.600000000000000100, 0.2000000000000001800, -0.6618042484119135400 ) ) ;
#1845 = DIRECTION ( 'NONE',  ( -2.449293598294705900E-016, 0.0000000000000000000, -1.000000000000000000 ) ) ;
#1846 = ORIENTED_EDGE ( 'NONE', *, *, #1060, .F. ) ;
#1847 = FACE_OUTER_BOUND ( 'NONE', #2619, .T. ) ;
#1848 = CARTESIAN_POINT ( 'NONE',  ( -0.9000000000000001300, 0.1771672682059996200, 0.3013390105916600700 ) ) ;
#1849 = EDGE_CURVE ( 'NONE', #3011, #911, #1163, .T. ) ;
#1850 = EDGE_CURVE ( 'NONE', #600, #3476, #1688, .T. ) ;
#1851 = CARTESIAN_POINT ( 'NONE',  ( 0.9000000000000001300, 0.2491064769153990300, 0.3084354357119418200 ) ) ;
#1852 = ADVANCED_FACE ( 'NONE', ( #2521 ), #1999, .F. ) ;
#1853 = DIRECTION ( 'NONE',  ( 1.000000000000000000, 0.0000000000000000000, 0.0000000000000000000 ) ) ;
#1854 = VECTOR ( 'NONE', #1434, 1000.000000000000000 ) ;
#1855 = CARTESIAN_POINT ( 'NONE',  ( -0.9000000000000001300, 1.102182119232617800E-016, -0.4500000000000001200 ) ) ;
#1856 = DIRECTION ( 'NONE',  ( -0.0000000000000000000, 1.000000000000000000, 0.0000000000000000000 ) ) ;
#1857 = LINE ( 'NONE', #2167, #3373 ) ;
#1858 = FACE_OUTER_BOUND ( 'NONE', #2132, .T. ) ;
#1859 = VECTOR ( 'NONE', #2600, 1000.000000000000000 ) ;
#1860 = DIRECTION ( 'NONE',  ( 0.0000000000000000000, 1.000000000000000000, 0.0000000000000000000 ) ) ;
#1861 = EDGE_CURVE ( 'NONE', #3476, #2580, #2400, .T. ) ;
#1862 = VERTEX_POINT ( 'NONE', #796 ) ;
#1863 = DIRECTION ( 'NONE',  ( -1.000000000000000000, 0.0000000000000000000, 0.0000000000000000000 ) ) ;
#1864 = LINE ( 'NONE', #2345, #3505 ) ;
#1865 = DIRECTION ( 'NONE',  ( 0.0000000000000000000, 0.0000000000000000000, -1.000000000000000000 ) ) ;
#1866 = TOROIDAL_SURFACE ( 'NONE', #1510, 0.5173304635242798000, 0.1000000000000000100 ) ;
#1867 = CARTESIAN_POINT ( 'NONE',  ( 0.9000000000000001300, 0.2352080016535702800, 0.3013390105916600700 ) ) ;
#1868 = CARTESIAN_POINT ( 'NONE',  ( 1.600000000000000100, 0.2000000000000000100, 1.249999999999999600 ) ) ;
#1869 = EDGE_LOOP ( 'NONE', ( #3123, #3063, #3284, #1276 ) ) ;
#1870 = LINE ( 'NONE', #3105, #1340 ) ;
#1871 = PRODUCT_DEFINITION ( 'UNKNOWN', '', #1262, #2534 ) ;
#1872 = ADVANCED_FACE ( 'NONE', ( #703 ), #1113, .F. ) ;
#1873 = ORIENTED_EDGE ( 'NONE', *, *, #2028, .T. ) ;
#1874 = ORIENTED_EDGE ( 'NONE', *, *, #1969, .T. ) ;
#1875 = ORIENTED_EDGE ( 'NONE', *, *, #1963, .F. ) ;
#1876 = DIRECTION ( 'NONE',  ( 4.818676322157798400E-016, 0.0000000000000000000, 1.000000000000000000 ) ) ;
#1877 = ORIENTED_EDGE ( 'NONE', *, *, #3072, .F. ) ;
#1878 = DIRECTION ( 'NONE',  ( 0.0000000000000000000, 1.000000000000000000, 0.0000000000000000000 ) ) ;
#1879 = CARTESIAN_POINT ( 'NONE',  ( -0.9000000000000001300, 0.2000000000000003200, -1.250000000000000000 ) ) ;
#1880 = ORIENTED_EDGE ( 'NONE', *, *, #117, .T. ) ;
#1881 = VECTOR ( 'NONE', #1208, 1000.000000000000000 ) ;
#1882 = DIRECTION ( 'NONE',  ( 0.0000000000000000000, 0.0000000000000000000, -1.000000000000000000 ) ) ;
#1883 = ORIENTED_EDGE ( 'NONE', *, *, #2932, .T. ) ;
#1884 = ORIENTED_EDGE ( 'NONE', *, *, #1738, .T. ) ;
#1885 = ORIENTED_EDGE ( 'NONE', *, *, #2601, .F. ) ;
#1886 = DIRECTION ( 'NONE',  ( -0.0000000000000000000, -0.0000000000000000000, -1.000000000000000000 ) ) ;
#1887 = AXIS2_PLACEMENT_3D ( 'NONE', #2321, #98, #86 ) ;
#1888 = CARTESIAN_POINT ( 'NONE',  ( 0.9000000000000001300, 0.2352080016535703100, 0.1678453236622475800 ) ) ;
#1889 = ADVANCED_FACE ( 'NONE', ( #2751 ), #618, .T. ) ;
#1890 = DIRECTION ( 'NONE',  ( 1.000000000000000000, 0.0000000000000000000, 0.0000000000000000000 ) ) ;
#1891 = CARTESIAN_POINT ( 'NONE',  ( 0.9000000000000002400, 2.700000000000000200, 0.6999999999999997300 ) ) ;
#1892 = AXIS2_PLACEMENT_3D ( 'NONE', #2785, #2762, #596 ) ;
#1893 = ORIENTED_EDGE ( 'NONE', *, *, #226, .F. ) ;
#1894 = EDGE_CURVE ( 'NONE', #2919, #1523, #2665, .T. ) ;
#1895 = VECTOR ( 'NONE', #2350, 1000.000000000000000 ) ;
#1896 = CARTESIAN_POINT ( 'NONE',  ( -1.564999999999999700, 1.700000000000000000, 1.215000000000000300 ) ) ;
#1897 = VECTOR ( 'NONE', #1828, 1000.000000000000000 ) ;
#1898 = EDGE_CURVE ( 'NONE', #3398, #1258, #309, .T. ) ;
#1899 = DIRECTION ( 'NONE',  ( -1.000000000000000000, -0.0000000000000000000, 2.449293598294705900E-016 ) ) ;
#1900 = CARTESIAN_POINT ( 'NONE',  ( 0.9000000000000001300, 1.102182119232617800E-016, -0.4500000000000001200 ) ) ;
#1901 = EDGE_CURVE ( 'NONE', #3456, #2064, #3, .T. ) ;
#1902 = LINE ( 'NONE', #2420, #1947 ) ;
#1903 = CARTESIAN_POINT ( 'NONE',  ( 0.9000000000000002400, 2.533234285148065800, 0.6999999999999996200 ) ) ;
#1904 = CARTESIAN_POINT ( 'NONE',  ( 0.9000000000000001300, 0.0000000000000000000, -0.4499999999999997900 ) ) ;
#1905 = VERTEX_POINT ( 'NONE', #1729 ) ;
#1906 = ORIENTED_EDGE ( 'NONE', *, *, #2318, .F. ) ;
#1907 = FACE_OUTER_BOUND ( 'NONE', #924, .T. ) ;
#1908 = ADVANCED_FACE ( 'NONE', ( #2871 ), #3508, .F. ) ;
#1909 = LINE ( 'NONE', #1014, #1820 ) ;
#1910 = AXIS2_PLACEMENT_3D ( 'NONE', #426, #2606, #3154 ) ;
#1911 = ORIENTED_EDGE ( 'NONE', *, *, #2625, .F. ) ;
#1912 = DIRECTION ( 'NONE',  ( 0.0000000000000000000, 0.0000000000000000000, 1.000000000000000000 ) ) ;
#1913 = CIRCLE ( 'NONE', #549, 0.3042623357845721800 ) ;
#1914 = EDGE_CURVE ( 'NONE', #3186, #2331, #1600, .T. ) ;
#1915 = AXIS2_PLACEMENT_3D ( 'NONE', #453, #739, #1297 ) ;
#1916 = ORIENTED_EDGE ( 'NONE', *, *, #2938, .F. ) ;
#1917 = VERTEX_POINT ( 'NONE', #460 ) ;
#1918 = CARTESIAN_POINT ( 'NONE',  ( 0.9532970616926266200, 1.800000000000000000, -1.113802845483271400 ) ) ;
#1919 = EDGE_CURVE ( 'NONE', #2450, #1816, #2123, .T. ) ;
#1920 = CARTESIAN_POINT ( 'NONE',  ( -0.9000000000000000200, 1.800000000000000000, 0.6999999999999998400 ) ) ;
#1921 = ORIENTED_EDGE ( 'NONE', *, *, #1683, .T. ) ;
#1922 = DIRECTION ( 'NONE',  ( -0.0000000000000000000, -0.0000000000000000000, 1.000000000000000000 ) ) ;
#1923 = EDGE_LOOP ( 'NONE', ( #2197, #1304, #2134, #3414 ) ) ;
#1924 = ORIENTED_EDGE ( 'NONE', *, *, #737, .T. ) ;
#1925 = EDGE_CURVE ( 'NONE', #1554, #1710, #484, .T. ) ;
#1926 = ADVANCED_FACE ( 'NONE', ( #1907 ), #653, .F. ) ;
#1927 = DIRECTION ( 'NONE',  ( 1.000000000000000000, 0.0000000000000000000, 0.0000000000000000000 ) ) ;
#1928 = ORIENTED_EDGE ( 'NONE', *, *, #636, .T. ) ;
#1929 = DIRECTION ( 'NONE',  ( 1.000000000000000000, 0.0000000000000000000, 0.0000000000000000000 ) ) ;
#1930 = EDGE_LOOP ( 'NONE', ( #1911, #3447, #1885, #413, #959, #3190, #1399, #2099, #1343, #2820, #2419, #325, #750, #3537, #2566, #1642, #1511, #2261 ) ) ;
#1931 = DIRECTION ( 'NONE',  ( 1.000000000000000000, 0.0000000000000000000, 0.0000000000000000000 ) ) ;
#1932 = CARTESIAN_POINT ( 'NONE',  ( 1.215040734568392200, 1.700000000000000000, -1.077871221049409900 ) ) ;
#1933 = CARTESIAN_POINT ( 'NONE',  ( -1.600000000000000100, 0.9375464517754831300, -2.671744672970104100E-016 ) ) ;
#1934 = AXIS2_PLACEMENT_3D ( 'NONE', #491, #2958, #3239 ) ;
#1935 = ORIENTED_EDGE ( 'NONE', *, *, #1580, .T. ) ;
#1936 = CARTESIAN_POINT ( 'NONE',  ( 0.9000000000000001300, 0.1771672682059997100, -0.3013390105916604100 ) ) ;
#1937 = DIRECTION ( 'NONE',  ( 0.0000000000000000000, 1.000000000000000000, 0.0000000000000000000 ) ) ;
#1938 = CARTESIAN_POINT ( 'NONE',  ( 1.600000000000000100, 0.2352080016535703100, 0.1678453236622475800 ) ) ;
#1939 = CARTESIAN_POINT ( 'NONE',  ( 1.085688777122870900, 1.762990807019932300, -1.082316848066113200 ) ) ;
#1940 = CARTESIAN_POINT ( 'NONE',  ( -0.8999999999999999100, 1.331239223509012500, 1.215000000000000100 ) ) ;
#1941 = STYLED_ITEM ( 'NONE', ( #2112 ), #3005 ) ;
#1942 = DIRECTION ( 'NONE',  ( 2.724492222300776200E-015, 0.0000000000000000000, 1.000000000000000000 ) ) ;
#1943 = LINE ( 'NONE', #1053, #3369 ) ;
#1944 = ADVANCED_FACE ( 'NONE', ( #217 ), #2632, .T. ) ;
#1945 = ORIENTED_EDGE ( 'NONE', *, *, #1093, .F. ) ;
#1946 = EDGE_CURVE ( 'NONE', #2928, #3170, #1334, .T. ) ;
#1947 = VECTOR ( 'NONE', #3506, 1000.000000000000000 ) ;
#1948 = VECTOR ( 'NONE', #119, 1000.000000000000000 ) ;
#1949 = DIRECTION ( 'NONE',  ( 0.0000000000000000000, 0.0000000000000000000, -1.000000000000000000 ) ) ;
#1950 = CARTESIAN_POINT ( 'NONE',  ( 0.9000000000000001300, 0.2000000000000003200, -1.250000000000000000 ) ) ;
#1951 = ORIENTED_EDGE ( 'NONE', *, *, #1231, .T. ) ;
#1952 = LINE ( 'NONE', #2889, #3341 ) ;
#1953 = CIRCLE ( 'NONE', #1392, 0.4687607764909875700 ) ;
#1954 = DIRECTION ( 'NONE',  ( 0.0000000000000000000, 1.000000000000000000, 0.0000000000000000000 ) ) ;
#1955 = ORIENTED_EDGE ( 'NONE', *, *, #3283, .T. ) ;
#1956 = AXIS2_PLACEMENT_3D ( 'NONE', #2895, #3426, #174 ) ;
#1957 = CIRCLE ( 'NONE', #2266, 0.04910647691539935700 ) ;
#1958 = ORIENTED_EDGE ( 'NONE', *, *, #552, .T. ) ;
#1959 = ORIENTED_EDGE ( 'NONE', *, *, #1894, .F. ) ;
#1960 = CARTESIAN_POINT ( 'NONE',  ( 0.9000000000000001300, 0.1771672682059996200, 0.3013390105916600700 ) ) ;
#1961 = ADVANCED_FACE ( 'NONE', ( #1119 ), #3494, .T. ) ;
#1962 = DIRECTION ( 'NONE',  ( 0.0000000000000000000, 0.0000000000000000000, -1.000000000000000000 ) ) ;
#1963 = EDGE_CURVE ( 'NONE', #3403, #2244, #1248, .T. ) ;
#1964 = AXIS2_PLACEMENT_3D ( 'NONE', #3406, #1546, #405 ) ;
#1965 = ORIENTED_EDGE ( 'NONE', *, *, #1662, .T. ) ;
#1966 = ORIENTED_EDGE ( 'NONE', *, *, #853, .T. ) ;
#1967 = CARTESIAN_POINT ( 'NONE',  ( 1.600000000000000100, 0.0000000000000000000, -1.250000000000000000 ) ) ;
#1968 = CARTESIAN_POINT ( 'NONE',  ( -0.9000000000000000200, 2.700000000000000200, 0.6999999999999999600 ) ) ;
#1969 = EDGE_CURVE ( 'NONE', #2791, #2732, #3490, .T. ) ;
#1970 = EDGE_CURVE ( 'NONE', #2098, #2780, #2483, .T. ) ;
#1971 = DIRECTION ( 'NONE',  ( 0.0000000000000000000, 2.168404344971008900E-015, 1.000000000000000000 ) ) ;
#1972 = VERTEX_POINT ( 'NONE', #1844 ) ;
#1973 = VECTOR ( 'NONE', #2772, 1000.000000000000000 ) ;
#1974 = DIRECTION ( 'NONE',  ( 1.574375577468391800E-016, 0.7660444431189797900, 0.6427876096865372500 ) ) ;
#1975 = DIRECTION ( 'NONE',  ( -1.000000000000000000, 0.0000000000000000000, 2.449293598294705900E-016 ) ) ;
#1976 = ORIENTED_EDGE ( 'NONE', *, *, #1586, .T. ) ;
#1977 = ORIENTED_EDGE ( 'NONE', *, *, #165, .F. ) ;
#1978 = EDGE_CURVE ( 'NONE', #2831, #2791, #575, .T. ) ;
#1979 = EDGE_CURVE ( 'NONE', #2218, #11, #47, .T. ) ;
#1980 = DIRECTION ( 'NONE',  ( 0.0000000000000000000, 1.000000000000000000, 0.0000000000000000000 ) ) ;
#1981 = ORIENTED_EDGE ( 'NONE', *, *, #2210, .F. ) ;
#1982 = CARTESIAN_POINT ( 'NONE',  ( -0.9000000000000001300, 0.2352080016535703100, -0.1678453236622473600 ) ) ;
#1983 = DIRECTION ( 'NONE',  ( 0.0000000000000000000, 0.0000000000000000000, -1.000000000000000000 ) ) ;
#1984 = CARTESIAN_POINT ( 'NONE',  ( -0.9000000000000006900, 1.800000000000000000, -1.113802845483271100 ) ) ;
#1985 = CARTESIAN_POINT ( 'NONE',  ( 1.564999999999999900, 0.1999999999999999800, 0.6618042484119133200 ) ) ;
#1986 = CARTESIAN_POINT ( 'NONE',  ( 0.9000000000000001300, 0.2491064769153993300, -0.6618042484119133200 ) ) ;
#1987 = AXIS2_PLACEMENT_3D ( 'NONE', #91, #375, #1768 ) ;
#1988 = EDGE_LOOP ( 'NONE', ( #3527, #498, #1543, #677, #1405 ) ) ;
#1989 = EDGE_CURVE ( 'NONE', #680, #3224, #2086, .T. ) ;
#1990 = ORIENTED_EDGE ( 'NONE', *, *, #1970, .T. ) ;
#1991 = AXIS2_PLACEMENT_3D ( 'NONE', #335, #65, #28 ) ;
#1992 = LINE ( 'NONE', #719, #2078 ) ;
#1993 = DIRECTION ( 'NONE',  ( -1.000000000000000000, 0.0000000000000000000, -0.0000000000000000000 ) ) ;
#1994 = CARTESIAN_POINT ( 'NONE',  ( -1.564999999999999900, 0.9375464517754831300, 1.161399808361110600E-016 ) ) ;
#1995 = CIRCLE ( 'NONE', #1892, 0.3042623357845721800 ) ;
#1996 = FILL_AREA_STYLE ('',( #859 ) ) ;
#1997 = FACE_OUTER_BOUND ( 'NONE', #2111, .T. ) ;
#1998 = VERTEX_POINT ( 'NONE', #272 ) ;
#1999 = CYLINDRICAL_SURFACE ( 'NONE', #1915, 0.2000000000000000900 ) ;
#2000 = CARTESIAN_POINT ( 'NONE',  ( -1.224646799147356400E-017, 1.800000000000000000, -1.193596045024971000 ) ) ;
#2001 = LINE ( 'NONE', #2549, #3464 ) ;
#2002 = CARTESIAN_POINT ( 'NONE',  ( -0.9000000000000001300, 0.2352080016535703100, 0.1678453236622475800 ) ) ;
#2003 = VERTEX_POINT ( 'NONE', #284 ) ;
#2004 = EDGE_LOOP ( 'NONE', ( #3062, #2539, #816, #3157 ) ) ;
#2005 = ADVANCED_FACE ( 'NONE', ( #3428 ), #3467, .T. ) ;
#2006 = CARTESIAN_POINT ( 'NONE',  ( -1.146579437399557900, 1.729906060138485900, -1.214999999999999600 ) ) ;
#2007 = LINE ( 'NONE', #1397, #746 ) ;
#2008 = LINE ( 'NONE', #812, #953 ) ;
#2009 = CARTESIAN_POINT ( 'NONE',  ( -1.600000000000000100, 0.0000000000000000000, 1.250000000000000000 ) ) ;
#2010 = CARTESIAN_POINT ( 'NONE',  ( -1.251784245380883400, 1.899999999999999900, 1.193596045024971200 ) ) ;
#2011 = EDGE_CURVE ( 'NONE', #1320, #3264, #1295, .T. ) ;
#2012 = ORIENTED_EDGE ( 'NONE', *, *, #1145, .T. ) ;
#2013 = VERTEX_POINT ( 'NONE', #2477 ) ;
#2014 = CARTESIAN_POINT ( 'NONE',  ( 1.417330463524280000, 1.700000000000000000, -0.6999999999999981800 ) ) ;
#2015 = AXIS2_PLACEMENT_3D ( 'NONE', #1142, #2277, #1733 ) ;
#2016 = ORIENTED_EDGE ( 'NONE', *, *, #2966, .T. ) ;
#2017 = ORIENTED_EDGE ( 'NONE', *, *, #2383, .F. ) ;
#2018 = CARTESIAN_POINT ( 'NONE',  ( 1.564999999999999900, 0.5267751238522144800, -0.1840341033824127400 ) ) ;
#2019 = ORIENTED_EDGE ( 'NONE', *, *, #2531, .F. ) ;
#2020 = EDGE_CURVE ( 'NONE', #2780, #496, #1775, .T. ) ;
#2021 = ORIENTED_EDGE ( 'NONE', *, *, #1547, .F. ) ;
#2022 = EDGE_CURVE ( 'NONE', #3302, #2461, #1157, .T. ) ;
#2023 =( NAMED_UNIT ( * ) SI_UNIT ( $, .STERADIAN. ) SOLID_ANGLE_UNIT ( ) );
#2024 = CARTESIAN_POINT ( 'NONE',  ( -0.9000000000000000200, 2.475000000000000100, 0.6999999999999999600 ) ) ;
#2025 = DIRECTION ( 'NONE',  ( -1.000000000000000000, -0.0000000000000000000, 0.0000000000000000000 ) ) ;
#2026 = ORIENTED_EDGE ( 'NONE', *, *, #1211, .F. ) ;
#2027 = DIRECTION ( 'NONE',  ( 0.0000000000000000000, 1.000000000000000000, 0.0000000000000000000 ) ) ;
#2028 = EDGE_CURVE ( 'NONE', #1816, #2656, #2325, .T. ) ;
#2029 = FACE_OUTER_BOUND ( 'NONE', #175, .T. ) ;
#2030 = PLANE ( 'NONE',  #3339 ) ;
#2031 = AXIS2_PLACEMENT_3D ( 'NONE', #1838, #3205, #1876 ) ;
#2032 = VECTOR ( 'NONE', #3450, 1000.000000000000000 ) ;
#2033 = CARTESIAN_POINT ( 'NONE',  ( -1.564999999999999700, 0.1999999999999999800, 0.6618042484119137600 ) ) ;
#2034 = DIRECTION ( 'NONE',  ( 0.0000000000000000000, 1.000000000000000000, 0.0000000000000000000 ) ) ;
#2035 = ORIENTED_EDGE ( 'NONE', *, *, #49, .T. ) ;
#2036 = DIRECTION ( 'NONE',  ( 0.0000000000000000000, 0.0000000000000000000, -1.000000000000000000 ) ) ;
#2037 = VECTOR ( 'NONE', #1731, 1000.000000000000000 ) ;
#2038 = CARTESIAN_POINT ( 'NONE',  ( -1.564999999999999700, 0.2000000000000000900, 1.215000000000000300 ) ) ;
#2039 = VECTOR ( 'NONE', #1064, 1000.000000000000200 ) ;
#2040 = EDGE_CURVE ( 'NONE', #3496, #1048, #527, .T. ) ;
#2041 = EDGE_CURVE ( 'NONE', #2482, #2064, #441, .T. ) ;
#2042 = EDGE_LOOP ( 'NONE', ( #3477, #3290, #3193, #2754 ) ) ;
#2043 = VECTOR ( 'NONE', #3441, 1000.000000000000000 ) ;
#2044 = CARTESIAN_POINT ( 'NONE',  ( 0.9000000000000001300, 0.2000000000000000100, 1.249999999999999600 ) ) ;
#2045 = LINE ( 'NONE', #1049, #90 ) ;
#2046 = DIRECTION ( 'NONE',  ( 0.0000000000000000000, 0.7660444431189797900, -0.6427876096865372500 ) ) ;
#2047 = DIRECTION ( 'NONE',  ( 0.0000000000000000000, 0.0000000000000000000, 1.000000000000000000 ) ) ;
#2048 = ORIENTED_EDGE ( 'NONE', *, *, #1625, .T. ) ;
#2049 = FACE_OUTER_BOUND ( 'NONE', #1664, .T. ) ;
#2050 = CARTESIAN_POINT ( 'NONE',  ( -0.9000000000000001300, 0.0000000000000000000, 0.4499999999999997900 ) ) ;
#2051 = DIRECTION ( 'NONE',  ( -1.000000000000000000, 0.0000000000000000000, 2.449293598294705900E-016 ) ) ;
#2052 = ORIENTED_EDGE ( 'NONE', *, *, #1776, .T. ) ;
#2053 = DIRECTION ( 'NONE',  ( 0.0000000000000000000, 1.000000000000000000, 0.0000000000000000000 ) ) ;
#2054 = VERTEX_POINT ( 'NONE', #394 ) ;
#2055 = DIRECTION ( 'NONE',  ( 1.000000000000000000, 0.0000000000000000000, 0.0000000000000000000 ) ) ;
#2056 = ORIENTED_EDGE ( 'NONE', *, *, #118, .F. ) ;
#2057 = ORIENTED_EDGE ( 'NONE', *, *, #1022, .T. ) ;
#2058 = DIRECTION ( 'NONE',  ( 1.000000000000000000, 0.0000000000000000000, -3.854941057726238700E-015 ) ) ;
#2059 = AXIS2_PLACEMENT_3D ( 'NONE', #2343, #424, #3124 ) ;
#2060 = VERTEX_POINT ( 'NONE', #3372 ) ;
#2061 = CARTESIAN_POINT ( 'NONE',  ( 0.9000000000000001300, 0.2491064769153990300, -0.3084354357119418200 ) ) ;
#2062 = CYLINDRICAL_SURFACE ( 'NONE', #2944, 0.04910647691539935700 ) ;
#2063 = CARTESIAN_POINT ( 'NONE',  ( 0.0000000000000000000, 0.0000000000000000000, 0.0000000000000000000 ) ) ;
#2064 = VERTEX_POINT ( 'NONE', #1985 ) ;
#2065 = DIRECTION ( 'NONE',  ( -0.2588190451025148000, -0.9659258262890698700, 6.339238302863384400E-017 ) ) ;
#2066 = DIRECTION ( 'NONE',  ( 0.0000000000000000000, -2.304084502391925000E-016, 1.000000000000000000 ) ) ;
#2067 = DIRECTION ( 'NONE',  ( -0.0000000000000000000, 1.000000000000000000, 0.0000000000000000000 ) ) ;
#2068 = ORIENTED_EDGE ( 'NONE', *, *, #853, .F. ) ;
#2069 = DIRECTION ( 'NONE',  ( 3.772373846262613200E-015, 0.0000000000000000000, 1.000000000000000000 ) ) ;
#2070 = CARTESIAN_POINT ( 'NONE',  ( 3.259409350337610800E-016, 0.05000000000000000300, -1.214999999999999900 ) ) ;
#2071 = CARTESIAN_POINT ( 'NONE',  ( -0.9000000000000001300, 0.2352080016535703600, -0.1678453236622478600 ) ) ;
#2072 = DIRECTION ( 'NONE',  ( -1.000000000000000000, 0.0000000000000000000, 0.0000000000000000000 ) ) ;
#2073 = CARTESIAN_POINT ( 'NONE',  ( 0.9000000000000002400, 1.800000000000000000, -0.6999999999999996200 ) ) ;
#2074 = DIRECTION ( 'NONE',  ( 1.000000000000000000, 0.0000000000000000000, 0.0000000000000000000 ) ) ;
#2075 = LINE ( 'NONE', #76, #640 ) ;
#2076 = VERTEX_POINT ( 'NONE', #99 ) ;
#2077 = ORIENTED_EDGE ( 'NONE', *, *, #2094, .T. ) ;
#2078 = VECTOR ( 'NONE', #204, 1000.000000000000000 ) ;
#2079 = DIRECTION ( 'NONE',  ( 0.0000000000000000000, -1.000000000000000000, -1.614882900561510400E-016 ) ) ;
#2080 = AXIS2_PLACEMENT_3D ( 'NONE', #2378, #3176, #2905 ) ;
#2081 = LINE ( 'NONE', #2613, #343 ) ;
#2082 = CARTESIAN_POINT ( 'NONE',  ( 0.0000000000000000000, 1.700000000000000000, 0.0000000000000000000 ) ) ;
#2083 = PLANE ( 'NONE',  #1910 ) ;
#2084 = FACE_OUTER_BOUND ( 'NONE', #832, .T. ) ;
#2085 = ORIENTED_EDGE ( 'NONE', *, *, #1458, .F. ) ;
#2086 = LINE ( 'NONE', #246, #2164 ) ;
#2087 = EDGE_CURVE ( 'NONE', #3143, #880, #3381, .T. ) ;
#2088 = VECTOR ( 'NONE', #2591, 1000.000000000000000 ) ;
#2089 = CARTESIAN_POINT ( 'NONE',  ( -0.9000000000000000200, 0.2491064769153993300, 0.6618042484119135400 ) ) ;
#2090 = EDGE_LOOP ( 'NONE', ( #467, #2143, #2890, #617 ) ) ;
#2091 = CARTESIAN_POINT ( 'NONE',  ( 1.600000000000000100, 0.2352080016535702800, 0.2345921671269538300 ) ) ;
#2092 = VECTOR ( 'NONE', #670, 1000.000000000000000 ) ;
#2093 = LINE ( 'NONE', #240, #3051 ) ;
#2094 = EDGE_CURVE ( 'NONE', #3224, #1710, #3256, .T. ) ;
#2095 = DIRECTION ( 'NONE',  ( 0.0000000000000000000, 0.0000000000000000000, -1.000000000000000000 ) ) ;
#2096 = ORIENTED_EDGE ( 'NONE', *, *, #2040, .F. ) ;
#2097 = EDGE_CURVE ( 'NONE', #1267, #3010, #1952, .T. ) ;
#2098 = VERTEX_POINT ( 'NONE', #1832 ) ;
#2099 = ORIENTED_EDGE ( 'NONE', *, *, #2916, .F. ) ;
#2100 = ORIENTED_EDGE ( 'NONE', *, *, #243, .F. ) ;
#2101 = FACE_OUTER_BOUND ( 'NONE', #258, .T. ) ;
#2102 = CARTESIAN_POINT ( 'NONE',  ( -0.9532970616926265100, 1.800000000000000000, 1.113802845483271600 ) ) ;
#2103 = DIRECTION ( 'NONE',  ( 1.000000000000000000, -0.0000000000000000000, -8.923474670662587900E-017 ) ) ;
#2104 = DIRECTION ( 'NONE',  ( -1.000000000000000000, 0.0000000000000000000, 2.449293598294705900E-016 ) ) ;
#2105 = EDGE_CURVE ( 'NONE', #1080, #2681, #1818, .T. ) ;
#2106 = VERTEX_POINT ( 'NONE', #1275 ) ;
#2107 = CARTESIAN_POINT ( 'NONE',  ( -1.564999999999999900, 0.2352080016535702800, -0.2345921671269534400 ) ) ;
#2108 = EDGE_CURVE ( 'NONE', #1644, #1380, #948, .T. ) ;
#2109 = CARTESIAN_POINT ( 'NONE',  ( -1.564999999999999900, 0.05000000000000000300, -0.4080450184411356100 ) ) ;
#2110 = CARTESIAN_POINT ( 'NONE',  ( -1.417330463524280000, 1.800000000000000300, 0.6999999999999981800 ) ) ;
#2111 = EDGE_LOOP ( 'NONE', ( #61, #583, #1042, #3314 ) ) ;
#2112 = PRESENTATION_STYLE_ASSIGNMENT (( #724 ) ) ;
#2113 = VERTEX_POINT ( 'NONE', #1289 ) ;
#2114 = VECTOR ( 'NONE', #372, 1000.000000000000000 ) ;
#2115 = CARTESIAN_POINT ( 'NONE',  ( -0.9000000000000001300, 0.2352080016535703600, -0.1678453236622478600 ) ) ;
#2116 = PLANE ( 'NONE',  #390 ) ;
#2117 = CIRCLE ( 'NONE', #3155, 0.04910647691539935700 ) ;
#2118 = DIRECTION ( 'NONE',  ( 2.449293598294705900E-016, -0.0000000000000000000, 1.000000000000000000 ) ) ;
#2119 = ORIENTED_EDGE ( 'NONE', *, *, #483, .T. ) ;
#2120 = VECTOR ( 'NONE', #1937, 1000.000000000000000 ) ;
#2121 = FACE_OUTER_BOUND ( 'NONE', #594, .T. ) ;
#2122 = ORIENTED_EDGE ( 'NONE', *, *, #1725, .T. ) ;
#2123 = LINE ( 'NONE', #2595, #136 ) ;
#2124 = MECHANICAL_DESIGN_GEOMETRIC_PRESENTATION_REPRESENTATION (  '', ( #1004 ), #271 ) ;
#2125 = ADVANCED_FACE ( 'NONE', ( #1199 ), #2746, .F. ) ;
#2126 = VECTOR ( 'NONE', #3507, 1000.000000000000000 ) ;
#2127 = ORIENTED_EDGE ( 'NONE', *, *, #3408, .F. ) ;
#2128 = LINE ( 'NONE', #385, #659 ) ;
#2129 = EDGE_CURVE ( 'NONE', #2925, #2403, #1864, .T. ) ;
#2130 = ORIENTED_EDGE ( 'NONE', *, *, #1989, .F. ) ;
#2131 = ORIENTED_EDGE ( 'NONE', *, *, #1734, .T. ) ;
#2132 = EDGE_LOOP ( 'NONE', ( #2783, #1126, #2592, #762, #1704, #2979, #3308, #2122 ) ) ;
#2133 = CARTESIAN_POINT ( 'NONE',  ( -1.564999999999999900, 0.2352080016535705000, -1.215000000000000100 ) ) ;
#2134 = ORIENTED_EDGE ( 'NONE', *, *, #2625, .T. ) ;
#2135 = ORIENTED_EDGE ( 'NONE', *, *, #2799, .F. ) ;
#2136 = EDGE_LOOP ( 'NONE', ( #3332, #349, #702, #2745, #2290 ) ) ;
#2137 = FACE_OUTER_BOUND ( 'NONE', #1454, .T. ) ;
#2138 = ORIENTED_EDGE ( 'NONE', *, *, #2926, .T. ) ;
#2139 = CARTESIAN_POINT ( 'NONE',  ( -0.9000000000000000200, 0.05000000000000001000, 0.4080450184411362200 ) ) ;
#2140 = AXIS2_PLACEMENT_3D ( 'NONE', #1936, #856, #1410 ) ;
#2141 = DIRECTION ( 'NONE',  ( 2.449293598294705900E-016, 0.0000000000000000000, 1.000000000000000000 ) ) ;
#2142 = ADVANCED_FACE ( 'NONE', ( #3463 ), #2990, .F. ) ;
#2143 = ORIENTED_EDGE ( 'NONE', *, *, #1018, .T. ) ;
#2144 = EDGE_CURVE ( 'NONE', #7, #134, #1424, .T. ) ;
#2145 = EDGE_CURVE ( 'NONE', #1644, #2545, #1596, .T. ) ;
#2146 = EDGE_CURVE ( 'NONE', #2946, #2865, #1508, .T. ) ;
#2147 = LINE ( 'NONE', #1703, #203 ) ;
#2148 = CARTESIAN_POINT ( 'NONE',  ( 1.251784245380883600, 1.700000000000000000, -1.214999999999999900 ) ) ;
#2149 = EDGE_CURVE ( 'NONE', #1750, #7, #3172, .T. ) ;
#2150 = EDGE_CURVE ( 'NONE', #404, #1658, #1025, .T. ) ;
#2151 = CARTESIAN_POINT ( 'NONE',  ( 0.9000000000000001300, 0.5267751238522143700, -0.1840341033824128800 ) ) ;
#2152 = ORIENTED_EDGE ( 'NONE', *, *, #3470, .T. ) ;
#2153 = LINE ( 'NONE', #831, #935 ) ;
#2154 = DIRECTION ( 'NONE',  ( 0.0000000000000000000, 0.0000000000000000000, -1.000000000000000000 ) ) ;
#2155 = CARTESIAN_POINT ( 'NONE',  ( -0.9000000000000006900, 1.800000000000000000, -1.113802845483271100 ) ) ;
#2156 = ORIENTED_EDGE ( 'NONE', *, *, #3195, .T. ) ;
#2157 = LINE ( 'NONE', #3395, #939 ) ;
#2158 = ADVANCED_FACE ( 'NONE', ( #2241 ), #265, .F. ) ;
#2159 = AXIS2_PLACEMENT_3D ( 'NONE', #2107, #2370, #450 ) ;
#2160 = CYLINDRICAL_SURFACE ( 'NONE', #1110, 0.4501129136690195700 ) ;
#2161 = DIRECTION ( 'NONE',  ( 2.449293598294705900E-016, 0.0000000000000000000, 1.000000000000000000 ) ) ;
#2162 = VERTEX_POINT ( 'NONE', #1891 ) ;
#2163 = DIRECTION ( 'NONE',  ( -1.556946131228447100E-016, -0.0000000000000000000, -1.000000000000000000 ) ) ;
#2164 = VECTOR ( 'NONE', #3028, 1000.000000000000000 ) ;
#2165 = B_SPLINE_CURVE_WITH_KNOTS ( 'NONE', 3,
 ( #2293, #920, #989, #1530 ),
 .UNSPECIFIED., .F., .F.,
 ( 4, 4 ),
 ( 6.297102071819494000E-007, 0.0001055453836298460600 ),
 .UNSPECIFIED. ) ;
#2166 = AXIS2_PLACEMENT_3D ( 'NONE', #2555, #3437, #1791 ) ;
#2167 = CARTESIAN_POINT ( 'NONE',  ( -0.9000000000000001300, 0.2000000000000000100, 1.249999999999999600 ) ) ;
#2168 = EDGE_CURVE ( 'NONE', #2750, #793, #1195, .T. ) ;
#2169 = VECTOR ( 'NONE', #112, 1000.000000000000100 ) ;
#2170 = LINE ( 'NONE', #3371, #623 ) ;
#2171 = DIRECTION ( 'NONE',  ( 0.0000000000000000000, -1.377727649040772400E-016, -1.000000000000000000 ) ) ;
#2172 = VERTEX_POINT ( 'NONE', #1938 ) ;
#2173 = ORIENTED_EDGE ( 'NONE', *, *, #2279, .T. ) ;
#2174 = CARTESIAN_POINT ( 'NONE',  ( 0.9000000000000001300, 0.1771672682059996200, -0.3013390105916600700 ) ) ;
#2175 = ORIENTED_EDGE ( 'NONE', *, *, #415, .F. ) ;
#2176 = CARTESIAN_POINT ( 'NONE',  ( -1.564999999999999900, 1.700000000000000000, -1.214999999999999900 ) ) ;
#2177 = ADVANCED_FACE ( 'NONE', ( #2478 ), #1742, .F. ) ;
#2178 = ORIENTED_EDGE ( 'NONE', *, *, #1783, .F. ) ;
#2179 = LINE ( 'NONE', #1888, #1226 ) ;
#2180 = ORIENTED_EDGE ( 'NONE', *, *, #1861, .T. ) ;
#2181 = CARTESIAN_POINT ( 'NONE',  ( -0.9000000000000001300, 1.800000000000000000, 1.215000000000000100 ) ) ;
#2182 = VERTEX_POINT ( 'NONE', #1480 ) ;
#2183 = CARTESIAN_POINT ( 'NONE',  ( -1.600000000000000100, 0.1771672682059997100, -0.3013390105916604100 ) ) ;
#2184 = ORIENTED_EDGE ( 'NONE', *, *, #2437, .T. ) ;
#2185 = ORIENTED_EDGE ( 'NONE', *, *, #1145, .F. ) ;
#2186 = ORIENTED_EDGE ( 'NONE', *, *, #3072, .T. ) ;
#2187 = DIRECTION ( 'NONE',  ( 1.000000000000000000, 0.0000000000000000000, -1.556946131228447100E-016 ) ) ;
#2188 = AXIS2_PLACEMENT_3D ( 'NONE', #657, #116, #3111 ) ;
#2189 = DIRECTION ( 'NONE',  ( 3.563379508310734600E-016, 0.0000000000000000000, 1.000000000000000000 ) ) ;
#2190 = PRESENTATION_LAYER_ASSIGNMENT (  '', '', ( #1004 ) ) ;
#2191 = DIRECTION ( 'NONE',  ( 1.756275182494476500E-016, 0.0000000000000000000, 1.000000000000000000 ) ) ;
#2192 = VERTEX_POINT ( 'NONE', #2556 ) ;
#2193 = ADVANCED_FACE ( 'NONE', ( #3298 ), #2160, .T. ) ;
#2194 = DIRECTION ( 'NONE',  ( -2.449293598294705900E-016, -0.0000000000000000000, -1.000000000000000000 ) ) ;
#2195 = EDGE_CURVE ( 'NONE', #1679, #998, #944, .T. ) ;
#2196 = LINE ( 'NONE', #2467, #1242 ) ;
#2197 = ORIENTED_EDGE ( 'NONE', *, *, #892, .F. ) ;
#2198 = VECTOR ( 'NONE', #2104, 1000.000000000000000 ) ;
#2199 = CARTESIAN_POINT ( 'NONE',  ( -0.9000000000000001300, 0.2352080016535703100, 0.1678453236622475800 ) ) ;
#2200 = DIRECTION ( 'NONE',  ( -1.000000000000000000, 0.0000000000000000000, -8.923474670662587900E-017 ) ) ;
#2201 = EDGE_LOOP ( 'NONE', ( #629, #1740, #3092, #1529 ) ) ;
#2202 = LINE ( 'NONE', #1539, #861 ) ;
#2203 = CARTESIAN_POINT ( 'NONE',  ( -0.9000000000000001300, 0.2352080016535703100, 0.1678453236622478000 ) ) ;
#2204 = VECTOR ( 'NONE', #1403, 1000.000000000000000 ) ;
#2205 = ORIENTED_EDGE ( 'NONE', *, *, #2508, .F. ) ;
#2206 = VECTOR ( 'NONE', #1853, 1000.000000000000000 ) ;
#2207 = CARTESIAN_POINT ( 'NONE',  ( -0.8999999999999998000, 0.2000000000000000100, 1.249999999999999800 ) ) ;
#2208 = FACE_OUTER_BOUND ( 'NONE', #777, .T. ) ;
#2209 = ADVANCED_FACE ( 'NONE', ( #391 ), #3209, .F. ) ;
#2210 = EDGE_CURVE ( 'NONE', #2262, #1430, #3550, .T. ) ;
#2211 = AXIS2_PLACEMENT_3D ( 'NONE', #152, #431, #950 ) ;
#2212 = VERTEX_POINT ( 'NONE', #1404 ) ;
#2213 = CYLINDRICAL_SURFACE ( 'NONE', #2742, 0.4687607764909875200 ) ;
#2214 = DIRECTION ( 'NONE',  ( 1.000000000000000000, -0.0000000000000000000, -0.0000000000000000000 ) ) ;
#2215 = EDGE_CURVE ( 'NONE', #1554, #680, #305, .T. ) ;
#2216 = ORIENTED_EDGE ( 'NONE', *, *, #1589, .T. ) ;
#2217 = ORIENTED_EDGE ( 'NONE', *, *, #221, .F. ) ;
#2218 = VERTEX_POINT ( 'NONE', #3048 ) ;
#2219 = DIRECTION ( 'NONE',  ( -1.000000000000000000, 0.0000000000000000000, 2.449293598294705900E-016 ) ) ;
#2220 = ORIENTED_EDGE ( 'NONE', *, *, #1130, .T. ) ;
#2221 = ORIENTED_EDGE ( 'NONE', *, *, #1898, .F. ) ;
#2222 = EDGE_CURVE ( 'NONE', #3529, #2251, #1377, .T. ) ;
#2223 = EDGE_CURVE ( 'NONE', #2003, #2481, #1769, .T. ) ;
#2224 = VERTEX_POINT ( 'NONE', #327 ) ;
#2225 = ORIENTED_EDGE ( 'NONE', *, *, #3226, .F. ) ;
#2226 = DIRECTION ( 'NONE',  ( 0.0000000000000000000, 0.0000000000000000000, -1.000000000000000000 ) ) ;
#2227 = CARTESIAN_POINT ( 'NONE',  ( -0.9000000000000001300, 0.5267751238522144800, 0.1840341033824127400 ) ) ;
#2228 = AXIS2_PLACEMENT_3D ( 'NONE', #253, #1360, #807 ) ;
#2229 = VECTOR ( 'NONE', #330, 1000.000000000000000 ) ;
#2230 = DIRECTION ( 'NONE',  ( 0.0000000000000000000, 1.000000000000000000, 0.0000000000000000000 ) ) ;
#2231 = DIRECTION ( 'NONE',  ( -1.000000000000000000, 0.0000000000000000000, 0.0000000000000000000 ) ) ;
#2232 = CARTESIAN_POINT ( 'NONE',  ( -1.600000000000000100, 0.2491064769153990600, -0.3084354357119420400 ) ) ;
#2233 = VERTEX_POINT ( 'NONE', #1144 ) ;
#2234 = VERTEX_POINT ( 'NONE', #2014 ) ;
#2235 = CIRCLE ( 'NONE', #160, 0.2249999999999999500 ) ;
#2236 = CARTESIAN_POINT ( 'NONE',  ( -1.565000000000000200, 1.700000000000000000, -1.214999999999999400 ) ) ;
#2237 = CIRCLE ( 'NONE', #1091, 0.4207378808953729500 ) ;
#2238 = ORIENTED_EDGE ( 'NONE', *, *, #794, .F. ) ;
#2239 = DIRECTION ( 'NONE',  ( -1.574375577468392100E-016, 0.7660444431189796800, -0.6427876096865373600 ) ) ;
#2240 = ORIENTED_EDGE ( 'NONE', *, *, #1204, .T. ) ;
#2241 = FACE_OUTER_BOUND ( 'NONE', #873, .T. ) ;
#2242 = ADVANCED_FACE ( 'NONE', ( #2952 ), #3443, .F. ) ;
#2243 = DIRECTION ( 'NONE',  ( 0.0000000000000000000, 0.0000000000000000000, -1.000000000000000000 ) ) ;
#2244 = VERTEX_POINT ( 'NONE', #1096 ) ;
#2245 = VECTOR ( 'NONE', #1284, 1000.000000000000000 ) ;
#2246 = LINE ( 'NONE', #1516, #1033 ) ;
#2247 = LINE ( 'NONE', #847, #1780 ) ;
#2248 = LINE ( 'NONE', #2548, #2709 ) ;
#2249 = DIRECTION ( 'NONE',  ( -1.000000000000000000, 0.0000000000000000000, 0.0000000000000000000 ) ) ;
#2250 = EDGE_LOOP ( 'NONE', ( #2675, #227, #1792, #1646, #2374 ) ) ;
#2251 = VERTEX_POINT ( 'NONE', #1723 ) ;
#2252 = DIRECTION ( 'NONE',  ( 0.0000000000000000000, 0.0000000000000000000, -1.000000000000000000 ) ) ;
#2253 = AXIS2_PLACEMENT_3D ( 'NONE', #3413, #1801, #2304 ) ;
#2254 = ORIENTED_EDGE ( 'NONE', *, *, #295, .F. ) ;
#2255 = CARTESIAN_POINT ( 'NONE',  ( 1.992760902614056000, 1.700000000000000000, 1.140597764726383000 ) ) ;
#2256 =( LENGTH_UNIT ( ) NAMED_UNIT ( * ) SI_UNIT ( .MILLI., .METRE. ) );
#2257 = DIRECTION ( 'NONE',  ( 0.0000000000000000000, 0.0000000000000000000, -1.000000000000000000 ) ) ;
#2258 = VERTEX_POINT ( 'NONE', #2324 ) ;
#2259 = LINE ( 'NONE', #3156, #2676 ) ;
#2260 = ADVANCED_FACE ( 'NONE', ( #987 ), #1800, .T. ) ;
#2261 = ORIENTED_EDGE ( 'NONE', *, *, #552, .F. ) ;
#2262 = VERTEX_POINT ( 'NONE', #2867 ) ;
#2263 = ORIENTED_EDGE ( 'NONE', *, *, #345, .T. ) ;
#2264 = CARTESIAN_POINT ( 'NONE',  ( 0.9000000000000001300, 0.1771672682059997100, -0.3013390105916604100 ) ) ;
#2265 = CARTESIAN_POINT ( 'NONE',  ( 1.600000000000000100, 0.2000000000000000100, 1.249999999999999600 ) ) ;
#2266 = AXIS2_PLACEMENT_3D ( 'NONE', #2319, #1745, #358 ) ;
#2267 = ORIENTED_EDGE ( 'NONE', *, *, #1097, .F. ) ;
#2268 = CARTESIAN_POINT ( 'NONE',  ( 1.564999999999999900, 0.1999999999999999800, -0.6618042484119133200 ) ) ;
#2269 = AXIS2_PLACEMENT_3D ( 'NONE', #1611, #507, #2411 ) ;
#2270 = CYLINDRICAL_SURFACE ( 'NONE', #3520, 0.2249999999999999500 ) ;
#2271 = ADVANCED_FACE ( 'NONE', ( #899 ), #700, .T. ) ;
#2272 = CARTESIAN_POINT ( 'NONE',  ( -1.600000000000000100, 0.5267751238522144800, 0.1840341033824127400 ) ) ;
#2273 = EDGE_LOOP ( 'NONE', ( #2618, #3427, #2299, #2216 ) ) ;
#2274 = LINE ( 'NONE', #63, #3544 ) ;
#2275 = DIRECTION ( 'NONE',  ( 0.0000000000000000000, 0.0000000000000000000, -1.000000000000000000 ) ) ;
#2276 = CARTESIAN_POINT ( 'NONE',  ( -1.146579437399554800, 1.729906060138488100, -1.071647758104568700 ) ) ;
#2277 = DIRECTION ( 'NONE',  ( -1.000000000000000000, 0.0000000000000000000, 2.449293598294705900E-016 ) ) ;
#2278 = VECTOR ( 'NONE', #722, 1000.000000000000000 ) ;
#2279 = EDGE_CURVE ( 'NONE', #2233, #2924, #2202, .T. ) ;
#2280 = ORIENTED_EDGE ( 'NONE', *, *, #1054, .F. ) ;
#2281 = FACE_OUTER_BOUND ( 'NONE', #1388, .T. ) ;
#2282 = CARTESIAN_POINT ( 'NONE',  ( 0.9000000000000001300, 0.2000000000000000100, 1.214999999999999900 ) ) ;
#2283 = ORIENTED_EDGE ( 'NONE', *, *, #1989, .T. ) ;
#2284 = DIRECTION ( 'NONE',  ( 1.000000000000000000, 0.0000000000000000000, 0.0000000000000000000 ) ) ;
#2285 = VECTOR ( 'NONE', #1150, 1000.000000000000000 ) ;
#2286 = LINE ( 'NONE', #883, #827 ) ;
#2287 = CARTESIAN_POINT ( 'NONE',  ( -0.9000000000000001300, 0.2352080016535702800, 0.3013390105916600700 ) ) ;
#2288 = DIRECTION ( 'NONE',  ( 0.0000000000000000000, 0.0000000000000000000, -1.000000000000000000 ) ) ;
#2289 = ORIENTED_EDGE ( 'NONE', *, *, #635, .F. ) ;
#2290 = ORIENTED_EDGE ( 'NONE', *, *, #381, .F. ) ;
#2291 = AXIS2_PLACEMENT_3D ( 'NONE', #705, #1244, #723 ) ;
#2292 = ORIENTED_EDGE ( 'NONE', *, *, #1130, .F. ) ;
#2293 = CARTESIAN_POINT ( 'NONE',  ( -1.053606543901725900, 1.774118095489829700, 1.091695537491062600 ) ) ;
#2294 = ORIENTED_EDGE ( 'NONE', *, *, #2727, .F. ) ;
#2295 = FILL_AREA_STYLE_COLOUR ( '', #30 ) ;
#2296 = VERTEX_POINT ( 'NONE', #1817 ) ;
#2297 = ORIENTED_EDGE ( 'NONE', *, *, #1401, .T. ) ;
#2298 = AXIS2_PLACEMENT_3D ( 'NONE', #2744, #1346, #3002 ) ;
#2299 = ORIENTED_EDGE ( 'NONE', *, *, #2883, .T. ) ;
#2300 = DIRECTION ( 'NONE',  ( 0.0000000000000000000, 0.0000000000000000000, 1.000000000000000000 ) ) ;
#2301 = LINE ( 'NONE', #2176, #921 ) ;
#2302 = CARTESIAN_POINT ( 'NONE',  ( 0.9000000000000001300, 0.1771672682059996200, 0.3013390105916600700 ) ) ;
#2303 = VERTEX_POINT ( 'NONE', #447 ) ;
#2304 = DIRECTION ( 'NONE',  ( 0.0000000000000000000, 0.0000000000000000000, -1.000000000000000000 ) ) ;
#2305 = DIRECTION ( 'NONE',  ( 1.000000000000000000, 0.0000000000000000000, 0.0000000000000000000 ) ) ;
#2306 = DIRECTION ( 'NONE',  ( -1.000000000000000000, 0.0000000000000000000, 0.0000000000000000000 ) ) ;
#2307 = CARTESIAN_POINT ( 'NONE',  ( 1.564999999999999900, 1.700000000000000000, -0.3013390105916600200 ) ) ;
#2308 = CARTESIAN_POINT ( 'NONE',  ( -0.8999999999999999100, 1.331239223509012500, 1.193596045024971200 ) ) ;
#2309 = DIRECTION ( 'NONE',  ( -1.000000000000000000, 0.0000000000000000000, 2.449293598294705900E-016 ) ) ;
#2310 = STYLED_ITEM ( 'NONE', ( #1046 ), #1316 ) ;
#2311 = CARTESIAN_POINT ( 'NONE',  ( 0.9000000000000001300, 0.1999999999999999800, -0.6618042484119133200 ) ) ;
#2312 = CARTESIAN_POINT ( 'NONE',  ( 1.600000000000000100, 0.2491064769153995000, -0.6618042484119135400 ) ) ;
#2313 = VECTOR ( 'NONE', #1007, 1000.000000000000000 ) ;
#2314 = DIRECTION ( 'NONE',  ( -1.000000000000000000, 0.0000000000000000000, 2.449293598294705900E-016 ) ) ;
#2315 = AXIS2_PLACEMENT_3D ( 'NONE', #3126, #1498, #1784 ) ;
#2316 = DIRECTION ( 'NONE',  ( 1.000000000000000000, 0.0000000000000000000, 0.0000000000000000000 ) ) ;
#2317 = LINE ( 'NONE', #2886, #1063 ) ;
#2318 = EDGE_CURVE ( 'NONE', #404, #452, #44, .T. ) ;
#2319 = CARTESIAN_POINT ( 'NONE',  ( -1.600000000000000100, 0.2491064769153993300, 0.6618042484119133200 ) ) ;
#2320 = LINE ( 'NONE', #678, #131 ) ;
#2321 = CARTESIAN_POINT ( 'NONE',  ( 0.9000000000000002400, 2.533234285148065800, -0.6999999999999996200 ) ) ;
#2322 = EDGE_CURVE ( 'NONE', #166, #2192, #2441, .T. ) ;
#2323 = ORIENTED_EDGE ( 'NONE', *, *, #2168, .T. ) ;
#2324 = CARTESIAN_POINT ( 'NONE',  ( -0.9000000000000001300, 0.2491064769153993300, 0.6126977714965139400 ) ) ;
#2325 = LINE ( 'NONE', #1185, #1031 ) ;
#2326 = DIRECTION ( 'NONE',  ( -0.2588190451025146900, -0.9659258262890698700, 9.670542491412632100E-016 ) ) ;
#2327 = CARTESIAN_POINT ( 'NONE',  ( -0.9000000000000001300, 0.9375464517754831300, -2.671744672970104100E-016 ) ) ;
#2328 = VECTOR ( 'NONE', #2398, 1000.000000000000000 ) ;
#2329 = CIRCLE ( 'NONE', #1158, 0.4501129136690195700 ) ;
#2330 = FACE_OUTER_BOUND ( 'NONE', #331, .T. ) ;
#2331 = VERTEX_POINT ( 'NONE', #2879 ) ;
#2332 = DIRECTION ( 'NONE',  ( 0.0000000000000000000, -1.000000000000000000, 0.0000000000000000000 ) ) ;
#2333 = ORIENTED_EDGE ( 'NONE', *, *, #296, .F. ) ;
#2334 = UNCERTAINTY_MEASURE_WITH_UNIT (LENGTH_MEASURE( 1.000000000000000100E-005 ), #67, 'distance_accuracy_value', 'NONE');
#2335 = DIRECTION ( 'NONE',  ( -2.449293598294705900E-016, 0.0000000000000000000, -1.000000000000000000 ) ) ;
#2336 = ORIENTED_EDGE ( 'NONE', *, *, #2339, .F. ) ;
#2337 = AXIS2_PLACEMENT_3D ( 'NONE', #2578, #1830, #3221 ) ;
#2338 = EDGE_LOOP ( 'NONE', ( #3148, #3475, #671, #3259 ) ) ;
#2339 = EDGE_CURVE ( 'NONE', #2218, #3335, #259, .T. ) ;
#2340 = ORIENTED_EDGE ( 'NONE', *, *, #1705, .T. ) ;
#2341 = DIRECTION ( 'NONE',  ( 0.0000000000000000000, 0.0000000000000000000, 1.000000000000000000 ) ) ;
#2342 = CARTESIAN_POINT ( 'NONE',  ( -1.564999999999999900, 1.817453405399557900, -1.075024482152652000 ) ) ;
#2343 = CARTESIAN_POINT ( 'NONE',  ( 0.0000000000000000000, 0.05000000000000000300, 0.0000000000000000000 ) ) ;
#2344 = DIRECTION ( 'NONE',  ( 0.0000000000000000000, 0.7660444431189796800, -0.6427876096865373600 ) ) ;
#2345 = CARTESIAN_POINT ( 'NONE',  ( 1.992760902614056000, 1.800000000000000000, 1.113802845483271400 ) ) ;
#2346 =( LENGTH_UNIT ( ) NAMED_UNIT ( * ) SI_UNIT ( .MILLI., .METRE. ) );
#2347 = ORIENTED_EDGE ( 'NONE', *, *, #2108, .F. ) ;
#2348 = DIRECTION ( 'NONE',  ( -1.000000000000000000, 0.0000000000000000000, 2.449293598294705900E-016 ) ) ;
#2349 = VECTOR ( 'NONE', #278, 1000.000000000000000 ) ;
#2350 = DIRECTION ( 'NONE',  ( -1.000000000000000000, 0.0000000000000000000, 2.449293598294705900E-016 ) ) ;
#2351 = AXIS2_PLACEMENT_3D ( 'NONE', #2440, #3237, #2189 ) ;
#2352 = LINE ( 'NONE', #1400, #642 ) ;
#2353 = CARTESIAN_POINT ( 'NONE',  ( -0.9000000000000002400, 0.1999999999999999800, -0.6618042484119131000 ) ) ;
#2354 = LINE ( 'NONE', #1855, #3546 ) ;
#2355 = EDGE_CURVE ( 'NONE', #3054, #1485, #729, .T. ) ;
#2356 = SURFACE_SIDE_STYLE ('',( #3541 ) ) ;
#2357 = AXIS2_PLACEMENT_3D ( 'NONE', #1227, #107, #3359 ) ;
#2358 = ORIENTED_EDGE ( 'NONE', *, *, #2322, .T. ) ;
#2359 = VECTOR ( 'NONE', #1234, 1000.000000000000000 ) ;
#2360 = EDGE_CURVE ( 'NONE', #2403, #938, #3538, .T. ) ;
#2361 = CIRCLE ( 'NONE', #1956, 0.04910647691539935700 ) ;
#2362 = CARTESIAN_POINT ( 'NONE',  ( -0.9000000000000003600, 1.700000000000000000, -1.214999999999999600 ) ) ;
#2363 = EDGE_LOOP ( 'NONE', ( #371, #1874, #958, #1104, #2048 ) ) ;
#2364 = CARTESIAN_POINT ( 'NONE',  ( -6.235301072265678700E-016, 0.2000000000000000900, -1.214999999999999900 ) ) ;
#2365 = CIRCLE ( 'NONE', #2583, 0.06674684346470624600 ) ;
#2366 = VECTOR ( 'NONE', #64, 1000.000000000000000 ) ;
#2367 = EDGE_CURVE ( 'NONE', #938, #184, #2942, .T. ) ;
#2368 = DIRECTION ( 'NONE',  ( 0.0000000000000000000, 1.000000000000000000, 0.0000000000000000000 ) ) ;
#2369 = VERTEX_POINT ( 'NONE', #1868 ) ;
#2370 = DIRECTION ( 'NONE',  ( -1.000000000000000000, 0.0000000000000000000, 3.341641065360964700E-016 ) ) ;
#2371 = CIRCLE ( 'NONE', #2811, 0.3042623357845721800 ) ;
#2372 = ORIENTED_EDGE ( 'NONE', *, *, #490, .F. ) ;
#2373 = ORIENTED_EDGE ( 'NONE', *, *, #2493, .T. ) ;
#2374 = ORIENTED_EDGE ( 'NONE', *, *, #664, .F. ) ;
#2375 = ORIENTED_EDGE ( 'NONE', *, *, #2097, .F. ) ;
#2376 = CARTESIAN_POINT ( 'NONE',  ( -1.600000000000000100, 0.0000000000000000000, 0.4499999999999997900 ) ) ;
#2377 = VERTEX_POINT ( 'NONE', #311 ) ;
#2378 = CARTESIAN_POINT ( 'NONE',  ( 0.9000000000000002400, 2.533234285148065800, 0.6999999999999996200 ) ) ;
#2379 = ADVANCED_FACE ( 'NONE', ( #2996 ), #2511, .F. ) ;
#2380 = ORIENTED_EDGE ( 'NONE', *, *, #1553, .F. ) ;
#2381 = CYLINDRICAL_SURFACE ( 'NONE', #1675, 0.4687607764909876300 ) ;
#2382 = CARTESIAN_POINT ( 'NONE',  ( 0.9000000000000001300, 0.2491064769153993300, 0.6618042484119133200 ) ) ;
#2383 = EDGE_CURVE ( 'NONE', #2212, #280, #1685, .T. ) ;
#2384 = DIRECTION ( 'NONE',  ( 5.735898953653564500E-017, -0.7660444431189796800, 0.6427876096865372500 ) ) ;
#2385 = VERTEX_POINT ( 'NONE', #1179 ) ;
#2386 = DIRECTION ( 'NONE',  ( 1.000000000000000000, 0.0000000000000000000, -3.854941057726238700E-015 ) ) ;
#2387 = EDGE_CURVE ( 'NONE', #1241, #3485, #648, .T. ) ;
#2388 = CARTESIAN_POINT ( 'NONE',  ( -1.564999999999999900, 1.700000000000000000, -0.3013390105916596300 ) ) ;
#2389 = LINE ( 'NONE', #2501, #382 ) ;
#2390 = ADVANCED_FACE ( 'NONE', ( #213 ), #477, .F. ) ;
#2391 = TOROIDAL_SURFACE ( 'NONE', #775, 0.5173304635242798000, 0.1000000000000000100 ) ;
#2392 = DIRECTION ( 'NONE',  ( 0.2588190451025146900, -0.9659258262890698700, -9.036618661126295700E-016 ) ) ;
#2393 = CARTESIAN_POINT ( 'NONE',  ( 1.600000000000000100, 0.2352080016535703100, 0.1678453236622475800 ) ) ;
#2394 = AXIS2_PLACEMENT_3D ( 'NONE', #2487, #2734, #3271 ) ;
#2395 = VECTOR ( 'NONE', #3144, 1000.000000000000000 ) ;
#2396 = CARTESIAN_POINT ( 'NONE',  ( -0.9000000000000001300, 0.2491064769153995000, -0.6618042484119135400 ) ) ;
#2397 = VECTOR ( 'NONE', #3503, 1000.000000000000000 ) ;
#2398 = DIRECTION ( 'NONE',  ( 0.0000000000000000000, 0.0000000000000000000, -1.000000000000000000 ) ) ;
#2399 = ORIENTED_EDGE ( 'NONE', *, *, #489, .T. ) ;
#2400 = LINE ( 'NONE', #3328, #3213 ) ;
#2401 = FACE_OUTER_BOUND ( 'NONE', #2778, .T. ) ;
#2402 = LINE ( 'NONE', #3307, #1823 ) ;
#2403 = VERTEX_POINT ( 'NONE', #499 ) ;
#2404 = DIRECTION ( 'NONE',  ( 1.000000000000000000, 0.0000000000000000000, 0.0000000000000000000 ) ) ;
#2405 = FACE_OUTER_BOUND ( 'NONE', #1476, .T. ) ;
#2406 = DIRECTION ( 'NONE',  ( -1.000000000000000000, 0.0000000000000000000, 2.449293598294705900E-016 ) ) ;
#2407 = ADVANCED_FACE ( 'NONE', ( #569 ), #3042, .T. ) ;
#2408 = DIRECTION ( 'NONE',  ( 0.0000000000000000000, 1.000000000000000000, 0.0000000000000000000 ) ) ;
#2409 = ORIENTED_EDGE ( 'NONE', *, *, #2146, .F. ) ;
#2410 = LINE ( 'NONE', #823, #908 ) ;
#2411 = DIRECTION ( 'NONE',  ( 1.000000000000000000, 0.0000000000000000000, 3.854941057726238700E-015 ) ) ;
#2412 = VERTEX_POINT ( 'NONE', #144 ) ;
#2413 = EDGE_LOOP ( 'NONE', ( #1445, #159, #1389, #1617 ) ) ;
#2414 = EDGE_CURVE ( 'NONE', #2791, #2761, #2660, .T. ) ;
#2415 = LINE ( 'NONE', #1982, #840 ) ;
#2416 = EDGE_LOOP ( 'NONE', ( #2240, #3386, #3523, #1294 ) ) ;
#2417 = AXIS2_PLACEMENT_3D ( 'NONE', #2994, #1649, #544 ) ;
#2418 = CARTESIAN_POINT ( 'NONE',  ( 0.9000000000000001300, 0.9375464517754831300, -2.671744672970104100E-016 ) ) ;
#2419 = ORIENTED_EDGE ( 'NONE', *, *, #1541, .F. ) ;
#2420 = CARTESIAN_POINT ( 'NONE',  ( 1.600000000000000100, 0.0000000000000000000, 1.250000000000000000 ) ) ;
#2421 = DIRECTION ( 'NONE',  ( 0.0000000000000000000, -2.304084502391925000E-016, 1.000000000000000000 ) ) ;
#2422 = EDGE_CURVE ( 'NONE', #990, #3200, #1732, .T. ) ;
#2423 = ADVANCED_FACE ( 'NONE', ( #1643 ), #2868, .T. ) ;
#2424 = DIRECTION ( 'NONE',  ( 0.0000000000000000000, 0.0000000000000000000, -1.000000000000000000 ) ) ;
#2425 = CARTESIAN_POINT ( 'NONE',  ( 0.9000000000000001300, 0.1999999999999999800, 0.6618042484119133200 ) ) ;
#2426 = EDGE_CURVE ( 'NONE', #880, #1320, #2320, .T. ) ;
#2427 = EDGE_CURVE ( 'NONE', #2450, #2106, #818, .T. ) ;
#2428 = ORIENTED_EDGE ( 'NONE', *, *, #606, .F. ) ;
#2429 = DIRECTION ( 'NONE',  ( 0.0000000000000000000, 1.614882900561510400E-016, -1.000000000000000000 ) ) ;
#2430 = LINE ( 'NONE', #2731, #1149 ) ;
#2431 = CARTESIAN_POINT ( 'NONE',  ( -0.9000000000000003600, 2.475000000000000100, -1.092760902614055700 ) ) ;
#2432 = ADVANCED_FACE ( 'NONE', ( #2281 ), #704, .T. ) ;
#2433 = DIRECTION ( 'NONE',  ( -0.0000000000000000000, -0.0000000000000000000, 1.000000000000000000 ) ) ;
#2434 = VECTOR ( 'NONE', #2862, 1000.000000000000000 ) ;
#2435 = CARTESIAN_POINT ( 'NONE',  ( 0.9000000000000001300, 0.2352080016535703100, -0.1678453236622475800 ) ) ;
#2436 = DIRECTION ( 'NONE',  ( 1.000000000000000000, 0.0000000000000000000, 0.0000000000000000000 ) ) ;
#2437 = EDGE_CURVE ( 'NONE', #2842, #3462, #2908, .T. ) ;
#2438 = LINE ( 'NONE', #761, #388 ) ;
#2439 = DIRECTION ( 'NONE',  ( -3.801253388124705800E-015, 0.0000000000000000000, -1.000000000000000000 ) ) ;
#2440 = CARTESIAN_POINT ( 'NONE',  ( -0.9000000000000000200, 0.2491064769153990300, 0.3084354357119420400 ) ) ;
#2441 = LINE ( 'NONE', #1550, #2567 ) ;
#2442 = ADVANCED_FACE ( 'NONE', ( #1858 ), #2880, .T. ) ;
#2443 = EDGE_CURVE ( 'NONE', #1822, #234, #740, .T. ) ;
#2444 = AXIS2_PLACEMENT_3D ( 'NONE', #3295, #1661, #1711 ) ;
#2445 = VECTOR ( 'NONE', #1797, 1000.000000000000000 ) ;
#2446 = DIRECTION ( 'NONE',  ( 0.0000000000000000000, 0.0000000000000000000, -1.000000000000000000 ) ) ;
#2447 = EDGE_CURVE ( 'NONE', #2925, #652, #1290, .T. ) ;
#2448 = FACE_OUTER_BOUND ( 'NONE', #1483, .T. ) ;
#2449 = CIRCLE ( 'NONE', #2417, 0.1000000000000000500 ) ;
#2450 = VERTEX_POINT ( 'NONE', #1200 ) ;
#2451 = FACE_OUTER_BOUND ( 'NONE', #2363, .T. ) ;
#2452 = EDGE_CURVE ( 'NONE', #3320, #420, #1555, .T. ) ;
#2453 = PLANE ( 'NONE',  #200 ) ;
#2454 = ORIENTED_EDGE ( 'NONE', *, *, #1625, .F. ) ;
#2455 = ORIENTED_EDGE ( 'NONE', *, *, #2094, .F. ) ;
#2456 = ORIENTED_EDGE ( 'NONE', *, *, #1553, .T. ) ;
#2457 = DIRECTION ( 'NONE',  ( -1.000000000000000000, 0.0000000000000000000, 2.449293598294705900E-016 ) ) ;
#2458 = DIRECTION ( 'NONE',  ( 0.0000000000000000000, 0.0000000000000000000, -1.000000000000000000 ) ) ;
#2459 = EDGE_LOOP ( 'NONE', ( #471, #2220, #3240, #2920 ) ) ;
#2460 = ADVANCED_FACE ( 'NONE', ( #1112 ), #1528, .T. ) ;
#2461 = VERTEX_POINT ( 'NONE', #2044 ) ;
#2462 = AXIS2_PLACEMENT_3D ( 'NONE', #1369, #562, #158 ) ;
#2463 = ORIENTED_EDGE ( 'NONE', *, *, #993, .T. ) ;
#2464 = CARTESIAN_POINT ( 'NONE',  ( 1.564999999999999700, 1.700000000000000000, -1.215000000000000300 ) ) ;
#2465 = DIRECTION ( 'NONE',  ( 0.0000000000000000000, -1.000000000000000000, 0.0000000000000000000 ) ) ;
#2466 = CARTESIAN_POINT ( 'NONE',  ( 1.600000000000000100, 0.1771672682059997100, -0.3013390105916604100 ) ) ;
#2467 = CARTESIAN_POINT ( 'NONE',  ( 0.9000000000000001300, 0.0000000000000000000, 0.4499999999999997900 ) ) ;
#2468 = AXIS2_PLACEMENT_3D ( 'NONE', #2063, #1261, #2074 ) ;
#2469 = DIRECTION ( 'NONE',  ( -0.0000000000000000000, -1.000000000000000000, -1.868002191021389500E-015 ) ) ;
#2470 = ORIENTED_EDGE ( 'NONE', *, *, #2551, .F. ) ;
#2471 = CARTESIAN_POINT ( 'NONE',  ( -1.564999999999999900, 0.05000000000000000300, 0.4080450184411363900 ) ) ;
#2472 = DIRECTION ( 'NONE',  ( 0.0000000000000000000, -0.0000000000000000000, 1.000000000000000000 ) ) ;
#2473 = CYLINDRICAL_SURFACE ( 'NONE', #3275, 0.1000000000000000500 ) ;
#2474 = ADVANCED_FACE ( 'NONE', ( #2993 ), #896, .T. ) ;
#2475 = LINE ( 'NONE', #2199, #2657 ) ;
#2476 = PLANE ( 'NONE',  #848 ) ;
#2477 = CARTESIAN_POINT ( 'NONE',  ( -0.8999999999999998000, 0.05000000000000000300, 1.215000000000000100 ) ) ;
#2478 = FACE_OUTER_BOUND ( 'NONE', #3263, .T. ) ;
#2479 = VECTOR ( 'NONE', #2664, 1000.000000000000100 ) ;
#2480 =( GEOMETRIC_REPRESENTATION_CONTEXT ( 3 ) GLOBAL_UNCERTAINTY_ASSIGNED_CONTEXT ( ( #85 ) ) GLOBAL_UNIT_ASSIGNED_CONTEXT ( ( #1368, #3281, #3064 ) ) REPRESENTATION_CONTEXT ( 'NONE', 'WORKASPACE' ) );
#2481 = VERTEX_POINT ( 'NONE', #397 ) ;
#2482 = VERTEX_POINT ( 'NONE', #1758 ) ;
#2483 = LINE ( 'NONE', #1597, #2793 ) ;
#2484 = CARTESIAN_POINT ( 'NONE',  ( -1.565000000000000200, 0.2000000000000000900, -1.214999999999999400 ) ) ;
#2485 = FACE_OUTER_BOUND ( 'NONE', #605, .T. ) ;
#2486 = DIRECTION ( 'NONE',  ( -1.000000000000000000, 0.0000000000000000000, 8.923474670662587900E-017 ) ) ;
#2487 = CARTESIAN_POINT ( 'NONE',  ( -0.9000000000000003600, 2.533234285148065800, -0.6999999999999994000 ) ) ;
#2488 = CIRCLE ( 'NONE', #2394, 0.2173333109150407900 ) ;
#2489 = ORIENTED_EDGE ( 'NONE', *, *, #1331, .F. ) ;
#2490 = CIRCLE ( 'NONE', #1086, 0.04910647691539935700 ) ;
#2491 = DIRECTION ( 'NONE',  ( 1.000000000000000000, 0.0000000000000000000, -4.625822922308216200E-016 ) ) ;
#2492 = CARTESIAN_POINT ( 'NONE',  ( 1.564999999999999900, 0.1771672682059996200, -0.3013390105916600700 ) ) ;
#2493 = EDGE_CURVE ( 'NONE', #2013, #2251, #1108, .T. ) ;
#2494 = DIRECTION ( 'NONE',  ( -2.740742121950126500E-015, 3.252606517456499900E-015, -1.000000000000000000 ) ) ;
#2495 = DIRECTION ( 'NONE',  ( -1.000000000000000000, 0.0000000000000000000, 0.0000000000000000000 ) ) ;
#2496 = DIRECTION ( 'NONE',  ( 1.000000000000000000, -0.0000000000000000000, -0.0000000000000000000 ) ) ;
#2497 = ORIENTED_EDGE ( 'NONE', *, *, #1176, .F. ) ;
#2498 = ORIENTED_EDGE ( 'NONE', *, *, #5, .T. ) ;
#2499 = ADVANCED_FACE ( 'NONE', ( #2562 ), #2853, .F. ) ;
#2500 = VERTEX_POINT ( 'NONE', #3374 ) ;
#2501 = CARTESIAN_POINT ( 'NONE',  ( -1.600000000000000100, 0.2000000000000003200, -1.250000000000000000 ) ) ;
#2502 = ORIENTED_EDGE ( 'NONE', *, *, #783, .F. ) ;
#2503 = ORIENTED_EDGE ( 'NONE', *, *, #380, .F. ) ;
#2504 = CARTESIAN_POINT ( 'NONE',  ( 0.9000000000000003600, 1.800000000000000000, -1.214999999999999900 ) ) ;
#2505 = DIRECTION ( 'NONE',  ( 0.0000000000000000000, 0.0000000000000000000, 1.000000000000000000 ) ) ;
#2506 = DIRECTION ( 'NONE',  ( 0.0000000000000000000, 0.7660444431189796800, -0.6427876096865373600 ) ) ;
#2507 = ORIENTED_EDGE ( 'NONE', *, *, #2561, .F. ) ;
#2508 = EDGE_CURVE ( 'NONE', #2258, #3403, #1639, .T. ) ;
#2509 = AXIS2_PLACEMENT_3D ( 'NONE', #2232, #2496, #2776 ) ;
#2510 = ADVANCED_FACE ( 'NONE', ( #1373 ), #459, .F. ) ;
#2511 = PLANE ( 'NONE',  #1582 ) ;
#2512 = PLANE ( 'NONE',  #3360 ) ;
#2513 = ORIENTED_EDGE ( 'NONE', *, *, #241, .T. ) ;
#2514 = PLANE ( 'NONE',  #3219 ) ;
#2515 = FACE_OUTER_BOUND ( 'NONE', #1005, .T. ) ;
#2516 = FACE_OUTER_BOUND ( 'NONE', #101, .T. ) ;
#2517 = DIRECTION ( 'NONE',  ( 1.000000000000000000, -0.0000000000000000000, -8.923474670662587900E-017 ) ) ;
#2518 = VECTOR ( 'NONE', #3519, 1000.000000000000000 ) ;
#2519 = DIRECTION ( 'NONE',  ( -3.556324028295235500E-015, -0.0000000000000000000, 1.000000000000000000 ) ) ;
#2520 = DIRECTION ( 'NONE',  ( 1.000000000000000000, -0.0000000000000000000, 0.0000000000000000000 ) ) ;
#2521 = FACE_OUTER_BOUND ( 'NONE', #2413, .T. ) ;
#2522 = DIRECTION ( 'NONE',  ( 0.0000000000000000000, 0.0000000000000000000, 1.000000000000000000 ) ) ;
#2523 = VECTOR ( 'NONE', #2560, 1000.000000000000000 ) ;
#2524 = ADVANCED_FACE ( 'NONE', ( #2743 ), #813, .F. ) ;
#2525 = FACE_OUTER_BOUND ( 'NONE', #1218, .T. ) ;
#2526 = AXIS2_PLACEMENT_3D ( 'NONE', #1417, #2786, #1450 ) ;
#2527 = FACE_OUTER_BOUND ( 'NONE', #34, .T. ) ;
#2528 = DIRECTION ( 'NONE',  ( 0.0000000000000000000, 1.000000000000000000, 2.304084502391925000E-016 ) ) ;
#2529 = ORIENTED_EDGE ( 'NONE', *, *, #1220, .F. ) ;
#2530 = ORIENTED_EDGE ( 'NONE', *, *, #2443, .F. ) ;
#2531 = EDGE_CURVE ( 'NONE', #109, #1489, #3294, .T. ) ;
#2532 = CARTESIAN_POINT ( 'NONE',  ( -9.994220514839196000E-017, 0.05000000000000000300, -0.4080450184411360000 ) ) ;
#2533 = ORIENTED_EDGE ( 'NONE', *, *, #410, .T. ) ;
#2534 = PRODUCT_DEFINITION_CONTEXT ( 'detailed design', #1824, 'design' ) ;
#2535 = CARTESIAN_POINT ( 'NONE',  ( 1.146579437399554600, 1.729906060138488100, 1.071647758104568900 ) ) ;
#2536 =( NAMED_UNIT ( * ) SI_UNIT ( $, .STERADIAN. ) SOLID_ANGLE_UNIT ( ) );
#2537 = CARTESIAN_POINT ( 'NONE',  ( 0.9000000000000001300, 1.700000000000000000, 1.214999999999999900 ) ) ;
#2538 = ORIENTED_EDGE ( 'NONE', *, *, #2443, .T. ) ;
#2539 = ORIENTED_EDGE ( 'NONE', *, *, #555, .F. ) ;
#2540 = EDGE_CURVE ( 'NONE', #2060, #2481, #1329, .T. ) ;
#2541 = EDGE_CURVE ( 'NONE', #1212, #595, #2438, .T. ) ;
#2542 = ORIENTED_EDGE ( 'NONE', *, *, #979, .T. ) ;
#2543 = ORIENTED_EDGE ( 'NONE', *, *, #1541, .T. ) ;
#2544 = PLANE ( 'NONE',  #3429 ) ;
#2545 = VERTEX_POINT ( 'NONE', #1842 ) ;
#2546 = DIRECTION ( 'NONE',  ( 1.000000000000000000, 0.0000000000000000000, -0.0000000000000000000 ) ) ;
#2547 = EDGE_CURVE ( 'NONE', #2656, #2106, #78, .T. ) ;
#2548 = CARTESIAN_POINT ( 'NONE',  ( -1.417330463524280000, 1.700000000000000000, 3.471458430978087400E-016 ) ) ;
#2549 = CARTESIAN_POINT ( 'NONE',  ( 1.564999999999999700, 0.2352080016535705000, -1.215000000000000500 ) ) ;
#2550 = CARTESIAN_POINT ( 'NONE',  ( 0.9000000000000001300, 0.1771672682059996200, 0.3013390105916600700 ) ) ;
#2551 = EDGE_CURVE ( 'NONE', #3302, #2672, #347, .T. ) ;
#2552 = ORIENTED_EDGE ( 'NONE', *, *, #194, .T. ) ;
#2553 = AXIS2_PLACEMENT_3D ( 'NONE', #688, #954, #748 ) ;
#2554 = CIRCLE ( 'NONE', #532, 0.2000000000000000900 ) ;
#2555 = CARTESIAN_POINT ( 'NONE',  ( 0.9000000000000001300, 0.0000000000000000000, 1.250000000000000000 ) ) ;
#2556 = CARTESIAN_POINT ( 'NONE',  ( 1.564999999999999900, 0.2352080016535702800, -0.3013390105916600700 ) ) ;
#2557 = LINE ( 'NONE', #888, #1854 ) ;
#2558 = DIRECTION ( 'NONE',  ( 0.0000000000000000000, 0.0000000000000000000, -1.000000000000000000 ) ) ;
#2559 = DIRECTION ( 'NONE',  ( -0.0000000000000000000, -1.000000000000000000, -1.868002191021389500E-015 ) ) ;
#2560 = DIRECTION ( 'NONE',  ( 0.0000000000000000000, -1.000000000000000000, 0.0000000000000000000 ) ) ;
#2561 = EDGE_CURVE ( 'NONE', #2251, #3014, #2788, .T. ) ;
#2562 = FACE_OUTER_BOUND ( 'NONE', #738, .T. ) ;
#2563 = EDGE_CURVE ( 'NONE', #3432, #2258, #983, .T. ) ;
#2564 = DIRECTION ( 'NONE',  ( 2.449293598294705900E-016, 0.0000000000000000000, 1.000000000000000000 ) ) ;
#2565 = CARTESIAN_POINT ( 'NONE',  ( -0.9000000000000001300, 0.0000000000000000000, 1.250000000000000000 ) ) ;
#2566 = ORIENTED_EDGE ( 'NONE', *, *, #2701, .F. ) ;
#2567 = VECTOR ( 'NONE', #2907, 1000.000000000000000 ) ;
#2568 =( NAMED_UNIT ( * ) PLANE_ANGLE_UNIT ( ) SI_UNIT ( $, .RADIAN. ) );
#2569 = CYLINDRICAL_SURFACE ( 'NONE', #31, 0.06674684346470624600 ) ;
#2570 = CARTESIAN_POINT ( 'NONE',  ( 1.564999999999999900, 0.2000000000000000900, -1.214999999999999900 ) ) ;
#2571 = ORIENTED_EDGE ( 'NONE', *, *, #3065, .T. ) ;
#2572 = VECTOR ( 'NONE', #50, 1000.000000000000000 ) ;
#2573 = ORIENTED_EDGE ( 'NONE', *, *, #963, .F. ) ;
#2574 = LINE ( 'NONE', #2353, #2836 ) ;
#2575 = CARTESIAN_POINT ( 'NONE',  ( 0.9000000000000001300, 0.2352080016535703100, 0.1678453236622475800 ) ) ;
#2576 = AXIS2_PLACEMENT_3D ( 'NONE', #536, #1363, #2741 ) ;
#2577 = CARTESIAN_POINT ( 'NONE',  ( 1.600000000000000100, 0.2491064769153993300, 0.6618042484119133200 ) ) ;
#2578 = CARTESIAN_POINT ( 'NONE',  ( 0.9000000000000001300, 0.2491064769153990300, 0.3084354357119418200 ) ) ;
#2579 = EDGE_CURVE ( 'NONE', #579, #1569, #2904, .T. ) ;
#2580 = VERTEX_POINT ( 'NONE', #1819 ) ;
#2581 = CONICAL_SURFACE ( 'NONE', #969, 0.2173333109150407900, 0.2617993877991433000 ) ;
#2582 = DIRECTION ( 'NONE',  ( 1.000000000000000000, 0.0000000000000000000, 0.0000000000000000000 ) ) ;
#2583 = AXIS2_PLACEMENT_3D ( 'NONE', #2806, #37, #79 ) ;
#2584 = ORIENTED_EDGE ( 'NONE', *, *, #2729, .T. ) ;
#2585 = ORIENTED_EDGE ( 'NONE', *, *, #2355, .T. ) ;
#2586 = ORIENTED_EDGE ( 'NONE', *, *, #1486, .F. ) ;
#2587 = ORIENTED_EDGE ( 'NONE', *, *, #559, .F. ) ;
#2588 = CARTESIAN_POINT ( 'NONE',  ( 1.600000000000000100, 0.2000000000000003200, -1.250000000000000000 ) ) ;
#2589 = DIRECTION ( 'NONE',  ( 0.0000000000000000000, -0.0000000000000000000, 1.000000000000000000 ) ) ;
#2590 = FACE_OUTER_BOUND ( 'NONE', #1500, .T. ) ;
#2591 = DIRECTION ( 'NONE',  ( 0.0000000000000000000, 1.000000000000000000, 0.0000000000000000000 ) ) ;
#2592 = ORIENTED_EDGE ( 'NONE', *, *, #1774, .T. ) ;
#2593 = ORIENTED_EDGE ( 'NONE', *, *, #3088, .F. ) ;
#2594 = DIRECTION ( 'NONE',  ( -1.000000000000000000, 0.0000000000000000000, 3.854941057726238700E-015 ) ) ;
#2595 = CARTESIAN_POINT ( 'NONE',  ( -0.9000000000000002400, 0.1771672682059996200, -0.3013390105916598500 ) ) ;
#2596 = ORIENTED_EDGE ( 'NONE', *, *, #1497, .T. ) ;
#2597 = DIRECTION ( 'NONE',  ( 0.0000000000000000000, 0.0000000000000000000, -1.000000000000000000 ) ) ;
#2598 = DIRECTION ( 'NONE',  ( 1.000000000000000000, -0.0000000000000000000, -2.449293598294705900E-016 ) ) ;
#2599 = DIRECTION ( 'NONE',  ( 0.0000000000000000000, 1.614882900561510400E-016, -1.000000000000000000 ) ) ;
#2600 = DIRECTION ( 'NONE',  ( 0.0000000000000000000, -1.000000000000000000, 2.168404344971008900E-015 ) ) ;
#2601 = EDGE_CURVE ( 'NONE', #1526, #3302, #2117, .T. ) ;
#2602 = AXIS2_PLACEMENT_3D ( 'NONE', #1713, #72, #3342 ) ;
#2603 = ORIENTED_EDGE ( 'NONE', *, *, #3301, .F. ) ;
#2604 = CARTESIAN_POINT ( 'NONE',  ( -0.9000000000000006900, 1.800000000000000000, -1.193596045024970700 ) ) ;
#2605 = CARTESIAN_POINT ( 'NONE',  ( 0.9000000000000001300, 0.5267751238522144800, -0.1840341033824127400 ) ) ;
#2606 = DIRECTION ( 'NONE',  ( 0.0000000000000000000, -1.868002191021389500E-015, 1.000000000000000000 ) ) ;
#2607 = LINE ( 'NONE', #2148, #2691 ) ;
#2608 = AXIS2_PLACEMENT_3D ( 'NONE', #1903, #3225, #2154 ) ;
#2609 = ORIENTED_EDGE ( 'NONE', *, *, #993, .F. ) ;
#2610 = CARTESIAN_POINT ( 'NONE',  ( -1.146579437399557900, 1.729906060138485700, -1.193596045024970700 ) ) ;
#2611 = VECTOR ( 'NONE', #616, 1000.000000000000100 ) ;
#2612 = EDGE_CURVE ( 'NONE', #1636, #1714, #1552, .T. ) ;
#2613 = CARTESIAN_POINT ( 'NONE',  ( 0.9000000000000000200, 2.700000000000000200, 0.0000000000000000000 ) ) ;
#2614 = CYLINDRICAL_SURFACE ( 'NONE', #479, 0.3042623357845721800 ) ;
#2615 = CARTESIAN_POINT ( 'NONE',  ( 1.146579437399554600, 1.729906060138488100, 1.071647758104568900 ) ) ;
#2616 = DIRECTION ( 'NONE',  ( 0.0000000000000000000, 0.0000000000000000000, 1.000000000000000000 ) ) ;
#2617 = EDGE_CURVE ( 'NONE', #3320, #2500, #254, .T. ) ;
#2618 = ORIENTED_EDGE ( 'NONE', *, *, #38, .F. ) ;
#2619 = EDGE_LOOP ( 'NONE', ( #2825, #1735, #819, #1263 ) ) ;
#2620 = VECTOR ( 'NONE', #1544, 1000.000000000000000 ) ;
#2621 = ORIENTED_EDGE ( 'NONE', *, *, #1287, .T. ) ;
#2622 = CIRCLE ( 'NONE', #866, 0.4501129136690195700 ) ;
#2623 = VECTOR ( 'NONE', #1922, 1000.000000000000000 ) ;
#2624 = ORIENTED_EDGE ( 'NONE', *, *, #2427, .F. ) ;
#2625 = EDGE_CURVE ( 'NONE', #2461, #720, #1459, .T. ) ;
#2626 = LINE ( 'NONE', #1499, #1741 ) ;
#2627 = ORIENTED_EDGE ( 'NONE', *, *, #291, .F. ) ;
#2628 = EDGE_LOOP ( 'NONE', ( #2949, #1232, #2289, #1051, #3079, #621, #980, #2502, #3287, #3094, #3348, #384, #2906, #1303, #1790, #919, #3312, #1435 ) ) ;
#2629 = DIRECTION ( 'NONE',  ( -1.000000000000000000, 0.0000000000000000000, 0.0000000000000000000 ) ) ;
#2630 = DIRECTION ( 'NONE',  ( 1.000000000000000000, -0.0000000000000000000, -0.0000000000000000000 ) ) ;
#2631 = AXIS2_PLACEMENT_3D ( 'NONE', #3364, #2275, #3353 ) ;
#2632 = PLANE ( 'NONE',  #1726 ) ;
#2633 = VERTEX_POINT ( 'NONE', #1574 ) ;
#2634 = VERTEX_POINT ( 'NONE', #2899 ) ;
#2635 = EDGE_CURVE ( 'NONE', #595, #2633, #2354, .T. ) ;
#2636 = APPLICATION_PROTOCOL_DEFINITION ( 'draft international standard', 'automotive_design', 1998, #1804 ) ;
#2637 = CLOSED_SHELL ( 'NONE', ( #1370, #570, #1623, #2717, #1577, #1889, #610, #1944, #1079, #201, #1058, #1281, #1411, #239, #2209, #3036, #2927, #2260, #1594, #1010 ) ) ;
#2638 = DIRECTION ( 'NONE',  ( 1.000000000000000000, 0.0000000000000000000, -1.556946131228447100E-016 ) ) ;
#2639 = CARTESIAN_POINT ( 'NONE',  ( 1.116175491646428200, 1.748711205562461000, -1.069640914885038500 ) ) ;
#2640 = ORIENTED_EDGE ( 'NONE', *, *, #3102, .F. ) ;
#2641 = ORIENTED_EDGE ( 'NONE', *, *, #2322, .F. ) ;
#2642 = EDGE_CURVE ( 'NONE', #23, #2233, #2823, .T. ) ;
#2643 = DIRECTION ( 'NONE',  ( 0.0000000000000000000, 0.0000000000000000000, -1.000000000000000000 ) ) ;
#2644 = CARTESIAN_POINT ( 'NONE',  ( 3.259409350337610800E-016, 0.2000000000000000900, -1.214999999999999900 ) ) ;
#2645 = CARTESIAN_POINT ( 'NONE',  ( -6.235301072265678700E-016, 1.700000000000000000, -1.214999999999999900 ) ) ;
#2646 = DIRECTION ( 'NONE',  ( 1.000000000000000000, 0.0000000000000000000, 0.0000000000000000000 ) ) ;
#2647 = ADVANCED_FACE ( 'NONE', ( #565 ), #645, .F. ) ;
#2648 = ORIENTED_EDGE ( 'NONE', *, *, #737, .F. ) ;
#2649 = EDGE_CURVE ( 'NONE', #3403, #95, #1857, .T. ) ;
#2650 = DIRECTION ( 'NONE',  ( 0.0000000000000000000, 1.000000000000000000, 0.0000000000000000000 ) ) ;
#2651 = B_SPLINE_CURVE_WITH_KNOTS ( 'NONE', 3,
 ( #164, #2102, #721, #997 ),
 .UNSPECIFIED., .F., .F.,
 ( 4, 4 ),
 ( 1.969659791669107800E-007, 0.0001576703978029414100 ),
 .UNSPECIFIED. ) ;
#2652 = ORIENTED_EDGE ( 'NONE', *, *, #1849, .T. ) ;
#2653 = VECTOR ( 'NONE', #2249, 1000.000000000000000 ) ;
#2654 = DIRECTION ( 'NONE',  ( 0.0000000000000000000, 1.614882900561510400E-016, -1.000000000000000000 ) ) ;
#2655 = DIRECTION ( 'NONE',  ( 0.0000000000000000000, 0.0000000000000000000, -1.000000000000000000 ) ) ;
#2656 = VERTEX_POINT ( 'NONE', #2948 ) ;
#2657 = VECTOR ( 'NONE', #3493, 1000.000000000000000 ) ;
#2658 = EDGE_CURVE ( 'NONE', #1341, #1822, #2475, .T. ) ;
#2659 = DIRECTION ( 'NONE',  ( 1.000000000000000000, 0.0000000000000000000, 0.0000000000000000000 ) ) ;
#2660 = LINE ( 'NONE', #1808, #2359 ) ;
#2661 = CIRCLE ( 'NONE', #3038, 0.1000000000000000500 ) ;
#2662 = DIRECTION ( 'NONE',  ( 0.0000000000000000000, 0.0000000000000000000, 1.000000000000000000 ) ) ;
#2663 = ORIENTED_EDGE ( 'NONE', *, *, #1408, .T. ) ;
#2664 = DIRECTION ( 'NONE',  ( 0.0000000000000000000, -0.7660444431189796800, -0.6427876096865374800 ) ) ;
#2665 = LINE ( 'NONE', #332, #1381 ) ;
#2666 = ADVANCED_FACE ( 'NONE', ( #3206 ), #1021, .T. ) ;
#2667 = LINE ( 'NONE', #3531, #3180 ) ;
#2668 = DIRECTION ( 'NONE',  ( 1.000000000000000000, 0.0000000000000000000, 0.0000000000000000000 ) ) ;
#2669 = EDGE_LOOP ( 'NONE', ( #2587, #2026, #3041, #2992 ) ) ;
#2670 = FACE_OUTER_BOUND ( 'NONE', #2090, .T. ) ;
#2671 = ORIENTED_EDGE ( 'NONE', *, *, #2022, .T. ) ;
#2672 = VERTEX_POINT ( 'NONE', #270 ) ;
#2673 = AXIS2_PLACEMENT_3D ( 'NONE', #710, #403, #149 ) ;
#2674 = ORIENTED_EDGE ( 'NONE', *, *, #243, .T. ) ;
#2675 = ORIENTED_EDGE ( 'NONE', *, *, #2355, .F. ) ;
#2676 = VECTOR ( 'NONE', #1810, 1000.000000000000000 ) ;
#2677 = CARTESIAN_POINT ( 'NONE',  ( 1.992760902614056000, 2.475000000000000100, -0.6999999999999999600 ) ) ;
#2678 = AXIS2_PLACEMENT_3D ( 'NONE', #209, #2630, #988 ) ;
#2679 = ORIENTED_EDGE ( 'NONE', *, *, #3418, .F. ) ;
#2680 = PLANE ( 'NONE',  #287 ) ;
#2681 = VERTEX_POINT ( 'NONE', #1622 ) ;
#2682 = EDGE_CURVE ( 'NONE', #2842, #1644, #1766, .T. ) ;
#2683 = ADVANCED_FACE ( 'NONE', ( #3252 ), #614, .T. ) ;
#2684 = CARTESIAN_POINT ( 'NONE',  ( -0.9000000000000003600, 0.2000000000000000100, -1.249999999999999300 ) ) ;
#2685 = ORIENTED_EDGE ( 'NONE', *, *, #368, .F. ) ;
#2686 = CARTESIAN_POINT ( 'NONE',  ( 0.9000000000000001300, 0.2352080016535703600, -0.3013390105916603500 ) ) ;
#2687 = DIRECTION ( 'NONE',  ( 0.0000000000000000000, 0.0000000000000000000, 1.000000000000000000 ) ) ;
#2688 = DIRECTION ( 'NONE',  ( 0.0000000000000000000, 0.0000000000000000000, 1.000000000000000000 ) ) ;
#2689 = VECTOR ( 'NONE', #3368, 1000.000000000000000 ) ;
#2690 = ORIENTED_EDGE ( 'NONE', *, *, #2279, .F. ) ;
#2691 = VECTOR ( 'NONE', #1886, 1000.000000000000000 ) ;
#2692 = VECTOR ( 'NONE', #838, 1000.000000000000000 ) ;
#2693 = DIRECTION ( 'NONE',  ( 0.0000000000000000000, 0.0000000000000000000, 1.000000000000000000 ) ) ;
#2694 = ADVANCED_FACE ( 'NONE', ( #1286 ), #3425, .T. ) ;
#2695 = B_SPLINE_CURVE_WITH_KNOTS ( 'NONE', 3,
 ( #2615, #756, #1538, #3440 ),
 .UNSPECIFIED., .F., .F.,
 ( 4, 4 ),
 ( 1.167721476617542300E-018, 0.0001103111848188606400 ),
 .UNSPECIFIED. ) ;
#2696 = DIRECTION ( 'NONE',  ( 0.0000000000000000000, 0.0000000000000000000, -1.000000000000000000 ) ) ;
#2697 = AXIS2_PLACEMENT_3D ( 'NONE', #2418, #786, #2696 ) ;
#2698 = VECTOR ( 'NONE', #2668, 1000.000000000000000 ) ;
#2700 = EDGE_LOOP ( 'NONE', ( #274, #263, #2679, #360 ) ) ;
#2699 = CARTESIAN_POINT ( 'NONE',  ( 0.9000000000000001300, 0.2000000000000000100, -1.249999999999999600 ) ) ;
#2701 = EDGE_CURVE ( 'NONE', #579, #1143, #472, .T. ) ;
#2702 = ORIENTED_EDGE ( 'NONE', *, *, #1378, .F. ) ;
#2703 = VECTOR ( 'NONE', #66, 1000.000000000000000 ) ;
#2704 = CARTESIAN_POINT ( 'NONE',  ( 1.117333310915041000, 2.533234285148065800, -1.092760902614055900 ) ) ;
#2705 = LINE ( 'NONE', #1482, #2088 ) ;
#2706 = VECTOR ( 'NONE', #3468, 1000.000000000000000 ) ;
#2707 = ADVANCED_FACE ( 'NONE', ( #1155 ), #1245, .T. ) ;
#2708 = DIRECTION ( 'NONE',  ( 0.0000000000000000000, -1.000000000000000000, -0.0000000000000000000 ) ) ;
#2709 = VECTOR ( 'NONE', #1756, 1000.000000000000000 ) ;
#2710 = DIRECTION ( 'NONE',  ( 1.000000000000000000, 0.0000000000000000000, 0.0000000000000000000 ) ) ;
#2711 = EDGE_LOOP ( 'NONE', ( #1619, #1599, #2152, #10 ) ) ;
#2712 = VECTOR ( 'NONE', #1612, 1000.000000000000000 ) ;
#2713 = DIRECTION ( 'NONE',  ( -0.0000000000000000000, 1.000000000000000000, 0.0000000000000000000 ) ) ;
#2714 = DIRECTION ( 'NONE',  ( -4.818676322157798400E-016, 0.0000000000000000000, 1.000000000000000000 ) ) ;
#2715 = DIRECTION ( 'NONE',  ( 1.000000000000000000, 0.0000000000000000000, -4.625822922308216200E-016 ) ) ;
#2716 = ORIENTED_EDGE ( 'NONE', *, *, #1667, .T. ) ;
#2717 = ADVANCED_FACE ( 'NONE', ( #2084 ), #2614, .T. ) ;
#2718 = CARTESIAN_POINT ( 'NONE',  ( -0.9000000000000001300, 0.2000000000000000100, 1.249999999999999600 ) ) ;
#2719 = ORIENTED_EDGE ( 'NONE', *, *, #1925, .T. ) ;
#2720 = CARTESIAN_POINT ( 'NONE',  ( -1.251784245380883800, 1.700000000000000000, -1.214999999999999600 ) ) ;
#2721 = AXIS2_PLACEMENT_3D ( 'NONE', #2091, #434, #3160 ) ;
#2722 = SURFACE_SIDE_STYLE ('',( #2765 ) ) ;
#2723 = CARTESIAN_POINT ( 'NONE',  ( 0.9000000000000001300, 0.2491064769153993300, 0.6618042484119133200 ) ) ;
#2724 = EDGE_LOOP ( 'NONE', ( #716, #2127, #890, #696 ) ) ;
#2725 = EDGE_CURVE ( 'NONE', #845, #2924, #521, .T. ) ;
#2726 = CARTESIAN_POINT ( 'NONE',  ( 1.005131153747765200, 1.790931128616791000, -1.105866484567005000 ) ) ;
#2727 = EDGE_CURVE ( 'NONE', #1333, #3394, #1902, .T. ) ;
#2728 = PLANE ( 'NONE',  #411 ) ;
#2729 = EDGE_CURVE ( 'NONE', #916, #2296, #438, .T. ) ;
#2730 = DIRECTION ( 'NONE',  ( 1.876267750540549900E-016, -0.6427876096865373600, 0.7660444431189796800 ) ) ;
#2731 = CARTESIAN_POINT ( 'NONE',  ( -0.9000000000000001300, 0.0000000000000000000, -1.250000000000000000 ) ) ;
#2732 = VERTEX_POINT ( 'NONE', #1633 ) ;
#2733 = DIRECTION ( 'NONE',  ( -1.000000000000000000, -0.0000000000000000000, 0.0000000000000000000 ) ) ;
#2734 = DIRECTION ( 'NONE',  ( -0.0000000000000000000, -1.000000000000000000, -0.0000000000000000000 ) ) ;
#2735 = DIRECTION ( 'NONE',  ( 3.801253388124705800E-015, -0.0000000000000000000, -1.000000000000000000 ) ) ;
#2736 = EDGE_CURVE ( 'NONE', #2761, #3054, #999, .T. ) ;
#2737 = DIRECTION ( 'NONE',  ( 0.0000000000000000000, -1.000000000000000000, 0.0000000000000000000 ) ) ;
#2738 = CARTESIAN_POINT ( 'NONE',  ( -0.9000000000000003600, 2.533234285148065800, -0.6999999999999994000 ) ) ;
#2739 = CARTESIAN_POINT ( 'NONE',  ( -0.9000000000000004700, 1.331239223509012500, -1.214999999999999600 ) ) ;
#2740 = CIRCLE ( 'NONE', #2747, 0.06674684346470624600 ) ;
#2741 = DIRECTION ( 'NONE',  ( 0.0000000000000000000, 0.0000000000000000000, 1.000000000000000000 ) ) ;
#2742 = AXIS2_PLACEMENT_3D ( 'NONE', #261, #547, #3037 ) ;
#2743 = FACE_OUTER_BOUND ( 'NONE', #1385, .T. ) ;
#2744 = CARTESIAN_POINT ( 'NONE',  ( 1.564999999999999900, 0.2491064769153990300, 0.3084354357119418200 ) ) ;
#2745 = ORIENTED_EDGE ( 'NONE', *, *, #106, .T. ) ;
#2746 = CYLINDRICAL_SURFACE ( 'NONE', #2462, 0.06674684346470624600 ) ;
#2747 = AXIS2_PLACEMENT_3D ( 'NONE', #2816, #2025, #643 ) ;
#2748 = FACE_OUTER_BOUND ( 'NONE', #1177, .T. ) ;
#2749 = DIRECTION ( 'NONE',  ( -1.000000000000000000, 0.0000000000000000000, 0.0000000000000000000 ) ) ;
#2750 = VERTEX_POINT ( 'NONE', #1116 ) ;
#2751 = FACE_OUTER_BOUND ( 'NONE', #744, .T. ) ;
#2752 = FACE_OUTER_BOUND ( 'NONE', #1629, .T. ) ;
#2753 = DIRECTION ( 'NONE',  ( 1.000000000000000000, -0.0000000000000000000, -0.0000000000000000000 ) ) ;
#2754 = ORIENTED_EDGE ( 'NONE', *, *, #1378, .T. ) ;
#2755 = LINE ( 'NONE', #913, #8 ) ;
#2756 = CARTESIAN_POINT ( 'NONE',  ( -0.9000000000000000200, 2.475000000000000100, 0.6999999999999999600 ) ) ;
#2757 = ORIENTED_EDGE ( 'NONE', *, *, #2725, .F. ) ;
#2758 = ORIENTED_EDGE ( 'NONE', *, *, #2658, .F. ) ;
#2759 = CARTESIAN_POINT ( 'NONE',  ( -1.053606543901726400, 1.774118095489829700, -1.091695537491062200 ) ) ;
#2760 = CARTESIAN_POINT ( 'NONE',  ( 0.9000000000000002400, 2.475000000000000100, -0.6999999999999997300 ) ) ;
#2761 = VERTEX_POINT ( 'NONE', #543 ) ;
#2762 = DIRECTION ( 'NONE',  ( 1.000000000000000000, 0.0000000000000000000, 0.0000000000000000000 ) ) ;
#2763 = DIRECTION ( 'NONE',  ( -1.556946131228447100E-016, -0.0000000000000000000, -1.000000000000000000 ) ) ;
#2764 = AXIS2_PLACEMENT_3D ( 'NONE', #3130, #2597, #1501 ) ;
#2765 = SURFACE_STYLE_FILL_AREA ( #806 ) ;
#2766 = ORIENTED_EDGE ( 'NONE', *, *, #1348, .F. ) ;
#2767 = ORIENTED_EDGE ( 'NONE', *, *, #1486, .T. ) ;
#2768 = CARTESIAN_POINT ( 'NONE',  ( -1.600000000000000100, 0.2491064769153993300, 0.6126977714965139400 ) ) ;
#2769 = AXIS2_PLACEMENT_3D ( 'NONE', #1415, #2494, #1765 ) ;
#2770 = ORIENTED_EDGE ( 'NONE', *, *, #2129, .T. ) ;
#2771 = EDGE_LOOP ( 'NONE', ( #186, #3212, #1461, #3268, #156, #96, #3090, #2552, #1883, #276 ) ) ;
#2772 = DIRECTION ( 'NONE',  ( -1.000000000000000000, 0.0000000000000000000, 0.0000000000000000000 ) ) ;
#2773 = ADVANCED_FACE ( 'NONE', ( #1997 ), #731, .T. ) ;
#2774 = CARTESIAN_POINT ( 'NONE',  ( -0.9000000000000002400, 2.533234285148065800, 0.9173333109150408900 ) ) ;
#2775 =( NAMED_UNIT ( * ) PLANE_ANGLE_UNIT ( ) SI_UNIT ( $, .RADIAN. ) );
#2776 = DIRECTION ( 'NONE',  ( 0.0000000000000000000, 0.0000000000000000000, -1.000000000000000000 ) ) ;
#2777 = FACE_OUTER_BOUND ( 'NONE', #586, .T. ) ;
#2778 = EDGE_LOOP ( 'NONE', ( #1251, #2810, #215, #1836 ) ) ;
#2779 = CARTESIAN_POINT ( 'NONE',  ( -0.9000000000000003600, 1.700000000000000000, -0.6999999999999994000 ) ) ;
#2780 = VERTEX_POINT ( 'NONE', #294 ) ;
#2781 = CIRCLE ( 'NONE', #2031, 0.2249999999999999500 ) ;
#2782 = CARTESIAN_POINT ( 'NONE',  ( -0.9000000000000001300, 0.2352080016535702800, 0.2345921671269538300 ) ) ;
#2783 = ORIENTED_EDGE ( 'NONE', *, *, #685, .T. ) ;
#2784 = CIRCLE ( 'NONE', #3182, 0.3042623357845721800 ) ;
#2785 = CARTESIAN_POINT ( 'NONE',  ( 0.9000000000000001300, 0.2491064769153990600, -0.3084354357119420400 ) ) ;
#2786 = DIRECTION ( 'NONE',  ( 0.0000000000000000000, -0.6427876096865373600, 0.7660444431189796800 ) ) ;
#2787 = EDGE_CURVE ( 'NONE', #875, #1747, #3166, .T. ) ;
#2788 = LINE ( 'NONE', #3192, #2278 ) ;
#2789 = ADVANCED_FACE ( 'NONE', ( #1814 ), #810, .T. ) ;
#2790 = AXIS2_PLACEMENT_3D ( 'NONE', #1696, #607, #2506 ) ;
#2791 = VERTEX_POINT ( 'NONE', #1984 ) ;
#2792 = ORIENTED_EDGE ( 'NONE', *, *, #3043, .T. ) ;
#2793 = VECTOR ( 'NONE', #3276, 1000.000000000000000 ) ;
#2794 = CARTESIAN_POINT ( 'NONE',  ( -1.565000000000000200, 0.1999999999999999800, -0.6618042484119128800 ) ) ;
#2795 = CIRCLE ( 'NONE', #1256, 0.06674684346470624600 ) ;
#2796 = CIRCLE ( 'NONE', #798, 0.06674684346470624600 ) ;
#2797 = AXIS2_PLACEMENT_3D ( 'NONE', #2431, #2960, #800 ) ;
#2798 = FACE_OUTER_BOUND ( 'NONE', #151, .T. ) ;
#2799 = EDGE_CURVE ( 'NONE', #2162, #2233, #2822, .T. ) ;
#2800 = DIRECTION ( 'NONE',  ( 1.000000000000000000, 0.0000000000000000000, -0.0000000000000000000 ) ) ;
#2801 = ORIENTED_EDGE ( 'NONE', *, *, #3334, .F. ) ;
#2802 = ORIENTED_EDGE ( 'NONE', *, *, #3112, .F. ) ;
#2803 = ORIENTED_EDGE ( 'NONE', *, *, #1894, .T. ) ;
#2804 = LINE ( 'NONE', #3116, #1308 ) ;
#2805 = ADVANCED_FACE ( 'NONE', ( #75 ), #2476, .T. ) ;
#2806 = CARTESIAN_POINT ( 'NONE',  ( -1.600000000000000100, 0.2352080016535702800, 0.2345921671269538300 ) ) ;
#2807 = PLANE ( 'NONE',  #3540 ) ;
#2808 = DIRECTION ( 'NONE',  ( 0.0000000000000000000, 0.0000000000000000000, -1.000000000000000000 ) ) ;
#2809 = CARTESIAN_POINT ( 'NONE',  ( 0.9000000000000001300, 0.2352080016535702800, 0.2345921671269538300 ) ) ;
#2810 = ORIENTED_EDGE ( 'NONE', *, *, #3355, .F. ) ;
#2811 = AXIS2_PLACEMENT_3D ( 'NONE', #3008, #2214, #3027 ) ;
#2812 = ORIENTED_EDGE ( 'NONE', *, *, #1914, .F. ) ;
#2813 =( NAMED_UNIT ( * ) SI_UNIT ( $, .STERADIAN. ) SOLID_ANGLE_UNIT ( ) );
#2814 = AXIS2_PLACEMENT_3D ( 'NONE', #245, #1931, #1882 ) ;
#2815 = DIRECTION ( 'NONE',  ( 1.000000000000000000, 0.0000000000000000000, 3.373073425510458900E-015 ) ) ;
#2816 = CARTESIAN_POINT ( 'NONE',  ( 0.9000000000000001300, 0.2352080016535702800, 0.2345921671269538300 ) ) ;
#2817 = VERTEX_POINT ( 'NONE', #282 ) ;
#2818 = CARTESIAN_POINT ( 'NONE',  ( 1.564999999999999900, 1.700000000000000000, 1.214999999999999900 ) ) ;
#2819 = EDGE_CURVE ( 'NONE', #1394, #3217, #3336, .T. ) ;
#2820 = ORIENTED_EDGE ( 'NONE', *, *, #3165, .F. ) ;
#2821 = DIRECTION ( 'NONE',  ( -1.000000000000000000, 0.0000000000000000000, 0.0000000000000000000 ) ) ;
#2822 = CIRCLE ( 'NONE', #39, 0.2249999999999999500 ) ;
#2823 = CIRCLE ( 'NONE', #2608, 0.2173333109150407900 ) ;
#2824 = CARTESIAN_POINT ( 'NONE',  ( 0.9000000000000003600, 1.700000000000000000, 1.140597764726383000 ) ) ;
#2825 = ORIENTED_EDGE ( 'NONE', *, *, #3445, .T. ) ;
#2826 = PLANE ( 'NONE',  #432 ) ;
#2827 = VECTOR ( 'NONE', #3401, 1000.000000000000000 ) ;
#2828 = PLANE ( 'NONE',  #1441 ) ;
#2829 = LINE ( 'NONE', #2818, #2445 ) ;
#2830 = DIRECTION ( 'NONE',  ( -0.0000000000000000000, -0.0000000000000000000, 1.000000000000000000 ) ) ;
#2831 = VERTEX_POINT ( 'NONE', #3285 ) ;
#2832 = VECTOR ( 'NONE', #3410, 1000.000000000000000 ) ;
#2833 = DIRECTION ( 'NONE',  ( -1.000000000000000000, 0.0000000000000000000, 0.0000000000000000000 ) ) ;
#2834 = EDGE_CURVE ( 'NONE', #2182, #874, #1995, .T. ) ;
#2835 = AXIS2_PLACEMENT_3D ( 'NONE', #2024, #2519, #2815 ) ;
#2836 = VECTOR ( 'NONE', #707, 1000.000000000000000 ) ;
#2837 = DIRECTION ( 'NONE',  ( 1.000000000000000000, 0.0000000000000000000, 0.0000000000000000000 ) ) ;
#2838 = ORIENTED_EDGE ( 'NONE', *, *, #226, .T. ) ;
#2839 = LINE ( 'NONE', #2718, #1694 ) ;
#2840 = ORIENTED_EDGE ( 'NONE', *, *, #1298, .T. ) ;
#2841 = CARTESIAN_POINT ( 'NONE',  ( -1.565000000000000200, 0.2491064769153993300, -0.6618042484119128800 ) ) ;
#2842 = VERTEX_POINT ( 'NONE', #307 ) ;
#2843 = CARTESIAN_POINT ( 'NONE',  ( -0.9000000000000002400, 0.2352080016535702800, -0.2345921671269536000 ) ) ;
#2844 = DIRECTION ( 'NONE',  ( -1.000000000000000000, 0.0000000000000000000, 2.449293598294705900E-016 ) ) ;
#2845 = ORIENTED_EDGE ( 'NONE', *, *, #2437, .F. ) ;
#2846 = CARTESIAN_POINT ( 'NONE',  ( -0.9000000000000003600, 2.475000000000000100, -0.6999999999999995100 ) ) ;
#2847 = ORIENTED_EDGE ( 'NONE', *, *, #2426, .T. ) ;
#2848 = VECTOR ( 'NONE', #946, 1000.000000000000000 ) ;
#2849 = FILL_AREA_STYLE_COLOUR ( '', #1496 ) ;
#2850 = ORIENTED_EDGE ( 'NONE', *, *, #2383, .T. ) ;
#2851 = CARTESIAN_POINT ( 'NONE',  ( 1.053606543901726100, 1.774118095489829700, -1.091695537491062400 ) ) ;
#2852 = ORIENTED_EDGE ( 'NONE', *, *, #2020, .F. ) ;
#2853 = PLANE ( 'NONE',  #2315 ) ;
#2854 = CARTESIAN_POINT ( 'NONE',  ( 0.9000000000000003600, 2.533234285148065800, -0.9173333109150406700 ) ) ;
#2855 = AXIS2_PLACEMENT_3D ( 'NONE', #3330, #1174, #1152 ) ;
#2856 = SHAPE_DEFINITION_REPRESENTATION ( #1052, #3005 ) ;
#2857 = CARTESIAN_POINT ( 'NONE',  ( -1.117333310915041200, 2.533234285148065800, -1.092760902614055700 ) ) ;
#2858 = EDGE_CURVE ( 'NONE', #420, #652, #251, .T. ) ;
#2859 = EDGE_CURVE ( 'NONE', #1127, #134, #2352, .T. ) ;
#2860 = EDGE_LOOP ( 'NONE', ( #764, #511, #884, #1753 ) ) ;
#2861 = LINE ( 'NONE', #3018, #2349 ) ;
#2862 = DIRECTION ( 'NONE',  ( -8.923474670662587900E-017, 0.0000000000000000000, 1.000000000000000000 ) ) ;
#2863 = CARTESIAN_POINT ( 'NONE',  ( -1.564999999999999500, 1.817453405399557900, 1.075024482152652900 ) ) ;
#2864 = EDGE_CURVE ( 'NONE', #2951, #1636, #170, .T. ) ;
#2865 = VERTEX_POINT ( 'NONE', #1374 ) ;
#2866 = VECTOR ( 'NONE', #3075, 1000.000000000000100 ) ;
#2867 = CARTESIAN_POINT ( 'NONE',  ( -1.600000000000000100, 0.2491064769153995000, -0.6126977714965141700 ) ) ;
#2868 = CYLINDRICAL_SURFACE ( 'NONE', #2253, 0.3042623357845721800 ) ;
#2869 = PLANE ( 'NONE',  #1134 ) ;
#2870 = ORIENTED_EDGE ( 'NONE', *, *, #3188, .F. ) ;
#2871 = FACE_OUTER_BOUND ( 'NONE', #1140, .T. ) ;
#2872 = CIRCLE ( 'NONE', #2721, 0.06674684346470624600 ) ;
#2873 = DIRECTION ( 'NONE',  ( 1.000000000000000000, 0.0000000000000000000, 0.0000000000000000000 ) ) ;
#2874 = AXIS2_PLACEMENT_3D ( 'NONE', #1821, #1270, #3417 ) ;
#2875 = DIRECTION ( 'NONE',  ( 1.000000000000000000, 0.0000000000000000000, 0.0000000000000000000 ) ) ;
#2876 = ORIENTED_EDGE ( 'NONE', *, *, #3165, .T. ) ;
#2877 = FACE_OUTER_BOUND ( 'NONE', #88, .T. ) ;
#2878 = FACE_OUTER_BOUND ( 'NONE', #2416, .T. ) ;
#2879 = CARTESIAN_POINT ( 'NONE',  ( -0.9000000000000000200, 0.1771672682059996200, 0.3013390105916602900 ) ) ;
#2880 = PLANE ( 'NONE',  #178 ) ;
#2881 = ORIENTED_EDGE ( 'NONE', *, *, #1453, .T. ) ;
#2882 = ORIENTED_EDGE ( 'NONE', *, *, #3265, .T. ) ;
#2883 = EDGE_CURVE ( 'NONE', #3361, #1862, #2196, .T. ) ;
#2884 = ORIENTED_EDGE ( 'NONE', *, *, #636, .F. ) ;
#2885 = CARTESIAN_POINT ( 'NONE',  ( 0.9000000000000001300, 0.2491064769153990300, 0.3084354357119418200 ) ) ;
#2886 = CARTESIAN_POINT ( 'NONE',  ( -0.9000000000000001300, 0.2491064769153995000, -0.6126977714965141700 ) ) ;
#2887 = FACE_OUTER_BOUND ( 'NONE', #2459, .T. ) ;
#2888 = ORIENTED_EDGE ( 'NONE', *, *, #3418, .T. ) ;
#2889 = CARTESIAN_POINT ( 'NONE',  ( -0.9000000000000001300, 0.05000000000000000300, 2.204364238465235600E-016 ) ) ;
#2890 = ORIENTED_EDGE ( 'NONE', *, *, #1925, .F. ) ;
#2891 = CARTESIAN_POINT ( 'NONE',  ( 0.9000000000000001300, 0.2000000000000003200, -1.250000000000000000 ) ) ;
#2892 = ORIENTED_EDGE ( 'NONE', *, *, #2223, .F. ) ;
#2893 = ORIENTED_EDGE ( 'NONE', *, *, #1839, .T. ) ;
#2894 = DIRECTION ( 'NONE',  ( -1.000000000000000000, 0.0000000000000000000, 0.0000000000000000000 ) ) ;
#2895 = CARTESIAN_POINT ( 'NONE',  ( 0.9000000000000001300, 0.2491064769153993300, 0.6618042484119133200 ) ) ;
#2896 = B_SPLINE_CURVE_WITH_KNOTS ( 'NONE', 3,
 ( #2759, #821, #1089, #1114 ),
 .UNSPECIFIED., .F., .F.,
 ( 4, 4 ),
 ( 6.297102071819494000E-007, 0.0001055453836298460600 ),
 .UNSPECIFIED. ) ;
#2897 = AXIS2_PLACEMENT_3D ( 'NONE', #1055, #1899, #2970 ) ;
#2898 = ORIENTED_EDGE ( 'NONE', *, *, #2222, .F. ) ;
#2899 = CARTESIAN_POINT ( 'NONE',  ( -0.9000000000000000200, 0.2491064769153993300, 0.6126977714965141700 ) ) ;
#2900 = EDGE_CURVE ( 'NONE', #1714, #911, #436, .T. ) ;
#2901 = VECTOR ( 'NONE', #604, 1000.000000000000000 ) ;
#2902 = DIRECTION ( 'NONE',  ( 0.0000000000000000000, 0.0000000000000000000, 1.000000000000000000 ) ) ;
#2903 = CARTESIAN_POINT ( 'NONE',  ( 0.9000000000000001300, 0.2352080016535702800, 0.3013390105916600700 ) ) ;
#2904 = LINE ( 'NONE', #1867, #2698 ) ;
#2905 = DIRECTION ( 'NONE',  ( 0.0000000000000000000, 0.0000000000000000000, -1.000000000000000000 ) ) ;
#2906 = ORIENTED_EDGE ( 'NONE', *, *, #669, .T. ) ;
#2907 = DIRECTION ( 'NONE',  ( 1.000000000000000000, 0.0000000000000000000, 0.0000000000000000000 ) ) ;
#2908 = LINE ( 'NONE', #2311, #1948 ) ;
#2909 = DIRECTION ( 'NONE',  ( 0.0000000000000000000, 0.0000000000000000000, 1.000000000000000000 ) ) ;
#2910 = ORIENTED_EDGE ( 'NONE', *, *, #1970, .F. ) ;
#2911 = VECTOR ( 'NONE', #2408, 1000.000000000000000 ) ;
#2912 = COLOUR_RGB ( '',0.7921568627450980000, 0.8196078431372548800, 0.9333333333333333500 ) ;
#2913 = DIRECTION ( 'NONE',  ( 3.854941057726238700E-015, 0.0000000000000000000, 1.000000000000000000 ) ) ;
#2914 = ORIENTED_EDGE ( 'NONE', *, *, #1407, .T. ) ;
#2915 = CARTESIAN_POINT ( 'NONE',  ( -1.600000000000000100, 0.2000000000000000100, 1.249999999999999600 ) ) ;
#2916 = EDGE_CURVE ( 'NONE', #1807, #699, #1811, .T. ) ;
#2917 = LINE ( 'NONE', #1460, #1474 ) ;
#2918 = DIRECTION ( 'NONE',  ( 2.250883402291184800E-015, -3.252606517456499900E-015, -1.000000000000000000 ) ) ;
#2919 = VERTEX_POINT ( 'NONE', #2504 ) ;
#2920 = ORIENTED_EDGE ( 'NONE', *, *, #1914, .T. ) ;
#2921 = ORIENTED_EDGE ( 'NONE', *, *, #45, .T. ) ;
#2922 = DIRECTION ( 'NONE',  ( -0.0000000000000000000, -0.7660444431189796800, -0.6427876096865374800 ) ) ;
#2923 = AXIS2_PLACEMENT_3D ( 'NONE', #503, #765, #3218 ) ;
#2924 = VERTEX_POINT ( 'NONE', #2774 ) ;
#2925 = VERTEX_POINT ( 'NONE', #1141 ) ;
#2926 = EDGE_CURVE ( 'NONE', #2224, #1998, #127, .T. ) ;
#2927 = ADVANCED_FACE ( 'NONE', ( #1455 ), #872, .T. ) ;
#2928 = VERTEX_POINT ( 'NONE', #3098 ) ;
#2929 = LINE ( 'NONE', #1606, #1440 ) ;
#2930 = ORIENTED_EDGE ( 'NONE', *, *, #194, .F. ) ;
#2931 = EDGE_CURVE ( 'NONE', #854, #3007, #2784, .T. ) ;
#2932 = EDGE_CURVE ( 'NONE', #3416, #3150, #1591, .T. ) ;
#2933 = CARTESIAN_POINT ( 'NONE',  ( -1.600000000000000100, 0.0000000000000000000, 0.4499999999999997900 ) ) ;
#2934 = DIRECTION ( 'NONE',  ( 0.0000000000000000000, 1.000000000000000000, 0.0000000000000000000 ) ) ;
#2935 = CARTESIAN_POINT ( 'NONE',  ( 0.9000000000000001300, 0.0000000000000000000, 1.250000000000000000 ) ) ;
#2936 = DIRECTION ( 'NONE',  ( -1.000000000000000000, -0.0000000000000000000, -0.0000000000000000000 ) ) ;
#2937 = PLANE ( 'NONE',  #1628 ) ;
#2938 = EDGE_CURVE ( 'NONE', #1143, #2172, #519, .T. ) ;
#2939 = CARTESIAN_POINT ( 'NONE',  ( 1.146579437399554600, 1.729906060138488100, -1.071647758104568900 ) ) ;
#2940 = DIRECTION ( 'NONE',  ( 1.000000000000000000, 0.0000000000000000000, 0.0000000000000000000 ) ) ;
#2941 = ADVANCED_FACE ( 'NONE', ( #2516 ), #3458, .T. ) ;
#2942 = B_SPLINE_CURVE_WITH_KNOTS ( 'NONE', 3,
 ( #396, #3291, #12, #3511 ),
 .UNSPECIFIED., .F., .F.,
 ( 4, 4 ),
 ( 6.297102071819494000E-007, 0.0001055453836298460600 ),
 .UNSPECIFIED. ) ;
#2943 = CARTESIAN_POINT ( 'NONE',  ( 1.564999999999999700, 1.817453405399557900, 1.075024482152652400 ) ) ;
#2944 = AXIS2_PLACEMENT_3D ( 'NONE', #1327, #2436, #2226 ) ;
#2945 = ORIENTED_EDGE ( 'NONE', *, *, #1407, .F. ) ;
#2946 = VERTEX_POINT ( 'NONE', #344 ) ;
#2947 = LINE ( 'NONE', #2362, #2313 ) ;
#2948 = CARTESIAN_POINT ( 'NONE',  ( -1.564999999999999900, 0.2352080016535702800, -0.3013390105916596800 ) ) ;
#2949 = ORIENTED_EDGE ( 'NONE', *, *, #1221, .T. ) ;
#2950 = EDGE_CURVE ( 'NONE', #3200, #103, #2740, .T. ) ;
#2951 = VERTEX_POINT ( 'NONE', #2264 ) ;
#2952 = FACE_OUTER_BOUND ( 'NONE', #1833, .T. ) ;
#2953 = VERTEX_POINT ( 'NONE', #2009 ) ;
#2954 = CARTESIAN_POINT ( 'NONE',  ( -0.9000000000000001300, 0.2352080016535703100, 0.1678453236622478000 ) ) ;
#2955 = ORIENTED_EDGE ( 'NONE', *, *, #3065, .F. ) ;
#2956 = CARTESIAN_POINT ( 'NONE',  ( -0.9000000000000001300, 0.2352080016535703600, -0.3013390105916603500 ) ) ;
#2957 = VECTOR ( 'NONE', #3261, 1000.000000000000000 ) ;
#2958 = DIRECTION ( 'NONE',  ( -1.000000000000000000, -0.0000000000000000000, -0.0000000000000000000 ) ) ;
#2959 = VECTOR ( 'NONE', #1020, 1000.000000000000100 ) ;
#2960 = DIRECTION ( 'NONE',  ( 2.449293598294705900E-016, 0.0000000000000000000, 1.000000000000000000 ) ) ;
#2961 = CYLINDRICAL_SURFACE ( 'NONE', #3061, 0.04910647691539935700 ) ;
#2962 = CIRCLE ( 'NONE', #1654, 0.5173304635242798000 ) ;
#2963 = ADVANCED_FACE ( 'NONE', ( #1549 ), #2512, .F. ) ;
#2964 = ORIENTED_EDGE ( 'NONE', *, *, #1254, .T. ) ;
#2965 = ORIENTED_EDGE ( 'NONE', *, *, #1715, .T. ) ;
#2966 = EDGE_CURVE ( 'NONE', #166, #308, #981, .T. ) ;
#2967 = CARTESIAN_POINT ( 'NONE',  ( -1.417330463524280000, 1.800000000000000000, 3.471458430978087400E-016 ) ) ;
#2968 = PRESENTATION_LAYER_ASSIGNMENT (  '', '', ( #2310 ) ) ;
#2969 = ORIENTED_EDGE ( 'NONE', *, *, #3016, .T. ) ;
#2970 = DIRECTION ( 'NONE',  ( 0.0000000000000000000, 0.0000000000000000000, 1.000000000000000000 ) ) ;
#2971 = ORIENTED_EDGE ( 'NONE', *, *, #106, .F. ) ;
#2972 = CIRCLE ( 'NONE', #3078, 0.04910647691539935700 ) ;
#2973 = AXIS2_PLACEMENT_3D ( 'NONE', #1940, #554, #2491 ) ;
#2974 = CARTESIAN_POINT ( 'NONE',  ( 0.0000000000000000000, 1.700000000000000000, 0.0000000000000000000 ) ) ;
#2975 = ORIENTED_EDGE ( 'NONE', *, *, #3106, .F. ) ;
#2976 = CARTESIAN_POINT ( 'NONE',  ( 1.564999999999999900, 0.2491064769153993300, -0.6618042484119133200 ) ) ;
#2977 = EDGE_CURVE ( 'NONE', #11, #2761, #2274, .T. ) ;
#2978 = CARTESIAN_POINT ( 'NONE',  ( 1.417330463524280000, 1.800000000000000000, 0.0000000000000000000 ) ) ;
#2979 = ORIENTED_EDGE ( 'NONE', *, *, #3119, .F. ) ;
#2980 = EDGE_CURVE ( 'NONE', #2924, #2925, #3163, .T. ) ;
#2981 = ADVANCED_FACE ( 'NONE', ( #1326 ), #2391, .F. ) ;
#2982 = CARTESIAN_POINT ( 'NONE',  ( 1.146579437399554600, 1.729906060138488100, -1.071647758104568900 ) ) ;
#2983 = DIRECTION ( 'NONE',  ( 1.000000000000000000, 0.0000000000000000000, 0.0000000000000000000 ) ) ;
#2984 = ORIENTED_EDGE ( 'NONE', *, *, #2701, .T. ) ;
#2985 = CARTESIAN_POINT ( 'NONE',  ( -1.417330463524279800, 1.700000000000000000, 0.6999999999999985100 ) ) ;
#2986 = LINE ( 'NONE', #922, #2689 ) ;
#2987 = AXIS2_PLACEMENT_3D ( 'NONE', #2843, #433, #1795 ) ;
#2988 = DIRECTION ( 'NONE',  ( -1.000000000000000000, 0.0000000000000000000, 2.449293598294706400E-016 ) ) ;
#2989 = EDGE_LOOP ( 'NONE', ( #1347, #367, #2543, #3026 ) ) ;
#2990 = PLANE ( 'NONE',  #244 ) ;
#2991 = EDGE_CURVE ( 'NONE', #2233, #2403, #41, .T. ) ;
#2992 = ORIENTED_EDGE ( 'NONE', *, *, #545, .F. ) ;
#2993 = FACE_OUTER_BOUND ( 'NONE', #546, .T. ) ;
#2994 = CARTESIAN_POINT ( 'NONE',  ( 1.417330463524280300, 1.800000000000000300, 0.6999999999999978500 ) ) ;
#2995 = ORIENTED_EDGE ( 'NONE', *, *, #3524, .F. ) ;
#2996 = FACE_OUTER_BOUND ( 'NONE', #289, .T. ) ;
#2997 = ADVANCED_FACE ( 'NONE', ( #1681 ), #2807, .T. ) ;
#2998 = LINE ( 'NONE', #773, #352 ) ;
#2999 = EDGE_CURVE ( 'NONE', #1613, #2212, #211, .T. ) ;
#3000 = ORIENTED_EDGE ( 'NONE', *, *, #794, .T. ) ;
#3001 = CYLINDRICAL_SURFACE ( 'NONE', #128, 0.2000000000000000900 ) ;
#3002 = DIRECTION ( 'NONE',  ( 0.0000000000000000000, 0.0000000000000000000, 1.000000000000000000 ) ) ;
#3003 = FACE_OUTER_BOUND ( 'NONE', #1438, .T. ) ;
#3004 = CARTESIAN_POINT ( 'NONE',  ( -0.9000000000000001300, 0.5267751238522144800, 0.1840341033824127400 ) ) ;
#3005 = ADVANCED_BREP_SHAPE_REPRESENTATION ( 'CLT32-17N', ( #3484, #1316, #841, #2468 ), #1447 ) ;
#3006 = ORIENTED_EDGE ( 'NONE', *, *, #2991, .T. ) ;
#3007 = VERTEX_POINT ( 'NONE', #1193 ) ;
#3008 = CARTESIAN_POINT ( 'NONE',  ( -1.600000000000000100, 0.2491064769153990300, 0.3084354357119418200 ) ) ;
#3009 = DIRECTION ( 'NONE',  ( 0.0000000000000000000, -1.000000000000000000, 1.377727649040772400E-016 ) ) ;
#3010 = VERTEX_POINT ( 'NONE', #69 ) ;
#3011 = VERTEX_POINT ( 'NONE', #1493 ) ;
#3012 = EDGE_CURVE ( 'NONE', #103, #1743, #611, .T. ) ;
#3013 = DIRECTION ( 'NONE',  ( 1.000000000000000000, 0.0000000000000000000, -2.449293598294705900E-016 ) ) ;
#3014 = VERTEX_POINT ( 'NONE', #672 ) ;
#3015 = ORIENTED_EDGE ( 'NONE', *, *, #2991, .F. ) ;
#3016 = EDGE_CURVE ( 'NONE', #3264, #1451, #2157, .T. ) ;
#3017 = EDGE_CURVE ( 'NONE', #863, #2919, #3074, .T. ) ;
#3018 = CARTESIAN_POINT ( 'NONE',  ( 0.9000000000000001300, 0.2352080016535702800, 0.3013390105916600700 ) ) ;
#3019 = AXIS2_PLACEMENT_3D ( 'NONE', #1100, #1078, #563 ) ;
#3020 = ORIENTED_EDGE ( 'NONE', *, *, #301, .T. ) ;
#3021 = CIRCLE ( 'NONE', #59, 0.04910647691539935700 ) ;
#3022 = DIRECTION ( 'NONE',  ( 2.449293598294705900E-016, 0.0000000000000000000, 1.000000000000000000 ) ) ;
#3023 = ADVANCED_FACE ( 'NONE', ( #3421 ), #857, .F. ) ;
#3024 = CARTESIAN_POINT ( 'NONE',  ( 0.9000000000000001300, 0.1771672682059996200, -0.3013390105916600700 ) ) ;
#3025 = ORIENTED_EDGE ( 'NONE', *, *, #117, .F. ) ;
#3026 = ORIENTED_EDGE ( 'NONE', *, *, #1342, .T. ) ;
#3027 = DIRECTION ( 'NONE',  ( 0.0000000000000000000, 0.0000000000000000000, 1.000000000000000000 ) ) ;
#3028 = DIRECTION ( 'NONE',  ( 1.000000000000000000, 0.0000000000000000000, 0.0000000000000000000 ) ) ;
#3029 = DIRECTION ( 'NONE',  ( -1.000000000000000000, 0.0000000000000000000, 0.0000000000000000000 ) ) ;
#3030 = CARTESIAN_POINT ( 'NONE',  ( 0.9000000000000001300, 0.2000000000000000100, -1.214999999999999900 ) ) ;
#3031 = SURFACE_STYLE_FILL_AREA ( #894 ) ;
#3032 = DIRECTION ( 'NONE',  ( 0.0000000000000000000, -2.304084502391925000E-016, 1.000000000000000000 ) ) ;
#3033 = CARTESIAN_POINT ( 'NONE',  ( -0.9000000000000001300, 0.2352080016535703600, -0.3013390105916603500 ) ) ;
#3034 = ORIENTED_EDGE ( 'NONE', *, *, #1589, .F. ) ;
#3035 = LINE ( 'NONE', #804, #694 ) ;
#3036 = ADVANCED_FACE ( 'NONE', ( #3039 ), #1239, .T. ) ;
#3037 = DIRECTION ( 'NONE',  ( 1.000000000000000000, 0.0000000000000000000, 0.0000000000000000000 ) ) ;
#3038 = AXIS2_PLACEMENT_3D ( 'NONE', #2110, #2918, #1559 ) ;
#3039 = FACE_OUTER_BOUND ( 'NONE', #3229, .T. ) ;
#3040 = CARTESIAN_POINT ( 'NONE',  ( -1.146579437399554400, 1.729906060138488100, 1.071647758104569100 ) ) ;
#3041 = ORIENTED_EDGE ( 'NONE', *, *, #113, .F. ) ;
#3042 = SPHERICAL_SURFACE ( 'NONE', #3293, 0.2249999999999999500 ) ;
#3043 = EDGE_CURVE ( 'NONE', #998, #2262, #2317, .T. ) ;
#3044 = AXIS2_PLACEMENT_3D ( 'NONE', #157, #2095, #437 ) ;
#3045 = EDGE_LOOP ( 'NONE', ( #2893, #1312, #2965, #2096 ) ) ;
#3046 = EDGE_CURVE ( 'NONE', #2732, #2780, #2237, .T. ) ;
#3047 = VECTOR ( 'NONE', #2646, 1000.000000000000000 ) ;
#3048 = CARTESIAN_POINT ( 'NONE',  ( 0.9000000000000002400, 2.700000000000000200, -0.6999999999999997300 ) ) ;
#3049 = LINE ( 'NONE', #495, #2126 ) ;
#3050 = VECTOR ( 'NONE', #1709, 1000.000000000000000 ) ;
#3051 = VECTOR ( 'NONE', #791, 1000.000000000000000 ) ;
#3052 = DIRECTION ( 'NONE',  ( -1.000000000000000000, 0.0000000000000000000, -3.373073425510459200E-015 ) ) ;
#3053 = ORIENTED_EDGE ( 'NONE', *, *, #1254, .F. ) ;
#3054 = VERTEX_POINT ( 'NONE', #2851 ) ;
#3055 = ADVANCED_FACE ( 'NONE', ( #893 ), #3249, .T. ) ;
#3056 = ORIENTED_EDGE ( 'NONE', *, *, #3408, .T. ) ;
#3057 = CARTESIAN_POINT ( 'NONE',  ( 0.9000000000000001300, 0.2491064769153993300, 0.6126977714965139400 ) ) ;
#3058 = ORIENTED_EDGE ( 'NONE', *, *, #3362, .T. ) ;
#3059 = EDGE_CURVE ( 'NONE', #452, #3420, #1637, .T. ) ;
#3060 = ORIENTED_EDGE ( 'NONE', *, *, #2028, .F. ) ;
#3061 = AXIS2_PLACEMENT_3D ( 'NONE', #2723, #1678, #1632 ) ;
#3062 = ORIENTED_EDGE ( 'NONE', *, *, #1734, .F. ) ;
#3063 = ORIENTED_EDGE ( 'NONE', *, *, #260, .F. ) ;
#3064 =( NAMED_UNIT ( * ) SI_UNIT ( $, .STERADIAN. ) SOLID_ANGLE_UNIT ( ) );
#3065 = EDGE_CURVE ( 'NONE', #206, #234, #697, .T. ) ;
#3066 = CARTESIAN_POINT ( 'NONE',  ( 1.600000000000000100, 0.2491064769153990600, -0.3084354357119420400 ) ) ;
#3067 = CARTESIAN_POINT ( 'NONE',  ( -0.9000000000000001300, 0.0000000000000000000, 1.250000000000000000 ) ) ;
#3068 = ADVANCED_FACE ( 'NONE', ( #1151 ), #124, .F. ) ;
#3069 = ORIENTED_EDGE ( 'NONE', *, *, #1667, .F. ) ;
#3070 = DIRECTION ( 'NONE',  ( 0.0000000000000000000, 1.000000000000000000, 0.0000000000000000000 ) ) ;
#3071 = VECTOR ( 'NONE', #1061, 1000.000000000000000 ) ;
#3072 = EDGE_CURVE ( 'NONE', #2162, #2218, #2081, .T. ) ;
#3073 = VERTEX_POINT ( 'NONE', #2588 ) ;
#3074 = CIRCLE ( 'NONE', #1843, 0.4687607764909875700 ) ;
#3075 = DIRECTION ( 'NONE',  ( -1.678252296587197700E-017, -0.9659258262890699800, 0.2588190451025145800 ) ) ;
#3076 = DIRECTION ( 'NONE',  ( 0.0000000000000000000, -1.000000000000000000, 0.0000000000000000000 ) ) ;
#3077 = VECTOR ( 'NONE', #2582, 1000.000000000000000 ) ;
#3078 = AXIS2_PLACEMENT_3D ( 'NONE', #3502, #504, #2687 ) ;
#3079 = ORIENTED_EDGE ( 'NONE', *, *, #1580, .F. ) ;
#3080 = VECTOR ( 'NONE', #2305, 1000.000000000000000 ) ;
#3081 = DIRECTION ( 'NONE',  ( 0.0000000000000000000, 1.000000000000000000, 0.0000000000000000000 ) ) ;
#3082 = LINE ( 'NONE', #457, #1337 ) ;
#3083 = ORIENTED_EDGE ( 'NONE', *, *, #2617, .T. ) ;
#3084 = DIRECTION ( 'NONE',  ( 0.0000000000000000000, 0.0000000000000000000, 1.000000000000000000 ) ) ;
#3085 = CIRCLE ( 'NONE', #2835, 0.2249999999999999500 ) ;
#3086 = LINE ( 'NONE', #324, #2366 ) ;
#3087 = CARTESIAN_POINT ( 'NONE',  ( -0.9000000000000001300, 1.102182119232617800E-016, -0.4500000000000001200 ) ) ;
#3088 = EDGE_CURVE ( 'NONE', #1380, #3462, #1421, .T. ) ;
#3089 = DIRECTION ( 'NONE',  ( 0.0000000000000000000, 0.0000000000000000000, 1.000000000000000000 ) ) ;
#3090 = ORIENTED_EDGE ( 'NONE', *, *, #3059, .T. ) ;
#3091 = ORIENTED_EDGE ( 'NONE', *, *, #2787, .T. ) ;
#3092 = ORIENTED_EDGE ( 'NONE', *, *, #2452, .T. ) ;
#3093 = CARTESIAN_POINT ( 'NONE',  ( -0.9000000000000000200, 0.2352080016535702800, 0.2345921671269540200 ) ) ;
#3094 = ORIENTED_EDGE ( 'NONE', *, *, #2215, .T. ) ;
#3095 = DIRECTION ( 'NONE',  ( -1.000000000000000000, 0.0000000000000000000, 0.0000000000000000000 ) ) ;
#3096 = ORIENTED_EDGE ( 'NONE', *, *, #1146, .F. ) ;
#3097 = ORIENTED_EDGE ( 'NONE', *, *, #1161, .T. ) ;
#3098 = CARTESIAN_POINT ( 'NONE',  ( 0.9000000000000001300, 0.2352080016535703600, -0.1678453236622478600 ) ) ;
#3099 = DIRECTION ( 'NONE',  ( -0.0000000000000000000, -0.7660444431189796800, -0.6427876096865373600 ) ) ;
#3100 = LINE ( 'NONE', #2307, #1132 ) ;
#3101 = CARTESIAN_POINT ( 'NONE',  ( 1.564999999999999900, 0.2491064769153990300, -0.3084354357119418200 ) ) ;
#3102 = EDGE_CURVE ( 'NONE', #2634, #7, #515, .T. ) ;
#3103 = EDGE_LOOP ( 'NONE', ( #725, #1951, #2057, #40, #328, #494, #3083, #1466, #3472, #2463, #2373, #2898, #2674, #934 ) ) ;
#3104 = DIRECTION ( 'NONE',  ( 0.0000000000000000000, 1.000000000000000000, 0.0000000000000000000 ) ) ;
#3105 = CARTESIAN_POINT ( 'NONE',  ( -0.9000000000000001300, 0.0000000000000000000, 0.4499999999999997900 ) ) ;
#3106 = EDGE_CURVE ( 'NONE', #3170, #3474, #1992, .T. ) ;
#3107 = AXIS2_PLACEMENT_3D ( 'NONE', #1514, #425, #2344 ) ;
#3108 = EDGE_CURVE ( 'NONE', #1679, #1354, #3333, .T. ) ;
#3109 = DIRECTION ( 'NONE',  ( 8.923474670662587900E-017, 0.0000000000000000000, 1.000000000000000000 ) ) ;
#3110 = DIRECTION ( 'NONE',  ( 0.0000000000000000000, -0.2588190451025145800, -0.9659258262890699800 ) ) ;
#3111 = DIRECTION ( 'NONE',  ( -1.000000000000000000, 0.0000000000000000000, 0.0000000000000000000 ) ) ;
#3112 = EDGE_CURVE ( 'NONE', #280, #1267, #2947, .T. ) ;
#3113 = EDGE_CURVE ( 'NONE', #1489, #2831, #2781, .T. ) ;
#3114 = DIRECTION ( 'NONE',  ( -0.0000000000000000000, -1.000000000000000000, -0.0000000000000000000 ) ) ;
#3115 = SPHERICAL_SURFACE ( 'NONE', #81, 0.2249999999999999500 ) ;
#3116 = CARTESIAN_POINT ( 'NONE',  ( 1.992760902614056000, 2.533234285148065800, -0.9173333109150406700 ) ) ;
#3117 = VECTOR ( 'NONE', #466, 1000.000000000000000 ) ;
#3118 = DIRECTION ( 'NONE',  ( 0.0000000000000000000, 0.0000000000000000000, 1.000000000000000000 ) ) ;
#3119 = EDGE_CURVE ( 'NONE', #2817, #2750, #2607, .T. ) ;
#3120 = VECTOR ( 'NONE', #1975, 1000.000000000000000 ) ;
#3121 = LINE ( 'NONE', #1336, #1395 ) ;
#3122 = EDGE_CURVE ( 'NONE', #2377, #916, #1721, .T. ) ;
#3123 = ORIENTED_EDGE ( 'NONE', *, *, #801, .F. ) ;
#3124 = DIRECTION ( 'NONE',  ( 0.0000000000000000000, -0.0000000000000000000, 1.000000000000000000 ) ) ;
#3125 = VECTOR ( 'NONE', #2830, 1000.000000000000000 ) ;
#3126 = CARTESIAN_POINT ( 'NONE',  ( 1.992760902614056000, 1.700000000000000000, -1.140597764726383000 ) ) ;
#3127 = DIRECTION ( 'NONE',  ( 0.0000000000000000000, 0.0000000000000000000, 1.000000000000000000 ) ) ;
#3128 = AXIS2_PLACEMENT_3D ( 'NONE', #2327, #3430, #129 ) ;
#3129 = CIRCLE ( 'NONE', #458, 0.04910647691539935700 ) ;
#3130 = CARTESIAN_POINT ( 'NONE',  ( 3.259409350337610800E-016, 1.700000000000000000, 1.214999999999999900 ) ) ;
#3131 = VECTOR ( 'NONE', #1311, 1000.000000000000200 ) ;
#3132 = DIRECTION ( 'NONE',  ( -0.0000000000000000000, -0.0000000000000000000, -1.000000000000000000 ) ) ;
#3133 = EDGE_LOOP ( 'NONE', ( #967, #2975, #1169, #1803 ) ) ;
#3134 = LINE ( 'NONE', #942, #94 ) ;
#3135 = CARTESIAN_POINT ( 'NONE',  ( 1.600000000000000100, 0.2000000000000003200, -1.250000000000000000 ) ) ;
#3136 = PRODUCT_RELATED_PRODUCT_CATEGORY ( 'part', '', ( #3222 ) ) ;
#3137 = ORIENTED_EDGE ( 'NONE', *, *, #545, .T. ) ;
#3138 = CARTESIAN_POINT ( 'NONE',  ( 0.9000000000000002400, 2.533234285148065800, -0.6999999999999996200 ) ) ;
#3139 = ORIENTED_EDGE ( 'NONE', *, *, #2215, .F. ) ;
#3140 = DIRECTION ( 'NONE',  ( 3.341641065360964700E-016, 0.0000000000000000000, 1.000000000000000000 ) ) ;
#3141 = DIRECTION ( 'NONE',  ( 1.000000000000000000, -0.0000000000000000000, 8.923474670662587900E-017 ) ) ;
#3142 = VERTEX_POINT ( 'NONE', #3489 ) ;
#3143 = VERTEX_POINT ( 'NONE', #455 ) ;
#3144 = DIRECTION ( 'NONE',  ( -1.000000000000000000, 0.0000000000000000000, 2.449293598294705900E-016 ) ) ;
#3145 = ORIENTED_EDGE ( 'NONE', *, *, #2195, .T. ) ;
#3146 = DIRECTION ( 'NONE',  ( 0.0000000000000000000, 1.000000000000000000, 0.0000000000000000000 ) ) ;
#3147 = LINE ( 'NONE', #785, #154 ) ;
#3148 = ORIENTED_EDGE ( 'NONE', *, *, #313, .T. ) ;
#3149 = ORIENTED_EDGE ( 'NONE', *, *, #291, .T. ) ;
#3150 = VERTEX_POINT ( 'NONE', #185 ) ;
#3151 = DIRECTION ( 'NONE',  ( -1.000000000000000000, 0.0000000000000000000, 2.449293598294705900E-016 ) ) ;
#3152 = DIRECTION ( 'NONE',  ( 1.000000000000000000, 0.0000000000000000000, 0.0000000000000000000 ) ) ;
#3153 = CARTESIAN_POINT ( 'NONE',  ( 1.117333310915041000, 2.533234285148065800, 0.6999999999999989600 ) ) ;
#3154 = DIRECTION ( 'NONE',  ( -0.0000000000000000000, -1.000000000000000000, -1.868002191021389500E-015 ) ) ;
#3155 = AXIS2_PLACEMENT_3D ( 'NONE', #2382, #167, #191 ) ;
#3156 = CARTESIAN_POINT ( 'NONE',  ( 0.9000000000000001300, 0.2491064769153995000, -0.6126977714965141700 ) ) ;
#3157 = ORIENTED_EDGE ( 'NONE', *, *, #1592, .T. ) ;
#3158 = DIRECTION ( 'NONE',  ( -2.408733763374645500E-016, 0.0000000000000000000, -1.000000000000000000 ) ) ;
#3159 = FACE_OUTER_BOUND ( 'NONE', #2700, .T. ) ;
#3160 = DIRECTION ( 'NONE',  ( 0.0000000000000000000, 0.0000000000000000000, 1.000000000000000000 ) ) ;
#3161 = ORIENTED_EDGE ( 'NONE', *, *, #1060, .T. ) ;
#3162 = EDGE_CURVE ( 'NONE', #2244, #19, #1587, .T. ) ;
#3163 = LINE ( 'NONE', #910, #2866 ) ;
#3164 = CARTESIAN_POINT ( 'NONE',  ( 1.600000000000000100, 1.102182119232617800E-016, -0.4500000000000001200 ) ) ;
#3165 = EDGE_CURVE ( 'NONE', #1173, #3011, #1323, .T. ) ;
#3166 = LINE ( 'NONE', #581, #1367 ) ;
#3167 = EDGE_CURVE ( 'NONE', #2054, #3474, #855, .T. ) ;
#3168 = DIRECTION ( 'NONE',  ( 0.0000000000000000000, 0.0000000000000000000, -1.000000000000000000 ) ) ;
#3169 = ORIENTED_EDGE ( 'NONE', *, *, #490, .T. ) ;
#3170 = VERTEX_POINT ( 'NONE', #2686 ) ;
#3171 = CARTESIAN_POINT ( 'NONE',  ( -0.9000000000000000200, 0.2352080016535702800, 0.3013390105916602900 ) ) ;
#3172 = CIRCLE ( 'NONE', #3492, 0.04910647691539935700 ) ;
#3173 = LINE ( 'NONE', #1879, #2397 ) ;
#3174 = CARTESIAN_POINT ( 'NONE',  ( -0.9000000000000003600, 1.774118095489748400, -0.6999999999999994000 ) ) ;
#3175 = ORIENTED_EDGE ( 'NONE', *, *, #612, .T. ) ;
#3176 = DIRECTION ( 'NONE',  ( -0.0000000000000000000, -1.000000000000000000, -0.0000000000000000000 ) ) ;
#3177 = EDGE_CURVE ( 'NONE', #2377, #2113, #978, .T. ) ;
#3178 = VECTOR ( 'NONE', #1032, 1000.000000000000000 ) ;
#3179 = CARTESIAN_POINT ( 'NONE',  ( 1.564999999999999900, 0.9375464517754831300, -2.671744672970104100E-016 ) ) ;
#3180 = VECTOR ( 'NONE', #248, 1000.000000000000000 ) ;
#3181 = EDGE_CURVE ( 'NONE', #3361, #3394, #3419, .T. ) ;
#3182 = AXIS2_PLACEMENT_3D ( 'NONE', #3066, #882, #357 ) ;
#3183 = ORIENTED_EDGE ( 'NONE', *, *, #1287, .F. ) ;
#3184 = ORIENTED_EDGE ( 'NONE', *, *, #2318, .T. ) ;
#3185 =( NAMED_UNIT ( * ) SI_UNIT ( $, .STERADIAN. ) SOLID_ANGLE_UNIT ( ) );
#3186 = VERTEX_POINT ( 'NONE', #2139 ) ;
#3187 = ORIENTED_EDGE ( 'NONE', *, *, #1725, .F. ) ;
#3188 = EDGE_CURVE ( 'NONE', #2162, #109, #1105, .T. ) ;
#3189 = CARTESIAN_POINT ( 'NONE',  ( 0.9000000000000001300, 0.2491064769153993300, -0.6126977714965139400 ) ) ;
#3190 = ORIENTED_EDGE ( 'NONE', *, *, #2834, .F. ) ;
#3191 = EDGE_CURVE ( 'NONE', #2234, #2817, #386, .T. ) ;
#3192 = CARTESIAN_POINT ( 'NONE',  ( 0.9000000000000001300, 0.05000000000000000300, 0.0000000000000000000 ) ) ;
#3193 = ORIENTED_EDGE ( 'NONE', *, *, #1352, .T. ) ;
#3194 = CARTESIAN_POINT ( 'NONE',  ( 0.9000000000000001300, 0.2000000000000000100, 1.249999999999999600 ) ) ;
#3195 = EDGE_CURVE ( 'NONE', #1489, #1012, #2235, .T. ) ;
#3196 = CARTESIAN_POINT ( 'NONE',  ( 1.992760902614056000, 2.700000000000000200, 0.6999999999999999600 ) ) ;
#3197 = ORIENTED_EDGE ( 'NONE', *, *, #572, .T. ) ;
#3198 = ADVANCED_FACE ( 'NONE', ( #35 ), #742, .F. ) ;
#3199 = AXIS2_PLACEMENT_3D ( 'NONE', #2857, #3379, #2065 ) ;
#3200 = VERTEX_POINT ( 'NONE', #2903 ) ;
#3201 = CARTESIAN_POINT ( 'NONE',  ( -0.9000000000000000200, 2.700000000000000200, 2.204364238465235100E-016 ) ) ;
#3202 = CARTESIAN_POINT ( 'NONE',  ( -0.9000000000000001300, 0.1771672682059997100, -0.3013390105916604100 ) ) ;
#3203 = FACE_OUTER_BOUND ( 'NONE', #1535, .T. ) ;
#3204 = CARTESIAN_POINT ( 'NONE',  ( -0.9000000000000001300, 0.9375464517754831300, -4.673804345048687300E-017 ) ) ;
#3205 = DIRECTION ( 'NONE',  ( -1.000000000000000000, 0.0000000000000000000, 5.547014091110433600E-016 ) ) ;
#3206 = FACE_OUTER_BOUND ( 'NONE', #195, .T. ) ;
#3207 = CARTESIAN_POINT ( 'NONE',  ( 1.251784245380883600, 1.899999999999999900, 1.214999999999999900 ) ) ;
#3208 = CARTESIAN_POINT ( 'NONE',  ( 0.9000000000000001300, 0.2352080016535703100, 0.1678453236622475800 ) ) ;
#3209 = CYLINDRICAL_SURFACE ( 'NONE', #1302, 0.06674684346470624600 ) ;
#3210 = CARTESIAN_POINT ( 'NONE',  ( 0.9000000000000001300, 0.1999999999999999800, 0.6618042484119133200 ) ) ;
#3211 = LINE ( 'NONE', #242, #2479 ) ;
#3212 = ORIENTED_EDGE ( 'NONE', *, *, #2144, .F. ) ;
#3213 = VECTOR ( 'NONE', #846, 1000.000000000000000 ) ;
#3214 = ADVANCED_FACE ( 'NONE', ( #1502 ), #2116, .F. ) ;
#3215 = FACE_OUTER_BOUND ( 'NONE', #3103, .T. ) ;
#3216 = FACE_OUTER_BOUND ( 'NONE', #2711, .T. ) ;
#3217 = VERTEX_POINT ( 'NONE', #2376 ) ;
#3218 = DIRECTION ( 'NONE',  ( 0.0000000000000000000, 0.0000000000000000000, -1.000000000000000000 ) ) ;
#3219 = AXIS2_PLACEMENT_3D ( 'NONE', #3067, #1971, #346 ) ;
#3220 = FACE_OUTER_BOUND ( 'NONE', #155, .T. ) ;
#3221 = DIRECTION ( 'NONE',  ( 0.0000000000000000000, 0.0000000000000000000, 1.000000000000000000 ) ) ;
#3222 = PRODUCT ( 'CLT32-17N', 'CLT32-17N', '', ( #427 ) ) ;
#3223 = ORIENTED_EDGE ( 'NONE', *, *, #1203, .T. ) ;
#3224 = VERTEX_POINT ( 'NONE', #3289 ) ;
#3225 = DIRECTION ( 'NONE',  ( -0.0000000000000000000, -1.000000000000000000, -0.0000000000000000000 ) ) ;
#3226 = EDGE_CURVE ( 'NONE', #2162, #23, #430, .T. ) ;
#3227 = AXIS2_PLACEMENT_3D ( 'NONE', #2677, #1034, #1313 ) ;
#3228 = CARTESIAN_POINT ( 'NONE',  ( 0.9000000000000001300, 0.2000000000000003200, -1.250000000000000000 ) ) ;
#3229 = EDGE_LOOP ( 'NONE', ( #1198, #3034, #1069, #626 ) ) ;
#3230 = EDGE_CURVE ( 'NONE', #863, #1485, #1943, .T. ) ;
#3231 = ORIENTED_EDGE ( 'NONE', *, *, #1919, .F. ) ;
#3232 = COLOUR_RGB ( '',0.2509803921568627400, 0.2509803921568627400, 0.2509803921568627400 ) ;
#3233 = EDGE_CURVE ( 'NONE', #2481, #3476, #1188, .T. ) ;
#3234 = ORIENTED_EDGE ( 'NONE', *, *, #2642, .F. ) ;
#3235 = ORIENTED_EDGE ( 'NONE', *, *, #1029, .F. ) ;
#3236 = EDGE_CURVE ( 'NONE', #3200, #875, #2861, .T. ) ;
#3237 = DIRECTION ( 'NONE',  ( 1.000000000000000000, -0.0000000000000000000, -2.449293598294705900E-016 ) ) ;
#3238 = ADVANCED_FACE ( 'NONE', ( #1238 ), #2473, .F. ) ;
#3239 = DIRECTION ( 'NONE',  ( 0.0000000000000000000, 0.0000000000000000000, -1.000000000000000000 ) ) ;
#3240 = ORIENTED_EDGE ( 'NONE', *, *, #295, .T. ) ;
#3241 = DIRECTION ( 'NONE',  ( 1.000000000000000000, 0.0000000000000000000, 0.0000000000000000000 ) ) ;
#3242 = DIRECTION ( 'NONE',  ( 0.0000000000000000000, -0.0000000000000000000, 1.000000000000000000 ) ) ;
#3243 = EDGE_CURVE ( 'NONE', #2385, #652, #2153, .T. ) ;
#3244 = ORIENTED_EDGE ( 'NONE', *, *, #2938, .T. ) ;
#3245 = CARTESIAN_POINT ( 'NONE',  ( 0.9000000000000001300, 0.2491064769153993300, 0.6126977714965139400 ) ) ;
#3246 = AXIS2_PLACEMENT_3D ( 'NONE', #1648, #1375, #3297 ) ;
#3247 = VECTOR ( 'NONE', #197, 1000.000000000000000 ) ;
#3248 = EDGE_CURVE ( 'NONE', #1085, #184, #3035, .T. ) ;
#3249 = CONICAL_SURFACE ( 'NONE', #1464, 0.2173333109150407900, 0.2617993877991433000 ) ;
#3250 = ADVANCED_FACE ( 'NONE', ( #3203 ), #1358, .T. ) ;
#3251 = DIRECTION ( 'NONE',  ( 0.0000000000000000000, 0.0000000000000000000, 1.000000000000000000 ) ) ;
#3252 = FACE_OUTER_BOUND ( 'NONE', #269, .T. ) ;
#3253 = DIRECTION ( 'NONE',  ( 2.449293598294705900E-016, 0.0000000000000000000, 1.000000000000000000 ) ) ;
#3254 = ORIENTED_EDGE ( 'NONE', *, *, #1662, .F. ) ;
#3255 = CARTESIAN_POINT ( 'NONE',  ( 0.9000000000000002400, 1.774118095489748400, 0.6999999999999996200 ) ) ;
#3256 = CIRCLE ( 'NONE', #927, 0.4501129136690195700 ) ;
#3257 = PLANE ( 'NONE',  #2228 ) ;
#3258 = CYLINDRICAL_SURFACE ( 'NONE', #2015, 0.3042623357845721800 ) ;
#3259 = ORIENTED_EDGE ( 'NONE', *, *, #849, .T. ) ;
#3260 = VECTOR ( 'NONE', #757, 1000.000000000000100 ) ;
#3261 = DIRECTION ( 'NONE',  ( 0.0000000000000000000, 0.7660444431189797900, 0.6427876096865372500 ) ) ;
#3262 = CYLINDRICAL_SURFACE ( 'NONE', #524, 0.2000000000000000900 ) ;
#3263 = EDGE_LOOP ( 'NONE', ( #2077, #32, #2648, #2593, #2178, #2085, #2542, #909, #1050, #1532 ) ) ;
#3264 = VERTEX_POINT ( 'NONE', #2174 ) ;
#3265 = EDGE_CURVE ( 'NONE', #377, #404, #1809, .T. ) ;
#3266 = AXIS2_PLACEMENT_3D ( 'NONE', #1851, #984, #1288 ) ;
#3267 = EDGE_LOOP ( 'NONE', ( #1357, #2757, #1884, #1551, #1846 ) ) ;
#3268 = ORIENTED_EDGE ( 'NONE', *, *, #235, .F. ) ;
#3269 = SURFACE_STYLE_USAGE ( .BOTH. , #2722 ) ;
#3270 = ADVANCED_FACE ( 'NONE', ( #3159 ), #2453, .F. ) ;
#3271 = DIRECTION ( 'NONE',  ( 0.0000000000000000000, 0.0000000000000000000, 1.000000000000000000 ) ) ;
#3272 = ORIENTED_EDGE ( 'NONE', *, *, #3102, .T. ) ;
#3273 = ORIENTED_EDGE ( 'NONE', *, *, #1090, .F. ) ;
#3274 = CARTESIAN_POINT ( 'NONE',  ( 1.053606543901726100, 1.774118095489829700, -1.091695537491062400 ) ) ;
#3275 = AXIS2_PLACEMENT_3D ( 'NONE', #2967, #3253, #2988 ) ;
#3276 = DIRECTION ( 'NONE',  ( -2.449293598294705900E-016, -0.0000000000000000000, -1.000000000000000000 ) ) ;
#3277 = CARTESIAN_POINT ( 'NONE',  ( 1.600000000000000100, 0.1771672682059997100, -0.3013390105916604100 ) ) ;
#3278 = CARTESIAN_POINT ( 'NONE',  ( -0.9000000000000002400, 0.2491064769153990300, -0.3084354357119416000 ) ) ;
#3279 = ORIENTED_EDGE ( 'NONE', *, *, #3454, .F. ) ;
#3280 = DIRECTION ( 'NONE',  ( -0.0000000000000000000, -0.0000000000000000000, -1.000000000000000000 ) ) ;
#3281 =( NAMED_UNIT ( * ) PLANE_ANGLE_UNIT ( ) SI_UNIT ( $, .RADIAN. ) );
#3282 = CARTESIAN_POINT ( 'NONE',  ( -0.8999999999999998000, 0.2000000000000000100, 1.249999999999999800 ) ) ;
#3283 = EDGE_CURVE ( 'NONE', #2946, #1798, #2430, .T. ) ;
#3284 = ORIENTED_EDGE ( 'NONE', *, *, #2040, .T. ) ;
#3285 = CARTESIAN_POINT ( 'NONE',  ( -0.9000000000000005800, 2.533234285148065800, -0.9173333109150404500 ) ) ;
#3286 = CARTESIAN_POINT ( 'NONE',  ( 1.320737880895372900, 1.774118095489748400, -0.6999999999999981800 ) ) ;
#3287 = ORIENTED_EDGE ( 'NONE', *, *, #348, .F. ) ;
#3288 = AXIS2_PLACEMENT_3D ( 'NONE', #2312, #1223, #3127 ) ;
#3289 = CARTESIAN_POINT ( 'NONE',  ( 1.564999999999999900, 0.5267751238522144800, 0.1840341033824127400 ) ) ;
#3290 = ORIENTED_EDGE ( 'NONE', *, *, #1592, .F. ) ;
#3291 = CARTESIAN_POINT ( 'NONE',  ( 1.085688777122870900, 1.762990807019932300, 1.082316848066113200 ) ) ;
#3292 = CARTESIAN_POINT ( 'NONE',  ( -0.9000000000000000200, 2.533234285148065800, 0.6999999999999998400 ) ) ;
#3293 = AXIS2_PLACEMENT_3D ( 'NONE', #3528, #2913, #2058 ) ;
#3294 = LINE ( 'NONE', #3201, #3117 ) ;
#3295 = CARTESIAN_POINT ( 'NONE',  ( 0.9000000000000001300, 0.2352080016535702800, 0.2345921671269538300 ) ) ;
#3296 = DIRECTION ( 'NONE',  ( -0.0000000000000000000, -0.0000000000000000000, 1.000000000000000000 ) ) ;
#3297 = DIRECTION ( 'NONE',  ( 0.0000000000000000000, 0.0000000000000000000, 1.000000000000000000 ) ) ;
#3298 = FACE_OUTER_BOUND ( 'NONE', #3045, .T. ) ;
#3299 = FACE_OUTER_BOUND ( 'NONE', #608, .T. ) ;
#3300 = EDGE_CURVE ( 'NONE', #2500, #887, #1419, .T. ) ;
#3301 = EDGE_CURVE ( 'NONE', #3485, #3224, #250, .T. ) ;
#3302 = VERTEX_POINT ( 'NONE', #2425 ) ;
#3303 = VECTOR ( 'NONE', #3022, 1000.000000000000000 ) ;
#3304 = DIRECTION ( 'NONE',  ( 0.0000000000000000000, -1.000000000000000000, -0.0000000000000000000 ) ) ;
#3305 = VECTOR ( 'NONE', #1279, 1000.000000000000000 ) ;
#3306 = PLANE ( 'NONE',  #1579 ) ;
#3307 = CARTESIAN_POINT ( 'NONE',  ( 0.9000000000000001300, 0.05000000000000000300, 0.0000000000000000000 ) ) ;
#3308 = ORIENTED_EDGE ( 'NONE', *, *, #3191, .F. ) ;
#3309 = VECTOR ( 'NONE', #407, 1000.000000000000200 ) ;
#3310 = DIRECTION ( 'NONE',  ( -1.435672890231395200E-016, -0.9659258262890699800, -0.2588190451025145800 ) ) ;
#3311 = SURFACE_SIDE_STYLE ('',( #867 ) ) ;
#3312 = ORIENTED_EDGE ( 'NONE', *, *, #2422, .T. ) ;
#3313 = EDGE_CURVE ( 'NONE', #1430, #1659, #561, .T. ) ;
#3314 = ORIENTED_EDGE ( 'NONE', *, *, #917, .F. ) ;
#3315 = ORIENTED_EDGE ( 'NONE', *, *, #1028, .F. ) ;
#3316 = CARTESIAN_POINT ( 'NONE',  ( -1.564999999999999900, 0.2491064769153990300, -0.3084354357119414300 ) ) ;
#3317 = VECTOR ( 'NONE', #550, 1000.000000000000000 ) ;
#3318 = CARTESIAN_POINT ( 'NONE',  ( -0.9000000000000000200, 0.0000000000000000000, 0.4500000000000000100 ) ) ;
#3319 = CARTESIAN_POINT ( 'NONE',  ( 1.992760902614056000, 2.700000000000000200, -0.6999999999999999600 ) ) ;
#3320 = VERTEX_POINT ( 'NONE', #1365 ) ;
#3321 = DIRECTION ( 'NONE',  ( -1.000000000000000000, -0.0000000000000000000, -0.0000000000000000000 ) ) ;
#3322 = DIRECTION ( 'NONE',  ( -1.000000000000000000, 0.0000000000000000000, 0.0000000000000000000 ) ) ;
#3323 = PLANE ( 'NONE',  #2790 ) ;
#3324 = ADVANCED_FACE ( 'NONE', ( #2515 ), #1668, .T. ) ;
#3325 = ORIENTED_EDGE ( 'NONE', *, *, #3059, .F. ) ;
#3326 = EDGE_CURVE ( 'NONE', #1822, #1212, #1283, .T. ) ;
#3327 = DIRECTION ( 'NONE',  ( -1.000000000000000000, 0.0000000000000000000, 2.449293598294705900E-016 ) ) ;
#3328 = CARTESIAN_POINT ( 'NONE',  ( -1.564999999999999900, 1.700000000000000000, 0.3013390105916604100 ) ) ;
#3329 = CARTESIAN_POINT ( 'NONE',  ( -1.117333310915040700, 2.533234285148065800, 0.6999999999999992900 ) ) ;
#3330 = CARTESIAN_POINT ( 'NONE',  ( 0.9000000000000001300, 0.0000000000000000000, 0.4499999999999997900 ) ) ;
#3331 = EDGE_LOOP ( 'NONE', ( #454, #3391, #196, #715 ) ) ;
#3332 = ORIENTED_EDGE ( 'NONE', *, *, #475, .F. ) ;
#3333 = LINE ( 'NONE', #770, #339 ) ;
#3334 = EDGE_CURVE ( 'NONE', #2064, #3485, #1016, .T. ) ;
#3335 = VERTEX_POINT ( 'NONE', #1098 ) ;
#3336 = LINE ( 'NONE', #1426, #1724 ) ;
#3337 = CARTESIAN_POINT ( 'NONE',  ( 0.9000000000000001300, 0.0000000000000000000, 0.4499999999999997900 ) ) ;
#3338 = ADVANCED_FACE ( 'NONE', ( #468 ), #601, .T. ) ;
#3339 = AXIS2_PLACEMENT_3D ( 'NONE', #1490, #2528, #665 ) ;
#3340 = ORIENTED_EDGE ( 'NONE', *, *, #654, .T. ) ;
#3341 = VECTOR ( 'NONE', #1255, 1000.000000000000000 ) ;
#3342 = DIRECTION ( 'NONE',  ( 0.0000000000000000000, 0.0000000000000000000, -1.000000000000000000 ) ) ;
#3343 = CIRCLE ( 'NONE', #2897, 0.06674684346470624600 ) ;
#3344 = CYLINDRICAL_SURFACE ( 'NONE', #1366, 0.04910647691539935700 ) ;
#3345 = CIRCLE ( 'NONE', #2987, 0.06674684346470624600 ) ;
#3346 = EDGE_CURVE ( 'NONE', #2633, #2, #300, .T. ) ;
#3347 = CARTESIAN_POINT ( 'NONE',  ( -0.9000000000000000200, 0.1999999999999999800, 0.6618042484119135400 ) ) ;
#3348 = ORIENTED_EDGE ( 'NONE', *, *, #1077, .T. ) ;
#3349 = EDGE_CURVE ( 'NONE', #496, #377, #3499, .T. ) ;
#3350 = ORIENTED_EDGE ( 'NONE', *, *, #2649, .T. ) ;
#3351 = EDGE_LOOP ( 'NONE', ( #3234, #2225, #627 ) ) ;
#3352 = VERTEX_POINT ( 'NONE', #3040 ) ;
#3353 = DIRECTION ( 'NONE',  ( 1.000000000000000000, 0.0000000000000000000, 0.0000000000000000000 ) ) ;
#3354 = PLANE ( 'NONE',  #2602 ) ;
#3355 = EDGE_CURVE ( 'NONE', #1658, #121, #2557, .T. ) ;
#3356 = ORIENTED_EDGE ( 'NONE', *, *, #3454, .T. ) ;
#3357 = ADVANCED_FACE ( 'NONE', ( #2029 ), #3115, .T. ) ;
#3358 = ORIENTED_EDGE ( 'NONE', *, *, #1641, .T. ) ;
#3359 = DIRECTION ( 'NONE',  ( 0.2588190451025148000, -0.9659258262890698700, 0.0000000000000000000 ) ) ;
#3360 = AXIS2_PLACEMENT_3D ( 'NONE', #2255, #3110, #1439 ) ;
#3361 = VERTEX_POINT ( 'NONE', #3337 ) ;
#3362 = EDGE_CURVE ( 'NONE', #2403, #2385, #1585, .T. ) ;
#3363 = DIRECTION ( 'NONE',  ( 0.0000000000000000000, -0.0000000000000000000, 1.000000000000000000 ) ) ;
#3364 = CARTESIAN_POINT ( 'NONE',  ( 0.9000000000000002400, 1.331239223509012500, 1.193596045024971000 ) ) ;
#3365 = EDGE_CURVE ( 'NONE', #595, #249, #1102, .T. ) ;
#3366 = DIRECTION ( 'NONE',  ( -1.000000000000000000, 0.0000000000000000000, 2.449293598294705900E-016 ) ) ;
#3367 = ORIENTED_EDGE ( 'NONE', *, *, #3478, .T. ) ;
#3368 = DIRECTION ( 'NONE',  ( -2.449293598294705900E-016, 0.0000000000000000000, -1.000000000000000000 ) ) ;
#3369 = VECTOR ( 'NONE', #1075, 1000.000000000000000 ) ;
#3370 = CARTESIAN_POINT ( 'NONE',  ( 1.600000000000000100, 0.2491064769153990300, 0.3084354357119418200 ) ) ;
#3371 = CARTESIAN_POINT ( 'NONE',  ( -1.564999999999999900, 0.2000000000000000900, -1.214999999999999900 ) ) ;
#3372 = CARTESIAN_POINT ( 'NONE',  ( -1.564999999999999900, 0.2352080016535703100, -0.1678453236622471900 ) ) ;
#3373 = VECTOR ( 'NONE', #2688, 1000.000000000000000 ) ;
#3374 = CARTESIAN_POINT ( 'NONE',  ( -1.564999999999999700, 1.700000000000000000, 1.215000000000000300 ) ) ;
#3375 = AXIS2_PLACEMENT_3D ( 'NONE', #1960, #868, #1993 ) ;
#3376 = VECTOR ( 'NONE', #689, 1000.000000000000000 ) ;
#3377 = SURFACE_STYLE_USAGE ( .BOTH. , #1180 ) ;
#3378 = CIRCLE ( 'NONE', #1815, 0.3042623357845721800 ) ;
#3379 = DIRECTION ( 'NONE',  ( 0.9659258262890698700, -0.2588190451025148000, -2.365835942757343100E-016 ) ) ;
#3380 = VERTEX_POINT ( 'NONE', #303 ) ;
#3381 = LINE ( 'NONE', #985, #2832 ) ;
#3382 = AXIS2_PLACEMENT_3D ( 'NONE', #865, #3029, #1136 ) ;
#3383 = VECTOR ( 'NONE', #2983, 1000.000000000000000 ) ;
#3384 = DIRECTION ( 'NONE',  ( 0.0000000000000000000, -1.000000000000000000, -3.252606517456511700E-015 ) ) ;
#3385 = CARTESIAN_POINT ( 'NONE',  ( -1.600000000000000100, 0.0000000000000000000, 1.250000000000000000 ) ) ;
#3386 = ORIENTED_EDGE ( 'NONE', *, *, #3346, .F. ) ;
#3387 = LINE ( 'NONE', #851, #398 ) ;
#3388 = DIRECTION ( 'NONE',  ( -3.854941057726238700E-015, -0.0000000000000000000, -1.000000000000000000 ) ) ;
#3389 = ORIENTED_EDGE ( 'NONE', *, *, #3181, .T. ) ;
#3390 = DIRECTION ( 'NONE',  ( 0.0000000000000000000, 0.0000000000000000000, -1.000000000000000000 ) ) ;
#3391 = ORIENTED_EDGE ( 'NONE', *, *, #2422, .F. ) ;
#3392 = CARTESIAN_POINT ( 'NONE',  ( -1.564999999999999900, 0.2352080016535702800, 0.3013390105916604600 ) ) ;
#3393 = EDGE_LOOP ( 'NONE', ( #3547, #768, #2333, #2792 ) ) ;
#3394 = VERTEX_POINT ( 'NONE', #613 ) ;
#3395 = CARTESIAN_POINT ( 'NONE',  ( 0.9000000000000001300, 0.1771672682059996200, -0.3013390105916600700 ) ) ;
#3396 = CARTESIAN_POINT ( 'NONE',  ( 0.9000000000000001300, 0.2000000000000000100, 1.249999999999999600 ) ) ;
#3397 = DIRECTION ( 'NONE',  ( 1.000000000000000000, -0.0000000000000000000, -8.923474670662587900E-017 ) ) ;
#3398 = VERTEX_POINT ( 'NONE', #3347 ) ;
#3399 = MECHANICAL_DESIGN_GEOMETRIC_PRESENTATION_REPRESENTATION (  '', ( #2310 ), #2480 ) ;
#3400 = ORIENTED_EDGE ( 'NONE', *, *, #3226, .T. ) ;
#3401 = DIRECTION ( 'NONE',  ( -1.000000000000000000, 0.0000000000000000000, 0.0000000000000000000 ) ) ;
#3402 = CARTESIAN_POINT ( 'NONE',  ( -1.251784245380883800, 1.899999999999999900, -1.193596045024970700 ) ) ;
#3403 = VERTEX_POINT ( 'NONE', #1148 ) ;
#3404 = AXIS2_PLACEMENT_3D ( 'NONE', #1047, #255, #530 ) ;
#3405 = CARTESIAN_POINT ( 'NONE',  ( -0.9000000000000004700, 1.331239223509012500, -1.193596045024970700 ) ) ;
#3406 = CARTESIAN_POINT ( 'NONE',  ( 0.9000000000000001300, 0.1771672682059996200, 0.3013390105916600700 ) ) ;
#3407 = DIRECTION ( 'NONE',  ( 0.0000000000000000000, 0.0000000000000000000, -1.000000000000000000 ) ) ;
#3408 = EDGE_CURVE ( 'NONE', #1526, #1998, #603, .T. ) ;
#3409 = CARTESIAN_POINT ( 'NONE',  ( 1.600000000000000100, 0.2491064769153995000, -0.6126977714965141700 ) ) ;
#3410 = DIRECTION ( 'NONE',  ( -8.923474670662586700E-017, -0.0000000000000000000, -1.000000000000000000 ) ) ;
#3411 = VECTOR ( 'NONE', #3327, 1000.000000000000000 ) ;
#3412 = ORIENTED_EDGE ( 'NONE', *, *, #1787, .F. ) ;
#3413 = CARTESIAN_POINT ( 'NONE',  ( -0.9000000000000001300, 0.2491064769153990300, 0.3084354357119418200 ) ) ;
#3414 = ORIENTED_EDGE ( 'NONE', *, *, #1449, .T. ) ;
#3415 = ORIENTED_EDGE ( 'NONE', *, *, #1332, .F. ) ;
#3416 = VERTEX_POINT ( 'NONE', #2794 ) ;
#3417 = DIRECTION ( 'NONE',  ( 0.0000000000000000000, 0.0000000000000000000, -1.000000000000000000 ) ) ;
#3418 = EDGE_CURVE ( 'NONE', #3398, #1750, #1673, .T. ) ;
#3419 = LINE ( 'NONE', #1318, #769 ) ;
#3420 = VERTEX_POINT ( 'NONE', #2484 ) ;
#3421 = FACE_OUTER_BOUND ( 'NONE', #901, .T. ) ;
#3422 = DIRECTION ( 'NONE',  ( 0.0000000000000000000, 0.0000000000000000000, -1.000000000000000000 ) ) ;
#3423 = EDGE_CURVE ( 'NONE', #3150, #1048, #852, .T. ) ;
#3424 = CARTESIAN_POINT ( 'NONE',  ( 3.259409350337610800E-016, 0.2000000000000000900, 1.214999999999999900 ) ) ;
#3425 = SPHERICAL_SURFACE ( 'NONE', #2269, 0.2249999999999999500 ) ;
#3426 = DIRECTION ( 'NONE',  ( -1.000000000000000000, -0.0000000000000000000, -0.0000000000000000000 ) ) ;
#3427 = ORIENTED_EDGE ( 'NONE', *, *, #3181, .F. ) ;
#3428 = FACE_OUTER_BOUND ( 'NONE', #862, .T. ) ;
#3429 = AXIS2_PLACEMENT_3D ( 'NONE', #869, #369, #1162 ) ;
#3430 = DIRECTION ( 'NONE',  ( -1.000000000000000000, 0.0000000000000000000, 0.0000000000000000000 ) ) ;
#3431 = CIRCLE ( 'NONE', #2351, 0.3042623357845721800 ) ;
#3432 = VERTEX_POINT ( 'NONE', #2227 ) ;
#3433 = ORIENTED_EDGE ( 'NONE', *, *, #3248, .T. ) ;
#3434 = EDGE_CURVE ( 'NONE', #1798, #833, #2147, .T. ) ;
#3435 = VECTOR ( 'NONE', #933, 1000.000000000000000 ) ;
#3436 = CIRCLE ( 'NONE', #1722, 0.1000000000000000500 ) ;
#3437 = DIRECTION ( 'NONE',  ( -0.0000000000000000000, 2.168404344971008900E-015, 1.000000000000000000 ) ) ;
#3438 = ORIENTED_EDGE ( 'NONE', *, *, #2150, .T. ) ;
#3439 = LINE ( 'NONE', #508, #2712 ) ;
#3440 = CARTESIAN_POINT ( 'NONE',  ( 1.251784245380883600, 1.700000000000000000, 1.079313397063758300 ) ) ;
#3441 = DIRECTION ( 'NONE',  ( 1.000000000000000000, 0.0000000000000000000, 0.0000000000000000000 ) ) ;
#3442 = VERTEX_POINT ( 'NONE', #2768 ) ;
#3443 = PLANE ( 'NONE',  #2059 ) ;
#3444 = VECTOR ( 'NONE', #2316, 1000.000000000000000 ) ;
#3445 = EDGE_CURVE ( 'NONE', #833, #1354, #2389, .T. ) ;
#3446 = ORIENTED_EDGE ( 'NONE', *, *, #957, .T. ) ;
#3447 = ORIENTED_EDGE ( 'NONE', *, *, #2022, .F. ) ;
#3448 = CARTESIAN_POINT ( 'NONE',  ( 1.564999999999999900, 1.700000000000000000, 1.214999999999999900 ) ) ;
#3449 = AXIS2_PLACEMENT_3D ( 'NONE', #3318, #320, #2239 ) ;
#3450 = DIRECTION ( 'NONE',  ( 1.000000000000000000, 0.0000000000000000000, 0.0000000000000000000 ) ) ;
#3451 = APPLICATION_PROTOCOL_DEFINITION ( 'draft international standard', 'automotive_design', 1998, #1824 ) ;
#3452 = AXIS2_PLACEMENT_3D ( 'NONE', #726, #1860, #995 ) ;
#3453 = ORIENTED_EDGE ( 'NONE', *, *, #296, .T. ) ;
#3454 = EDGE_CURVE ( 'NONE', #2013, #3186, #2986, .T. ) ;
#3455 = DIRECTION ( 'NONE',  ( 1.000000000000000000, 0.0000000000000000000, 0.0000000000000000000 ) ) ;
#3456 = VERTEX_POINT ( 'NONE', #288 ) ;
#3457 = ORIENTED_EDGE ( 'NONE', *, *, #2563, .T. ) ;
#3458 = CYLINDRICAL_SURFACE ( 'NONE', #2631, 0.4687607764909875200 ) ;
#3459 = CARTESIAN_POINT ( 'NONE',  ( 0.9000000000000001300, 0.2352080016535702800, 0.3013390105916600700 ) ) ;
#3460 = VECTOR ( 'NONE', #1268, 1000.000000000000000 ) ;
#3461 = ADVANCED_FACE ( 'NONE', ( #1317 ), #1013, .F. ) ;
#3462 = VERTEX_POINT ( 'NONE', #2268 ) ;
#3463 = FACE_OUTER_BOUND ( 'NONE', #1124, .T. ) ;
#3464 = VECTOR ( 'NONE', #1266, 1000.000000000000000 ) ;
#3465 = AXIS2_PLACEMENT_3D ( 'NONE', #2061, #1406, #1672 ) ;
#3466 = ORIENTED_EDGE ( 'NONE', *, *, #2360, .F. ) ;
#3467 = CYLINDRICAL_SURFACE ( 'NONE', #3246, 0.04910647691539935700 ) ;
#3468 = DIRECTION ( 'NONE',  ( 0.0000000000000000000, 1.614882900561510400E-016, -1.000000000000000000 ) ) ;
#3469 = VECTOR ( 'NONE', #2384, 1000.000000000000200 ) ;
#3470 = EDGE_CURVE ( 'NONE', #2750, #863, #2554, .T. ) ;
#3471 = CARTESIAN_POINT ( 'NONE',  ( -1.005131153747765400, 1.790931128616791000, -1.105866484567004800 ) ) ;
#3472 = ORIENTED_EDGE ( 'NONE', *, *, #1071, .F. ) ;
#3473 = VECTOR ( 'NONE', #2821, 1000.000000000000000 ) ;
#3474 = VERTEX_POINT ( 'NONE', #387 ) ;
#3475 = ORIENTED_EDGE ( 'NONE', *, *, #3365, .F. ) ;
#3476 = VERTEX_POINT ( 'NONE', #3392 ) ;
#3477 = ORIENTED_EDGE ( 'NONE', *, *, #5, .F. ) ;
#3478 = EDGE_CURVE ( 'NONE', #2865, #1679, #2075, .T. ) ;
#3479 = EDGE_CURVE ( 'NONE', #3011, #1807, #168, .T. ) ;
#3480 = DIRECTION ( 'NONE',  ( -1.000000000000000000, 0.0000000000000000000, 2.449293598294705900E-016 ) ) ;
#3481 = ADVANCED_FACE ( 'NONE', ( #1847 ), #2030, .T. ) ;
#3482 = CYLINDRICAL_SURFACE ( 'NONE', #1178, 0.06674684346470624600 ) ;
#3483 = DIRECTION ( 'NONE',  ( 0.0000000000000000000, -1.000000000000000000, -1.868002191021389500E-015 ) ) ;
#3484 = MANIFOLD_SOLID_BREP ( 'Boss-Extrude1', #2637 ) ;
#3485 = VERTEX_POINT ( 'NONE', #376 ) ;
#3486 = ORIENTED_EDGE ( 'NONE', *, *, #1783, .T. ) ;
#3487 = AXIS2_PLACEMENT_3D ( 'NONE', #378, #1507, #1175 ) ;
#3488 = EDGE_LOOP ( 'NONE', ( #2280, #2017, #3169, #2930 ) ) ;
#3489 = CARTESIAN_POINT ( 'NONE',  ( -1.251784245380883400, 1.700000000000000000, 1.079313397063758500 ) ) ;
#3490 = B_SPLINE_CURVE_WITH_KNOTS ( 'NONE', 3,
 ( #2155, #509, #3471, #192 ),
 .UNSPECIFIED., .F., .F.,
 ( 4, 4 ),
 ( 1.969659791669110900E-007, 0.0001576703978029414100 ),
 .UNSPECIFIED. ) ;
#3491 = CARTESIAN_POINT ( 'NONE',  ( -0.9000000000000006900, 1.800000000000000000, -1.214999999999999600 ) ) ;
#3492 = AXIS2_PLACEMENT_3D ( 'NONE', #578, #2638, #2902 ) ;
#3493 = DIRECTION ( 'NONE',  ( 0.0000000000000000000, 1.614882900561510400E-016, -1.000000000000000000 ) ) ;
#3494 = PLANE ( 'NONE',  #1608 ) ;
#3495 = PRESENTATION_STYLE_ASSIGNMENT (( #3377 ) ) ;
#3496 = VERTEX_POINT ( 'NONE', #945 ) ;
#3497 = ADVANCED_FACE ( 'NONE', ( #558 ), #2270, .T. ) ;
#3498 = ORIENTED_EDGE ( 'NONE', *, *, #784, .F. ) ;
#3499 = CIRCLE ( 'NONE', #1825, 0.5173304635242798000 ) ;
#3500 = CARTESIAN_POINT ( 'NONE',  ( -0.9000000000000003600, 2.475000000000000100, -0.6999999999999995100 ) ) ;
#3501 = VECTOR ( 'NONE', #162, 1000.000000000000000 ) ;
#3502 = CARTESIAN_POINT ( 'NONE',  ( -1.600000000000000100, 0.2491064769153995000, -0.6618042484119135400 ) ) ;
#3503 = DIRECTION ( 'NONE',  ( -1.000000000000000000, 0.0000000000000000000, 0.0000000000000000000 ) ) ;
#3504 = ORIENTED_EDGE ( 'NONE', *, *, #3349, .T. ) ;
#3505 = VECTOR ( 'NONE', #3455, 1000.000000000000000 ) ;
#3506 = DIRECTION ( 'NONE',  ( 0.0000000000000000000, 0.0000000000000000000, -1.000000000000000000 ) ) ;
#3507 = DIRECTION ( 'NONE',  ( 1.000000000000000000, 0.0000000000000000000, 0.0000000000000000000 ) ) ;
#3508 = CYLINDRICAL_SURFACE ( 'NONE', #3128, 0.4501129136690195700 ) ;
#3509 = LINE ( 'NONE', #3033, #2204 ) ;
#3510 = DIRECTION ( 'NONE',  ( -8.923474670662586700E-017, -0.0000000000000000000, -1.000000000000000000 ) ) ;
#3511 = CARTESIAN_POINT ( 'NONE',  ( 1.146579437399554600, 1.729906060138488100, 1.071647758104568900 ) ) ;
#3512 = CYLINDRICAL_SURFACE ( 'NONE', #2697, 0.4501129136690195700 ) ;
#3513 = CARTESIAN_POINT ( 'NONE',  ( -1.564999999999999900, 0.2352080016535702800, 0.2345921671269541900 ) ) ;
#3514 = AXIS2_PLACEMENT_3D ( 'NONE', #3207, #766, #1863 ) ;
#3515 = LINE ( 'NONE', #2704, #2623 ) ;
#3516 = ADVANCED_FACE ( 'NONE', ( #1761 ), #1452, .F. ) ;
#3517 = EDGE_LOOP ( 'NONE', ( #1156, #3197, #2803, #3498 ) ) ;
#3518 = ORIENTED_EDGE ( 'NONE', *, *, #113, .T. ) ;
#3519 = DIRECTION ( 'NONE',  ( -1.000000000000000000, 0.0000000000000000000, 0.0000000000000000000 ) ) ;
#3520 = AXIS2_PLACEMENT_3D ( 'NONE', #1739, #364, #2837 ) ;
#3521 = DIRECTION ( 'NONE',  ( -2.449293598294705900E-016, 0.0000000000000000000, -1.000000000000000000 ) ) ;
#3522 = CARTESIAN_POINT ( 'NONE',  ( -1.215040734568392500, 1.700000000000000000, -1.077871221049409700 ) ) ;
#3523 = ORIENTED_EDGE ( 'NONE', *, *, #2635, .F. ) ;
#3524 = EDGE_CURVE ( 'NONE', #2412, #660, #808, .T. ) ;
#3525 = LINE ( 'NONE', #111, #1881 ) ;
#3526 = DIRECTION ( 'NONE',  ( -1.000000000000000000, -0.0000000000000000000, -0.0000000000000000000 ) ) ;
#3527 = ORIENTED_EDGE ( 'NONE', *, *, #727, .F. ) ;
#3528 = CARTESIAN_POINT ( 'NONE',  ( 0.9000000000000002400, 2.475000000000000100, 0.6999999999999997300 ) ) ;
#3529 = VERTEX_POINT ( 'NONE', #2282 ) ;
#3530 = CARTESIAN_POINT ( 'NONE',  ( -0.9000000000000000200, 2.533234285148065800, 0.6999999999999998400 ) ) ;
#3531 = CARTESIAN_POINT ( 'NONE',  ( 0.9000000000000001300, 0.1771672682059996200, -0.3013390105916600700 ) ) ;
#3532 = ADVANCED_FACE ( 'NONE', ( #2777 ), #1760, .F. ) ;
#3533 = CARTESIAN_POINT ( 'NONE',  ( -0.9000000000000001300, 0.2352080016535703100, -0.1678453236622473600 ) ) ;
#3534 = AXIS2_PLACEMENT_3D ( 'NONE', #286, #2730, #1107 ) ;
#3535 = CARTESIAN_POINT ( 'NONE',  ( 3.259409350337610800E-016, 1.700000000000000000, -1.214999999999999900 ) ) ;
#3536 = DIRECTION ( 'NONE',  ( 0.0000000000000000000, 0.0000000000000000000, 1.000000000000000000 ) ) ;
#3537 = ORIENTED_EDGE ( 'NONE', *, *, #1527, .F. ) ;
#3538 = B_SPLINE_CURVE_WITH_KNOTS ( 'NONE', 3,
 ( #802, #1512, #423, #1243 ),
 .UNSPECIFIED., .F., .F.,
 ( 4, 4 ),
 ( 1.969659791669109300E-007, 0.0001576703978029414100 ),
 .UNSPECIFIED. ) ;
#3539 = CARTESIAN_POINT ( 'NONE',  ( 0.9000000000000001300, 0.2000000000000001800, -0.6618042484119135400 ) ) ;
#3540 = AXIS2_PLACEMENT_3D ( 'NONE', #1718, #2034, #1448 ) ;
#3541 = SURFACE_STYLE_FILL_AREA ( #169 ) ;
#3542 = DIRECTION ( 'NONE',  ( 0.0000000000000000000, 0.0000000000000000000, -1.000000000000000000 ) ) ;
#3543 = ORIENTED_EDGE ( 'NONE', *, *, #1839, .F. ) ;
#3544 = VECTOR ( 'NONE', #114, 1000.000000000000100 ) ;
#3545 = DIRECTION ( 'NONE',  ( 1.000000000000000000, 0.0000000000000000000, 0.0000000000000000000 ) ) ;
#3546 = VECTOR ( 'NONE', #198, 1000.000000000000100 ) ;
#3547 = ORIENTED_EDGE ( 'NONE', *, *, #2210, .T. ) ;
#3548 = ORIENTED_EDGE ( 'NONE', *, *, #221, .T. ) ;
#3549 = ORIENTED_EDGE ( 'NONE', *, *, #2145, .T. ) ;
#3550 = CIRCLE ( 'NONE', #2509, 0.3042623357845721800 ) ;
#3551 = DIRECTION ( 'NONE',  ( 1.000000000000000000, 0.0000000000000000000, 0.0000000000000000000 ) ) ;
#3552 = DIRECTION ( 'NONE',  ( 1.556946131228447100E-016, 0.0000000000000000000, 1.000000000000000000 ) ) ;
#3553 = DIRECTION ( 'NONE',  ( 0.0000000000000000000, 0.0000000000000000000, 1.000000000000000000 ) ) ;
#3554 = DIRECTION ( 'NONE',  ( -1.000000000000000000, 0.0000000000000000000, -3.854941057726238700E-015 ) ) ;
ENDSEC;
END-ISO-10303-21;
