ISO-10303-21;
HEADER;
FILE_DESCRIPTION (( 'STEP AP214' ),
    '1' );
FILE_NAME ('DMR818S.STEP',
    '2026-01-30T00:53:02',
    ( '' ),
    ( '' ),
    'SwSTEP 2.0',
    'SolidWorks 2025',
    '' );
FILE_SCHEMA (( 'AUTOMOTIVE_DESIGN' ));
ENDSEC;

DATA;
#1 = PLANE ( 'NONE',  #879 ) ;
#2 = LINE ( 'NONE', #702, #1439 ) ;
#3 = PRODUCT_DEFINITION_SHAPE ( 'NONE', 'NONE',  #83 ) ;
#4 = ADVANCED_FACE ( 'NONE', ( #1105 ), #179, .T. ) ;
#5 = EDGE_CURVE ( 'NONE', #1349, #732, #39, .T. ) ;
#6 = CARTESIAN_POINT ( 'NONE',  ( 23.99999999999976907, 0.000000000000000000, -11.85000000000002096 ) ) ;
#7 = ADVANCED_FACE ( 'NONE', ( #1246 ), #507, .F. ) ;
#8 = CARTESIAN_POINT ( 'NONE',  ( 24.00000000000000000, 1.000000000000000000, -35.64999999999999858 ) ) ;
#9 = ORIENTED_EDGE ( 'NONE', *, *, #355, .T. ) ;
#10 = ORIENTED_EDGE ( 'NONE', *, *, #1301, .F. ) ;
#11 = CARTESIAN_POINT ( 'NONE',  ( 0.000000000000000000, 1.000000000000000000, -35.00000000000000000 ) ) ;
#12 = AXIS2_PLACEMENT_3D ( 'NONE', #484, #394, #134 ) ;
#13 = AXIS2_PLACEMENT_3D ( 'NONE', #1499, #1132, #1521 ) ;
#14 = DIRECTION ( 'NONE',  ( 0.000000000000000000, 0.000000000000000000, -1.000000000000000000 ) ) ;
#15 = EDGE_LOOP ( 'NONE', ( #63, #701, #451, #1375 ) ) ;
#16 = AXIS2_PLACEMENT_3D ( 'NONE', #1473, #613, #30 ) ;
#17 = ORIENTED_EDGE ( 'NONE', *, *, #38, .T. ) ;
#18 = FACE_OUTER_BOUND ( 'NONE', #143, .T. ) ;
#19 = LINE ( 'NONE', #463, #1352 ) ;
#20 = CARTESIAN_POINT ( 'NONE',  ( 2.811567152674447258E-13, 1.000000000000000000, -8.650000000000018119 ) ) ;
#21 = CIRCLE ( 'NONE', #602, 0.6499999999999978018 ) ;
#22 = CARTESIAN_POINT ( 'NONE',  ( 0.000000000000000000, 1.000000000000000000, 0.000000000000000000 ) ) ;
#23 = VERTEX_POINT ( 'NONE', #740 ) ;
#24 = DIRECTION ( 'NONE',  ( -0.000000000000000000, -1.000000000000000000, -0.000000000000000000 ) ) ;
#25 = EDGE_CURVE ( 'NONE', #115, #1339, #1120, .T. ) ;
#26 = ORIENTED_EDGE ( 'NONE', *, *, #1446, .F. ) ;
#27 = CARTESIAN_POINT ( 'NONE',  ( 23.99999999999990763, 1.000000000000000000, -26.65000000000000568 ) ) ;
#28 = DIRECTION ( 'NONE',  ( -0.000000000000000000, -1.000000000000000000, -0.000000000000000000 ) ) ;
#29 = FACE_OUTER_BOUND ( 'NONE', #41, .T. ) ;
#30 = DIRECTION ( 'NONE',  ( 0.000000000000000000, 0.000000000000000000, 1.000000000000000000 ) ) ;
#31 = VECTOR ( 'NONE', #919, 1000.000000000000000 ) ;
#32 = DIRECTION ( 'NONE',  ( 0.000000000000000000, 0.000000000000000000, -1.000000000000000000 ) ) ;
#33 = ORIENTED_EDGE ( 'NONE', *, *, #1435, .T. ) ;
#34 = FACE_OUTER_BOUND ( 'NONE', #1476, .T. ) ;
#35 = DIRECTION ( 'NONE',  ( 1.517883041479705577E-14, 0.000000000000000000, -1.000000000000000000 ) ) ;
#36 = LINE ( 'NONE', #1229, #1130 ) ;
#37 = CARTESIAN_POINT ( 'NONE',  ( 9.371890508914824194E-14, 0.000000000000000000, -26.65000000000000568 ) ) ;
#38 = EDGE_CURVE ( 'NONE', #758, #1271, #1000, .T. ) ;
#39 = LINE ( 'NONE', #1488, #1185 ) ;
#40 = CYLINDRICAL_SURFACE ( 'NONE', #1158, 0.6499999999999978018 ) ;
#41 = EDGE_LOOP ( 'NONE', ( #333, #531, #863, #1373 ) ) ;
#42 = CARTESIAN_POINT ( 'NONE',  ( 7.100000000000000533, 0.000000000000000000, -39.49999999999999289 ) ) ;
#43 = VECTOR ( 'NONE', #114, 1000.000000000000000 ) ;
#44 = DIRECTION ( 'NONE',  ( -0.000000000000000000, -1.000000000000000000, -0.000000000000000000 ) ) ;
#45 = EDGE_CURVE ( 'NONE', #1212, #732, #1495, .T. ) ;
#46 = EDGE_CURVE ( 'NONE', #1271, #904, #524, .T. ) ;
#47 = ORIENTED_EDGE ( 'NONE', *, *, #5, .F. ) ;
#48 = EDGE_LOOP ( 'NONE', ( #935, #844, #65, #1176 ) ) ;
#49 = ORIENTED_EDGE ( 'NONE', *, *, #1144, .F. ) ;
#50 = LINE ( 'NONE', #495, #859 ) ;
#51 = CARTESIAN_POINT ( 'NONE',  ( 23.99999999999981171, 1.000000000000000000, -16.35000000000001563 ) ) ;
#52 = FACE_OUTER_BOUND ( 'NONE', #1053, .T. ) ;
#53 = CARTESIAN_POINT ( 'NONE',  ( 1.874378101782964839E-13, 1.000000000000000000, -17.00000000000001421 ) ) ;
#54 = EDGE_CURVE ( 'NONE', #800, #1198, #68, .T. ) ;
#55 = EDGE_CURVE ( 'NONE', #520, #79, #1268, .T. ) ;
#56 = ORIENTED_EDGE ( 'NONE', *, *, #1428, .T. ) ;
#57 = EDGE_CURVE ( 'NONE', #732, #1514, #1169, .T. ) ;
#58 = LINE ( 'NONE', #752, #136 ) ;
#59 = ORIENTED_EDGE ( 'NONE', *, *, #807, .T. ) ;
#60 = DIRECTION ( 'NONE',  ( -0.000000000000000000, -1.000000000000000000, -0.000000000000000000 ) ) ;
#61 = VERTEX_POINT ( 'NONE', #666 ) ;
#62 = DIRECTION ( 'NONE',  ( 0.000000000000000000, 1.000000000000000000, 0.000000000000000000 ) ) ;
#63 = ORIENTED_EDGE ( 'NONE', *, *, #954, .F. ) ;
#64 = VECTOR ( 'NONE', #1380, 1000.000000000000000 ) ;
#65 = ORIENTED_EDGE ( 'NONE', *, *, #171, .T. ) ;
#66 = EDGE_CURVE ( 'NONE', #103, #667, #101, .T. ) ;
#67 = CARTESIAN_POINT ( 'NONE',  ( 4.685945254457412097E-14, 0.000000000000000000, -31.15000000000000568 ) ) ;
#68 = CIRCLE ( 'NONE', #465, 0.6499999999999978018 ) ;
#69 = VECTOR ( 'NONE', #28, 1000.000000000000000 ) ;
#70 = DIRECTION ( 'NONE',  ( 0.000000000000000000, 1.000000000000000000, 0.000000000000000000 ) ) ;
#71 = ORIENTED_EDGE ( 'NONE', *, *, #1245, .T. ) ;
#72 = VECTOR ( 'NONE', #1434, 1000.000000000000000 ) ;
#73 = ORIENTED_EDGE ( 'NONE', *, *, #1254, .T. ) ;
#74 = FACE_OUTER_BOUND ( 'NONE', #669, .T. ) ;
#75 = DIRECTION ( 'NONE',  ( -1.464357892017940649E-14, 0.000000000000000000, -1.000000000000000000 ) ) ;
#76 = EDGE_CURVE ( 'NONE', #1354, #419, #212, .T. ) ;
#77 = DIRECTION ( 'NONE',  ( -0.000000000000000000, -1.000000000000000000, -0.000000000000000000 ) ) ;
#78 = CARTESIAN_POINT ( 'NONE',  ( 0.000000000000000000, 1.000000000000000000, -35.64999999999999858 ) ) ;
#79 = VERTEX_POINT ( 'NONE', #1518 ) ;
#80 = CARTESIAN_POINT ( 'NONE',  ( 23.99999999999971934, 1.000000000000000000, -7.350000000000022737 ) ) ;
#81 = ORIENTED_EDGE ( 'NONE', *, *, #892, .T. ) ;
#82 = PLANE ( 'NONE',  #497 ) ;
#83 = PRODUCT_DEFINITION ( 'UNKNOWN', '', #900, #1238 ) ;
#84 = DIRECTION ( 'NONE',  ( -0.000000000000000000, -1.000000000000000000, -0.000000000000000000 ) ) ;
#85 = ORIENTED_EDGE ( 'NONE', *, *, #1193, .T. ) ;
#86 = CARTESIAN_POINT ( 'NONE',  ( 0.000000000000000000, 1.000000000000000000, -34.35000000000000853 ) ) ;
#87 = VERTEX_POINT ( 'NONE', #425 ) ;
#88 = CIRCLE ( 'NONE', #414, 0.6499999999999978018 ) ;
#89 = DIRECTION ( 'NONE',  ( -1.000000000000000000, 0.000000000000000000, -3.825261432210121364E-14 ) ) ;
#90 = DIRECTION ( 'NONE',  ( 0.000000000000000000, 0.000000000000000000, 1.000000000000000000 ) ) ;
#91 = VECTOR ( 'NONE', #44, 1000.000000000000000 ) ;
#92 = DIRECTION ( 'NONE',  ( -0.000000000000000000, -1.000000000000000000, -0.000000000000000000 ) ) ;
#93 = CARTESIAN_POINT ( 'NONE',  ( 9.371890508914824194E-14, 1.000000000000000000, -26.00000000000001066 ) ) ;
#94 = ADVANCED_FACE ( 'NONE', ( #1383 ), #887, .F. ) ;
#95 = ORIENTED_EDGE ( 'NONE', *, *, #720, .F. ) ;
#96 = CARTESIAN_POINT ( 'NONE',  ( 23.99999999999995381, 1.000000000000000000, -31.15000000000000568 ) ) ;
#97 = VERTEX_POINT ( 'NONE', #1413 ) ;
#98 = AXIS2_PLACEMENT_3D ( 'NONE', #1167, #323, #931 ) ;
#99 = DIRECTION ( 'NONE',  ( -0.000000000000000000, -1.000000000000000000, -0.000000000000000000 ) ) ;
#100 = FACE_OUTER_BOUND ( 'NONE', #376, .T. ) ;
#101 = LINE ( 'NONE', #455, #506 ) ;
#102 = ORIENTED_EDGE ( 'NONE', *, *, #823, .T. ) ;
#103 = VERTEX_POINT ( 'NONE', #1509 ) ;
#104 = ADVANCED_FACE ( 'NONE', ( #437, #1264 ), #1526, .T. ) ;
#105 = DIRECTION ( 'NONE',  ( -1.000000000000000000, 0.000000000000000000, -0.000000000000000000 ) ) ;
#106 = VECTOR ( 'NONE', #60, 1000.000000000000000 ) ;
#107 = CYLINDRICAL_SURFACE ( 'NONE', #1009, 0.6499999999999978018 ) ;
#108 = ORIENTED_EDGE ( 'NONE', *, *, #504, .F. ) ;
#109 = DIRECTION ( 'NONE',  ( 0.000000000000000000, 0.000000000000000000, 1.000000000000000000 ) ) ;
#110 = ORIENTED_EDGE ( 'NONE', *, *, #932, .T. ) ;
#111 = ADVANCED_FACE ( 'NONE', ( #540 ), #1010, .F. ) ;
#112 = DIRECTION ( 'NONE',  ( -0.000000000000000000, -1.000000000000000000, -0.000000000000000000 ) ) ;
#113 = VECTOR ( 'NONE', #1459, 1000.000000000000000 ) ;
#114 = DIRECTION ( 'NONE',  ( 3.825261432210120733E-14, 0.000000000000000000, -1.000000000000000000 ) ) ;
#115 = VERTEX_POINT ( 'NONE', #1502 ) ;
#116 = CARTESIAN_POINT ( 'NONE',  ( 0.000000000000000000, 0.000000000000000000, 0.000000000000000000 ) ) ;
#117 = CARTESIAN_POINT ( 'NONE',  ( 7.750000000000000000, 0.000000000000000000, -39.50000000000000711 ) ) ;
#118 = CARTESIAN_POINT ( 'NONE',  ( 9.371890508914824194E-14, 1.000000000000000000, -25.35000000000001208 ) ) ;
#119 = EDGE_CURVE ( 'NONE', #1349, #857, #1396, .T. ) ;
#120 = EDGE_CURVE ( 'NONE', #1323, #518, #1016, .T. ) ;
#121 = CIRCLE ( 'NONE', #488, 0.6499999999999978018 ) ;
#122 = DIRECTION ( 'NONE',  ( -0.000000000000000000, -1.000000000000000000, -0.000000000000000000 ) ) ;
#123 = ADVANCED_FACE ( 'NONE', ( #658 ), #548, .T. ) ;
#124 = CARTESIAN_POINT ( 'NONE',  ( 23.99999999999981171, 1.000000000000000000, -17.00000000000001421 ) ) ;
#125 = CARTESIAN_POINT ( 'NONE',  ( 7.100000000000000533, 1.000000000000000000, -39.49999999999999289 ) ) ;
#126 = ORIENTED_EDGE ( 'NONE', *, *, #874, .T. ) ;
#127 = SHAPE_DEFINITION_REPRESENTATION ( #3, #1306 ) ;
#128 = DIRECTION ( 'NONE',  ( -0.000000000000000000, -1.000000000000000000, -0.000000000000000000 ) ) ;
#129 = DIRECTION ( 'NONE',  ( -1.464357892017940649E-14, 0.000000000000000000, -1.000000000000000000 ) ) ;
#130 = ORIENTED_EDGE ( 'NONE', *, *, #1171, .T. ) ;
#131 = DIRECTION ( 'NONE',  ( 0.000000000000000000, 0.000000000000000000, 1.000000000000000000 ) ) ;
#132 = CARTESIAN_POINT ( 'NONE',  ( 23.99999999999971934, 1.000000000000000000, -7.350000000000022737 ) ) ;
#133 = VERTEX_POINT ( 'NONE', #446 ) ;
#134 = DIRECTION ( 'NONE',  ( 0.000000000000000000, 0.000000000000000000, -1.000000000000000000 ) ) ;
#135 = DIRECTION ( 'NONE',  ( -0.000000000000000000, -1.000000000000000000, -0.000000000000000000 ) ) ;
#136 = VECTOR ( 'NONE', #24, 1000.000000000000000 ) ;
#137 = AXIS2_PLACEMENT_3D ( 'NONE', #317, #566, #1036 ) ;
#138 = ADVANCED_FACE ( 'NONE', ( #908 ), #1405, .T. ) ;
#139 = EDGE_CURVE ( 'NONE', #1039, #97, #1542, .T. ) ;
#140 = ORIENTED_EDGE ( 'NONE', *, *, #25, .F. ) ;
#141 = VECTOR ( 'NONE', #160, 1000.000000000000000 ) ;
#142 = AXIS2_PLACEMENT_3D ( 'NONE', #125, #1202, #375 ) ;
#143 = EDGE_LOOP ( 'NONE', ( #813, #447, #1117, #469 ) ) ;
#144 = CARTESIAN_POINT ( 'NONE',  ( 24.00000000000000000, 0.000000000000000000, 0.000000000000000000 ) ) ;
#145 = DIRECTION ( 'NONE',  ( 0.000000000000000000, -0.000000000000000000, -1.000000000000000000 ) ) ;
#146 = VECTOR ( 'NONE', #135, 1000.000000000000000 ) ;
#147 = ORIENTED_EDGE ( 'NONE', *, *, #939, .F. ) ;
#148 = EDGE_LOOP ( 'NONE', ( #110, #822, #471, #928 ) ) ;
#149 = ORIENTED_EDGE ( 'NONE', *, *, #1225, .F. ) ;
#150 = CARTESIAN_POINT ( 'NONE',  ( 1.000000000000046851, 1.000000000000000000, -0.09999999999999999167 ) ) ;
#151 = CARTESIAN_POINT ( 'NONE',  ( 1.000000000000046851, 3.149999999999999911, -38.00000000000000711 ) ) ;
#152 = CARTESIAN_POINT ( 'NONE',  ( 23.99999999999990763, 1.000000000000000000, -25.35000000000001208 ) ) ;
#153 = CARTESIAN_POINT ( 'NONE',  ( 23.99999999999971934, 1.000000000000000000, -8.000000000000021316 ) ) ;
#154 = EDGE_LOOP ( 'NONE', ( #1068, #1278, #440, #683 ) ) ;
#155 = ORIENTED_EDGE ( 'NONE', *, *, #1530, .F. ) ;
#156 = VERTEX_POINT ( 'NONE', #6 ) ;
#157 = LINE ( 'NONE', #502, #1052 ) ;
#158 = EDGE_CURVE ( 'NONE', #1454, #407, #342, .T. ) ;
#159 = ADVANCED_FACE ( 'NONE', ( #491 ), #958, .T. ) ;
#160 = DIRECTION ( 'NONE',  ( -0.000000000000000000, -1.000000000000000000, -0.000000000000000000 ) ) ;
#161 = VECTOR ( 'NONE', #35, 1000.000000000000000 ) ;
#162 = ORIENTED_EDGE ( 'NONE', *, *, #452, .F. ) ;
#163 = PLANE ( 'NONE',  #796 ) ;
#164 = ORIENTED_EDGE ( 'NONE', *, *, #54, .T. ) ;
#165 = COLOUR_RGB ( '',0.7921568627450980005, 0.8196078431372548767, 0.9333333333333333481 ) ;
#166 = DIRECTION ( 'NONE',  ( -1.409462824231155449E-14, 0.000000000000000000, 1.000000000000000000 ) ) ;
#167 = ORIENTED_EDGE ( 'NONE', *, *, #46, .T. ) ;
#168 = DIRECTION ( 'NONE',  ( -1.000000000000000000, 0.000000000000000000, 3.823472151132543336E-14 ) ) ;
#169 = VECTOR ( 'NONE', #1335, 1000.000000000000000 ) ;
#170 = DIRECTION ( 'NONE',  ( -0.000000000000000000, -1.000000000000000000, -0.000000000000000000 ) ) ;
#171 = EDGE_CURVE ( 'NONE', #1115, #1027, #583, .T. ) ;
#172 = VECTOR ( 'NONE', #122, 1000.000000000000000 ) ;
#173 = EDGE_CURVE ( 'NONE', #594, #1063, #534, .T. ) ;
#174 = VERTEX_POINT ( 'NONE', #475 ) ;
#175 = DIRECTION ( 'NONE',  ( -1.517883041479705577E-14, 0.000000000000000000, 1.000000000000000000 ) ) ;
#176 = ORIENTED_EDGE ( 'NONE', *, *, #505, .F. ) ;
#177 = CARTESIAN_POINT ( 'NONE',  ( 24.00000000000000000, 1.000000000000000000, -34.35000000000000853 ) ) ;
#178 = DIRECTION ( 'NONE',  ( -0.000000000000000000, -1.000000000000000000, 0.000000000000000000 ) ) ;
#179 = PLANE ( 'NONE',  #312 ) ;
#180 = AXIS2_PLACEMENT_3D ( 'NONE', #1433, #1143, #1418 ) ;
#181 = ORIENTED_EDGE ( 'NONE', *, *, #1496, .T. ) ;
#182 = DIRECTION ( 'NONE',  ( -0.000000000000000000, -1.000000000000000000, -0.000000000000000000 ) ) ;
#183 = VERTEX_POINT ( 'NONE', #1303 ) ;
#184 = CARTESIAN_POINT ( 'NONE',  ( 24.00000000000000000, 1.000000000000000000, 0.000000000000000000 ) ) ;
#185 = FACE_OUTER_BOUND ( 'NONE', #567, .T. ) ;
#186 = ORIENTED_EDGE ( 'NONE', *, *, #400, .F. ) ;
#187 = ADVANCED_FACE ( 'NONE', ( #817 ), #240, .F. ) ;
#188 = ADVANCED_FACE ( 'NONE', ( #1233 ), #163, .F. ) ;
#189 = CIRCLE ( 'NONE', #1200, 0.6499999999999978018 ) ;
#190 = DIRECTION ( 'NONE',  ( -0.000000000000000000, -1.000000000000000000, -0.000000000000000000 ) ) ;
#191 = ORIENTED_EDGE ( 'NONE', *, *, #1146, .F. ) ;
#192 = AXIS2_PLACEMENT_3D ( 'NONE', #116, #131, #1215 ) ;
#193 = CARTESIAN_POINT ( 'NONE',  ( 1.405783576337223629E-13, 0.000000000000000000, -22.15000000000000924 ) ) ;
#194 = VECTOR ( 'NONE', #1045, 1000.000000000000000 ) ;
#195 = AXIS2_PLACEMENT_3D ( 'NONE', #242, #586, #246 ) ;
#196 = DIRECTION ( 'NONE',  ( 1.517883041479705577E-14, 0.000000000000000000, -1.000000000000000000 ) ) ;
#197 = ORIENTED_EDGE ( 'NONE', *, *, #954, .T. ) ;
#198 = VECTOR ( 'NONE', #635, 1000.000000000000000 ) ;
#199 = PLANE ( 'NONE',  #973 ) ;
#200 = ORIENTED_EDGE ( 'NONE', *, *, #1283, .T. ) ;
#201 = MANIFOLD_SOLID_BREP ( 'Boss-Extrude3', #880 ) ;
#202 = CARTESIAN_POINT ( 'NONE',  ( 2.342972627228706048E-13, 1.000000000000000000, -13.15000000000001634 ) ) ;
#203 = CARTESIAN_POINT ( 'NONE',  ( 7.100000000000000533, 1.000000000000000000, -39.49999999999999289 ) ) ;
#204 = VERTEX_POINT ( 'NONE', #96 ) ;
#205 = CARTESIAN_POINT ( 'NONE',  ( 0.000000000000000000, 1.000000000000000000, -39.50000000000000000 ) ) ;
#206 = VERTEX_POINT ( 'NONE', #676 ) ;
#207 = CARTESIAN_POINT ( 'NONE',  ( 4.685945254457412097E-14, 0.000000000000000000, -29.85000000000000853 ) ) ;
#208 = FACE_OUTER_BOUND ( 'NONE', #578, .T. ) ;
#209 = DIRECTION ( 'NONE',  ( -1.000000000000000000, 0.000000000000000000, 0.000000000000000000 ) ) ;
#210 = EDGE_CURVE ( 'NONE', #1212, #1237, #527, .T. ) ;
#211 = EDGE_CURVE ( 'NONE', #632, #1063, #1013, .T. ) ;
#212 = LINE ( 'NONE', #1147, #1343 ) ;
#213 = ORIENTED_EDGE ( 'NONE', *, *, #119, .F. ) ;
#214 =( NAMED_UNIT ( * ) PLANE_ANGLE_UNIT ( ) SI_UNIT ( $, .RADIAN. ) );
#215 = ORIENTED_EDGE ( 'NONE', *, *, #1178, .F. ) ;
#216 = VECTOR ( 'NONE', #256, 1000.000000000000000 ) ;
#217 = CARTESIAN_POINT ( 'NONE',  ( 1.850000000000000533, 1.000000000000000000, -39.50000000000000000 ) ) ;
#218 = AXIS2_PLACEMENT_3D ( 'NONE', #856, #1474, #1357 ) ;
#219 = LINE ( 'NONE', #569, #424 ) ;
#220 = DIRECTION ( 'NONE',  ( 1.464357892017940649E-14, 0.000000000000000000, 1.000000000000000000 ) ) ;
#221 = DIRECTION ( 'NONE',  ( 0.000000000000000000, 0.000000000000000000, 1.000000000000000000 ) ) ;
#222 = VECTOR ( 'NONE', #1328, 1000.000000000000000 ) ;
#223 = EDGE_CURVE ( 'NONE', #1177, #1344, #1270, .T. ) ;
#224 = ORIENTED_EDGE ( 'NONE', *, *, #57, .T. ) ;
#225 = PLANE ( 'NONE',  #1187 ) ;
#226 = ORIENTED_EDGE ( 'NONE', *, *, #299, .T. ) ;
#227 = PLANE ( 'NONE',  #397 ) ;
#228 = DIRECTION ( 'NONE',  ( -0.000000000000000000, -1.000000000000000000, -0.000000000000000000 ) ) ;
#229 = VERTEX_POINT ( 'NONE', #1295 ) ;
#230 = CARTESIAN_POINT ( 'NONE',  ( 23.99999999999971934, 0.000000000000000000, -8.000000000000021316 ) ) ;
#231 = CARTESIAN_POINT ( 'NONE',  ( 2.500000000000000000, 1.000000000000000000, -39.50000000000000000 ) ) ;
#232 = ORIENTED_EDGE ( 'NONE', *, *, #298, .T. ) ;
#233 = CARTESIAN_POINT ( 'NONE',  ( 23.99999999999986144, 1.000000000000000000, -21.50000000000001066 ) ) ;
#234 = VECTOR ( 'NONE', #1532, 1000.000000000000000 ) ;
#235 = DIRECTION ( 'NONE',  ( -0.000000000000000000, -1.000000000000000000, -0.000000000000000000 ) ) ;
#236 = CARTESIAN_POINT ( 'NONE',  ( 24.00000000000000000, 0.000000000000000000, -35.00000000000000000 ) ) ;
#237 = ORIENTED_EDGE ( 'NONE', *, *, #5, .T. ) ;
#238 = ADVANCED_FACE ( 'NONE', ( #461 ), #1401, .F. ) ;
#239 = CARTESIAN_POINT ( 'NONE',  ( 4.685945254457412097E-14, 1.000000000000000000, -31.15000000000000568 ) ) ;
#240 = CYLINDRICAL_SURFACE ( 'NONE', #715, 0.6499999999999978018 ) ;
#241 = VECTOR ( 'NONE', #991, 1000.000000000000000 ) ;
#242 = CARTESIAN_POINT ( 'NONE',  ( 2.342972627228706048E-13, 0.000000000000000000, -12.50000000000001776 ) ) ;
#243 = ORIENTED_EDGE ( 'NONE', *, *, #505, .T. ) ;
#244 = EDGE_LOOP ( 'NONE', ( #580, #1305, #1331, #1429 ) ) ;
#245 = CYLINDRICAL_SURFACE ( 'NONE', #1099, 0.6499999999999978018 ) ;
#246 = DIRECTION ( 'NONE',  ( 0.000000000000000000, 0.000000000000000000, -1.000000000000000000 ) ) ;
#247 = ORIENTED_EDGE ( 'NONE', *, *, #983, .T. ) ;
#248 = EDGE_LOOP ( 'NONE', ( #623, #625, #149, #1445 ) ) ;
#249 = CARTESIAN_POINT ( 'NONE',  ( 0.000000000000000000, 1.000000000000000000, -35.64999999999999858 ) ) ;
#250 = ADVANCED_FACE ( 'NONE', ( #442 ), #199, .F. ) ;
#251 = ADVANCED_FACE ( 'NONE', ( #903 ), #926, .T. ) ;
#252 = CARTESIAN_POINT ( 'NONE',  ( 9.371890508914824194E-14, 0.000000000000000000, -25.35000000000001208 ) ) ;
#253 = ORIENTED_EDGE ( 'NONE', *, *, #57, .F. ) ;
#254 = DIRECTION ( 'NONE',  ( 0.000000000000000000, 1.000000000000000000, 0.000000000000000000 ) ) ;
#255 = ORIENTED_EDGE ( 'NONE', *, *, #402, .T. ) ;
#256 = DIRECTION ( 'NONE',  ( -1.464357892017940965E-14, 0.000000000000000000, -1.000000000000000000 ) ) ;
#257 = DIRECTION ( 'NONE',  ( 0.000000000000000000, 0.000000000000000000, -1.000000000000000000 ) ) ;
#258 = DIRECTION ( 'NONE',  ( -1.464357892017940649E-14, 0.000000000000000000, -1.000000000000000000 ) ) ;
#259 = VECTOR ( 'NONE', #84, 1000.000000000000000 ) ;
#260 = VERTEX_POINT ( 'NONE', #1304 ) ;
#261 = DIRECTION ( 'NONE',  ( 0.000000000000000000, 1.000000000000000000, 0.000000000000000000 ) ) ;
#262 = ORIENTED_EDGE ( 'NONE', *, *, #1008, .F. ) ;
#263 = VECTOR ( 'NONE', #738, 1000.000000000000000 ) ;
#264 = VERTEX_POINT ( 'NONE', #1522 ) ;
#265 = DIRECTION ( 'NONE',  ( 1.000000000000000000, 0.000000000000000000, 1.756682000989171636E-15 ) ) ;
#266 = LINE ( 'NONE', #990, #1442 ) ;
#267 = CARTESIAN_POINT ( 'NONE',  ( 23.99999999999976907, 1.000000000000000000, -12.50000000000001776 ) ) ;
#268 = LINE ( 'NONE', #843, #805 ) ;
#269 = ORIENTED_EDGE ( 'NONE', *, *, #467, .T. ) ;
#270 = ORIENTED_EDGE ( 'NONE', *, *, #223, .T. ) ;
#271 = DIRECTION ( 'NONE',  ( -1.000000000000000000, 0.000000000000000000, -1.409462824231155449E-14 ) ) ;
#272 = ORIENTED_EDGE ( 'NONE', *, *, #878, .T. ) ;
#273 = CARTESIAN_POINT ( 'NONE',  ( 0.000000000000000000, 0.000000000000000000, 0.000000000000000000 ) ) ;
#274 = DIRECTION ( 'NONE',  ( 0.000000000000000000, 0.000000000000000000, -1.000000000000000000 ) ) ;
#275 = LINE ( 'NONE', #981, #680 ) ;
#276 = ORIENTED_EDGE ( 'NONE', *, *, #1071, .T. ) ;
#277 = EDGE_LOOP ( 'NONE', ( #434, #49, #1285, #1067 ) ) ;
#278 = ADVANCED_FACE ( 'NONE', ( #1038 ), #1416, .F. ) ;
#279 = ADVANCED_FACE ( 'NONE', ( #668 ), #225, .T. ) ;
#280 = VERTEX_POINT ( 'NONE', #450 ) ;
#281 = FACE_OUTER_BOUND ( 'NONE', #741, .T. ) ;
#282 = ADVANCED_FACE ( 'NONE', ( #1162 ), #1393, .F. ) ;
#283 = CARTESIAN_POINT ( 'NONE',  ( 23.99999999999995381, 1.000000000000000000, -29.85000000000000853 ) ) ;
#284 = CARTESIAN_POINT ( 'NONE',  ( 0.000000000000000000, 1.000000000000000000, 0.000000000000000000 ) ) ;
#285 = AXIS2_PLACEMENT_3D ( 'NONE', #428, #897, #868 ) ;
#286 = DIRECTION ( 'NONE',  ( -0.000000000000000000, -1.000000000000000000, -0.000000000000000000 ) ) ;
#287 = AXIS2_PLACEMENT_3D ( 'NONE', #1166, #339, #1181 ) ;
#288 = LINE ( 'NONE', #987, #1340 ) ;
#289 = ORIENTED_EDGE ( 'NONE', *, *, #139, .T. ) ;
#290 = DIRECTION ( 'NONE',  ( 0.000000000000000000, 0.000000000000000000, -1.000000000000000000 ) ) ;
#291 = DIRECTION ( 'NONE',  ( 1.000000000000000000, 0.000000000000000000, 2.102695122396129620E-15 ) ) ;
#292 = VECTOR ( 'NONE', #1419, 1000.000000000000000 ) ;
#293 = ORIENTED_EDGE ( 'NONE', *, *, #1085, .T. ) ;
#294 = EDGE_LOOP ( 'NONE', ( #1106, #483, #1256, #595 ) ) ;
#295 = SURFACE_STYLE_FILL_AREA ( #519 ) ;
#296 = ORIENTED_EDGE ( 'NONE', *, *, #1050, .F. ) ;
#297 = DIRECTION ( 'NONE',  ( 0.000000000000000000, 1.000000000000000000, 0.000000000000000000 ) ) ;
#298 = EDGE_CURVE ( 'NONE', #976, #493, #457, .T. ) ;
#299 = EDGE_CURVE ( 'NONE', #1027, #23, #910, .T. ) ;
#300 = CARTESIAN_POINT ( 'NONE',  ( 16.30000000000000071, 1.000000000000000000, -39.50000000000000000 ) ) ;
#301 = AXIS2_PLACEMENT_3D ( 'NONE', #1049, #1411, #1042 ) ;
#302 = ORIENTED_EDGE ( 'NONE', *, *, #1550, .F. ) ;
#303 = VERTEX_POINT ( 'NONE', #1320 ) ;
#304 = CARTESIAN_POINT ( 'NONE',  ( 9.371890508914824194E-14, 1.000000000000000000, -26.65000000000000568 ) ) ;
#305 = DIRECTION ( 'NONE',  ( 1.409462824231155291E-14, 0.000000000000000000, -1.000000000000000000 ) ) ;
#306 = CARTESIAN_POINT ( 'NONE',  ( 2.342972627228706048E-13, 1.000000000000000000, -13.15000000000001634 ) ) ;
#307 = ORIENTED_EDGE ( 'NONE', *, *, #645, .T. ) ;
#308 = DIRECTION ( 'NONE',  ( -0.000000000000000000, -1.000000000000000000, 0.000000000000000000 ) ) ;
#309 =( LENGTH_UNIT ( ) NAMED_UNIT ( * ) SI_UNIT ( .MILLI., .METRE. ) );
#310 = ORIENTED_EDGE ( 'NONE', *, *, #1326, .T. ) ;
#311 = DIRECTION ( 'NONE',  ( 0.000000000000000000, 1.000000000000000000, 0.000000000000000000 ) ) ;
#312 = AXIS2_PLACEMENT_3D ( 'NONE', #415, #517, #719 ) ;
#313 = AXIS2_PLACEMENT_3D ( 'NONE', #381, #845, #1444 ) ;
#314 = DIRECTION ( 'NONE',  ( 0.000000000000000000, 0.000000000000000000, -1.000000000000000000 ) ) ;
#315 = ORIENTED_EDGE ( 'NONE', *, *, #400, .T. ) ;
#316 = VECTOR ( 'NONE', #1288, 1000.000000000000000 ) ;
#317 = CARTESIAN_POINT ( 'NONE',  ( 23.99999999999990763, 1.000000000000000000, -26.00000000000001066 ) ) ;
#318 = CARTESIAN_POINT ( 'NONE',  ( 0.000000000000000000, 1.000000000000000000, -35.64999999999999858 ) ) ;
#319 = EDGE_LOOP ( 'NONE', ( #369, #1073, #864, #269 ) ) ;
#320 = EDGE_CURVE ( 'NONE', #533, #508, #1397, .T. ) ;
#321 = EDGE_CURVE ( 'NONE', #1349, #1543, #392, .T. ) ;
#322 = CARTESIAN_POINT ( 'NONE',  ( 15.65000000000000036, 1.000000000000000000, -39.49999999999999289 ) ) ;
#323 = DIRECTION ( 'NONE',  ( -0.000000000000000000, -1.000000000000000000, -0.000000000000000000 ) ) ;
#324 = CARTESIAN_POINT ( 'NONE',  ( 1.405783576337223629E-13, 1.000000000000000000, -22.15000000000000924 ) ) ;
#325 = CARTESIAN_POINT ( 'NONE',  ( 1.874378101782964839E-13, 1.000000000000000000, -17.65000000000001279 ) ) ;
#326 = ORIENTED_EDGE ( 'NONE', *, *, #344, .T. ) ;
#327 = LINE ( 'NONE', #1512, #1493 ) ;
#328 = ORIENTED_EDGE ( 'NONE', *, *, #210, .T. ) ;
#329 = CARTESIAN_POINT ( 'NONE',  ( 2.342972627228706048E-13, 1.000000000000000000, -11.85000000000002096 ) ) ;
#330 = EDGE_CURVE ( 'NONE', #1344, #1489, #1184, .T. ) ;
#331 = CARTESIAN_POINT ( 'NONE',  ( 24.00000000000000000, 1.000000000000000000, -34.35000000000000853 ) ) ;
#332 = DIRECTION ( 'NONE',  ( -1.000000000000000000, 0.000000000000000000, 1.464357892017940649E-14 ) ) ;
#333 = ORIENTED_EDGE ( 'NONE', *, *, #1508, .T. ) ;
#334 = DIRECTION ( 'NONE',  ( 0.000000000000000000, 0.000000000000000000, 1.000000000000000000 ) ) ;
#335 = CARTESIAN_POINT ( 'NONE',  ( 23.99999999999971934, 1.000000000000000000, -8.000000000000021316 ) ) ;
#336 = ORIENTED_EDGE ( 'NONE', *, *, #449, .F. ) ;
#337 = VECTOR ( 'NONE', #1199, 1000.000000000000000 ) ;
#338 = CARTESIAN_POINT ( 'NONE',  ( 16.95000000000000284, 1.000000000000000000, -39.50000000000000000 ) ) ;
#339 = DIRECTION ( 'NONE',  ( -0.000000000000000000, -1.000000000000000000, -0.000000000000000000 ) ) ;
#340 = DIRECTION ( 'NONE',  ( 0.000000000000000000, 0.000000000000000000, -1.000000000000000000 ) ) ;
#341 = CIRCLE ( 'NONE', #1204, 0.6500000000000047962 ) ;
#342 = CIRCLE ( 'NONE', #1128, 0.6499999999999978018 ) ;
#343 = DIRECTION ( 'NONE',  ( 0.000000000000000000, 0.000000000000000000, 1.000000000000000000 ) ) ;
#344 = EDGE_CURVE ( 'NONE', #487, #264, #1313, .T. ) ;
#345 = VECTOR ( 'NONE', #257, 1000.000000000000000 ) ;
#346 = ORIENTED_EDGE ( 'NONE', *, *, #1225, .T. ) ;
#347 = CARTESIAN_POINT ( 'NONE',  ( 22.99999999999995381, 1.000000000000000000, -0.09999999999999999167 ) ) ;
#348 = SURFACE_STYLE_USAGE ( .BOTH. , #1260 ) ;
#349 = ORIENTED_EDGE ( 'NONE', *, *, #438, .F. ) ;
#350 = VECTOR ( 'NONE', #964, 1000.000000000000000 ) ;
#351 = DIRECTION ( 'NONE',  ( 0.000000000000000000, 0.000000000000000000, 1.000000000000000000 ) ) ;
#352 = DIRECTION ( 'NONE',  ( -0.000000000000000000, -1.000000000000000000, -0.000000000000000000 ) ) ;
#353 = LINE ( 'NONE', #78, #472 ) ;
#354 = ADVANCED_FACE ( 'NONE', ( #959 ), #711, .F. ) ;
#355 = EDGE_CURVE ( 'NONE', #857, #87, #585, .T. ) ;
#356 = ORIENTED_EDGE ( 'NONE', *, *, #840, .F. ) ;
#357 = DIRECTION ( 'NONE',  ( -1.000000000000000000, 0.000000000000000000, -2.102695122396129620E-15 ) ) ;
#358 = CARTESIAN_POINT ( 'NONE',  ( 4.685945254457412097E-14, 1.000000000000000000, -30.50000000000000711 ) ) ;
#359 = ORIENTED_EDGE ( 'NONE', *, *, #821, .T. ) ;
#360 = CARTESIAN_POINT ( 'NONE',  ( 3.150000000000000355, 1.000000000000000000, -39.50000000000000711 ) ) ;
#361 = LINE ( 'NONE', #819, #241 ) ;
#362 = ORIENTED_EDGE ( 'NONE', *, *, #158, .F. ) ;
#363 = VECTOR ( 'NONE', #1078, 1000.000000000000000 ) ;
#364 = CARTESIAN_POINT ( 'NONE',  ( 1.405783576337223629E-13, 1.000000000000000000, -21.50000000000001066 ) ) ;
#365 = AXIS2_PLACEMENT_3D ( 'NONE', #621, #1370, #747 ) ;
#366 = STYLED_ITEM ( 'NONE', ( #543 ), #201 ) ;
#367 = DIRECTION ( 'NONE',  ( -0.000000000000000000, -1.000000000000000000, -0.000000000000000000 ) ) ;
#368 = CARTESIAN_POINT ( 'NONE',  ( 21.55000000000000426, 1.000000000000000000, -39.50000000000000711 ) ) ;
#369 = ORIENTED_EDGE ( 'NONE', *, *, #953, .T. ) ;
#370 = EDGE_CURVE ( 'NONE', #280, #1271, #1195, .T. ) ;
#371 = ADVANCED_FACE ( 'NONE', ( #945 ), #1431, .F. ) ;
#372 = ORIENTED_EDGE ( 'NONE', *, *, #480, .F. ) ;
#373 = VECTOR ( 'NONE', #1108, 1000.000000000000000 ) ;
#374 = DIRECTION ( 'NONE',  ( 0.000000000000000000, 0.000000000000000000, -1.000000000000000000 ) ) ;
#375 = DIRECTION ( 'NONE',  ( 0.000000000000000000, 0.000000000000000000, -1.000000000000000000 ) ) ;
#376 = EDGE_LOOP ( 'NONE', ( #501, #1163, #1048, #272 ) ) ;
#377 = DIRECTION ( 'NONE',  ( -0.000000000000000000, -1.000000000000000000, -0.000000000000000000 ) ) ;
#378 = AXIS2_PLACEMENT_3D ( 'NONE', #529, #1389, #1494 ) ;
#379 = CARTESIAN_POINT ( 'NONE',  ( 22.99999999999995381, 3.149999999999999911, -0.09999999999999999167 ) ) ;
#380 = EDGE_CURVE ( 'NONE', #183, #1391, #1471, .T. ) ;
#381 = CARTESIAN_POINT ( 'NONE',  ( 0.000000000000000000, 0.000000000000000000, -35.00000000000000000 ) ) ;
#382 = ORIENTED_EDGE ( 'NONE', *, *, #429, .T. ) ;
#383 = ORIENTED_EDGE ( 'NONE', *, *, #370, .F. ) ;
#384 = DIRECTION ( 'NONE',  ( 0.000000000000000000, 0.000000000000000000, 1.000000000000000000 ) ) ;
#385 = LINE ( 'NONE', #1346, #337 ) ;
#386 = VECTOR ( 'NONE', #891, 1000.000000000000000 ) ;
#387 = DIRECTION ( 'NONE',  ( 0.000000000000000000, 1.000000000000000000, 0.000000000000000000 ) ) ;
#388 = ADVANCED_FACE ( 'NONE', ( #699 ), #828, .F. ) ;
#389 = AXIS2_PLACEMENT_3D ( 'NONE', #53, #614, #32 ) ;
#390 = ORIENTED_EDGE ( 'NONE', *, *, #939, .T. ) ;
#391 = ORIENTED_EDGE ( 'NONE', *, *, #1465, .T. ) ;
#392 = CIRCLE ( 'NONE', #1424, 0.6499999999999978018 ) ;
#393 = ORIENTED_EDGE ( 'NONE', *, *, #592, .F. ) ;
#394 = DIRECTION ( 'NONE',  ( -0.000000000000000000, -1.000000000000000000, 0.000000000000000000 ) ) ;
#395 = CARTESIAN_POINT ( 'NONE',  ( 23.99999999999976907, 1.000000000000000000, -13.15000000000001634 ) ) ;
#396 = CARTESIAN_POINT ( 'NONE',  ( 1.000000000000046851, 3.149999999999999911, -0.09999999999999999167 ) ) ;
#397 = AXIS2_PLACEMENT_3D ( 'NONE', #1152, #89, #1410 ) ;
#398 = EDGE_LOOP ( 'NONE', ( #147, #176, #326, #247 ) ) ;
#399 = EDGE_CURVE ( 'NONE', #1056, #460, #1452, .T. ) ;
#400 = EDGE_CURVE ( 'NONE', #765, #1001, #835, .T. ) ;
#401 = ORIENTED_EDGE ( 'NONE', *, *, #932, .F. ) ;
#402 = EDGE_CURVE ( 'NONE', #431, #1148, #593, .T. ) ;
#403 = ORIENTED_EDGE ( 'NONE', *, *, #1026, .F. ) ;
#404 = CARTESIAN_POINT ( 'NONE',  ( 24.00000000000000000, 1.000000000000000000, -35.64999999999999858 ) ) ;
#405 = LINE ( 'NONE', #284, #718 ) ;
#406 = ORIENTED_EDGE ( 'NONE', *, *, #892, .F. ) ;
#407 = VERTEX_POINT ( 'NONE', #252 ) ;
#408 = CARTESIAN_POINT ( 'NONE',  ( 20.25000000000000000, 1.000000000000000000, -39.50000000000000000 ) ) ;
#409 = ORIENTED_EDGE ( 'NONE', *, *, #1301, .T. ) ;
#410 = PLANE ( 'NONE',  #1156 ) ;
#411 = LINE ( 'NONE', #839, #1002 ) ;
#412 = DIRECTION ( 'NONE',  ( 1.409462824231155291E-14, 0.000000000000000000, -1.000000000000000000 ) ) ;
#413 = CARTESIAN_POINT ( 'NONE',  ( 22.99999999999995381, 3.149999999999999911, -38.00000000000000711 ) ) ;
#414 = AXIS2_PLACEMENT_3D ( 'NONE', #1015, #1134, #1506 ) ;
#415 = CARTESIAN_POINT ( 'NONE',  ( 21.55000000000000426, 1.000000000000000000, -39.50000000000000711 ) ) ;
#416 = VECTOR ( 'NONE', #550, 1000.000000000000000 ) ;
#417 = ORIENTED_EDGE ( 'NONE', *, *, #1369, .F. ) ;
#418 = AXIS2_PLACEMENT_3D ( 'NONE', #764, #780, #221 ) ;
#419 = VERTEX_POINT ( 'NONE', #1066 ) ;
#420 = CARTESIAN_POINT ( 'NONE',  ( 0.000000000000000000, 1.000000000000000000, -39.50000000000000000 ) ) ;
#421 = DIRECTION ( 'NONE',  ( 0.000000000000000000, 0.000000000000000000, 1.000000000000000000 ) ) ;
#422 = FACE_OUTER_BOUND ( 'NONE', #662, .T. ) ;
#423 = VECTOR ( 'NONE', #129, 1000.000000000000000 ) ;
#424 = VECTOR ( 'NONE', #228, 1000.000000000000000 ) ;
#425 = CARTESIAN_POINT ( 'NONE',  ( 2.342972627228706048E-13, 0.000000000000000000, -11.85000000000002096 ) ) ;
#426 = ORIENTED_EDGE ( 'NONE', *, *, #1390, .T. ) ;
#427 = ORIENTED_EDGE ( 'NONE', *, *, #1351, .F. ) ;
#428 = CARTESIAN_POINT ( 'NONE',  ( 1.405783576337223629E-13, 0.000000000000000000, -21.50000000000001066 ) ) ;
#429 = EDGE_CURVE ( 'NONE', #1321, #1360, #1338, .T. ) ;
#430 = CARTESIAN_POINT ( 'NONE',  ( 23.99999999999981171, 0.000000000000000000, -17.65000000000001279 ) ) ;
#431 = VERTEX_POINT ( 'NONE', #812 ) ;
#432 = CARTESIAN_POINT ( 'NONE',  ( 23.99999999999990763, 1.000000000000000000, -26.65000000000000568 ) ) ;
#433 = DIRECTION ( 'NONE',  ( -0.000000000000000000, -1.000000000000000000, -0.000000000000000000 ) ) ;
#434 = ORIENTED_EDGE ( 'NONE', *, *, #1399, .T. ) ;
#435 = CARTESIAN_POINT ( 'NONE',  ( 0.000000000000000000, 0.000000000000000000, -34.35000000000000853 ) ) ;
#436 = CARTESIAN_POINT ( 'NONE',  ( 23.99999999999971934, 0.000000000000000000, -8.650000000000018119 ) ) ;
#437 = FACE_OUTER_BOUND ( 'NONE', #1124, .T. ) ;
#438 = EDGE_CURVE ( 'NONE', #1360, #260, #826, .T. ) ;
#439 = VECTOR ( 'NONE', #1319, 1000.000000000000000 ) ;
#440 = ORIENTED_EDGE ( 'NONE', *, *, #756, .T. ) ;
#441 = CARTESIAN_POINT ( 'NONE',  ( 23.99999999999971934, 1.000000000000000000, -8.650000000000018119 ) ) ;
#442 = FACE_OUTER_BOUND ( 'NONE', #148, .T. ) ;
#443 = ORIENTED_EDGE ( 'NONE', *, *, #139, .F. ) ;
#444 = LINE ( 'NONE', #906, #763 ) ;
#445 = LINE ( 'NONE', #118, #1475 ) ;
#446 = CARTESIAN_POINT ( 'NONE',  ( 23.99999999999976907, 0.000000000000000000, -13.15000000000001634 ) ) ;
#447 = ORIENTED_EDGE ( 'NONE', *, *, #878, .F. ) ;
#448 = PRODUCT_RELATED_PRODUCT_CATEGORY ( 'part', '', ( #1248 ) ) ;
#449 = EDGE_CURVE ( 'NONE', #61, #1492, #361, .T. ) ;
#450 = CARTESIAN_POINT ( 'NONE',  ( 9.371890508914824194E-14, 1.000000000000000000, -26.65000000000000568 ) ) ;
#451 = ORIENTED_EDGE ( 'NONE', *, *, #504, .T. ) ;
#452 = EDGE_CURVE ( 'NONE', #456, #632, #803, .T. ) ;
#453 = DIRECTION ( 'NONE',  ( 0.000000000000000000, 1.000000000000000000, 0.000000000000000000 ) ) ;
#454 = CARTESIAN_POINT ( 'NONE',  ( 2.342972627228706048E-13, 0.000000000000000000, -13.15000000000001634 ) ) ;
#455 = CARTESIAN_POINT ( 'NONE',  ( 24.00000000000000000, 1.000000000000000000, 0.000000000000000000 ) ) ;
#456 = VERTEX_POINT ( 'NONE', #1487 ) ;
#457 = LINE ( 'NONE', #917, #697 ) ;
#458 = ORIENTED_EDGE ( 'NONE', *, *, #773, .T. ) ;
#459 = DIRECTION ( 'NONE',  ( 0.000000000000000000, 0.000000000000000000, 1.000000000000000000 ) ) ;
#460 = VERTEX_POINT ( 'NONE', #1231 ) ;
#461 = FACE_OUTER_BOUND ( 'NONE', #1448, .T. ) ;
#462 = EDGE_LOOP ( 'NONE', ( #9, #26, #609, #1191 ) ) ;
#463 = CARTESIAN_POINT ( 'NONE',  ( 23.99999999999986144, 1.000000000000000000, -22.15000000000000924 ) ) ;
#464 = VECTOR ( 'NONE', #1149, 1000.000000000000000 ) ;
#465 = AXIS2_PLACEMENT_3D ( 'NONE', #881, #1466, #314 ) ;
#466 = DIRECTION ( 'NONE',  ( 0.000000000000000000, 0.000000000000000000, -1.000000000000000000 ) ) ;
#467 = EDGE_CURVE ( 'NONE', #1177, #1520, #1356, .T. ) ;
#468 = AXIS2_PLACEMENT_3D ( 'NONE', #202, #1126, #643 ) ;
#469 = ORIENTED_EDGE ( 'NONE', *, *, #985, .T. ) ;
#470 = DIRECTION ( 'NONE',  ( -0.000000000000000000, -1.000000000000000000, 0.000000000000000000 ) ) ;
#471 = ORIENTED_EDGE ( 'NONE', *, *, #1041, .F. ) ;
#472 = VECTOR ( 'NONE', #1114, 1000.000000000000000 ) ;
#473 = LINE ( 'NONE', #861, #161 ) ;
#474 = CARTESIAN_POINT ( 'NONE',  ( 2.811567152674447258E-13, 1.000000000000000000, -7.350000000000022737 ) ) ;
#475 = CARTESIAN_POINT ( 'NONE',  ( 23.99999999999981171, 1.000000000000000000, -17.65000000000001279 ) ) ;
#476 = DIRECTION ( 'NONE',  ( -1.464357892017940965E-14, 0.000000000000000000, -1.000000000000000000 ) ) ;
#477 = EDGE_LOOP ( 'NONE', ( #790, #1092, #426, #1084 ) ) ;
#478 = LINE ( 'NONE', #1455, #673 ) ;
#479 = EDGE_CURVE ( 'NONE', #1217, #206, #515, .T. ) ;
#480 = EDGE_CURVE ( 'NONE', #115, #1020, #268, .T. ) ;
#481 = DIRECTION ( 'NONE',  ( -0.000000000000000000, -1.000000000000000000, -0.000000000000000000 ) ) ;
#482 = ORIENTED_EDGE ( 'NONE', *, *, #1399, .F. ) ;
#483 = ORIENTED_EDGE ( 'NONE', *, *, #721, .F. ) ;
#484 = CARTESIAN_POINT ( 'NONE',  ( 4.685945254457412097E-14, 0.000000000000000000, -30.50000000000000711 ) ) ;
#485 = CIRCLE ( 'NONE', #1367, 0.6499999999999978018 ) ;
#486 = VECTOR ( 'NONE', #481, 1000.000000000000000 ) ;
#487 = VERTEX_POINT ( 'NONE', #1211 ) ;
#488 = AXIS2_PLACEMENT_3D ( 'NONE', #692, #562, #1032 ) ;
#489 = EDGE_CURVE ( 'NONE', #431, #61, #275, .T. ) ;
#490 = DIRECTION ( 'NONE',  ( -0.000000000000000000, -1.000000000000000000, -0.000000000000000000 ) ) ;
#491 = FACE_OUTER_BOUND ( 'NONE', #244, .T. ) ;
#492 = CARTESIAN_POINT ( 'NONE',  ( 9.371890508914824194E-14, 1.000000000000000000, -26.65000000000000568 ) ) ;
#493 = VERTEX_POINT ( 'NONE', #1480 ) ;
#494 = ORIENTED_EDGE ( 'NONE', *, *, #370, .T. ) ;
#495 = CARTESIAN_POINT ( 'NONE',  ( 1.000000000000046851, 1.000000000000000000, -38.00000000000000711 ) ) ;
#496 = CARTESIAN_POINT ( 'NONE',  ( 1.000000000000046851, 1.000000000000000000, -38.00000000000000711 ) ) ;
#497 = AXIS2_PLACEMENT_3D ( 'NONE', #553, #1022, #105 ) ;
#498 = PLANE ( 'NONE',  #716 ) ;
#499 = CARTESIAN_POINT ( 'NONE',  ( 4.685945254457412097E-14, 1.000000000000000000, -29.85000000000000853 ) ) ;
#500 = ORIENTED_EDGE ( 'NONE', *, *, #299, .F. ) ;
#501 = ORIENTED_EDGE ( 'NONE', *, *, #638, .F. ) ;
#502 = CARTESIAN_POINT ( 'NONE',  ( 7.750000000000000000, 0.000000000000000000, -39.50000000000000711 ) ) ;
#503 = CARTESIAN_POINT ( 'NONE',  ( 23.99999999999995381, 0.000000000000000000, -31.15000000000000568 ) ) ;
#504 = EDGE_CURVE ( 'NONE', #174, #1354, #1081, .T. ) ;
#505 = EDGE_CURVE ( 'NONE', #487, #1485, #405, .T. ) ;
#506 = VECTOR ( 'NONE', #1137, 1000.000000000000000 ) ;
#507 = PLANE ( 'NONE',  #218 ) ;
#508 = VERTEX_POINT ( 'NONE', #1111 ) ;
#509 = AXIS2_PLACEMENT_3D ( 'NONE', #335, #1528, #789 ) ;
#510 = FACE_OUTER_BOUND ( 'NONE', #1221, .T. ) ;
#511 = DIRECTION ( 'NONE',  ( -0.000000000000000000, -1.000000000000000000, -0.000000000000000000 ) ) ;
#512 = DIRECTION ( 'NONE',  ( 0.000000000000000000, -0.000000000000000000, 1.000000000000000000 ) ) ;
#513 = ORIENTED_EDGE ( 'NONE', *, *, #665, .F. ) ;
#514 = CARTESIAN_POINT ( 'NONE',  ( 23.99999999999990763, 0.000000000000000000, -26.00000000000001066 ) ) ;
#515 = LINE ( 'NONE', #854, #141 ) ;
#516 = EDGE_CURVE ( 'NONE', #487, #103, #731, .T. ) ;
#517 = DIRECTION ( 'NONE',  ( 2.832201593431525474E-15, 0.000000000000000000, -1.000000000000000000 ) ) ;
#518 = VERTEX_POINT ( 'NONE', #523 ) ;
#519 = FILL_AREA_STYLE ('',( #1377 ) ) ;
#520 = VERTEX_POINT ( 'NONE', #622 ) ;
#521 = DIRECTION ( 'NONE',  ( 1.756682000989171834E-15, 0.000000000000000000, -1.000000000000000000 ) ) ;
#522 = LINE ( 'NONE', #1243, #345 ) ;
#523 = CARTESIAN_POINT ( 'NONE',  ( 23.99999999999986144, 0.000000000000000000, -20.85000000000001563 ) ) ;
#524 = LINE ( 'NONE', #499, #1293 ) ;
#525 = ORIENTED_EDGE ( 'NONE', *, *, #664, .F. ) ;
#526 = ADVANCED_FACE ( 'NONE', ( #185 ), #899, .T. ) ;
#527 = LINE ( 'NONE', #1286, #1209 ) ;
#528 = ORIENTED_EDGE ( 'NONE', *, *, #211, .F. ) ;
#529 = CARTESIAN_POINT ( 'NONE',  ( 23.99999999999986144, 0.000000000000000000, -21.50000000000001066 ) ) ;
#530 = VECTOR ( 'NONE', #291, 1000.000000000000000 ) ;
#531 = ORIENTED_EDGE ( 'NONE', *, *, #745, .F. ) ;
#532 = AXIS2_PLACEMENT_3D ( 'NONE', #970, #271, #612 ) ;
#533 = VERTEX_POINT ( 'NONE', #1110 ) ;
#534 = CIRCLE ( 'NONE', #771, 0.6499999999999978018 ) ;
#535 = DIRECTION ( 'NONE',  ( 0.000000000000000000, 0.000000000000000000, -1.000000000000000000 ) ) ;
#536 = EDGE_LOOP ( 'NONE', ( #336, #1258, #255, #200 ) ) ;
#537 = CARTESIAN_POINT ( 'NONE',  ( 23.99999999999981171, 0.000000000000000000, -17.65000000000001279 ) ) ;
#538 = EDGE_CURVE ( 'NONE', #508, #820, #1079, .T. ) ;
#539 = CARTESIAN_POINT ( 'NONE',  ( 9.371890508914824194E-14, 1.000000000000000000, -25.35000000000001208 ) ) ;
#540 = FACE_OUTER_BOUND ( 'NONE', #1362, .T. ) ;
#541 = EDGE_LOOP ( 'NONE', ( #356, #875, #494, #167 ) ) ;
#542 = DIRECTION ( 'NONE',  ( 0.000000000000000000, 0.000000000000000000, -1.000000000000000000 ) ) ;
#543 = PRESENTATION_STYLE_ASSIGNMENT (( #348 ) ) ;
#544 = ORIENTED_EDGE ( 'NONE', *, *, #1382, .T. ) ;
#545 = CARTESIAN_POINT ( 'NONE',  ( 6.450000000000001066, 0.000000000000000000, -39.50000000000000000 ) ) ;
#546 = CARTESIAN_POINT ( 'NONE',  ( 23.99999999999976907, 1.000000000000000000, -12.50000000000001776 ) ) ;
#547 = EDGE_CURVE ( 'NONE', #846, #988, #411, .T. ) ;
#548 = PLANE ( 'NONE',  #927 ) ;
#549 = ORIENTED_EDGE ( 'NONE', *, *, #1351, .T. ) ;
#550 = DIRECTION ( 'NONE',  ( 1.517883041479705577E-14, 0.000000000000000000, -1.000000000000000000 ) ) ;
#551 = ORIENTED_EDGE ( 'NONE', *, *, #66, .F. ) ;
#552 = FACE_OUTER_BOUND ( 'NONE', #541, .T. ) ;
#553 = CARTESIAN_POINT ( 'NONE',  ( 0.000000000000000000, 1.000000000000000000, 0.000000000000000000 ) ) ;
#554 = EDGE_CURVE ( 'NONE', #1360, #1492, #522, .T. ) ;
#555 = CARTESIAN_POINT ( 'NONE',  ( 4.685945254457412097E-14, 1.000000000000000000, -31.15000000000000568 ) ) ;
#556 = ORIENTED_EDGE ( 'NONE', *, *, #1146, .T. ) ;
#557 = DIRECTION ( 'NONE',  ( -0.000000000000000000, -1.000000000000000000, -0.000000000000000000 ) ) ;
#558 = AXIS2_PLACEMENT_3D ( 'NONE', #1018, #1407, #334 ) ;
#559 = DIRECTION ( 'NONE',  ( -1.000000000000000000, 0.000000000000000000, 0.000000000000000000 ) ) ;
#560 = ORIENTED_EDGE ( 'NONE', *, *, #637, .F. ) ;
#561 = DIRECTION ( 'NONE',  ( 1.517883041479705577E-14, 0.000000000000000000, -1.000000000000000000 ) ) ;
#562 = DIRECTION ( 'NONE',  ( 0.000000000000000000, 1.000000000000000000, 0.000000000000000000 ) ) ;
#563 = DIRECTION ( 'NONE',  ( 0.000000000000000000, 0.000000000000000000, -1.000000000000000000 ) ) ;
#564 = VECTOR ( 'NONE', #1290, 1000.000000000000000 ) ;
#565 = ORIENTED_EDGE ( 'NONE', *, *, #1436, .T. ) ;
#566 = DIRECTION ( 'NONE',  ( 0.000000000000000000, 1.000000000000000000, 0.000000000000000000 ) ) ;
#567 = EDGE_LOOP ( 'NONE', ( #10, #140, #770, #1414 ) ) ;
#568 = DIRECTION ( 'NONE',  ( 1.409462824231155291E-14, 0.000000000000000000, -1.000000000000000000 ) ) ;
#569 = CARTESIAN_POINT ( 'NONE',  ( 23.99999999999995381, 1.000000000000000000, -31.15000000000000568 ) ) ;
#570 = ORIENTED_EDGE ( 'NONE', *, *, #1446, .T. ) ;
#571 = AXIS2_PLACEMENT_3D ( 'NONE', #338, #1279, #1173 ) ;
#572 = CARTESIAN_POINT ( 'NONE',  ( 1.000000000000046851, 3.149999999999999911, -38.00000000000000711 ) ) ;
#573 = EDGE_LOOP ( 'NONE', ( #1046, #733, #708, #401 ) ) ;
#574 = EDGE_CURVE ( 'NONE', #882, #133, #1208, .T. ) ;
#575 = EDGE_CURVE ( 'NONE', #1344, #1276, #966, .T. ) ;
#576 = CARTESIAN_POINT ( 'NONE',  ( 23.99999999999986144, 0.000000000000000000, -22.15000000000000924 ) ) ;
#577 = LINE ( 'NONE', #239, #950 ) ;
#578 = EDGE_LOOP ( 'NONE', ( #994, #551, #587, #243 ) ) ;
#579 = CARTESIAN_POINT ( 'NONE',  ( 2.500000000000000000, 1.000000000000000000, -39.50000000000000000 ) ) ;
#580 = ORIENTED_EDGE ( 'NONE', *, *, #1428, .F. ) ;
#581 = PLANE ( 'NONE',  #571 ) ;
#582 = LINE ( 'NONE', #920, #727 ) ;
#583 = CIRCLE ( 'NONE', #1468, 0.6499999999999978018 ) ;
#584 = CARTESIAN_POINT ( 'NONE',  ( 2.500000000000000000, 0.000000000000000000, -39.50000000000000000 ) ) ;
#585 = CIRCLE ( 'NONE', #195, 0.6499999999999978018 ) ;
#586 = DIRECTION ( 'NONE',  ( -0.000000000000000000, -1.000000000000000000, 0.000000000000000000 ) ) ;
#587 = ORIENTED_EDGE ( 'NONE', *, *, #516, .F. ) ;
#588 = VECTOR ( 'NONE', #633, 1000.000000000000000 ) ;
#589 = CARTESIAN_POINT ( 'NONE',  ( 23.99999999999971934, 0.000000000000000000, -7.350000000000022737 ) ) ;
#590 = DIRECTION ( 'NONE',  ( -1.000000000000000000, 0.000000000000000000, -1.517883041479705577E-14 ) ) ;
#591 = LINE ( 'NONE', #1095, #198 ) ;
#592 = EDGE_CURVE ( 'NONE', #758, #1198, #36, .T. ) ;
#593 = LINE ( 'NONE', #368, #222 ) ;
#594 = VERTEX_POINT ( 'NONE', #436 ) ;
#595 = ORIENTED_EDGE ( 'NONE', *, *, #211, .T. ) ;
#596 = CYLINDRICAL_SURFACE ( 'NONE', #818, 0.6499999999999978018 ) ;
#597 = ADVANCED_FACE ( 'NONE', ( #1154 ), #898, .T. ) ;
#598 = ADVANCED_FACE ( 'NONE', ( #422 ), #762, .F. ) ;
#599 = DIRECTION ( 'NONE',  ( -0.000000000000000000, -1.000000000000000000, -0.000000000000000000 ) ) ;
#600 = ORIENTED_EDGE ( 'NONE', *, *, #1531, .T. ) ;
#601 = LINE ( 'NONE', #962, #1127 ) ;
#602 = AXIS2_PLACEMENT_3D ( 'NONE', #584, #1534, #459 ) ;
#603 = CARTESIAN_POINT ( 'NONE',  ( 0.000000000000000000, 0.000000000000000000, 0.000000000000000000 ) ) ;
#604 = LINE ( 'NONE', #824, #216 ) ;
#605 = CIRCLE ( 'NONE', #999, 0.6499999999999978018 ) ;
#606 = AXIS2_PLACEMENT_3D ( 'NONE', #93, #1275, #563 ) ;
#607 = LINE ( 'NONE', #1080, #146 ) ;
#608 = CARTESIAN_POINT ( 'NONE',  ( 1.874378101782964839E-13, 1.000000000000000000, -17.00000000000001421 ) ) ;
#609 = ORIENTED_EDGE ( 'NONE', *, *, #321, .F. ) ;
#610 = DIRECTION ( 'NONE',  ( 0.000000000000000000, 0.000000000000000000, 1.000000000000000000 ) ) ;
#611 = DIRECTION ( 'NONE',  ( -1.000000000000000000, 0.000000000000000000, -1.517883041479705577E-14 ) ) ;
#612 = DIRECTION ( 'NONE',  ( -1.409462824231155449E-14, 0.000000000000000000, 1.000000000000000000 ) ) ;
#613 = DIRECTION ( 'NONE',  ( 0.000000000000000000, 1.000000000000000000, 0.000000000000000000 ) ) ;
#614 = DIRECTION ( 'NONE',  ( -0.000000000000000000, -1.000000000000000000, 0.000000000000000000 ) ) ;
#615 = VERTEX_POINT ( 'NONE', #117 ) ;
#616 = CARTESIAN_POINT ( 'NONE',  ( 1.874378101782964839E-13, 1.000000000000000000, -16.35000000000001563 ) ) ;
#617 = ADVANCED_FACE ( 'NONE', ( #1548 ), #1, .F. ) ;
#618 = ADVANCED_FACE ( 'NONE', ( #1322 ), #40, .F. ) ;
#619 = DIRECTION ( 'NONE',  ( -3.823472151132542705E-14, 0.000000000000000000, -1.000000000000000000 ) ) ;
#620 = AXIS2_PLACEMENT_3D ( 'NONE', #1165, #453, #90 ) ;
#621 = CARTESIAN_POINT ( 'NONE',  ( 1.000000000000046851, 3.149999999999999911, -0.09999999999999999167 ) ) ;
#622 = CARTESIAN_POINT ( 'NONE',  ( 15.65000000000000036, 0.000000000000000000, -39.49999999999999289 ) ) ;
#623 = ORIENTED_EDGE ( 'NONE', *, *, #1482, .T. ) ;
#624 = EDGE_LOOP ( 'NONE', ( #1294, #302, #889, #992 ) ) ;
#625 = ORIENTED_EDGE ( 'NONE', *, *, #807, .F. ) ;
#626 = DIRECTION ( 'NONE',  ( 0.000000000000000000, 0.000000000000000000, -1.000000000000000000 ) ) ;
#627 = LINE ( 'NONE', #152, #91 ) ;
#628 = DIRECTION ( 'NONE',  ( 0.000000000000000000, 0.000000000000000000, -1.000000000000000000 ) ) ;
#629 = ORIENTED_EDGE ( 'NONE', *, *, #665, .T. ) ;
#630 = ORIENTED_EDGE ( 'NONE', *, *, #938, .F. ) ;
#631 = AXIS2_PLACEMENT_3D ( 'NONE', #318, #1028, #782 ) ;
#632 = VERTEX_POINT ( 'NONE', #132 ) ;
#633 = DIRECTION ( 'NONE',  ( -0.000000000000000000, -1.000000000000000000, -0.000000000000000000 ) ) ;
#634 = DIRECTION ( 'NONE',  ( 3.823472151132543336E-14, 0.000000000000000000, 1.000000000000000000 ) ) ;
#635 = DIRECTION ( 'NONE',  ( -0.000000000000000000, -1.000000000000000000, -0.000000000000000000 ) ) ;
#636 = CARTESIAN_POINT ( 'NONE',  ( 0.000000000000000000, 3.149999999999999911, 0.000000000000000000 ) ) ;
#637 = EDGE_CURVE ( 'NONE', #1017, #641, #601, .T. ) ;
#638 = EDGE_CURVE ( 'NONE', #1266, #460, #485, .T. ) ;
#639 = CARTESIAN_POINT ( 'NONE',  ( 4.685945254457412097E-14, 1.000000000000000000, -30.50000000000000711 ) ) ;
#640 = ORIENTED_EDGE ( 'NONE', *, *, #1059, .F. ) ;
#641 = VERTEX_POINT ( 'NONE', #873 ) ;
#642 = DIRECTION ( 'NONE',  ( 0.000000000000000000, 0.000000000000000000, -1.000000000000000000 ) ) ;
#643 = DIRECTION ( 'NONE',  ( 1.464357892017940334E-14, 0.000000000000000000, 1.000000000000000000 ) ) ;
#644 = VECTOR ( 'NONE', #99, 1000.000000000000000 ) ;
#645 = EDGE_CURVE ( 'NONE', #988, #87, #288, .T. ) ;
#646 = ORIENTED_EDGE ( 'NONE', *, *, #1316, .F. ) ;
#647 = ADVANCED_FACE ( 'NONE', ( #648 ), #1259, .F. ) ;
#648 = FACE_OUTER_BOUND ( 'NONE', #866, .T. ) ;
#649 = EDGE_LOOP ( 'NONE', ( #1314, #296, #556, #766 ) ) ;
#650 = CARTESIAN_POINT ( 'NONE',  ( 3.150000000000000355, 0.000000000000000000, -39.50000000000000711 ) ) ;
#651 = VECTOR ( 'NONE', #377, 1000.000000000000000 ) ;
#652 = VECTOR ( 'NONE', #182, 1000.000000000000000 ) ;
#653 = ORIENTED_EDGE ( 'NONE', *, *, #1272, .F. ) ;
#654 = AXIS2_PLACEMENT_3D ( 'NONE', #325, #786, #1284 ) ;
#655 = ORIENTED_EDGE ( 'NONE', *, *, #380, .T. ) ;
#656 = DIRECTION ( 'NONE',  ( 0.000000000000000000, 1.000000000000000000, 0.000000000000000000 ) ) ;
#657 = AXIS2_PLACEMENT_3D ( 'NONE', #1388, #1142, #890 ) ;
#658 = FACE_OUTER_BOUND ( 'NONE', #1261, .T. ) ;
#659 = ORIENTED_EDGE ( 'NONE', *, *, #120, .F. ) ;
#660 = PLANE ( 'NONE',  #13 ) ;
#661 = DIRECTION ( 'NONE',  ( 1.000000000000000000, 0.000000000000000000, 0.000000000000000000 ) ) ;
#662 = EDGE_LOOP ( 'NONE', ( #1203, #955, #712, #783 ) ) ;
#663 = LINE ( 'NONE', #217, #234 ) ;
#664 = EDGE_CURVE ( 'NONE', #882, #1354, #1392, .T. ) ;
#665 = EDGE_CURVE ( 'NONE', #280, #1020, #605, .T. ) ;
#666 = CARTESIAN_POINT ( 'NONE',  ( 21.55000000000000426, 0.000000000000000000, -39.50000000000000711 ) ) ;
#667 = VERTEX_POINT ( 'NONE', #774 ) ;
#668 = FACE_OUTER_BOUND ( 'NONE', #477, .T. ) ;
#669 = EDGE_LOOP ( 'NONE', ( #1529, #1523, #226, #181 ) ) ;
#670 = LINE ( 'NONE', #1547, #1044 ) ;
#671 = LINE ( 'NONE', #1155, #1168 ) ;
#672 = DIRECTION ( 'NONE',  ( 0.000000000000000000, -0.000000000000000000, 1.000000000000000000 ) ) ;
#673 = VECTOR ( 'NONE', #128, 1000.000000000000000 ) ;
#674 = ORIENTED_EDGE ( 'NONE', *, *, #1157, .F. ) ;
#675 = DIRECTION ( 'NONE',  ( -1.464357892017940649E-14, 0.000000000000000000, -1.000000000000000000 ) ) ;
#676 = CARTESIAN_POINT ( 'NONE',  ( 23.99999999999986144, 0.000000000000000000, -22.15000000000000924 ) ) ;
#677 = ORIENTED_EDGE ( 'NONE', *, *, #823, .F. ) ;
#678 = FACE_OUTER_BOUND ( 'NONE', #1138, .T. ) ;
#679 = DIRECTION ( 'NONE',  ( -1.464357892017940334E-14, 0.000000000000000000, -1.000000000000000000 ) ) ;
#680 = VECTOR ( 'NONE', #1371, 1000.000000000000000 ) ;
#681 = EDGE_CURVE ( 'NONE', #1198, #1391, #1415, .T. ) ;
#682 = VECTOR ( 'NONE', #235, 1000.000000000000000 ) ;
#683 = ORIENTED_EDGE ( 'NONE', *, *, #1280, .T. ) ;
#684 = DIRECTION ( 'NONE',  ( 1.000000000000000000, 0.000000000000000000, 1.756682000989171636E-15 ) ) ;
#685 = ORIENTED_EDGE ( 'NONE', *, *, #547, .F. ) ;
#686 = LINE ( 'NONE', #1182, #564 ) ;
#687 = ORIENTED_EDGE ( 'NONE', *, *, #967, .F. ) ;
#688 = AXIS2_PLACEMENT_3D ( 'NONE', #233, #814, #351 ) ;
#689 = DIRECTION ( 'NONE',  ( -1.000000000000000000, 0.000000000000000000, -0.000000000000000000 ) ) ;
#690 = ORIENTED_EDGE ( 'NONE', *, *, #1112, .T. ) ;
#691 = ADVANCED_FACE ( 'NONE', ( #1012 ), #660, .T. ) ;
#692 = CARTESIAN_POINT ( 'NONE',  ( 20.90000000000000213, 1.000000000000000000, -39.50000000000000711 ) ) ;
#693 = DIRECTION ( 'NONE',  ( 0.000000000000000000, 0.000000000000000000, 1.000000000000000000 ) ) ;
#694 = DIRECTION ( 'NONE',  ( 0.000000000000000000, 1.000000000000000000, 0.000000000000000000 ) ) ;
#695 = ORIENTED_EDGE ( 'NONE', *, *, #210, .F. ) ;
#696 = CYLINDRICAL_SURFACE ( 'NONE', #98, 0.6499999999999978018 ) ;
#697 = VECTOR ( 'NONE', #661, 1000.000000000000000 ) ;
#698 = DIRECTION ( 'NONE',  ( -0.000000000000000000, -1.000000000000000000, -0.000000000000000000 ) ) ;
#699 = FACE_OUTER_BOUND ( 'NONE', #909, .T. ) ;
#700 = ORIENTED_EDGE ( 'NONE', *, *, #574, .T. ) ;
#701 = ORIENTED_EDGE ( 'NONE', *, *, #1087, .F. ) ;
#702 = CARTESIAN_POINT ( 'NONE',  ( 23.99999999999971934, 1.000000000000000000, -8.650000000000018119 ) ) ;
#703 = EDGE_CURVE ( 'NONE', #1039, #781, #1139, .T. ) ;
#704 = EDGE_CURVE ( 'NONE', #204, #781, #1292, .T. ) ;
#705 = CARTESIAN_POINT ( 'NONE',  ( 1.000000000000046851, 3.149999999999999911, -0.09999999999999999167 ) ) ;
#706 = EDGE_LOOP ( 'NONE', ( #186, #1461, #328, #1234 ) ) ;
#707 = CARTESIAN_POINT ( 'NONE',  ( 23.99999999999986144, 1.000000000000000000, -22.15000000000000924 ) ) ;
#708 = ORIENTED_EDGE ( 'NONE', *, *, #953, .F. ) ;
#709 = DIRECTION ( 'NONE',  ( -0.000000000000000000, -1.000000000000000000, -0.000000000000000000 ) ) ;
#710 = DIRECTION ( 'NONE',  ( -1.464357892017940649E-14, 0.000000000000000000, -1.000000000000000000 ) ) ;
#711 = CYLINDRICAL_SURFACE ( 'NONE', #1164, 0.6499999999999978018 ) ;
#712 = ORIENTED_EDGE ( 'NONE', *, *, #1540, .T. ) ;
#713 = CIRCLE ( 'NONE', #12, 0.6499999999999978018 ) ;
#714 = CARTESIAN_POINT ( 'NONE',  ( 1.874378101782964839E-13, 1.000000000000000000, -17.65000000000001279 ) ) ;
#715 = AXIS2_PLACEMENT_3D ( 'NONE', #124, #367, #827 ) ;
#716 = AXIS2_PLACEMENT_3D ( 'NONE', #636, #1210, #145 ) ;
#717 = AXIS2_PLACEMENT_3D ( 'NONE', #639, #1091, #1113 ) ;
#718 = VECTOR ( 'NONE', #748, 1000.000000000000000 ) ;
#719 = DIRECTION ( 'NONE',  ( -1.000000000000000000, 0.000000000000000000, -2.832201593431525474E-15 ) ) ;
#720 = EDGE_CURVE ( 'NONE', #1409, #1391, #327, .T. ) ;
#721 = EDGE_CURVE ( 'NONE', #456, #594, #788, .T. ) ;
#722 = ORIENTED_EDGE ( 'NONE', *, *, #554, .T. ) ;
#723 = FACE_OUTER_BOUND ( 'NONE', #1365, .T. ) ;
#724 = DIRECTION ( 'NONE',  ( 0.000000000000000000, 0.000000000000000000, -1.000000000000000000 ) ) ;
#725 = LINE ( 'NONE', #408, #1083 ) ;
#726 = ORIENTED_EDGE ( 'NONE', *, *, #438, .T. ) ;
#727 = VECTOR ( 'NONE', #340, 1000.000000000000000 ) ;
#728 = LINE ( 'NONE', #1218, #848 ) ;
#729 = DIRECTION ( 'NONE',  ( -0.000000000000000000, -1.000000000000000000, -0.000000000000000000 ) ) ;
#730 = LINE ( 'NONE', #739, #1004 ) ;
#731 = LINE ( 'NONE', #1253, #1030 ) ;
#732 = VERTEX_POINT ( 'NONE', #616 ) ;
#733 = ORIENTED_EDGE ( 'NONE', *, *, #1508, .F. ) ;
#734 = ORIENTED_EDGE ( 'NONE', *, *, #938, .T. ) ;
#735 = UNCERTAINTY_MEASURE_WITH_UNIT (LENGTH_MEASURE( 1.000000000000000082E-05 ), #309, 'distance_accuracy_value', 'NONE');
#736 = ADVANCED_FACE ( 'NONE', ( #510 ), #1359, .F. ) ;
#737 = LINE ( 'NONE', #249, #363 ) ;
#738 = DIRECTION ( 'NONE',  ( -0.000000000000000000, -1.000000000000000000, -0.000000000000000000 ) ) ;
#739 = CARTESIAN_POINT ( 'NONE',  ( 23.99999999999976907, 0.000000000000000000, -13.15000000000001634 ) ) ;
#740 = CARTESIAN_POINT ( 'NONE',  ( 15.65000000000000036, 1.000000000000000000, -39.49999999999999289 ) ) ;
#741 = EDGE_LOOP ( 'NONE', ( #71, #653, #995, #915 ) ) ;
#742 = ORIENTED_EDGE ( 'NONE', *, *, #38, .F. ) ;
#743 = FACE_OUTER_BOUND ( 'NONE', #974, .T. ) ;
#744 = ADVANCED_FACE ( 'NONE', ( #723 ), #1484, .F. ) ;
#745 = EDGE_CURVE ( 'NONE', #1489, #1406, #58, .T. ) ;
#746 = AXIS2_PLACEMENT_3D ( 'NONE', #42, #297, #979 ) ;
#747 = DIRECTION ( 'NONE',  ( 0.000000000000000000, 0.000000000000000000, -1.000000000000000000 ) ) ;
#748 = DIRECTION ( 'NONE',  ( -0.000000000000000000, -1.000000000000000000, -0.000000000000000000 ) ) ;
#749 = VECTOR ( 'NONE', #710, 1000.000000000000000 ) ;
#750 = ORIENTED_EDGE ( 'NONE', *, *, #355, .F. ) ;
#751 = ORIENTED_EDGE ( 'NONE', *, *, #1507, .F. ) ;
#752 = CARTESIAN_POINT ( 'NONE',  ( 1.000000000000046851, 3.149999999999999911, -0.09999999999999999167 ) ) ;
#753 = ORIENTED_EDGE ( 'NONE', *, *, #720, .T. ) ;
#754 = LINE ( 'NONE', #1252, #106 ) ;
#755 = CIRCLE ( 'NONE', #1274, 0.6499999999999978018 ) ;
#756 = EDGE_CURVE ( 'NONE', #23, #1017, #341, .T. ) ;
#757 = ORIENTED_EDGE ( 'NONE', *, *, #1060, .F. ) ;
#758 = VERTEX_POINT ( 'NONE', #1341 ) ;
#759 = ORIENTED_EDGE ( 'NONE', *, *, #704, .F. ) ;
#760 = CARTESIAN_POINT ( 'NONE',  ( 23.99999999999990763, 1.000000000000000000, -26.65000000000000568 ) ) ;
#761 = CARTESIAN_POINT ( 'NONE',  ( 2.342972627228706048E-13, 1.000000000000000000, -11.85000000000002096 ) ) ;
#762 = CYLINDRICAL_SURFACE ( 'NONE', #287, 0.6499999999999978018 ) ;
#763 = VECTOR ( 'NONE', #1403, 1000.000000000000000 ) ;
#764 = CARTESIAN_POINT ( 'NONE',  ( 16.30000000000000071, 0.000000000000000000, -39.50000000000000000 ) ) ;
#765 = VERTEX_POINT ( 'NONE', #1116 ) ;
#766 = ORIENTED_EDGE ( 'NONE', *, *, #489, .T. ) ;
#767 = FACE_OUTER_BOUND ( 'NONE', #398, .T. ) ;
#768 = LINE ( 'NONE', #761, #1533 ) ;
#769 = DIRECTION ( 'NONE',  ( 0.000000000000000000, 0.000000000000000000, -1.000000000000000000 ) ) ;
#770 = ORIENTED_EDGE ( 'NONE', *, *, #480, .T. ) ;
#771 = AXIS2_PLACEMENT_3D ( 'NONE', #230, #1309, #693 ) ;
#772 = ADVANCED_FACE ( 'NONE', ( #34 ), #1216, .F. ) ;
#773 = EDGE_CURVE ( 'NONE', #1489, #787, #853, .T. ) ;
#774 = CARTESIAN_POINT ( 'NONE',  ( 24.00000000000000000, 0.000000000000000000, 0.000000000000000000 ) ) ;
#775 = DIRECTION ( 'NONE',  ( -0.000000000000000000, -1.000000000000000000, -0.000000000000000000 ) ) ;
#776 = ORIENTED_EDGE ( 'NONE', *, *, #321, .T. ) ;
#777 = AXIS2_PLACEMENT_3D ( 'NONE', #358, #599, #951 ) ;
#778 = CARTESIAN_POINT ( 'NONE',  ( 24.00000000000000000, 0.000000000000000000, -35.64999999999999858 ) ) ;
#779 = AXIS2_PLACEMENT_3D ( 'NONE', #1282, #209, #343 ) ;
#780 = DIRECTION ( 'NONE',  ( 0.000000000000000000, 1.000000000000000000, 0.000000000000000000 ) ) ;
#781 = VERTEX_POINT ( 'NONE', #1479 ) ;
#782 = DIRECTION ( 'NONE',  ( 0.000000000000000000, 0.000000000000000000, 1.000000000000000000 ) ) ;
#783 = ORIENTED_EDGE ( 'NONE', *, *, #842, .T. ) ;
#784 = CARTESIAN_POINT ( 'NONE',  ( 1.000000000000046851, 1.000000000000000000, -0.09999999999999999167 ) ) ;
#785 = CARTESIAN_POINT ( 'NONE',  ( 9.371890508914824194E-14, 1.000000000000000000, -26.65000000000000568 ) ) ;
#786 = DIRECTION ( 'NONE',  ( -1.000000000000000000, 0.000000000000000000, 1.464357892017940965E-14 ) ) ;
#787 = VERTEX_POINT ( 'NONE', #379 ) ;
#788 = LINE ( 'NONE', #441, #652 ) ;
#789 = DIRECTION ( 'NONE',  ( 0.000000000000000000, 0.000000000000000000, -1.000000000000000000 ) ) ;
#790 = ORIENTED_EDGE ( 'NONE', *, *, #298, .F. ) ;
#791 = CARTESIAN_POINT ( 'NONE',  ( 0.000000000000000000, 0.000000000000000000, 0.000000000000000000 ) ) ;
#792 = CARTESIAN_POINT ( 'NONE',  ( 23.99999999999986144, 1.000000000000000000, -20.85000000000001563 ) ) ;
#793 = ADVANCED_FACE ( 'NONE', ( #52 ), #498, .F. ) ;
#794 = AXIS2_PLACEMENT_3D ( 'NONE', #184, #168, #634 ) ;
#795 = ORIENTED_EDGE ( 'NONE', *, *, #840, .T. ) ;
#796 = AXIS2_PLACEMENT_3D ( 'NONE', #1257, #62, #512 ) ;
#797 = AXIS2_PLACEMENT_3D ( 'NONE', #1236, #986, #1223 ) ;
#798 = CARTESIAN_POINT ( 'NONE',  ( 7.750000000000000000, 1.000000000000000000, -39.50000000000000711 ) ) ;
#799 = VECTOR ( 'NONE', #196, 1000.000000000000000 ) ;
#800 = VERTEX_POINT ( 'NONE', #1096 ) ;
#801 = PLANE ( 'NONE',  #1189 ) ;
#802 =( LENGTH_UNIT ( ) NAMED_UNIT ( * ) SI_UNIT ( .MILLI., .METRE. ) );
#803 = CIRCLE ( 'NONE', #1104, 0.6499999999999978018 ) ;
#804 = CARTESIAN_POINT ( 'NONE',  ( 7.750000000000000000, 1.000000000000000000, -39.50000000000000711 ) ) ;
#805 = VECTOR ( 'NONE', #258, 1000.000000000000000 ) ;
#806 = CIRCLE ( 'NONE', #657, 0.6499999999999978018 ) ;
#807 = EDGE_CURVE ( 'NONE', #1527, #156, #266, .T. ) ;
#808 = ORIENTED_EDGE ( 'NONE', *, *, #637, .T. ) ;
#809 = ORIENTED_EDGE ( 'NONE', *, *, #158, .T. ) ;
#810 = LINE ( 'NONE', #1174, #1451 ) ;
#811 = ORIENTED_EDGE ( 'NONE', *, *, #756, .F. ) ;
#812 = CARTESIAN_POINT ( 'NONE',  ( 21.55000000000000426, 1.000000000000000000, -39.50000000000000711 ) ) ;
#813 = ORIENTED_EDGE ( 'NONE', *, *, #399, .T. ) ;
#814 = DIRECTION ( 'NONE',  ( 0.000000000000000000, 1.000000000000000000, 0.000000000000000000 ) ) ;
#815 = LINE ( 'NONE', #454, #1249 ) ;
#816 = CARTESIAN_POINT ( 'NONE',  ( 16.95000000000000284, 1.000000000000000000, -39.50000000000000000 ) ) ;
#817 = FACE_OUTER_BOUND ( 'NONE', #15, .T. ) ;
#818 = AXIS2_PLACEMENT_3D ( 'NONE', #11, #831, #274 ) ;
#819 = CARTESIAN_POINT ( 'NONE',  ( 21.55000000000000426, 0.000000000000000000, -39.50000000000000711 ) ) ;
#820 = VERTEX_POINT ( 'NONE', #1089 ) ;
#821 = EDGE_CURVE ( 'NONE', #133, #419, #730, .T. ) ;
#822 = ORIENTED_EDGE ( 'NONE', *, *, #467, .F. ) ;
#823 = EDGE_CURVE ( 'NONE', #97, #1011, #627, .T. ) ;
#824 = CARTESIAN_POINT ( 'NONE',  ( 2.811567152674447258E-13, 1.000000000000000000, -8.650000000000018119 ) ) ;
#825 = DIRECTION ( 'NONE',  ( -1.517883041479705577E-14, 0.000000000000000000, 1.000000000000000000 ) ) ;
#826 = CIRCLE ( 'NONE', #905, 0.6499999999999978018 ) ;
#827 = DIRECTION ( 'NONE',  ( 0.000000000000000000, 0.000000000000000000, -1.000000000000000000 ) ) ;
#828 = CYLINDRICAL_SURFACE ( 'NONE', #777, 0.6499999999999978018 ) ;
#829 = EDGE_LOOP ( 'NONE', ( #1265, #1141, #417, #1247 ) ) ;
#830 = ORIENTED_EDGE ( 'NONE', *, *, #1254, .F. ) ;
#831 = DIRECTION ( 'NONE',  ( -0.000000000000000000, -1.000000000000000000, -0.000000000000000000 ) ) ;
#832 = APPLICATION_CONTEXT ( 'automotive_design' ) ;
#833 = ADVANCED_FACE ( 'NONE', ( #29 ), #1348, .F. ) ;
#834 = DIRECTION ( 'NONE',  ( 0.000000000000000000, 0.000000000000000000, -1.000000000000000000 ) ) ;
#835 = LINE ( 'NONE', #1552, #1519 ) ;
#836 = EDGE_LOOP ( 'NONE', ( #982, #677, #403, #1170 ) ) ;
#837 = CIRCLE ( 'NONE', #180, 0.6499999999999978018 ) ;
#838 = LINE ( 'NONE', #1332, #651 ) ;
#839 = CARTESIAN_POINT ( 'NONE',  ( 2.811567152674447258E-13, 1.000000000000000000, -8.650000000000018119 ) ) ;
#840 = EDGE_CURVE ( 'NONE', #1454, #904, #1244, .T. ) ;
#841 = CYLINDRICAL_SURFACE ( 'NONE', #1300, 0.6499999999999978018 ) ;
#842 = EDGE_CURVE ( 'NONE', #1151, #518, #607, .T. ) ;
#843 = CARTESIAN_POINT ( 'NONE',  ( 1.405783576337223629E-13, 1.000000000000000000, -22.15000000000000924 ) ) ;
#844 = ORIENTED_EDGE ( 'NONE', *, *, #1194, .F. ) ;
#845 = DIRECTION ( 'NONE',  ( -0.000000000000000000, -1.000000000000000000, 0.000000000000000000 ) ) ;
#846 = VERTEX_POINT ( 'NONE', #20 ) ;
#847 = APPLICATION_PROTOCOL_DEFINITION ( 'draft international standard', 'automotive_design', 1998, #1440 ) ;
#848 = VECTOR ( 'NONE', #619, 1000.000000000000000 ) ;
#849 = LINE ( 'NONE', #474, #172 ) ;
#850 = PLANE ( 'NONE',  #1539 ) ;
#851 = CARTESIAN_POINT ( 'NONE',  ( 3.149999999999999911, 1.000000000000000000, -39.50000000000000711 ) ) ;
#852 =( GEOMETRIC_REPRESENTATION_CONTEXT ( 3 ) GLOBAL_UNCERTAINTY_ASSIGNED_CONTEXT ( ( #1462 ) ) GLOBAL_UNIT_ASSIGNED_CONTEXT ( ( #802, #936, #929 ) ) REPRESENTATION_CONTEXT ( 'NONE', 'WORKASPACE' ) );
#853 = LINE ( 'NONE', #396, #1541 ) ;
#854 = CARTESIAN_POINT ( 'NONE',  ( 23.99999999999986144, 1.000000000000000000, -22.15000000000000924 ) ) ;
#855 = AXIS2_PLACEMENT_3D ( 'NONE', #231, #433, #1277 ) ;
#856 = CARTESIAN_POINT ( 'NONE',  ( 1.000000000000046851, 3.149999999999999911, -38.00000000000000711 ) ) ;
#857 = VERTEX_POINT ( 'NONE', #1456 ) ;
#858 = ORIENTED_EDGE ( 'NONE', *, *, #1315, .T. ) ;
#859 = VECTOR ( 'NONE', #978, 1000.000000000000000 ) ;
#860 = LINE ( 'NONE', #177, #588 ) ;
#861 = CARTESIAN_POINT ( 'NONE',  ( 23.99999999999981171, 1.000000000000000000, -17.65000000000001279 ) ) ;
#862 = DIRECTION ( 'NONE',  ( 1.000000000000000000, 0.000000000000000000, 0.000000000000000000 ) ) ;
#863 = ORIENTED_EDGE ( 'NONE', *, *, #330, .F. ) ;
#864 = ORIENTED_EDGE ( 'NONE', *, *, #223, .F. ) ;
#865 = EDGE_CURVE ( 'NONE', #1266, #260, #1219, .T. ) ;
#866 = EDGE_LOOP ( 'NONE', ( #349, #911, #960, #734 ) ) ;
#867 = DIRECTION ( 'NONE',  ( -0.000000000000000000, -1.000000000000000000, 0.000000000000000000 ) ) ;
#868 = DIRECTION ( 'NONE',  ( 0.000000000000000000, 0.000000000000000000, -1.000000000000000000 ) ) ;
#869 = CARTESIAN_POINT ( 'NONE',  ( 1.874378101782964839E-13, 1.000000000000000000, -17.65000000000001279 ) ) ;
#870 = DIRECTION ( 'NONE',  ( -1.464357892017940334E-14, 0.000000000000000000, -1.000000000000000000 ) ) ;
#871 = ORIENTED_EDGE ( 'NONE', *, *, #1224, .T. ) ;
#872 = CARTESIAN_POINT ( 'NONE',  ( 23.99999999999981171, 1.000000000000000000, -17.65000000000001279 ) ) ;
#873 = CARTESIAN_POINT ( 'NONE',  ( 20.25000000000000000, 1.000000000000000000, -39.50000000000000000 ) ) ;
#874 = EDGE_CURVE ( 'NONE', #1212, #765, #972, .T. ) ;
#875 = ORIENTED_EDGE ( 'NONE', *, *, #1112, .F. ) ;
#876 = CARTESIAN_POINT ( 'NONE',  ( 1.000000000000046851, 3.149999999999999911, -0.09999999999999999167 ) ) ;
#877 = AXIS2_PLACEMENT_3D ( 'NONE', #989, #521, #1263 ) ;
#878 = EDGE_CURVE ( 'NONE', #781, #460, #1334, .T. ) ;
#879 = AXIS2_PLACEMENT_3D ( 'NONE', #707, #1342, #166 ) ;
#880 = CLOSED_SHELL ( 'NONE', ( #104, #371, #159, #278, #279, #251, #1281, #123, #388, #893, #111, #526, #1179, #138, #354, #597, #1103, #691, #618, #922, #1464, #1420, #282, #1007, #1025, #238, #187, #744, #598, #617, #736, #1255, #1160, #772, #647, #1123, #4, #1102, #1510, #94, #1325, #188, #833, #1400, #250, #7, #793 ) ) ;
#881 = CARTESIAN_POINT ( 'NONE',  ( 0.000000000000000000, 1.000000000000000000, -35.00000000000000000 ) ) ;
#882 = VERTEX_POINT ( 'NONE', #912 ) ;
#883 = VECTOR ( 'NONE', #684, 1000.000000000000000 ) ;
#884 = ORIENTED_EDGE ( 'NONE', *, *, #681, .F. ) ;
#885 = CARTESIAN_POINT ( 'NONE',  ( 23.99999999999981171, 0.000000000000000000, -17.00000000000001421 ) ) ;
#886 = LINE ( 'NONE', #1273, #386 ) ;
#887 = CYLINDRICAL_SURFACE ( 'NONE', #1205, 0.6500000000000047962 ) ;
#888 = ORIENTED_EDGE ( 'NONE', *, *, #592, .T. ) ;
#889 = ORIENTED_EDGE ( 'NONE', *, *, #320, .T. ) ;
#890 = DIRECTION ( 'NONE',  ( 0.000000000000000000, 0.000000000000000000, 1.000000000000000000 ) ) ;
#891 = DIRECTION ( 'NONE',  ( 1.000000000000000000, 0.000000000000000000, 0.000000000000000000 ) ) ;
#892 = EDGE_CURVE ( 'NONE', #133, #156, #806, .T. ) ;
#893 = ADVANCED_FACE ( 'NONE', ( #552 ), #801, .T. ) ;
#894 = ORIENTED_EDGE ( 'NONE', *, *, #330, .T. ) ;
#895 = CARTESIAN_POINT ( 'NONE',  ( 22.99999999999995381, 3.149999999999999911, -0.09999999999999999167 ) ) ;
#896 = VERTEX_POINT ( 'NONE', #545 ) ;
#897 = DIRECTION ( 'NONE',  ( -0.000000000000000000, -1.000000000000000000, 0.000000000000000000 ) ) ;
#898 = PLANE ( 'NONE',  #468 ) ;
#899 = PLANE ( 'NONE',  #1297 ) ;
#900 = PRODUCT_DEFINITION_FORMATION_WITH_SPECIFIED_SOURCE ( 'ANY', '', #1248, .NOT_KNOWN. ) ;
#901 = ORIENTED_EDGE ( 'NONE', *, *, #76, .F. ) ;
#902 = CARTESIAN_POINT ( 'NONE',  ( 23.99999999999976907, 1.000000000000000000, -13.15000000000001634 ) ) ;
#903 = FACE_OUTER_BOUND ( 'NONE', #963, .T. ) ;
#904 = VERTEX_POINT ( 'NONE', #207 ) ;
#905 = AXIS2_PLACEMENT_3D ( 'NONE', #236, #261, #941 ) ;
#906 = CARTESIAN_POINT ( 'NONE',  ( 16.95000000000000284, 0.000000000000000000, -39.50000000000000000 ) ) ;
#907 = PLANE ( 'NONE',  #779 ) ;
#908 = FACE_OUTER_BOUND ( 'NONE', #706, .T. ) ;
#909 = EDGE_LOOP ( 'NONE', ( #1014, #1394, #742, #1353 ) ) ;
#910 = LINE ( 'NONE', #798, #883 ) ;
#911 = ORIENTED_EDGE ( 'NONE', *, *, #429, .F. ) ;
#912 = CARTESIAN_POINT ( 'NONE',  ( 23.99999999999976907, 1.000000000000000000, -13.15000000000001634 ) ) ;
#913 = LINE ( 'NONE', #576, #1387 ) ;
#914 = CARTESIAN_POINT ( 'NONE',  ( 6.450000000000001066, 1.000000000000000000, -39.50000000000000000 ) ) ;
#915 = ORIENTED_EDGE ( 'NONE', *, *, #745, .T. ) ;
#916 = CARTESIAN_POINT ( 'NONE',  ( 9.371890508914824194E-14, 1.000000000000000000, -26.00000000000001066 ) ) ;
#917 = CARTESIAN_POINT ( 'NONE',  ( 0.000000000000000000, 0.000000000000000000, -39.50000000000000000 ) ) ;
#918 = ORIENTED_EDGE ( 'NONE', *, *, #1157, .T. ) ;
#919 = DIRECTION ( 'NONE',  ( -0.000000000000000000, -0.000000000000000000, 1.000000000000000000 ) ) ;
#920 = CARTESIAN_POINT ( 'NONE',  ( 22.99999999999995381, 3.149999999999999911, -0.09999999999999999167 ) ) ;
#921 = FACE_OUTER_BOUND ( 'NONE', #1498, .T. ) ;
#922 = ADVANCED_FACE ( 'NONE', ( #767 ), #227, .T. ) ;
#923 = EDGE_LOOP ( 'NONE', ( #1336, #253, #1222, #126 ) ) ;
#924 = PRESENTATION_LAYER_ASSIGNMENT (  '', '', ( #366 ) ) ;
#925 = VECTOR ( 'NONE', #557, 1000.000000000000000 ) ;
#926 = PLANE ( 'NONE',  #631 ) ;
#927 = AXIS2_PLACEMENT_3D ( 'NONE', #555, #1034, #1024 ) ;
#928 = ORIENTED_EDGE ( 'NONE', *, *, #1272, .T. ) ;
#929 =( NAMED_UNIT ( * ) SI_UNIT ( $, .STERADIAN. ) SOLID_ANGLE_UNIT ( ) );
#930 = VECTOR ( 'NONE', #729, 1000.000000000000000 ) ;
#931 = DIRECTION ( 'NONE',  ( 0.000000000000000000, 0.000000000000000000, -1.000000000000000000 ) ) ;
#932 = EDGE_CURVE ( 'NONE', #229, #1520, #1423, .T. ) ;
#933 = ORIENTED_EDGE ( 'NONE', *, *, #821, .F. ) ;
#934 = DIRECTION ( 'NONE',  ( 0.000000000000000000, 0.000000000000000000, -1.000000000000000000 ) ) ;
#935 = ORIENTED_EDGE ( 'NONE', *, *, #1326, .F. ) ;
#936 =( NAMED_UNIT ( * ) PLANE_ANGLE_UNIT ( ) SI_UNIT ( $, .RADIAN. ) );
#937 = DIRECTION ( 'NONE',  ( -0.000000000000000000, -1.000000000000000000, -0.000000000000000000 ) ) ;
#938 = EDGE_CURVE ( 'NONE', #1097, #260, #860, .T. ) ;
#939 = EDGE_CURVE ( 'NONE', #1485, #1503, #1239, .T. ) ;
#940 = CARTESIAN_POINT ( 'NONE',  ( 9.371890508914824194E-14, 0.000000000000000000, -26.00000000000001066 ) ) ;
#941 = DIRECTION ( 'NONE',  ( 0.000000000000000000, 0.000000000000000000, 1.000000000000000000 ) ) ;
#942 = ORIENTED_EDGE ( 'NONE', *, *, #865, .T. ) ;
#943 = CARTESIAN_POINT ( 'NONE',  ( 22.99999999999995381, 3.149999999999999911, -0.09999999999999999167 ) ) ;
#944 = CIRCLE ( 'NONE', #285, 0.6499999999999978018 ) ;
#945 = FACE_OUTER_BOUND ( 'NONE', #48, .T. ) ;
#946 = VERTEX_POINT ( 'NONE', #420 ) ;
#947 = ORIENTED_EDGE ( 'NONE', *, *, #1193, .F. ) ;
#948 = LINE ( 'NONE', #150, #1235 ) ;
#949 = AXIS2_PLACEMENT_3D ( 'NONE', #579, #694, #109 ) ;
#950 = VECTOR ( 'NONE', #352, 1000.000000000000000 ) ;
#951 = DIRECTION ( 'NONE',  ( 0.000000000000000000, 0.000000000000000000, -1.000000000000000000 ) ) ;
#952 = ORIENTED_EDGE ( 'NONE', *, *, #54, .F. ) ;
#953 = EDGE_CURVE ( 'NONE', #1520, #1276, #50, .T. ) ;
#954 = EDGE_CURVE ( 'NONE', #1323, #419, #1213, .T. ) ;
#955 = ORIENTED_EDGE ( 'NONE', *, *, #479, .F. ) ;
#956 = DIRECTION ( 'NONE',  ( -1.517883041479705577E-14, 0.000000000000000000, 1.000000000000000000 ) ) ;
#957 = DIRECTION ( 'NONE',  ( 0.000000000000000000, 0.000000000000000000, 1.000000000000000000 ) ) ;
#958 = PLANE ( 'NONE',  #1055 ) ;
#959 = FACE_OUTER_BOUND ( 'NONE', #923, .T. ) ;
#960 = ORIENTED_EDGE ( 'NONE', *, *, #1483, .T. ) ;
#961 = CIRCLE ( 'NONE', #688, 0.6499999999999978018 ) ;
#962 = CARTESIAN_POINT ( 'NONE',  ( 16.95000000000000284, 1.000000000000000000, -39.50000000000000000 ) ) ;
#963 = EDGE_LOOP ( 'NONE', ( #674, #262, #871, #33 ) ) ;
#964 = DIRECTION ( 'NONE',  ( 0.000000000000000000, 0.000000000000000000, -1.000000000000000000 ) ) ;
#965 = FACE_OUTER_BOUND ( 'NONE', #1497, .T. ) ;
#966 = LINE ( 'NONE', #151, #263 ) ;
#967 = EDGE_CURVE ( 'NONE', #988, #1503, #755, .T. ) ;
#968 = DIRECTION ( 'NONE',  ( -0.000000000000000000, -1.000000000000000000, -0.000000000000000000 ) ) ;
#969 = ORIENTED_EDGE ( 'NONE', *, *, #645, .F. ) ;
#970 = CARTESIAN_POINT ( 'NONE',  ( 23.99999999999995381, 1.000000000000000000, -31.15000000000000568 ) ) ;
#971 = DIRECTION ( 'NONE',  ( 1.517883041479705577E-14, 0.000000000000000000, -1.000000000000000000 ) ) ;
#972 = LINE ( 'NONE', #869, #1427 ) ;
#973 = AXIS2_PLACEMENT_3D ( 'NONE', #895, #559, #1047 ) ;
#974 = EDGE_LOOP ( 'NONE', ( #73, #528, #646, #1035 ) ) ;
#975 = ORIENTED_EDGE ( 'NONE', *, *, #1507, .T. ) ;
#976 = VERTEX_POINT ( 'NONE', #1379 ) ;
#977 = VECTOR ( 'NONE', #980, 1000.000000000000000 ) ;
#978 = DIRECTION ( 'NONE',  ( -1.000000000000000000, -0.000000000000000000, -0.000000000000000000 ) ) ;
#979 = DIRECTION ( 'NONE',  ( 0.000000000000000000, 0.000000000000000000, 1.000000000000000000 ) ) ;
#980 = DIRECTION ( 'NONE',  ( 1.409462824231155291E-14, 0.000000000000000000, -1.000000000000000000 ) ) ;
#981 = CARTESIAN_POINT ( 'NONE',  ( 21.55000000000000426, 1.000000000000000000, -39.50000000000000711 ) ) ;
#982 = ORIENTED_EDGE ( 'NONE', *, *, #1530, .T. ) ;
#983 = EDGE_CURVE ( 'NONE', #264, #1503, #849, .T. ) ;
#984 = ORIENTED_EDGE ( 'NONE', *, *, #1350, .F. ) ;
#985 = EDGE_CURVE ( 'NONE', #1039, #1056, #591, .T. ) ;
#986 = DIRECTION ( 'NONE',  ( -0.000000000000000000, -1.000000000000000000, -0.000000000000000000 ) ) ;
#987 = CARTESIAN_POINT ( 'NONE',  ( 2.811567152674447258E-13, 0.000000000000000000, -8.650000000000018119 ) ) ;
#988 = VERTEX_POINT ( 'NONE', #998 ) ;
#989 = CARTESIAN_POINT ( 'NONE',  ( 7.750000000000000000, 1.000000000000000000, -39.50000000000000711 ) ) ;
#990 = CARTESIAN_POINT ( 'NONE',  ( 23.99999999999976907, 1.000000000000000000, -11.85000000000002096 ) ) ;
#991 = DIRECTION ( 'NONE',  ( 1.000000000000000000, 0.000000000000000000, 2.832201593431525079E-15 ) ) ;
#992 = ORIENTED_EDGE ( 'NONE', *, *, #538, .T. ) ;
#993 = CARTESIAN_POINT ( 'NONE',  ( 23.99999999999990763, 0.000000000000000000, -25.35000000000001208 ) ) ;
#994 = ORIENTED_EDGE ( 'NONE', *, *, #1059, .T. ) ;
#995 = ORIENTED_EDGE ( 'NONE', *, *, #773, .F. ) ;
#996 = CARTESIAN_POINT ( 'NONE',  ( 1.000000000000046851, 1.000000000000000000, -0.09999999999999999167 ) ) ;
#997 = VECTOR ( 'NONE', #709, 1000.000000000000000 ) ;
#998 = CARTESIAN_POINT ( 'NONE',  ( 2.811567152674447258E-13, 0.000000000000000000, -8.650000000000018119 ) ) ;
#999 = AXIS2_PLACEMENT_3D ( 'NONE', #916, #308, #535 ) ;
#1000 = CIRCLE ( 'NONE', #717, 0.6499999999999978018 ) ;
#1001 = VERTEX_POINT ( 'NONE', #1230 ) ;
#1002 = VECTOR ( 'NONE', #1333, 1000.000000000000000 ) ;
#1003 = ORIENTED_EDGE ( 'NONE', *, *, #1041, .T. ) ;
#1004 = VECTOR ( 'NONE', #412, 1000.000000000000000 ) ;
#1005 = ORIENTED_EDGE ( 'NONE', *, *, #1283, .F. ) ;
#1006 = LINE ( 'NONE', #1501, #1175 ) ;
#1007 = ADVANCED_FACE ( 'NONE', ( #1183 ), #1082, .F. ) ;
#1008 = EDGE_CURVE ( 'NONE', #800, #183, #353, .T. ) ;
#1009 = AXIS2_PLACEMENT_3D ( 'NONE', #1538, #112, #466 ) ;
#1010 = CYLINDRICAL_SURFACE ( 'NONE', #606, 0.6499999999999978018 ) ;
#1011 = VERTEX_POINT ( 'NONE', #993 ) ;
#1012 = FACE_OUTER_BOUND ( 'NONE', #1318, .T. ) ;
#1013 = LINE ( 'NONE', #80, #1545 ) ;
#1014 = ORIENTED_EDGE ( 'NONE', *, *, #1201, .T. ) ;
#1015 = CARTESIAN_POINT ( 'NONE',  ( 2.811567152674447258E-13, 1.000000000000000000, -8.000000000000021316 ) ) ;
#1016 = LINE ( 'NONE', #430, #799 ) ;
#1017 = VERTEX_POINT ( 'NONE', #816 ) ;
#1018 = CARTESIAN_POINT ( 'NONE',  ( 23.99999999999995381, 1.000000000000000000, -30.50000000000000711 ) ) ;
#1019 = DIRECTION ( 'NONE',  ( -1.000000000000000000, -0.000000000000000000, -0.000000000000000000 ) ) ;
#1020 = VERTEX_POINT ( 'NONE', #539 ) ;
#1021 = DIRECTION ( 'NONE',  ( -1.000000000000000000, 0.000000000000000000, 1.464357892017940649E-14 ) ) ;
#1022 = DIRECTION ( 'NONE',  ( 0.000000000000000000, 0.000000000000000000, -1.000000000000000000 ) ) ;
#1023 = AXIS2_PLACEMENT_3D ( 'NONE', #1395, #178, #642 ) ;
#1024 = DIRECTION ( 'NONE',  ( 1.464357892017940649E-14, 0.000000000000000000, 1.000000000000000000 ) ) ;
#1025 = ADVANCED_FACE ( 'NONE', ( #1145 ), #841, .F. ) ;
#1026 = EDGE_CURVE ( 'NONE', #1217, #97, #19, .T. ) ;
#1027 = VERTEX_POINT ( 'NONE', #1227 ) ;
#1028 = DIRECTION ( 'NONE',  ( -1.000000000000000000, 0.000000000000000000, 0.000000000000000000 ) ) ;
#1029 = ORIENTED_EDGE ( 'NONE', *, *, #1382, .F. ) ;
#1030 = VECTOR ( 'NONE', #1119, 1000.000000000000000 ) ;
#1031 = CARTESIAN_POINT ( 'NONE',  ( 24.00000000000000000, 0.000000000000000000, -39.50000000000000000 ) ) ;
#1032 = DIRECTION ( 'NONE',  ( 0.000000000000000000, 0.000000000000000000, 1.000000000000000000 ) ) ;
#1033 = AXIS2_PLACEMENT_3D ( 'NONE', #1441, #590, #825 ) ;
#1034 = DIRECTION ( 'NONE',  ( -1.000000000000000000, 0.000000000000000000, 1.464357892017940649E-14 ) ) ;
#1035 = ORIENTED_EDGE ( 'NONE', *, *, #66, .T. ) ;
#1036 = DIRECTION ( 'NONE',  ( 0.000000000000000000, 0.000000000000000000, 1.000000000000000000 ) ) ;
#1037 = CARTESIAN_POINT ( 'NONE',  ( 24.00000000000000000, 1.000000000000000000, -35.00000000000000000 ) ) ;
#1038 = FACE_OUTER_BOUND ( 'NONE', #624, .T. ) ;
#1039 = VERTEX_POINT ( 'NONE', #760 ) ;
#1040 = DIRECTION ( 'NONE',  ( 1.464357892017940649E-14, 0.000000000000000000, 1.000000000000000000 ) ) ;
#1041 = EDGE_CURVE ( 'NONE', #787, #1177, #582, .T. ) ;
#1042 = DIRECTION ( 'NONE',  ( 0.000000000000000000, 0.000000000000000000, -1.000000000000000000 ) ) ;
#1043 = CARTESIAN_POINT ( 'NONE',  ( 2.342972627228706048E-13, 1.000000000000000000, -12.50000000000001776 ) ) ;
#1044 = VECTOR ( 'NONE', #561, 1000.000000000000000 ) ;
#1045 = DIRECTION ( 'NONE',  ( -0.000000000000000000, -1.000000000000000000, -0.000000000000000000 ) ) ;
#1046 = ORIENTED_EDGE ( 'NONE', *, *, #1245, .F. ) ;
#1047 = DIRECTION ( 'NONE',  ( 0.000000000000000000, 0.000000000000000000, 1.000000000000000000 ) ) ;
#1048 = ORIENTED_EDGE ( 'NONE', *, *, #704, .T. ) ;
#1049 = CARTESIAN_POINT ( 'NONE',  ( 1.405783576337223629E-13, 1.000000000000000000, -21.50000000000001066 ) ) ;
#1050 = EDGE_CURVE ( 'NONE', #641, #303, #725, .T. ) ;
#1051 = LINE ( 'NONE', #804, #682 ) ;
#1052 = VECTOR ( 'NONE', #265, 1000.000000000000000 ) ;
#1053 = EDGE_LOOP ( 'NONE', ( #894, #458, #1003, #270 ) ) ;
#1054 = CARTESIAN_POINT ( 'NONE',  ( 2.342972627228706048E-13, 1.000000000000000000, -12.50000000000001776 ) ) ;
#1055 = AXIS2_PLACEMENT_3D ( 'NONE', #1430, #1443, #357 ) ;
#1056 = VERTEX_POINT ( 'NONE', #1090 ) ;
#1057 = APPLICATION_PROTOCOL_DEFINITION ( 'draft international standard', 'automotive_design', 1998, #832 ) ;
#1058 = LINE ( 'NONE', #360, #292 ) ;
#1059 = EDGE_CURVE ( 'NONE', #1485, #667, #1374, .T. ) ;
#1060 = EDGE_CURVE ( 'NONE', #758, #1409, #577, .T. ) ;
#1061 = VECTOR ( 'NONE', #937, 1000.000000000000000 ) ;
#1062 = CARTESIAN_POINT ( 'NONE',  ( 23.99999999999990763, 0.000000000000000000, -26.65000000000000568 ) ) ;
#1063 = VERTEX_POINT ( 'NONE', #589 ) ;
#1064 = CARTESIAN_POINT ( 'NONE',  ( 24.00000000000000000, 1.000000000000000000, -35.64999999999999858 ) ) ;
#1065 = DIRECTION ( 'NONE',  ( 0.000000000000000000, 1.000000000000000000, 0.000000000000000000 ) ) ;
#1066 = CARTESIAN_POINT ( 'NONE',  ( 23.99999999999981171, 0.000000000000000000, -16.35000000000001563 ) ) ;
#1067 = ORIENTED_EDGE ( 'NONE', *, *, #25, .T. ) ;
#1068 = ORIENTED_EDGE ( 'NONE', *, *, #55, .F. ) ;
#1069 = LINE ( 'NONE', #943, #439 ) ;
#1070 = EDGE_CURVE ( 'NONE', #508, #1115, #1058, .T. ) ;
#1071 = EDGE_CURVE ( 'NONE', #204, #1266, #219, .T. ) ;
#1072 = CIRCLE ( 'NONE', #1023, 0.6499999999999978018 ) ;
#1073 = ORIENTED_EDGE ( 'NONE', *, *, #575, .F. ) ;
#1074 =( GEOMETRIC_REPRESENTATION_CONTEXT ( 3 ) GLOBAL_UNCERTAINTY_ASSIGNED_CONTEXT ( ( #735 ) ) GLOBAL_UNIT_ASSIGNED_CONTEXT ( ( #309, #214, #1408 ) ) REPRESENTATION_CONTEXT ( 'NONE', 'WORKASPACE' ) );
#1075 = AXIS2_PLACEMENT_3D ( 'NONE', #1037, #190, #542 ) ;
#1076 = CARTESIAN_POINT ( 'NONE',  ( 23.99999999999995381, 0.000000000000000000, -30.50000000000000711 ) ) ;
#1077 = AXIS2_PLACEMENT_3D ( 'NONE', #203, #70, #672 ) ;
#1078 = DIRECTION ( 'NONE',  ( 0.000000000000000000, 0.000000000000000000, -1.000000000000000000 ) ) ;
#1079 = LINE ( 'NONE', #851, #930 ) ;
#1080 = CARTESIAN_POINT ( 'NONE',  ( 23.99999999999986144, 1.000000000000000000, -20.85000000000001563 ) ) ;
#1081 = CIRCLE ( 'NONE', #16, 0.6499999999999978018 ) ;
#1082 = PLANE ( 'NONE',  #1033 ) ;
#1083 = VECTOR ( 'NONE', #698, 1000.000000000000000 ) ;
#1084 = ORIENTED_EDGE ( 'NONE', *, *, #1550, .T. ) ;
#1085 = EDGE_CURVE ( 'NONE', #857, #1514, #815, .T. ) ;
#1086 = DIRECTION ( 'NONE',  ( 0.000000000000000000, 0.000000000000000000, 1.000000000000000000 ) ) ;
#1087 = EDGE_CURVE ( 'NONE', #174, #1323, #810, .T. ) ;
#1088 = CARTESIAN_POINT ( 'NONE',  ( 4.685945254457412097E-14, 1.000000000000000000, -29.85000000000000853 ) ) ;
#1089 = CARTESIAN_POINT ( 'NONE',  ( 3.149999999999999911, 0.000000000000000000, -39.50000000000000711 ) ) ;
#1090 = CARTESIAN_POINT ( 'NONE',  ( 23.99999999999990763, 0.000000000000000000, -26.65000000000000568 ) ) ;
#1091 = DIRECTION ( 'NONE',  ( -0.000000000000000000, -1.000000000000000000, 0.000000000000000000 ) ) ;
#1092 = ORIENTED_EDGE ( 'NONE', *, *, #1435, .F. ) ;
#1093 = ORIENTED_EDGE ( 'NONE', *, *, #1540, .F. ) ;
#1094 = CARTESIAN_POINT ( 'NONE',  ( 0.000000000000000000, 1.000000000000000000, -34.35000000000000853 ) ) ;
#1095 = CARTESIAN_POINT ( 'NONE',  ( 23.99999999999990763, 1.000000000000000000, -26.65000000000000568 ) ) ;
#1096 = CARTESIAN_POINT ( 'NONE',  ( 0.000000000000000000, 1.000000000000000000, -35.64999999999999858 ) ) ;
#1097 = VERTEX_POINT ( 'NONE', #331 ) ;
#1098 = ORIENTED_EDGE ( 'NONE', *, *, #1008, .T. ) ;
#1099 = AXIS2_PLACEMENT_3D ( 'NONE', #364, #490, #374 ) ;
#1100 = ORIENTED_EDGE ( 'NONE', *, *, #865, .F. ) ;
#1101 = DIRECTION ( 'NONE',  ( -1.000000000000000000, 0.000000000000000000, -0.000000000000000000 ) ) ;
#1102 = ADVANCED_FACE ( 'NONE', ( #1312 ), #696, .F. ) ;
#1103 = ADVANCED_FACE ( 'NONE', ( #1426 ), #1308, .F. ) ;
#1104 = AXIS2_PLACEMENT_3D ( 'NONE', #153, #387, #957 ) ;
#1105 = FACE_OUTER_BOUND ( 'NONE', #536, .T. ) ;
#1106 = ORIENTED_EDGE ( 'NONE', *, *, #173, .F. ) ;
#1107 = ORIENTED_EDGE ( 'NONE', *, *, #1087, .T. ) ;
#1108 = DIRECTION ( 'NONE',  ( 3.825261432210120733E-14, 0.000000000000000000, -1.000000000000000000 ) ) ;
#1109 = CARTESIAN_POINT ( 'NONE',  ( 1.000000000000046851, 3.149999999999999911, -38.00000000000000711 ) ) ;
#1110 = CARTESIAN_POINT ( 'NONE',  ( 1.850000000000000533, 1.000000000000000000, -39.50000000000000000 ) ) ;
#1111 = CARTESIAN_POINT ( 'NONE',  ( 3.149999999999999911, 1.000000000000000000, -39.50000000000000711 ) ) ;
#1112 = EDGE_CURVE ( 'NONE', #280, #1454, #1404, .T. ) ;
#1113 = DIRECTION ( 'NONE',  ( 0.000000000000000000, 0.000000000000000000, -1.000000000000000000 ) ) ;
#1114 = DIRECTION ( 'NONE',  ( -0.000000000000000000, -1.000000000000000000, -0.000000000000000000 ) ) ;
#1115 = VERTEX_POINT ( 'NONE', #914 ) ;
#1116 = CARTESIAN_POINT ( 'NONE',  ( 1.874378101782964839E-13, 0.000000000000000000, -17.65000000000001279 ) ) ;
#1117 = ORIENTED_EDGE ( 'NONE', *, *, #703, .F. ) ;
#1118 = LINE ( 'NONE', #404, #64 ) ;
#1119 = DIRECTION ( 'NONE',  ( 1.000000000000000000, 0.000000000000000000, 0.000000000000000000 ) ) ;
#1120 = LINE ( 'NONE', #1481, #1421 ) ;
#1121 = ORIENTED_EDGE ( 'NONE', *, *, #1280, .F. ) ;
#1122 = EDGE_CURVE ( 'NONE', #1020, #407, #445, .T. ) ;
#1123 = ADVANCED_FACE ( 'NONE', ( #921 ), #907, .F. ) ;
#1124 = EDGE_LOOP ( 'NONE', ( #1226, #1311, #1432, #1363, #1161, #164, #393, #17, #383, #629, #372, #600, #695, #1425, #47, #776, #947, #1329, #1358, #1500, #1402, #162, #346, #427, #1460, #108, #1269, #1093, #1296, #443, #1131, #759, #1196, #1505, #544, #1214, #191, #560, #811, #500 ) ) ;
#1125 = DIRECTION ( 'NONE',  ( -0.000000000000000000, -1.000000000000000000, -0.000000000000000000 ) ) ;
#1126 = DIRECTION ( 'NONE',  ( -1.000000000000000000, 0.000000000000000000, 1.464357892017940334E-14 ) ) ;
#1127 = VECTOR ( 'NONE', #1330, 1000.000000000000000 ) ;
#1128 = AXIS2_PLACEMENT_3D ( 'NONE', #940, #1544, #834 ) ;
#1129 = DIRECTION ( 'NONE',  ( -0.000000000000000000, -1.000000000000000000, -0.000000000000000000 ) ) ;
#1130 = VECTOR ( 'NONE', #75, 1000.000000000000000 ) ;
#1131 = ORIENTED_EDGE ( 'NONE', *, *, #703, .T. ) ;
#1132 = DIRECTION ( 'NONE',  ( -1.000000000000000000, 0.000000000000000000, 1.464357892017940965E-14 ) ) ;
#1133 = ORIENTED_EDGE ( 'NONE', *, *, #55, .T. ) ;
#1134 = DIRECTION ( 'NONE',  ( -0.000000000000000000, -1.000000000000000000, 0.000000000000000000 ) ) ;
#1135 = AXIS2_PLACEMENT_3D ( 'NONE', #885, #1477, #384 ) ;
#1136 = EDGE_CURVE ( 'NONE', #1027, #615, #1051, .T. ) ;
#1137 = DIRECTION ( 'NONE',  ( -0.000000000000000000, -1.000000000000000000, -0.000000000000000000 ) ) ;
#1138 = EDGE_LOOP ( 'NONE', ( #751, #1121, #808, #1172 ) ) ;
#1139 = LINE ( 'NONE', #432, #416 ) ;
#1140 = DIRECTION ( 'NONE',  ( -1.000000000000000000, 0.000000000000000000, -1.409462824231155449E-14 ) ) ;
#1141 = ORIENTED_EDGE ( 'NONE', *, *, #983, .F. ) ;
#1142 = DIRECTION ( 'NONE',  ( 0.000000000000000000, 1.000000000000000000, 0.000000000000000000 ) ) ;
#1143 = DIRECTION ( 'NONE',  ( 0.000000000000000000, 1.000000000000000000, 0.000000000000000000 ) ) ;
#1144 = EDGE_CURVE ( 'NONE', #1237, #1001, #671, .T. ) ;
#1145 = FACE_OUTER_BOUND ( 'NONE', #1537, .T. ) ;
#1146 = EDGE_CURVE ( 'NONE', #641, #431, #121, .T. ) ;
#1147 = CARTESIAN_POINT ( 'NONE',  ( 23.99999999999981171, 1.000000000000000000, -16.35000000000001563 ) ) ;
#1148 = VERTEX_POINT ( 'NONE', #1525 ) ;
#1149 = DIRECTION ( 'NONE',  ( 1.409462824231155291E-14, 0.000000000000000000, -1.000000000000000000 ) ) ;
#1150 = DIRECTION ( 'NONE',  ( 0.000000000000000000, 0.000000000000000000, -1.000000000000000000 ) ) ;
#1151 = VERTEX_POINT ( 'NONE', #792 ) ;
#1152 = CARTESIAN_POINT ( 'NONE',  ( 0.000000000000000000, 1.000000000000000000, 0.000000000000000000 ) ) ;
#1153 = CARTESIAN_POINT ( 'NONE',  ( 2.811567152674447258E-13, 0.000000000000000000, -7.350000000000022737 ) ) ;
#1154 = FACE_OUTER_BOUND ( 'NONE', #1422, .T. ) ;
#1155 = CARTESIAN_POINT ( 'NONE',  ( 1.405783576337223629E-13, 1.000000000000000000, -20.85000000000001563 ) ) ;
#1156 = AXIS2_PLACEMENT_3D ( 'NONE', #876, #626, #1101 ) ;
#1157 = EDGE_CURVE ( 'NONE', #183, #976, #686, .T. ) ;
#1158 = AXIS2_PLACEMENT_3D ( 'NONE', #1197, #511, #724 ) ;
#1159 = CARTESIAN_POINT ( 'NONE',  ( 1.874378101782964839E-13, 1.000000000000000000, -16.35000000000001563 ) ) ;
#1160 = ADVANCED_FACE ( 'NONE', ( #100 ), #107, .F. ) ;
#1161 = ORIENTED_EDGE ( 'NONE', *, *, #1224, .F. ) ;
#1162 = FACE_OUTER_BOUND ( 'NONE', #294, .T. ) ;
#1163 = ORIENTED_EDGE ( 'NONE', *, *, #1071, .F. ) ;
#1164 = AXIS2_PLACEMENT_3D ( 'NONE', #608, #1190, #14 ) ;
#1165 = CARTESIAN_POINT ( 'NONE',  ( 24.00000000000000000, 1.000000000000000000, -35.00000000000000000 ) ) ;
#1166 = CARTESIAN_POINT ( 'NONE',  ( 23.99999999999986144, 1.000000000000000000, -21.50000000000001066 ) ) ;
#1167 = CARTESIAN_POINT ( 'NONE',  ( 20.90000000000000213, 1.000000000000000000, -39.50000000000000711 ) ) ;
#1168 = VECTOR ( 'NONE', #92, 1000.000000000000000 ) ;
#1169 = LINE ( 'NONE', #1159, #194 ) ;
#1170 = ORIENTED_EDGE ( 'NONE', *, *, #479, .T. ) ;
#1171 = EDGE_CURVE ( 'NONE', #493, #820, #21, .T. ) ;
#1172 = ORIENTED_EDGE ( 'NONE', *, *, #1050, .T. ) ;
#1173 = DIRECTION ( 'NONE',  ( -1.000000000000000000, 0.000000000000000000, -0.000000000000000000 ) ) ;
#1174 = CARTESIAN_POINT ( 'NONE',  ( 23.99999999999981171, 1.000000000000000000, -17.65000000000001279 ) ) ;
#1175 = VECTOR ( 'NONE', #305, 1000.000000000000000 ) ;
#1176 = ORIENTED_EDGE ( 'NONE', *, *, #1136, .T. ) ;
#1177 = VERTEX_POINT ( 'NONE', #1549 ) ;
#1178 = EDGE_CURVE ( 'NONE', #174, #1151, #473, .T. ) ;
#1179 = ADVANCED_FACE ( 'NONE', ( #1207 ), #245, .F. ) ;
#1180 = CARTESIAN_POINT ( 'NONE',  ( 23.99999999999976907, 1.000000000000000000, -11.85000000000002096 ) ) ;
#1181 = DIRECTION ( 'NONE',  ( 0.000000000000000000, 0.000000000000000000, -1.000000000000000000 ) ) ;
#1182 = CARTESIAN_POINT ( 'NONE',  ( 0.000000000000000000, 0.000000000000000000, -35.64999999999999858 ) ) ;
#1183 = FACE_OUTER_BOUND ( 'NONE', #248, .T. ) ;
#1184 = LINE ( 'NONE', #705, #1372 ) ;
#1185 = VECTOR ( 'NONE', #870, 1000.000000000000000 ) ;
#1186 = ORIENTED_EDGE ( 'NONE', *, *, #638, .T. ) ;
#1187 = AXIS2_PLACEMENT_3D ( 'NONE', #205, #1150, #689 ) ;
#1188 = DIRECTION ( 'NONE',  ( 0.000000000000000000, 0.000000000000000000, -1.000000000000000000 ) ) ;
#1189 = AXIS2_PLACEMENT_3D ( 'NONE', #304, #1021, #1040 ) ;
#1190 = DIRECTION ( 'NONE',  ( -0.000000000000000000, -1.000000000000000000, -0.000000000000000000 ) ) ;
#1191 = ORIENTED_EDGE ( 'NONE', *, *, #119, .T. ) ;
#1192 = CARTESIAN_POINT ( 'NONE',  ( 23.99999999999995381, 0.000000000000000000, -31.15000000000000568 ) ) ;
#1193 = EDGE_CURVE ( 'NONE', #846, #1543, #604, .T. ) ;
#1194 = EDGE_CURVE ( 'NONE', #1115, #896, #838, .T. ) ;
#1195 = LINE ( 'NONE', #492, #423 ) ;
#1196 = ORIENTED_EDGE ( 'NONE', *, *, #1449, .T. ) ;
#1197 = CARTESIAN_POINT ( 'NONE',  ( 2.811567152674447258E-13, 1.000000000000000000, -8.000000000000021316 ) ) ;
#1198 = VERTEX_POINT ( 'NONE', #1094 ) ;
#1199 = DIRECTION ( 'NONE',  ( -1.464357892017940649E-14, 0.000000000000000000, -1.000000000000000000 ) ) ;
#1200 = AXIS2_PLACEMENT_3D ( 'NONE', #546, #656, #421 ) ;
#1201 = EDGE_CURVE ( 'NONE', #1409, #904, #713, .T. ) ;
#1202 = DIRECTION ( 'NONE',  ( -0.000000000000000000, -1.000000000000000000, -0.000000000000000000 ) ) ;
#1203 = ORIENTED_EDGE ( 'NONE', *, *, #1436, .F. ) ;
#1204 = AXIS2_PLACEMENT_3D ( 'NONE', #1491, #1250, #1086 ) ;
#1205 = AXIS2_PLACEMENT_3D ( 'NONE', #300, #1129, #769 ) ;
#1206 = ORIENTED_EDGE ( 'NONE', *, *, #1449, .F. ) ;
#1207 = FACE_OUTER_BOUND ( 'NONE', #277, .T. ) ;
#1208 = LINE ( 'NONE', #395, #69 ) ;
#1209 = VECTOR ( 'NONE', #1504, 1000.000000000000000 ) ;
#1210 = DIRECTION ( 'NONE',  ( 0.000000000000000000, -1.000000000000000000, 0.000000000000000000 ) ) ;
#1211 = CARTESIAN_POINT ( 'NONE',  ( 0.000000000000000000, 1.000000000000000000, 0.000000000000000000 ) ) ;
#1212 = VERTEX_POINT ( 'NONE', #714 ) ;
#1213 = CIRCLE ( 'NONE', #1135, 0.6499999999999978018 ) ;
#1214 = ORIENTED_EDGE ( 'NONE', *, *, #402, .F. ) ;
#1215 = DIRECTION ( 'NONE',  ( 1.000000000000000000, 0.000000000000000000, 0.000000000000000000 ) ) ;
#1216 = PLANE ( 'NONE',  #532 ) ;
#1217 = VERTEX_POINT ( 'NONE', #1438 ) ;
#1218 = CARTESIAN_POINT ( 'NONE',  ( 24.00000000000000000, 1.000000000000000000, 0.000000000000000000 ) ) ;
#1219 = LINE ( 'NONE', #503, #977 ) ;
#1220 = DIRECTION ( 'NONE',  ( -0.000000000000000000, -1.000000000000000000, -0.000000000000000000 ) ) ;
#1221 = EDGE_LOOP ( 'NONE', ( #1384, #1398, #289, #102 ) ) ;
#1222 = ORIENTED_EDGE ( 'NONE', *, *, #45, .F. ) ;
#1223 = DIRECTION ( 'NONE',  ( 0.000000000000000000, 0.000000000000000000, -1.000000000000000000 ) ) ;
#1224 = EDGE_CURVE ( 'NONE', #800, #946, #737, .T. ) ;
#1225 = EDGE_CURVE ( 'NONE', #456, #1527, #2, .T. ) ;
#1226 = ORIENTED_EDGE ( 'NONE', *, *, #171, .F. ) ;
#1227 = CARTESIAN_POINT ( 'NONE',  ( 7.750000000000000000, 1.000000000000000000, -39.50000000000000711 ) ) ;
#1228 = LINE ( 'NONE', #1463, #997 ) ;
#1229 = CARTESIAN_POINT ( 'NONE',  ( 4.685945254457412097E-14, 1.000000000000000000, -31.15000000000000568 ) ) ;
#1230 = CARTESIAN_POINT ( 'NONE',  ( 1.405783576337223629E-13, 0.000000000000000000, -20.85000000000001563 ) ) ;
#1231 = CARTESIAN_POINT ( 'NONE',  ( 23.99999999999995381, 0.000000000000000000, -29.85000000000000853 ) ) ;
#1232 = ORIENTED_EDGE ( 'NONE', *, *, #120, .T. ) ;
#1233 = FACE_OUTER_BOUND ( 'NONE', #1386, .T. ) ;
#1234 = ORIENTED_EDGE ( 'NONE', *, *, #1144, .T. ) ;
#1235 = VECTOR ( 'NONE', #1450, 1000.000000000000000 ) ;
#1236 = CARTESIAN_POINT ( 'NONE',  ( 23.99999999999990763, 1.000000000000000000, -26.00000000000001066 ) ) ;
#1237 = VERTEX_POINT ( 'NONE', #1470 ) ;
#1238 = PRODUCT_DEFINITION_CONTEXT ( 'detailed design', #1440, 'design' ) ;
#1239 = LINE ( 'NONE', #273, #373 ) ;
#1240 = AXIS2_PLACEMENT_3D ( 'NONE', #872, #1364, #175 ) ;
#1241 = PLANE ( 'NONE',  #794 ) ;
#1242 = MECHANICAL_DESIGN_GEOMETRIC_PRESENTATION_REPRESENTATION (  '', ( #366 ), #1074 ) ;
#1243 = CARTESIAN_POINT ( 'NONE',  ( 24.00000000000000000, 0.000000000000000000, -35.64999999999999858 ) ) ;
#1244 = LINE ( 'NONE', #37, #749 ) ;
#1245 = EDGE_CURVE ( 'NONE', #1406, #229, #948, .T. ) ;
#1246 = FACE_OUTER_BOUND ( 'NONE', #319, .T. ) ;
#1247 = ORIENTED_EDGE ( 'NONE', *, *, #547, .T. ) ;
#1248 = PRODUCT ( 'DMR818S', 'DMR818S', '', ( #1447 ) ) ;
#1249 = VECTOR ( 'NONE', #679, 1000.000000000000000 ) ;
#1250 = DIRECTION ( 'NONE',  ( 0.000000000000000000, 1.000000000000000000, 0.000000000000000000 ) ) ;
#1251 = ORIENTED_EDGE ( 'NONE', *, *, #1201, .F. ) ;
#1252 = CARTESIAN_POINT ( 'NONE',  ( 0.000000000000000000, 1.000000000000000000, -39.50000000000000000 ) ) ;
#1253 = CARTESIAN_POINT ( 'NONE',  ( 0.000000000000000000, 1.000000000000000000, 0.000000000000000000 ) ) ;
#1254 = EDGE_CURVE ( 'NONE', #667, #1063, #1324, .T. ) ;
#1255 = ADVANCED_FACE ( 'NONE', ( #18 ), #850, .F. ) ;
#1256 = ORIENTED_EDGE ( 'NONE', *, *, #452, .T. ) ;
#1257 = CARTESIAN_POINT ( 'NONE',  ( 7.100000000000000533, 0.000000000000000000, -39.49999999999999289 ) ) ;
#1258 = ORIENTED_EDGE ( 'NONE', *, *, #489, .F. ) ;
#1259 = CYLINDRICAL_SURFACE ( 'NONE', #1075, 0.6499999999999978018 ) ;
#1260 = SURFACE_SIDE_STYLE ('',( #295 ) ) ;
#1261 = EDGE_LOOP ( 'NONE', ( #95, #757, #888, #1302 ) ) ;
#1262 = CIRCLE ( 'NONE', #620, 0.6499999999999978018 ) ;
#1263 = DIRECTION ( 'NONE',  ( -1.000000000000000000, 0.000000000000000000, -1.756682000989171834E-15 ) ) ;
#1264 = FACE_BOUND ( 'NONE', #573, .T. ) ;
#1265 = ORIENTED_EDGE ( 'NONE', *, *, #967, .T. ) ;
#1266 = VERTEX_POINT ( 'NONE', #1192 ) ;
#1267 = CARTESIAN_POINT ( 'NONE',  ( 9.371890508914824194E-14, 0.000000000000000000, -26.65000000000000568 ) ) ;
#1268 = CIRCLE ( 'NONE', #418, 0.6500000000000047962 ) ;
#1269 = ORIENTED_EDGE ( 'NONE', *, *, #1178, .T. ) ;
#1270 = LINE ( 'NONE', #572, #1317 ) ;
#1271 = VERTEX_POINT ( 'NONE', #1088 ) ;
#1272 = EDGE_CURVE ( 'NONE', #787, #229, #1069, .T. ) ;
#1273 = CARTESIAN_POINT ( 'NONE',  ( 0.000000000000000000, 1.000000000000000000, -39.50000000000000000 ) ) ;
#1274 = AXIS2_PLACEMENT_3D ( 'NONE', #1366, #867, #290 ) ;
#1275 = DIRECTION ( 'NONE',  ( -0.000000000000000000, -1.000000000000000000, -0.000000000000000000 ) ) ;
#1276 = VERTEX_POINT ( 'NONE', #496 ) ;
#1277 = DIRECTION ( 'NONE',  ( 0.000000000000000000, 0.000000000000000000, -1.000000000000000000 ) ) ;
#1278 = ORIENTED_EDGE ( 'NONE', *, *, #1496, .F. ) ;
#1279 = DIRECTION ( 'NONE',  ( 0.000000000000000000, 0.000000000000000000, -1.000000000000000000 ) ) ;
#1280 = EDGE_CURVE ( 'NONE', #1017, #79, #478, .T. ) ;
#1281 = ADVANCED_FACE ( 'NONE', ( #965 ), #596, .F. ) ;
#1282 = CARTESIAN_POINT ( 'NONE',  ( 24.00000000000000000, 1.000000000000000000, -35.64999999999999858 ) ) ;
#1283 = EDGE_CURVE ( 'NONE', #1148, #1492, #1228, .T. ) ;
#1284 = DIRECTION ( 'NONE',  ( 1.464357892017940965E-14, 0.000000000000000000, 1.000000000000000000 ) ) ;
#1285 = ORIENTED_EDGE ( 'NONE', *, *, #1531, .F. ) ;
#1286 = CARTESIAN_POINT ( 'NONE',  ( 1.874378101782964839E-13, 1.000000000000000000, -17.65000000000001279 ) ) ;
#1287 = ORIENTED_EDGE ( 'NONE', *, *, #574, .F. ) ;
#1288 = DIRECTION ( 'NONE',  ( -0.000000000000000000, -1.000000000000000000, -0.000000000000000000 ) ) ;
#1289 = LINE ( 'NONE', #784, #31 ) ;
#1290 = DIRECTION ( 'NONE',  ( 0.000000000000000000, 0.000000000000000000, -1.000000000000000000 ) ) ;
#1291 = AXIS2_PLACEMENT_3D ( 'NONE', #514, #311, #1478 ) ;
#1292 = CIRCLE ( 'NONE', #558, 0.6499999999999978018 ) ;
#1293 = VECTOR ( 'NONE', #968, 1000.000000000000000 ) ;
#1294 = ORIENTED_EDGE ( 'NONE', *, *, #1171, .F. ) ;
#1295 = CARTESIAN_POINT ( 'NONE',  ( 22.99999999999995381, 1.000000000000000000, -0.09999999999999999167 ) ) ;
#1296 = ORIENTED_EDGE ( 'NONE', *, *, #1026, .T. ) ;
#1297 = AXIS2_PLACEMENT_3D ( 'NONE', #324, #332, #220 ) ;
#1298 = LINE ( 'NONE', #322, #644 ) ;
#1299 = DIRECTION ( 'NONE',  ( -0.000000000000000000, -1.000000000000000000, -0.000000000000000000 ) ) ;
#1300 = AXIS2_PLACEMENT_3D ( 'NONE', #267, #1220, #628 ) ;
#1301 = EDGE_CURVE ( 'NONE', #1339, #407, #385, .T. ) ;
#1302 = ORIENTED_EDGE ( 'NONE', *, *, #681, .T. ) ;
#1303 = CARTESIAN_POINT ( 'NONE',  ( 0.000000000000000000, 0.000000000000000000, -35.64999999999999858 ) ) ;
#1304 = CARTESIAN_POINT ( 'NONE',  ( 24.00000000000000000, 0.000000000000000000, -34.35000000000000853 ) ) ;
#1305 = ORIENTED_EDGE ( 'NONE', *, *, #538, .F. ) ;
#1306 = ADVANCED_BREP_SHAPE_REPRESENTATION ( 'DMR818S', ( #201, #192 ), #852 ) ;
#1307 = CARTESIAN_POINT ( 'NONE',  ( 1.874378101782964839E-13, 0.000000000000000000, -16.35000000000001563 ) ) ;
#1308 = CYLINDRICAL_SURFACE ( 'NONE', #1376, 0.6499999999999978018 ) ;
#1309 = DIRECTION ( 'NONE',  ( 0.000000000000000000, 1.000000000000000000, 0.000000000000000000 ) ) ;
#1310 = DIRECTION ( 'NONE',  ( -0.000000000000000000, -0.000000000000000000, 1.000000000000000000 ) ) ;
#1311 = ORIENTED_EDGE ( 'NONE', *, *, #1070, .F. ) ;
#1312 = FACE_OUTER_BOUND ( 'NONE', #649, .T. ) ;
#1313 = LINE ( 'NONE', #22, #43 ) ;
#1314 = ORIENTED_EDGE ( 'NONE', *, *, #1465, .F. ) ;
#1315 = EDGE_CURVE ( 'NONE', #615, #520, #157, .T. ) ;
#1316 = EDGE_CURVE ( 'NONE', #103, #632, #728, .T. ) ;
#1317 = VECTOR ( 'NONE', #1019, 1000.000000000000000 ) ;
#1318 = EDGE_LOOP ( 'NONE', ( #969, #685, #85, #570 ) ) ;
#1319 = DIRECTION ( 'NONE',  ( -0.000000000000000000, -1.000000000000000000, -0.000000000000000000 ) ) ;
#1320 = CARTESIAN_POINT ( 'NONE',  ( 20.25000000000000000, 0.000000000000000000, -39.50000000000000000 ) ) ;
#1321 = VERTEX_POINT ( 'NONE', #1064 ) ;
#1322 = FACE_OUTER_BOUND ( 'NONE', #829, .T. ) ;
#1323 = VERTEX_POINT ( 'NONE', #537 ) ;
#1324 = LINE ( 'NONE', #144, #1490 ) ;
#1325 = ADVANCED_FACE ( 'NONE', ( #74 ), #1361, .T. ) ;
#1326 = EDGE_CURVE ( 'NONE', #896, #615, #1515, .T. ) ;
#1327 = CIRCLE ( 'NONE', #378, 0.6499999999999978018 ) ;
#1328 = DIRECTION ( 'NONE',  ( 1.000000000000000000, 0.000000000000000000, 2.832201593431525079E-15 ) ) ;
#1329 = ORIENTED_EDGE ( 'NONE', *, *, #1369, .T. ) ;
#1330 = DIRECTION ( 'NONE',  ( 1.000000000000000000, 0.000000000000000000, 0.000000000000000000 ) ) ;
#1331 = ORIENTED_EDGE ( 'NONE', *, *, #1070, .T. ) ;
#1332 = CARTESIAN_POINT ( 'NONE',  ( 6.450000000000001066, 1.000000000000000000, -39.50000000000000000 ) ) ;
#1333 = DIRECTION ( 'NONE',  ( -0.000000000000000000, -1.000000000000000000, -0.000000000000000000 ) ) ;
#1334 = LINE ( 'NONE', #283, #316 ) ;
#1335 = DIRECTION ( 'NONE',  ( -0.000000000000000000, -1.000000000000000000, -0.000000000000000000 ) ) ;
#1336 = ORIENTED_EDGE ( 'NONE', *, *, #1350, .T. ) ;
#1337 = CIRCLE ( 'NONE', #1291, 0.6499999999999978018 ) ;
#1338 = LINE ( 'NONE', #8, #486 ) ;
#1339 = VERTEX_POINT ( 'NONE', #193 ) ;
#1340 = VECTOR ( 'NONE', #1385, 1000.000000000000000 ) ;
#1341 = CARTESIAN_POINT ( 'NONE',  ( 4.685945254457412097E-14, 1.000000000000000000, -31.15000000000000568 ) ) ;
#1342 = DIRECTION ( 'NONE',  ( -1.000000000000000000, 0.000000000000000000, -1.409462824231155449E-14 ) ) ;
#1343 = VECTOR ( 'NONE', #77, 1000.000000000000000 ) ;
#1344 = VERTEX_POINT ( 'NONE', #1109 ) ;
#1345 = DIRECTION ( 'NONE',  ( 1.409462824231155291E-14, 0.000000000000000000, -1.000000000000000000 ) ) ;
#1346 = CARTESIAN_POINT ( 'NONE',  ( 1.405783576337223629E-13, 0.000000000000000000, -22.15000000000000924 ) ) ;
#1347 = AXIS2_PLACEMENT_3D ( 'NONE', #1536, #1140, #1513 ) ;
#1348 = PLANE ( 'NONE',  #365 ) ;
#1349 = VERTEX_POINT ( 'NONE', #1486 ) ;
#1350 = EDGE_CURVE ( 'NONE', #765, #1514, #1072, .T. ) ;
#1351 = EDGE_CURVE ( 'NONE', #882, #1527, #189, .T. ) ;
#1352 = VECTOR ( 'NONE', #1345, 1000.000000000000000 ) ;
#1353 = ORIENTED_EDGE ( 'NONE', *, *, #1060, .T. ) ;
#1354 = VERTEX_POINT ( 'NONE', #51 ) ;
#1355 = DIRECTION ( 'NONE',  ( -3.823472151132542705E-14, 0.000000000000000000, -1.000000000000000000 ) ) ;
#1356 = LINE ( 'NONE', #413, #169 ) ;
#1357 = DIRECTION ( 'NONE',  ( 1.000000000000000000, 0.000000000000000000, -0.000000000000000000 ) ) ;
#1358 = ORIENTED_EDGE ( 'NONE', *, *, #344, .F. ) ;
#1359 = CYLINDRICAL_SURFACE ( 'NONE', #797, 0.6499999999999978018 ) ;
#1360 = VERTEX_POINT ( 'NONE', #778 ) ;
#1361 = PLANE ( 'NONE',  #877 ) ;
#1362 = EDGE_LOOP ( 'NONE', ( #809, #1469, #513, #690 ) ) ;
#1363 = ORIENTED_EDGE ( 'NONE', *, *, #1390, .F. ) ;
#1364 = DIRECTION ( 'NONE',  ( -1.000000000000000000, 0.000000000000000000, -1.517883041479705577E-14 ) ) ;
#1365 = EDGE_LOOP ( 'NONE', ( #1232, #1511, #215, #1107 ) ) ;
#1366 = CARTESIAN_POINT ( 'NONE',  ( 2.811567152674447258E-13, 0.000000000000000000, -8.000000000000021316 ) ) ;
#1367 = AXIS2_PLACEMENT_3D ( 'NONE', #1076, #254, #610 ) ;
#1368 = LINE ( 'NONE', #650, #530 ) ;
#1369 = EDGE_CURVE ( 'NONE', #846, #264, #88, .T. ) ;
#1370 = DIRECTION ( 'NONE',  ( 1.000000000000000000, -0.000000000000000000, 0.000000000000000000 ) ) ;
#1371 = DIRECTION ( 'NONE',  ( -0.000000000000000000, -1.000000000000000000, -0.000000000000000000 ) ) ;
#1372 = VECTOR ( 'NONE', #1310, 1000.000000000000000 ) ;
#1373 = ORIENTED_EDGE ( 'NONE', *, *, #575, .T. ) ;
#1374 = LINE ( 'NONE', #603, #72 ) ;
#1375 = ORIENTED_EDGE ( 'NONE', *, *, #76, .T. ) ;
#1376 = AXIS2_PLACEMENT_3D ( 'NONE', #1043, #1299, #1188 ) ;
#1377 = FILL_AREA_STYLE_COLOUR ( '', #165 ) ;
#1378 = ORIENTED_EDGE ( 'NONE', *, *, #554, .F. ) ;
#1379 = CARTESIAN_POINT ( 'NONE',  ( 0.000000000000000000, 0.000000000000000000, -39.50000000000000000 ) ) ;
#1380 = DIRECTION ( 'NONE',  ( 0.000000000000000000, 0.000000000000000000, -1.000000000000000000 ) ) ;
#1381 = EDGE_CURVE ( 'NONE', #1056, #1011, #1337, .T. ) ;
#1382 = EDGE_CURVE ( 'NONE', #1321, #1148, #1118, .T. ) ;
#1383 = FACE_OUTER_BOUND ( 'NONE', #154, .T. ) ;
#1384 = ORIENTED_EDGE ( 'NONE', *, *, #1381, .F. ) ;
#1385 = DIRECTION ( 'NONE',  ( -1.464357892017940965E-14, 0.000000000000000000, -1.000000000000000000 ) ) ;
#1386 = EDGE_LOOP ( 'NONE', ( #310, #858, #1133, #975, #391, #1437, #1378, #726, #1100, #1186, #1546, #1467, #155, #565, #659, #197, #933, #81, #1417, #1553, #830, #640, #390, #687, #307, #750, #293, #984, #315, #482, #409, #362, #795, #1251, #753, #1535, #918, #232, #130, #56 ) ) ;
#1387 = VECTOR ( 'NONE', #568, 1000.000000000000000 ) ;
#1388 = CARTESIAN_POINT ( 'NONE',  ( 23.99999999999976907, 0.000000000000000000, -12.50000000000001776 ) ) ;
#1389 = DIRECTION ( 'NONE',  ( 0.000000000000000000, 1.000000000000000000, 0.000000000000000000 ) ) ;
#1390 = EDGE_CURVE ( 'NONE', #946, #533, #886, .T. ) ;
#1391 = VERTEX_POINT ( 'NONE', #435 ) ;
#1392 = LINE ( 'NONE', #902, #464 ) ;
#1393 = CYLINDRICAL_SURFACE ( 'NONE', #509, 0.6499999999999978018 ) ;
#1394 = ORIENTED_EDGE ( 'NONE', *, *, #46, .F. ) ;
#1395 = CARTESIAN_POINT ( 'NONE',  ( 1.874378101782964839E-13, 0.000000000000000000, -17.00000000000001421 ) ) ;
#1396 = LINE ( 'NONE', #306, #259 ) ;
#1397 = CIRCLE ( 'NONE', #949, 0.6499999999999978018 ) ;
#1398 = ORIENTED_EDGE ( 'NONE', *, *, #985, .F. ) ;
#1399 = EDGE_CURVE ( 'NONE', #1339, #1001, #944, .T. ) ;
#1400 = ADVANCED_FACE ( 'NONE', ( #281 ), #410, .F. ) ;
#1401 = PLANE ( 'NONE',  #1347 ) ;
#1402 = ORIENTED_EDGE ( 'NONE', *, *, #1316, .T. ) ;
#1403 = DIRECTION ( 'NONE',  ( 1.000000000000000000, 0.000000000000000000, 0.000000000000000000 ) ) ;
#1404 = LINE ( 'NONE', #785, #1061 ) ;
#1405 = PLANE ( 'NONE',  #654 ) ;
#1406 = VERTEX_POINT ( 'NONE', #996 ) ;
#1407 = DIRECTION ( 'NONE',  ( 0.000000000000000000, 1.000000000000000000, 0.000000000000000000 ) ) ;
#1408 =( NAMED_UNIT ( * ) SI_UNIT ( $, .STERADIAN. ) SOLID_ANGLE_UNIT ( ) );
#1409 = VERTEX_POINT ( 'NONE', #67 ) ;
#1410 = DIRECTION ( 'NONE',  ( -3.825261432210121364E-14, 0.000000000000000000, 1.000000000000000000 ) ) ;
#1411 = DIRECTION ( 'NONE',  ( -0.000000000000000000, -1.000000000000000000, 0.000000000000000000 ) ) ;
#1412 = DIRECTION ( 'NONE',  ( -0.000000000000000000, -1.000000000000000000, -0.000000000000000000 ) ) ;
#1413 = CARTESIAN_POINT ( 'NONE',  ( 23.99999999999990763, 1.000000000000000000, -25.35000000000001208 ) ) ;
#1414 = ORIENTED_EDGE ( 'NONE', *, *, #1122, .T. ) ;
#1415 = LINE ( 'NONE', #86, #925 ) ;
#1416 = CYLINDRICAL_SURFACE ( 'NONE', #855, 0.6499999999999978018 ) ;
#1417 = ORIENTED_EDGE ( 'NONE', *, *, #1482, .F. ) ;
#1418 = DIRECTION ( 'NONE',  ( 0.000000000000000000, 0.000000000000000000, 1.000000000000000000 ) ) ;
#1419 = DIRECTION ( 'NONE',  ( 1.000000000000000000, 0.000000000000000000, 2.102695122396129620E-15 ) ) ;
#1420 = ADVANCED_FACE ( 'NONE', ( #743 ), #1241, .F. ) ;
#1421 = VECTOR ( 'NONE', #286, 1000.000000000000000 ) ;
#1422 = EDGE_LOOP ( 'NONE', ( #1453, #213, #237, #224 ) ) ;
#1423 = LINE ( 'NONE', #347, #350 ) ;
#1424 = AXIS2_PLACEMENT_3D ( 'NONE', #1054, #470, #934 ) ;
#1425 = ORIENTED_EDGE ( 'NONE', *, *, #45, .T. ) ;
#1426 = FACE_OUTER_BOUND ( 'NONE', #462, .T. ) ;
#1427 = VECTOR ( 'NONE', #1472, 1000.000000000000000 ) ;
#1428 = EDGE_CURVE ( 'NONE', #820, #896, #1368, .T. ) ;
#1429 = ORIENTED_EDGE ( 'NONE', *, *, #1194, .T. ) ;
#1430 = CARTESIAN_POINT ( 'NONE',  ( 3.150000000000000355, 1.000000000000000000, -39.50000000000000711 ) ) ;
#1431 = CYLINDRICAL_SURFACE ( 'NONE', #142, 0.6499999999999978018 ) ;
#1432 = ORIENTED_EDGE ( 'NONE', *, *, #320, .F. ) ;
#1433 = CARTESIAN_POINT ( 'NONE',  ( 20.90000000000000213, 0.000000000000000000, -39.50000000000000711 ) ) ;
#1434 = DIRECTION ( 'NONE',  ( 1.000000000000000000, 0.000000000000000000, 0.000000000000000000 ) ) ;
#1435 = EDGE_CURVE ( 'NONE', #946, #976, #754, .T. ) ;
#1436 = EDGE_CURVE ( 'NONE', #206, #518, #1327, .T. ) ;
#1437 = ORIENTED_EDGE ( 'NONE', *, *, #449, .T. ) ;
#1438 = CARTESIAN_POINT ( 'NONE',  ( 23.99999999999986144, 1.000000000000000000, -22.15000000000000924 ) ) ;
#1439 = VECTOR ( 'NONE', #971, 1000.000000000000000 ) ;
#1440 = APPLICATION_CONTEXT ( 'automotive_design' ) ;
#1441 = CARTESIAN_POINT ( 'NONE',  ( 23.99999999999971934, 1.000000000000000000, -8.650000000000018119 ) ) ;
#1442 = VECTOR ( 'NONE', #170, 1000.000000000000000 ) ;
#1443 = DIRECTION ( 'NONE',  ( 2.102695122396129620E-15, 0.000000000000000000, -1.000000000000000000 ) ) ;
#1444 = DIRECTION ( 'NONE',  ( 0.000000000000000000, 0.000000000000000000, -1.000000000000000000 ) ) ;
#1445 = ORIENTED_EDGE ( 'NONE', *, *, #721, .T. ) ;
#1446 = EDGE_CURVE ( 'NONE', #1543, #87, #768, .T. ) ;
#1447 = PRODUCT_CONTEXT ( 'NONE', #832, 'mechanical' ) ;
#1448 = EDGE_LOOP ( 'NONE', ( #359, #901, #525, #700 ) ) ;
#1449 = EDGE_CURVE ( 'NONE', #204, #1097, #1006, .T. ) ;
#1450 = DIRECTION ( 'NONE',  ( 1.000000000000000000, 0.000000000000000000, 0.000000000000000000 ) ) ;
#1451 = VECTOR ( 'NONE', #1517, 1000.000000000000000 ) ;
#1452 = LINE ( 'NONE', #1062, #113 ) ;
#1453 = ORIENTED_EDGE ( 'NONE', *, *, #1085, .F. ) ;
#1454 = VERTEX_POINT ( 'NONE', #1267 ) ;
#1455 = CARTESIAN_POINT ( 'NONE',  ( 16.95000000000000284, 1.000000000000000000, -39.50000000000000000 ) ) ;
#1456 = CARTESIAN_POINT ( 'NONE',  ( 2.342972627228706048E-13, 0.000000000000000000, -13.15000000000001634 ) ) ;
#1457 = CIRCLE ( 'NONE', #301, 0.6499999999999978018 ) ;
#1458 = DIRECTION ( 'NONE',  ( 0.000000000000000000, 0.000000000000000000, 1.000000000000000000 ) ) ;
#1459 = DIRECTION ( 'NONE',  ( 1.517883041479705577E-14, 0.000000000000000000, -1.000000000000000000 ) ) ;
#1460 = ORIENTED_EDGE ( 'NONE', *, *, #664, .T. ) ;
#1461 = ORIENTED_EDGE ( 'NONE', *, *, #874, .F. ) ;
#1462 = UNCERTAINTY_MEASURE_WITH_UNIT (LENGTH_MEASURE( 1.000000000000000082E-05 ), #802, 'distance_accuracy_value', 'NONE');
#1463 = CARTESIAN_POINT ( 'NONE',  ( 24.00000000000000000, 1.000000000000000000, -39.50000000000000000 ) ) ;
#1464 = ADVANCED_FACE ( 'NONE', ( #208 ), #82, .F. ) ;
#1465 = EDGE_CURVE ( 'NONE', #303, #61, #837, .T. ) ;
#1466 = DIRECTION ( 'NONE',  ( -0.000000000000000000, -1.000000000000000000, 0.000000000000000000 ) ) ;
#1467 = ORIENTED_EDGE ( 'NONE', *, *, #1381, .T. ) ;
#1468 = AXIS2_PLACEMENT_3D ( 'NONE', #1551, #1065, #1458 ) ;
#1469 = ORIENTED_EDGE ( 'NONE', *, *, #1122, .F. ) ;
#1470 = CARTESIAN_POINT ( 'NONE',  ( 1.405783576337223629E-13, 1.000000000000000000, -20.85000000000001563 ) ) ;
#1471 = CIRCLE ( 'NONE', #313, 0.6499999999999978018 ) ;
#1472 = DIRECTION ( 'NONE',  ( -0.000000000000000000, -1.000000000000000000, -0.000000000000000000 ) ) ;
#1473 = CARTESIAN_POINT ( 'NONE',  ( 23.99999999999981171, 1.000000000000000000, -17.00000000000001421 ) ) ;
#1474 = DIRECTION ( 'NONE',  ( 0.000000000000000000, 0.000000000000000000, 1.000000000000000000 ) ) ;
#1475 = VECTOR ( 'NONE', #1412, 1000.000000000000000 ) ;
#1476 = EDGE_LOOP ( 'NONE', ( #942, #630, #1206, #276 ) ) ;
#1477 = DIRECTION ( 'NONE',  ( 0.000000000000000000, 1.000000000000000000, 0.000000000000000000 ) ) ;
#1478 = DIRECTION ( 'NONE',  ( 0.000000000000000000, 0.000000000000000000, 1.000000000000000000 ) ) ;
#1479 = CARTESIAN_POINT ( 'NONE',  ( 23.99999999999995381, 1.000000000000000000, -29.85000000000000853 ) ) ;
#1480 = CARTESIAN_POINT ( 'NONE',  ( 1.850000000000000533, 0.000000000000000000, -39.50000000000000000 ) ) ;
#1481 = CARTESIAN_POINT ( 'NONE',  ( 1.405783576337223629E-13, 1.000000000000000000, -22.15000000000000924 ) ) ;
#1482 = EDGE_CURVE ( 'NONE', #594, #156, #670, .T. ) ;
#1483 = EDGE_CURVE ( 'NONE', #1321, #1097, #1262, .T. ) ;
#1484 = PLANE ( 'NONE',  #1240 ) ;
#1485 = VERTEX_POINT ( 'NONE', #791 ) ;
#1486 = CARTESIAN_POINT ( 'NONE',  ( 2.342972627228706048E-13, 1.000000000000000000, -13.15000000000001634 ) ) ;
#1487 = CARTESIAN_POINT ( 'NONE',  ( 23.99999999999971934, 1.000000000000000000, -8.650000000000018119 ) ) ;
#1488 = CARTESIAN_POINT ( 'NONE',  ( 2.342972627228706048E-13, 1.000000000000000000, -13.15000000000001634 ) ) ;
#1489 = VERTEX_POINT ( 'NONE', #1516 ) ;
#1490 = VECTOR ( 'NONE', #1355, 1000.000000000000000 ) ;
#1491 = CARTESIAN_POINT ( 'NONE',  ( 16.30000000000000071, 1.000000000000000000, -39.50000000000000000 ) ) ;
#1492 = VERTEX_POINT ( 'NONE', #1031 ) ;
#1493 = VECTOR ( 'NONE', #675, 1000.000000000000000 ) ;
#1494 = DIRECTION ( 'NONE',  ( 0.000000000000000000, 0.000000000000000000, 1.000000000000000000 ) ) ;
#1495 = CIRCLE ( 'NONE', #389, 0.6499999999999978018 ) ;
#1496 = EDGE_CURVE ( 'NONE', #23, #520, #1298, .T. ) ;
#1497 = EDGE_LOOP ( 'NONE', ( #655, #884, #952, #1098 ) ) ;
#1498 = EDGE_LOOP ( 'NONE', ( #722, #1005, #1029, #382 ) ) ;
#1499 = CARTESIAN_POINT ( 'NONE',  ( 2.811567152674447258E-13, 1.000000000000000000, -8.650000000000018119 ) ) ;
#1500 = ORIENTED_EDGE ( 'NONE', *, *, #516, .T. ) ;
#1501 = CARTESIAN_POINT ( 'NONE',  ( 23.99999999999995381, 1.000000000000000000, -31.15000000000000568 ) ) ;
#1502 = CARTESIAN_POINT ( 'NONE',  ( 1.405783576337223629E-13, 1.000000000000000000, -22.15000000000000924 ) ) ;
#1503 = VERTEX_POINT ( 'NONE', #1153 ) ;
#1504 = DIRECTION ( 'NONE',  ( -1.464357892017940965E-14, 0.000000000000000000, -1.000000000000000000 ) ) ;
#1505 = ORIENTED_EDGE ( 'NONE', *, *, #1483, .F. ) ;
#1506 = DIRECTION ( 'NONE',  ( 0.000000000000000000, 0.000000000000000000, -1.000000000000000000 ) ) ;
#1507 = EDGE_CURVE ( 'NONE', #79, #303, #444, .T. ) ;
#1508 = EDGE_CURVE ( 'NONE', #1276, #1406, #1289, .T. ) ;
#1509 = CARTESIAN_POINT ( 'NONE',  ( 24.00000000000000000, 1.000000000000000000, 0.000000000000000000 ) ) ;
#1510 = ADVANCED_FACE ( 'NONE', ( #678 ), #581, .T. ) ;
#1511 = ORIENTED_EDGE ( 'NONE', *, *, #842, .F. ) ;
#1512 = CARTESIAN_POINT ( 'NONE',  ( 4.685945254457412097E-14, 0.000000000000000000, -31.15000000000000568 ) ) ;
#1513 = DIRECTION ( 'NONE',  ( -1.409462824231155449E-14, 0.000000000000000000, 1.000000000000000000 ) ) ;
#1514 = VERTEX_POINT ( 'NONE', #1307 ) ;
#1515 = CIRCLE ( 'NONE', #746, 0.6499999999999978018 ) ;
#1516 = CARTESIAN_POINT ( 'NONE',  ( 1.000000000000046851, 3.149999999999999911, -0.09999999999999999167 ) ) ;
#1517 = DIRECTION ( 'NONE',  ( -0.000000000000000000, -1.000000000000000000, -0.000000000000000000 ) ) ;
#1518 = CARTESIAN_POINT ( 'NONE',  ( 16.95000000000000284, 0.000000000000000000, -39.50000000000000000 ) ) ;
#1519 = VECTOR ( 'NONE', #476, 1000.000000000000000 ) ;
#1520 = VERTEX_POINT ( 'NONE', #1524 ) ;
#1521 = DIRECTION ( 'NONE',  ( 1.464357892017940965E-14, 0.000000000000000000, 1.000000000000000000 ) ) ;
#1522 = CARTESIAN_POINT ( 'NONE',  ( 2.811567152674447258E-13, 1.000000000000000000, -7.350000000000022737 ) ) ;
#1523 = ORIENTED_EDGE ( 'NONE', *, *, #1136, .F. ) ;
#1524 = CARTESIAN_POINT ( 'NONE',  ( 22.99999999999995737, 1.000000000000000000, -38.00000000000000711 ) ) ;
#1525 = CARTESIAN_POINT ( 'NONE',  ( 24.00000000000000000, 1.000000000000000000, -39.50000000000000000 ) ) ;
#1526 = PLANE ( 'NONE',  #1077 ) ;
#1527 = VERTEX_POINT ( 'NONE', #1180 ) ;
#1528 = DIRECTION ( 'NONE',  ( -0.000000000000000000, -1.000000000000000000, -0.000000000000000000 ) ) ;
#1529 = ORIENTED_EDGE ( 'NONE', *, *, #1315, .F. ) ;
#1530 = EDGE_CURVE ( 'NONE', #206, #1011, #913, .T. ) ;
#1531 = EDGE_CURVE ( 'NONE', #115, #1237, #1457, .T. ) ;
#1532 = DIRECTION ( 'NONE',  ( -0.000000000000000000, -1.000000000000000000, -0.000000000000000000 ) ) ;
#1533 = VECTOR ( 'NONE', #1125, 1000.000000000000000 ) ;
#1534 = DIRECTION ( 'NONE',  ( 0.000000000000000000, 1.000000000000000000, 0.000000000000000000 ) ) ;
#1535 = ORIENTED_EDGE ( 'NONE', *, *, #380, .F. ) ;
#1536 = CARTESIAN_POINT ( 'NONE',  ( 23.99999999999976907, 1.000000000000000000, -13.15000000000001634 ) ) ;
#1537 = EDGE_LOOP ( 'NONE', ( #406, #1287, #549, #59 ) ) ;
#1538 = CARTESIAN_POINT ( 'NONE',  ( 23.99999999999995381, 1.000000000000000000, -30.50000000000000711 ) ) ;
#1539 = AXIS2_PLACEMENT_3D ( 'NONE', #27, #611, #956 ) ;
#1540 = EDGE_CURVE ( 'NONE', #1217, #1151, #961, .T. ) ;
#1541 = VECTOR ( 'NONE', #862, 1000.000000000000000 ) ;
#1542 = CIRCLE ( 'NONE', #137, 0.6499999999999978018 ) ;
#1543 = VERTEX_POINT ( 'NONE', #329 ) ;
#1544 = DIRECTION ( 'NONE',  ( -0.000000000000000000, -1.000000000000000000, 0.000000000000000000 ) ) ;
#1545 = VECTOR ( 'NONE', #775, 1000.000000000000000 ) ;
#1546 = ORIENTED_EDGE ( 'NONE', *, *, #399, .F. ) ;
#1547 = CARTESIAN_POINT ( 'NONE',  ( 23.99999999999971934, 0.000000000000000000, -8.650000000000018119 ) ) ;
#1548 = FACE_OUTER_BOUND ( 'NONE', #836, .T. ) ;
#1549 = CARTESIAN_POINT ( 'NONE',  ( 22.99999999999995381, 3.149999999999999911, -38.00000000000000711 ) ) ;
#1550 = EDGE_CURVE ( 'NONE', #533, #493, #663, .T. ) ;
#1551 = CARTESIAN_POINT ( 'NONE',  ( 7.100000000000000533, 1.000000000000000000, -39.49999999999999289 ) ) ;
#1552 = CARTESIAN_POINT ( 'NONE',  ( 1.874378101782964839E-13, 0.000000000000000000, -17.65000000000001279 ) ) ;
#1553 = ORIENTED_EDGE ( 'NONE', *, *, #173, .T. ) ;
ENDSEC;
END-ISO-10303-21;
