ISO-10303-21;
HEADER;
FILE_DESCRIPTION (( 'STEP AP214' ),
    '1' );
FILE_NAME ('RFCT-SMA29-F_1.0.STEP',
    '2023-10-29T03:31:34',
    ( '' ),
    ( '' ),
    'SwSTEP 2.0',
    'SolidWorks 2021',
    '' );
FILE_SCHEMA (( 'AUTOMOTIVE_DESIGN' ));
ENDSEC;

DATA;
#1 = PLANE ( 'NONE',  #10150 ) ;
#2 = EDGE_LOOP ( 'NONE', ( #3280, #10430, #8175, #1452 ) ) ;
#3 = DIRECTION ( 'NONE',  ( -1.000000000000000000, 0.000000000000000000, 0.000000000000000000 ) ) ;
#4 = CARTESIAN_POINT ( 'NONE',  ( 2.518371105415000422, 2.073789529887000160, -5.566457155330000184 ) ) ;
#5 = CARTESIAN_POINT ( 'NONE',  ( -0.3643944005386605678, -0.5681916233596467913, -3.919999999999999929 ) ) ;
#6 = CARTESIAN_POINT ( 'NONE',  ( 3.033924798147265012, 0.8153451048631962239, -6.921263356813943446 ) ) ;
#7 = ADVANCED_FACE ( 'NONE', ( #7275 ), #7967, .T. ) ;
#8 = ADVANCED_FACE ( 'NONE', ( #8825 ), #7182, .T. ) ;
#9 = CARTESIAN_POINT ( 'NONE',  ( 1.681673962232000052, -2.482693036235999795, -7.599184768555000247 ) ) ;
#10 = DIRECTION ( 'NONE',  ( -0.000000000000000000, -0.000000000000000000, -1.000000000000000000 ) ) ;
#11 = AXIS2_PLACEMENT_3D ( 'NONE', #566, #2009, #2110 ) ;
#12 = CARTESIAN_POINT ( 'NONE',  ( -0.6287759193777681110, -0.2454910247048617822, -3.919999999999999929 ) ) ;
#13 = CARTESIAN_POINT ( 'NONE',  ( -3.069473459559640904, -0.5293765504556796619, -7.399511238108146038 ) ) ;
#14 = LINE ( 'NONE', #2516, #3037 ) ;
#15 = CARTESIAN_POINT ( 'NONE',  ( 0.3614556479571035541, 0.5402312602579660838, -3.919999999999999929 ) ) ;
#16 = CARTESIAN_POINT ( 'NONE',  ( 0.000000000000000000, 0.000000000000000000, -4.370000000000000107 ) ) ;
#17 = CARTESIAN_POINT ( 'NONE',  ( 0.000000000000000000, 0.000000000000000000, -3.299999999999999822 ) ) ;
#18 = CARTESIAN_POINT ( 'NONE',  ( -2.206394339040812724, 0.7350545971669614209, -7.170000000000002593 ) ) ;
#19 = EDGE_CURVE ( 'NONE', #9106, #3656, #2524, .T. ) ;
#20 = ORIENTED_EDGE ( 'NONE', *, *, #3639, .F. ) ;
#21 = COLOUR_RGB ( '',1.000000000000000000, 0.8078431372549019773, 0.4980392156862745168 ) ;
#22 = EDGE_CURVE ( 'NONE', #7173, #4624, #10483, .T. ) ;
#23 = FACE_OUTER_BOUND ( 'NONE', #9521, .T. ) ;
#24 = CARTESIAN_POINT ( 'NONE',  ( 0.2724947409330272796, 0.5901242379057499710, -4.370000000000000107 ) ) ;
#25 = DIRECTION ( 'NONE',  ( 0.2079116908177639778, -0.9781476007338046896, 0.000000000000000000 ) ) ;
#26 = CARTESIAN_POINT ( 'NONE',  ( 2.886218041037694082, -1.171407813905482431, -7.815186640560265907 ) ) ;
#27 = ORIENTED_EDGE ( 'NONE', *, *, #1718, .T. ) ;
#28 = LINE ( 'NONE', #3278, #3442 ) ;
#29 = VERTEX_POINT ( 'NONE', #8984 ) ;
#30 = EDGE_CURVE ( 'NONE', #8027, #2391, #10459, .T. ) ;
#31 = DIRECTION ( 'NONE',  ( -0.000000000000000000, -0.000000000000000000, -1.000000000000000000 ) ) ;
#32 = EDGE_LOOP ( 'NONE', ( #8513, #3761, #1449, #1405 ) ) ;
#33 = CARTESIAN_POINT ( 'NONE',  ( 1.322451262011265838, -2.721557710498825333, -7.949014005479485334 ) ) ;
#34 = DIRECTION ( 'NONE',  ( 0.000000000000000000, 0.000000000000000000, 1.000000000000000000 ) ) ;
#35 = LINE ( 'NONE', #145, #3530 ) ;
#36 = LINE ( 'NONE', #4014, #8609 ) ;
#37 = DIRECTION ( 'NONE',  ( 0.000000000000000000, 0.000000000000000000, 1.000000000000000000 ) ) ;
#38 = ORIENTED_EDGE ( 'NONE', *, *, #3832, .T. ) ;
#39 = CARTESIAN_POINT ( 'NONE',  ( 0.3614556479571035541, 0.5402312602579660838, -4.370000000000000107 ) ) ;
#40 = VERTEX_POINT ( 'NONE', #6590 ) ;
#41 = CARTESIAN_POINT ( 'NONE',  ( 1.582457803887483472, 2.059142119112984393, -9.100000000046295057 ) ) ;
#42 = CARTESIAN_POINT ( 'NONE',  ( 0.6738623340140251772, -0.03917339399606106082, -3.919999999999999929 ) ) ;
#43 = DIRECTION ( 'NONE',  ( 1.000000000000000000, 0.000000000000000000, 0.000000000000000000 ) ) ;
#44 = CARTESIAN_POINT ( 'NONE',  ( -2.093915658759000209, -1.690752291766000059, -8.414491854374002600 ) ) ;
#45 = CARTESIAN_POINT ( 'NONE',  ( 0.5673192003539595518, -0.3172521472106119567, -3.919999999999999929 ) ) ;
#46 = ORIENTED_EDGE ( 'NONE', *, *, #2308, .T. ) ;
#47 = CYLINDRICAL_SURFACE ( 'NONE', #4361, 0.6500000000000000222 ) ;
#48 = VERTEX_POINT ( 'NONE', #9682 ) ;
#49 = CARTESIAN_POINT ( 'NONE',  ( 0.000000000000000000, 0.000000000000000000, -3.919999999999999929 ) ) ;
#50 = CARTESIAN_POINT ( 'NONE',  ( -1.764338971083546870, -2.638618362052443267, -6.487803814279332393 ) ) ;
#51 = EDGE_LOOP ( 'NONE', ( #9440, #3228, #8266, #523 ) ) ;
#52 = CARTESIAN_POINT ( 'NONE',  ( -0.07679948071508269081, 0.6454470077100782355, -3.919999999999999929 ) ) ;
#53 = CARTESIAN_POINT ( 'NONE',  ( 0.1650491301950000045, -3.258151775190000432, -4.402675526792999783 ) ) ;
#54 = LINE ( 'NONE', #3305, #10245 ) ;
#55 = EDGE_CURVE ( 'NONE', #107, #1313, #1106, .T. ) ;
#56 = FACE_OUTER_BOUND ( 'NONE', #8303, .T. ) ;
#57 = CARTESIAN_POINT ( 'NONE',  ( -1.987448461168999758, 2.245407717555000460, -6.525671682670999729 ) ) ;
#58 = ORIENTED_EDGE ( 'NONE', *, *, #579, .F. ) ;
#59 = CARTESIAN_POINT ( 'NONE',  ( -2.770000000000000018, 2.040000000000000036, 4.400000000000000355 ) ) ;
#60 = EDGE_CURVE ( 'NONE', #2720, #2294, #4711, .T. ) ;
#61 = CARTESIAN_POINT ( 'NONE',  ( -2.937259142788570365, -1.037178662033140908, -7.380953554498657532 ) ) ;
#62 = EDGE_CURVE ( 'NONE', #3570, #9666, #7216, .T. ) ;
#63 = CARTESIAN_POINT ( 'NONE',  ( 3.040000000000000036, -2.540000000000000036, 0.5000000000000000000 ) ) ;
#64 = CARTESIAN_POINT ( 'NONE',  ( -2.438983869293139595, 1.874367495907114156, -3.300000000024283509 ) ) ;
#65 = CARTESIAN_POINT ( 'NONE',  ( -0.000000000000000000, 0.000000000000000000, -4.370000000000000107 ) ) ;
#66 = CARTESIAN_POINT ( 'NONE',  ( -0.1264134477687089697, 0.6375889273060096896, -4.070000000000006501 ) ) ;
#67 = LINE ( 'NONE', #8319, #7603 ) ;
#68 = CARTESIAN_POINT ( 'NONE',  ( 2.146798435830467255, 0.8929536894540307523, -7.169999999999998153 ) ) ;
#69 = ORIENTED_EDGE ( 'NONE', *, *, #6852, .T. ) ;
#70 = AXIS2_PLACEMENT_3D ( 'NONE', #1516, #5550, #7896 ) ;
#71 = CARTESIAN_POINT ( 'NONE',  ( -1.914312531173929965, -2.490962593513140533, -7.200699186540918895 ) ) ;
#72 = CYLINDRICAL_SURFACE ( 'NONE', #4867, 0.6750000000000000444 ) ;
#73 = ADVANCED_FACE ( 'NONE', ( #9897 ), #2596, .T. ) ;
#74 = CARTESIAN_POINT ( 'NONE',  ( -0.5681916233596451260, 0.3643944005386623997, -4.219999999999999751 ) ) ;
#75 = CARTESIAN_POINT ( 'NONE',  ( -0.3172521472106179519, 0.5673192003539562212, -4.370000000000000107 ) ) ;
#76 = EDGE_CURVE ( 'NONE', #5135, #7593, #9998, .T. ) ;
#77 = CARTESIAN_POINT ( 'NONE',  ( -0.2724947409330313874, -0.5901242379057481946, -4.070000000000005613 ) ) ;
#78 = B_SPLINE_CURVE_WITH_KNOTS ( 'NONE', 3,
 ( #7188, #3822, #5634, #6383 ),
 .UNSPECIFIED., .F., .F.,
 ( 4, 4 ),
 ( 2.034489220663171137E-07, 0.0001528154345939496063 ),
 .UNSPECIFIED. ) ;
#79 = ORIENTED_EDGE ( 'NONE', *, *, #3114, .T. ) ;
#80 = CARTESIAN_POINT ( 'NONE',  ( 1.288879837389287353, 2.835410203799426210, -4.826921599343208413 ) ) ;
#81 = VECTOR ( 'NONE', #7996, 1000.000000000000000 ) ;
#82 = ORIENTED_EDGE ( 'NONE', *, *, #3826, .T. ) ;
#83 = CARTESIAN_POINT ( 'NONE',  ( -2.281201309942959998, -1.494158799689970119, -5.581110555883436852 ) ) ;
#84 = DIRECTION ( 'NONE',  ( -1.000000000000000000, 0.000000000000000000, 0.000000000000000000 ) ) ;
#85 = VERTEX_POINT ( 'NONE', #6148 ) ;
#86 = CARTESIAN_POINT ( 'NONE',  ( 0.7574139100585420836, -2.875792863377399478, -8.000681272772578012 ) ) ;
#87 = CARTESIAN_POINT ( 'NONE',  ( 0.000000000000000000, 0.000000000000000000, -3.919999999999999929 ) ) ;
#88 = CARTESIAN_POINT ( 'NONE',  ( -0.000000000000000000, 0.000000000000000000, -4.370000000000000107 ) ) ;
#89 = EDGE_CURVE ( 'NONE', #5132, #1485, #399, .T. ) ;
#90 = ADVANCED_FACE ( 'NONE', ( #8703 ), #9407, .T. ) ;
#91 = CARTESIAN_POINT ( 'NONE',  ( -0.1441063982437014168, 0.6594379015382934028, -4.219999999999999751 ) ) ;
#92 = DIRECTION ( 'NONE',  ( 0.000000000000000000, 0.000000000000000000, -1.000000000000000000 ) ) ;
#93 = VERTEX_POINT ( 'NONE', #8650 ) ;
#94 = ORIENTED_EDGE ( 'NONE', *, *, #7371, .T. ) ;
#95 = CARTESIAN_POINT ( 'NONE',  ( 9.337931843416981159E-17, 3.049999999986676258, -3.300000000012142110 ) ) ;
#96 = LINE ( 'NONE', #7334, #3988 ) ;
#97 = DIRECTION ( 'NONE',  ( -1.000000000000000000, 0.000000000000000000, 0.000000000000000000 ) ) ;
#98 = CARTESIAN_POINT ( 'NONE',  ( 1.813444263257000255, -2.226691244029999961, -8.190664427831002570 ) ) ;
#99 = CARTESIAN_POINT ( 'NONE',  ( 0.2710233481495915031, -0.6182000847280640921, -4.220000000000000639 ) ) ;
#100 = ORIENTED_EDGE ( 'NONE', *, *, #2893, .F. ) ;
#101 = CARTESIAN_POINT ( 'NONE',  ( -0.4770359960578628988, -0.4415163173259653573, -4.370000000000000107 ) ) ;
#102 = DIRECTION ( 'NONE',  ( 0.000000000000000000, 0.000000000000000000, -1.000000000000000000 ) ) ;
#103 = DIRECTION ( 'NONE',  ( 0.1564344650402205439, 0.9876883405951393247, 0.000000000000000000 ) ) ;
#104 = ORIENTED_EDGE ( 'NONE', *, *, #2112, .T. ) ;
#105 = EDGE_CURVE ( 'NONE', #7503, #9857, #10532, .T. ) ;
#106 = ORIENTED_EDGE ( 'NONE', *, *, #4979, .F. ) ;
#107 = VERTEX_POINT ( 'NONE', #1256 ) ;
#108 = CARTESIAN_POINT ( 'NONE',  ( 1.259820775948575111, -1.639317026916269793, -7.169999999999999929 ) ) ;
#109 = CARTESIAN_POINT ( 'NONE',  ( -2.240941145490999986, -1.651129666721999900, -4.778964529063999933 ) ) ;
#110 = PLANE ( 'NONE',  #4096 ) ;
#111 = CARTESIAN_POINT ( 'NONE',  ( -2.972355455094000121, -1.078162525393000060, -6.480256782588000419 ) ) ;
#112 = AXIS2_PLACEMENT_3D ( 'NONE', #2986, #6705, #4197 ) ;
#113 = VERTEX_POINT ( 'NONE', #7058 ) ;
#114 = DIRECTION ( 'NONE',  ( 0.6691306063588483566, 0.7431448254774031259, 0.000000000000000000 ) ) ;
#115 = EDGE_CURVE ( 'NONE', #9050, #8537, #10089, .T. ) ;
#116 = LINE ( 'NONE', #4901, #4504 ) ;
#117 = AXIS2_PLACEMENT_3D ( 'NONE', #7167, #7856, #4001 ) ;
#118 = CARTESIAN_POINT ( 'NONE',  ( 0.2315967326876766652, -0.6162654426528368923, -4.119991299149685204 ) ) ;
#119 = LINE ( 'NONE', #4310, #10138 ) ;
#120 = LINE ( 'NONE', #7359, #1450 ) ;
#121 = CARTESIAN_POINT ( 'NONE',  ( -0.000000000000000000, 0.000000000000000000, -4.370000000000000107 ) ) ;
#122 = LINE ( 'NONE', #9819, #4868 ) ;
#123 = DIRECTION ( 'NONE',  ( 0.7431448254773923567, 0.6691306063588602360, -0.000000000000000000 ) ) ;
#124 = ORIENTED_EDGE ( 'NONE', *, *, #8962, .T. ) ;
#125 = CARTESIAN_POINT ( 'NONE',  ( 3.040000000000000036, -2.540000000000000036, 2.450000000000000178 ) ) ;
#126 = VECTOR ( 'NONE', #2945, 1000.000000000000114 ) ;
#127 = AXIS2_PLACEMENT_3D ( 'NONE', #6565, #1899, #2683 ) ;
#128 = CARTESIAN_POINT ( 'NONE',  ( -0.4487928534307999429, 0.5041923985042227052, -4.370000000000000107 ) ) ;
#129 = CYLINDRICAL_SURFACE ( 'NONE', #8801, 3.115000000000000213 ) ;
#130 = FACE_OUTER_BOUND ( 'NONE', #2762, .T. ) ;
#131 = ORIENTED_EDGE ( 'NONE', *, *, #5178, .F. ) ;
#132 = DIRECTION ( 'NONE',  ( 0.000000000000000000, 0.000000000000000000, 1.000000000000000000 ) ) ;
#133 = CARTESIAN_POINT ( 'NONE',  ( 0.3172521472106220597, -0.5673192003539538897, -4.370000000000000107 ) ) ;
#134 = VECTOR ( 'NONE', #4451, 1000.000000000000000 ) ;
#135 = FACE_OUTER_BOUND ( 'NONE', #2087, .T. ) ;
#136 = VECTOR ( 'NONE', #6604, 1000.000000000000000 ) ;
#137 = CARTESIAN_POINT ( 'NONE',  ( -0.3873271300616017432, 2.699228472407625645, -5.806747284812705523 ) ) ;
#138 = CARTESIAN_POINT ( 'NONE',  ( -0.8524428645440622621, 2.563066359503976877, -7.198956102809306756 ) ) ;
#139 = VERTEX_POINT ( 'NONE', #453 ) ;
#140 = EDGE_CURVE ( 'NONE', #1591, #856, #5169, .T. ) ;
#141 = EDGE_CURVE ( 'NONE', #7813, #93, #10261, .T. ) ;
#142 = CARTESIAN_POINT ( 'NONE',  ( -0.6182000847280670897, 0.2710233481495848418, -4.370000000000000107 ) ) ;
#143 = CARTESIAN_POINT ( 'NONE',  ( -0.3614556479571114922, 0.5402312602579609768, -4.370000000000000107 ) ) ;
#144 = VECTOR ( 'NONE', #9790, 1000.000000000000000 ) ;
#145 = CARTESIAN_POINT ( 'NONE',  ( 0.000000000000000000, 3.500000000000000000, 0.5000000000000000000 ) ) ;
#146 = CARTESIAN_POINT ( 'NONE',  ( 0.9040412583314000328, -2.666141118484000483, -6.159219100836000216 ) ) ;
#147 = ORIENTED_EDGE ( 'NONE', *, *, #6903, .F. ) ;
#148 = ORIENTED_EDGE ( 'NONE', *, *, #4636, .T. ) ;
#149 = CIRCLE ( 'NONE', #2870, 2.674999999999999822 ) ;
#150 = DIRECTION ( 'NONE',  ( -0.000000000000000000, -0.000000000000000000, -1.000000000000000000 ) ) ;
#151 = CARTESIAN_POINT ( 'NONE',  ( -0.1748660461027934931, 0.6346983601050815160, -4.119991299149685204 ) ) ;
#152 = CARTESIAN_POINT ( 'NONE',  ( -2.159756683692999779, -1.602149664264999940, -8.325401472722999685 ) ) ;
#153 = CARTESIAN_POINT ( 'NONE',  ( 0.000000000000000000, 0.000000000000000000, 0.000000000000000000 ) ) ;
#154 = ORIENTED_EDGE ( 'NONE', *, *, #5178, .T. ) ;
#155 = EDGE_CURVE ( 'NONE', #703, #8574, #6891, .T. ) ;
#156 = DIRECTION ( 'NONE',  ( -1.000000000000000000, 0.000000000000000000, 0.000000000000000000 ) ) ;
#157 = DIRECTION ( 'NONE',  ( 1.000000000000000000, 0.000000000000000000, 0.000000000000000000 ) ) ;
#158 = CIRCLE ( 'NONE', #2876, 0.6500000000000000222 ) ;
#159 = VERTEX_POINT ( 'NONE', #10204 ) ;
#160 = PLANE ( 'NONE',  #1872 ) ;
#161 = DIRECTION ( 'NONE',  ( -0.8386705679454169449, -0.5446390350150380755, -0.000000000000000000 ) ) ;
#162 = ORIENTED_EDGE ( 'NONE', *, *, #3960, .T. ) ;
#163 = FACE_OUTER_BOUND ( 'NONE', #4061, .T. ) ;
#164 = CARTESIAN_POINT ( 'NONE',  ( -2.913118136215000042, 1.068025333110999897, -4.712832436841999595 ) ) ;
#165 = CARTESIAN_POINT ( 'NONE',  ( -2.040000000000000036, -2.770000000000000018, 2.200000000000000178 ) ) ;
#166 = CARTESIAN_POINT ( 'NONE',  ( 0.000000000000000000, 0.000000000000000000, -7.086186982385999755 ) ) ;
#167 = ADVANCED_FACE ( 'NONE', ( #9510 ), #5283, .T. ) ;
#168 = CARTESIAN_POINT ( 'NONE',  ( 0.4454106905933000182, 2.800255829325999812, -7.242032261431999629 ) ) ;
#169 = ORIENTED_EDGE ( 'NONE', *, *, #2760, .T. ) ;
#170 = CARTESIAN_POINT ( 'NONE',  ( 2.040000000000000036, 2.770000000000000018, 0.5000000000000000000 ) ) ;
#171 = AXIS2_PLACEMENT_3D ( 'NONE', #4112, #1575, #3321 ) ;
#172 = FACE_OUTER_BOUND ( 'NONE', #9190, .T. ) ;
#173 = DIRECTION ( 'NONE',  ( -1.000000000000000000, 0.000000000000000000, 0.000000000000000000 ) ) ;
#174 = DIRECTION ( 'NONE',  ( -0.000000000000000000, -0.000000000000000000, -1.000000000000000000 ) ) ;
#175 = CARTESIAN_POINT ( 'NONE',  ( 3.500000000000000000, 3.299999999999999822, -1.300000000000000266 ) ) ;
#176 = CARTESIAN_POINT ( 'NONE',  ( 0.3659786317995751825, 2.304535641530546020, -7.169999999999999041 ) ) ;
#177 = VERTEX_POINT ( 'NONE', #3682 ) ;
#178 = DIRECTION ( 'NONE',  ( 1.000000000000000000, 0.000000000000000000, 0.000000000000000000 ) ) ;
#179 = AXIS2_PLACEMENT_3D ( 'NONE', #6093, #2898, #3683 ) ;
#180 = CARTESIAN_POINT ( 'NONE',  ( 2.040000000000000036, 3.500000000000000000, 0.000000000000000000 ) ) ;
#181 = DIRECTION ( 'NONE',  ( -0.000000000000000000, -0.000000000000000000, -1.000000000000000000 ) ) ;
#182 = CARTESIAN_POINT ( 'NONE',  ( 2.805116417527163897, 0.3658491052192764936, -8.169407419958108818 ) ) ;
#183 = ORIENTED_EDGE ( 'NONE', *, *, #2254, .F. ) ;
#184 = FACE_OUTER_BOUND ( 'NONE', #4821, .T. ) ;
#185 = CARTESIAN_POINT ( 'NONE',  ( 0.000000000000000000, 0.000000000000000000, -4.070000000000005613 ) ) ;
#186 = AXIS2_PLACEMENT_3D ( 'NONE', #6724, #174, #4104 ) ;
#187 = CARTESIAN_POINT ( 'NONE',  ( 3.404397331752656797, -3.478445380721962188, -1.300000000000000266 ) ) ;
#188 = CARTESIAN_POINT ( 'NONE',  ( -2.079290649399999857, -2.155887579044000191, -8.112724490197999572 ) ) ;
#189 = EDGE_CURVE ( 'NONE', #5418, #7473, #6255, .T. ) ;
#190 = ORIENTED_EDGE ( 'NONE', *, *, #9582, .F. ) ;
#191 = CARTESIAN_POINT ( 'NONE',  ( -1.722209663580793526, -2.143739605429771267, -8.248814353859520665 ) ) ;
#192 = CARTESIAN_POINT ( 'NONE',  ( 0.6738623340140251772, -0.03917339399606106082, -4.370000000000000107 ) ) ;
#193 = AXIS2_PLACEMENT_3D ( 'NONE', #7387, #5792, #307 ) ;
#194 = CIRCLE ( 'NONE', #1561, 3.115000000036616257 ) ;
#195 = CARTESIAN_POINT ( 'NONE',  ( 0.3643944005386686724, -0.5681916233596413512, -3.919999999999999929 ) ) ;
#196 = CARTESIAN_POINT ( 'NONE',  ( -0.9772389561283000292, -2.518684353257000019, -6.190805881841000335 ) ) ;
#197 = DIRECTION ( 'NONE',  ( -0.000000000000000000, -0.000000000000000000, -1.000000000000000000 ) ) ;
#198 = EDGE_CURVE ( 'NONE', #177, #5671, #7012, .T. ) ;
#199 = ADVANCED_FACE ( 'NONE', ( #3000 ), #7797, .F. ) ;
#200 = ORIENTED_EDGE ( 'NONE', *, *, #7361, .T. ) ;
#201 = ORIENTED_EDGE ( 'NONE', *, *, #2965, .F. ) ;
#202 = DIRECTION ( 'NONE',  ( -0.000000000000000000, -0.000000000000000000, -1.000000000000000000 ) ) ;
#203 = CARTESIAN_POINT ( 'NONE',  ( 2.756679201198000140, -0.8047020162675000421, -7.323174173906999762 ) ) ;
#204 = CARTESIAN_POINT ( 'NONE',  ( -0.1322074841943000068, 2.868683879909000201, -7.835688384464018164 ) ) ;
#205 = ORIENTED_EDGE ( 'NONE', *, *, #1867, .T. ) ;
#206 = CARTESIAN_POINT ( 'NONE',  ( 2.504909670381813669, -1.920760350612194634, -6.318409843956332317 ) ) ;
#207 = CARTESIAN_POINT ( 'NONE',  ( 0.4349999999999996092, 0.000000000000000000, -11.36999999999999922 ) ) ;
#208 = PLANE ( 'NONE',  #303 ) ;
#209 = COLOUR_RGB ( '',1.000000000000000000, 0.8078431372549019773, 0.4980392156862745168 ) ;
#210 = VERTEX_POINT ( 'NONE', #2008 ) ;
#211 = EDGE_LOOP ( 'NONE', ( #10156, #8118, #631, #9362 ) ) ;
#212 = EDGE_CURVE ( 'NONE', #468, #316, #1203, .T. ) ;
#213 = LINE ( 'NONE', #8357, #10017 ) ;
#214 = VERTEX_POINT ( 'NONE', #8854 ) ;
#215 = DIRECTION ( 'NONE',  ( -0.8660254037844438146, 0.4999999999999908407, -0.000000000000000000 ) ) ;
#216 = CARTESIAN_POINT ( 'NONE',  ( 2.195121513758000020, -1.711574681466000003, -5.277728084151000587 ) ) ;
#217 = CARTESIAN_POINT ( 'NONE',  ( 0.6254863983062343147, -0.1768241090289858763, -4.070000000000004725 ) ) ;
#218 = CARTESIAN_POINT ( 'NONE',  ( 3.115000000000000657, 3.717925209154062369E-16, -6.359305694421650834 ) ) ;
#219 = CARTESIAN_POINT ( 'NONE',  ( -2.497899616911000376, -1.938429601720000006, -7.151202461265000032 ) ) ;
#220 = VERTEX_POINT ( 'NONE', #8043 ) ;
#221 = CARTESIAN_POINT ( 'NONE',  ( -2.773716823285687916, -1.316488080582052911, -7.923351264518412762 ) ) ;
#222 = CARTESIAN_POINT ( 'NONE',  ( -2.943258961540037077, -1.020024590842493417, -7.381604888626967842 ) ) ;
#223 = EDGE_CURVE ( 'NONE', #9835, #9050, #4650, .T. ) ;
#224 = EDGE_CURVE ( 'NONE', #8280, #7372, #10416, .T. ) ;
#225 = LINE ( 'NONE', #4213, #9975 ) ;
#226 = CARTESIAN_POINT ( 'NONE',  ( 0.4770359960578690606, -0.4415163173259586404, -3.919999999999999929 ) ) ;
#227 = DIRECTION ( 'NONE',  ( -1.000000000000000000, 0.000000000000000000, 0.000000000000000000 ) ) ;
#228 = LINE ( 'NONE', #9499, #8454 ) ;
#229 = CARTESIAN_POINT ( 'NONE',  ( 1.757617266068095541, 1.530376636773729704, -7.169999999999999041 ) ) ;
#230 = ORIENTED_EDGE ( 'NONE', *, *, #783, .F. ) ;
#231 = CARTESIAN_POINT ( 'NONE',  ( -1.912062594791000159, -2.041691400895000008, -4.838503007364000297 ) ) ;
#232 = ORIENTED_EDGE ( 'NONE', *, *, #2183, .T. ) ;
#233 = CARTESIAN_POINT ( 'NONE',  ( 1.490275795879455023, 1.939192092737911599, -9.099999999932606443 ) ) ;
#234 = CARTESIAN_POINT ( 'NONE',  ( -0.6182000847280668676, 0.2710233481495848973, -4.219999999999999751 ) ) ;
#235 = ORIENTED_EDGE ( 'NONE', *, *, #3802, .T. ) ;
#236 = CARTESIAN_POINT ( 'NONE',  ( -0.5402312602579596446, -0.3614556479571132686, -4.370000000000000107 ) ) ;
#237 = CARTESIAN_POINT ( 'NONE',  ( 0.000000000000000000, 0.000000000000000000, -4.370000000000000107 ) ) ;
#238 = CARTESIAN_POINT ( 'NONE',  ( 0.1264134477686998104, 0.6375889273060113549, -3.919999999999999929 ) ) ;
#239 = FACE_BOUND ( 'NONE', #1908, .T. ) ;
#240 = CARTESIAN_POINT ( 'NONE',  ( -0.1632776345461489920, -2.722042220262371526, -6.182808499693081217 ) ) ;
#241 = CARTESIAN_POINT ( 'NONE',  ( 2.179344735240522635, 1.656431715989506559, -7.338735124282248279 ) ) ;
#242 =( GEOMETRIC_REPRESENTATION_CONTEXT ( 3 ) GLOBAL_UNCERTAINTY_ASSIGNED_CONTEXT ( ( #2954 ) ) GLOBAL_UNIT_ASSIGNED_CONTEXT ( ( #8258, #4902, #918 ) ) REPRESENTATION_CONTEXT ( 'NONE', 'WORKASPACE' ) );
#243 = VERTEX_POINT ( 'NONE', #7206 ) ;
#244 = DIRECTION ( 'NONE',  ( -0.000000000000000000, -0.000000000000000000, -1.000000000000000000 ) ) ;
#245 = CARTESIAN_POINT ( 'NONE',  ( -0.8151276867215344613, -3.033407903802932903, -5.153929864915841819 ) ) ;
#246 = ADVANCED_FACE ( 'NONE', ( #10462 ), #3154, .T. ) ;
#247 = AXIS2_PLACEMENT_3D ( 'NONE', #347, #2786, #565 ) ;
#248 = CARTESIAN_POINT ( 'NONE',  ( 0.9040412583314000328, -2.666141118484000483, -6.112491425954000412 ) ) ;
#249 = ORIENTED_EDGE ( 'NONE', *, *, #8250, .F. ) ;
#250 = ORIENTED_EDGE ( 'NONE', *, *, #8201, .F. ) ;
#251 = CARTESIAN_POINT ( 'NONE',  ( -0.1322074841943000068, 2.868683879909000201, -7.815586148979999592 ) ) ;
#252 = LINE ( 'NONE', #3489, #9524 ) ;
#253 = ORIENTED_EDGE ( 'NONE', *, *, #9769, .F. ) ;
#254 = DIRECTION ( 'NONE',  ( 0.000000000000000000, 0.000000000000000000, 1.000000000000000000 ) ) ;
#255 = CARTESIAN_POINT ( 'NONE',  ( 0.6350000000000000089, 0.000000000000000000, -11.36999999999999922 ) ) ;
#256 = AXIS2_PLACEMENT_3D ( 'NONE', #2264, #8957, #6406 ) ;
#257 = CARTESIAN_POINT ( 'NONE',  ( -2.770000000000000018, 2.770000000000000018, 0.5000000000000000000 ) ) ;
#258 = ORIENTED_EDGE ( 'NONE', *, *, #3711, .T. ) ;
#259 = CARTESIAN_POINT ( 'NONE',  ( 2.953668076863485314, 0.7778515858206904721, -4.754910138547410625 ) ) ;
#260 = VECTOR ( 'NONE', #10547, 1000.000000000000000 ) ;
#261 = ORIENTED_EDGE ( 'NONE', *, *, #2780, .F. ) ;
#262 = LINE ( 'NONE', #3499, #8131 ) ;
#263 = CARTESIAN_POINT ( 'NONE',  ( 2.446845170880000087, -1.907848024673000076, -5.100759646353999699 ) ) ;
#264 = DIRECTION ( 'NONE',  ( -0.000000000000000000, -0.000000000000000000, -1.000000000000000000 ) ) ;
#265 = CARTESIAN_POINT ( 'NONE',  ( -2.028420765420533342E-14, 2.424999999951432894, -9.099999999966303932 ) ) ;
#266 = EDGE_CURVE ( 'NONE', #3474, #2294, #7730, .T. ) ;
#267 = EDGE_CURVE ( 'NONE', #6838, #9938, #9747, .T. ) ;
#268 = AXIS2_PLACEMENT_3D ( 'NONE', #6574, #5879, #8273 ) ;
#269 = ORIENTED_EDGE ( 'NONE', *, *, #409, .F. ) ;
#270 = CARTESIAN_POINT ( 'NONE',  ( -2.979537812903999772, -0.6728801800367404384, -7.939159517055337290 ) ) ;
#271 = PLANE ( 'NONE',  #326 ) ;
#272 = CARTESIAN_POINT ( 'NONE',  ( -0.1168371002678000037, 2.689356106343999908, -4.285889866084000133 ) ) ;
#273 = DIRECTION ( 'NONE',  ( -0.000000000000000000, -0.000000000000000000, -1.000000000000000000 ) ) ;
#274 = CARTESIAN_POINT ( 'NONE',  ( -0.8153463802645012359, 3.033924442349370310, -6.038795311682676470 ) ) ;
#275 = ORIENTED_EDGE ( 'NONE', *, *, #3908, .T. ) ;
#276 = CARTESIAN_POINT ( 'NONE',  ( 0.02511620569689576241, -0.6495145696682955716, -4.070000000000005613 ) ) ;
#277 = CARTESIAN_POINT ( 'NONE',  ( 0.6132461362433431207, 2.245035026969427694, -7.170000000000000817 ) ) ;
#278 = CIRCLE ( 'NONE', #6573, 0.6500000000000000222 ) ;
#279 = VERTEX_POINT ( 'NONE', #6358 ) ;
#280 = PLANE ( 'NONE',  #4055 ) ;
#281 = ADVANCED_FACE ( 'NONE', ( #10521 ), #1678, .T. ) ;
#282 = EDGE_CURVE ( 'NONE', #7618, #4018, #3902, .T. ) ;
#283 = CARTESIAN_POINT ( 'NONE',  ( 2.821258280587000566, 0.8877730065982001317, -5.337681001144000348 ) ) ;
#284 = LINE ( 'NONE', #6785, #5429 ) ;
#285 = ORIENTED_EDGE ( 'NONE', *, *, #5914, .F. ) ;
#286 = AXIS2_PLACEMENT_3D ( 'NONE', #7819, #7912, #531 ) ;
#287 = CARTESIAN_POINT ( 'NONE',  ( -3.500000000000000000, 3.299999999999999822, -1.300000000000000266 ) ) ;
#288 = AXIS2_PLACEMENT_3D ( 'NONE', #6515, #3156, #4106 ) ;
#289 = LINE ( 'NONE', #8218, #9624 ) ;
#290 = DIRECTION ( 'NONE',  ( 0.8910065241883641241, 0.4539904997395541875, 0.000000000000000000 ) ) ;
#291 = PLANE ( 'NONE',  #7831 ) ;
#292 = LINE ( 'NONE', #1149, #7162 ) ;
#293 = PLANE ( 'NONE',  #3196 ) ;
#294 = VERTEX_POINT ( 'NONE', #9662 ) ;
#295 = VECTOR ( 'NONE', #10270, 1000.000000000000000 ) ;
#296 = VECTOR ( 'NONE', #4960, 1000.000000000000114 ) ;
#297 = EDGE_LOOP ( 'NONE', ( #568, #3261, #3757, #5345 ) ) ;
#298 = DIRECTION ( 'NONE',  ( -0.000000000000000000, 0.000000000000000000, -1.000000000000000000 ) ) ;
#299 = EDGE_CURVE ( 'NONE', #3518, #8995, #3507, .T. ) ;
#300 = CARTESIAN_POINT ( 'NONE',  ( 0.02511620569689576241, 0.6495145696682955716, -4.370000000000000107 ) ) ;
#301 = CARTESIAN_POINT ( 'NONE',  ( -0.3172521472106138996, -0.5673192003539585526, -4.070000000000005613 ) ) ;
#302 = VERTEX_POINT ( 'NONE', #8101 ) ;
#303 = AXIS2_PLACEMENT_3D ( 'NONE', #4249, #6700, #9952 ) ;
#304 = VECTOR ( 'NONE', #9652, 1000.000000000000000 ) ;
#305 = CARTESIAN_POINT ( 'NONE',  ( -1.887820988559000268, -2.088446813353999953, -5.479082023199000950 ) ) ;
#306 = ORIENTED_EDGE ( 'NONE', *, *, #5461, .T. ) ;
#307 = DIRECTION ( 'NONE',  ( -1.000000000000000000, 0.000000000000000000, 0.000000000000000000 ) ) ;
#308 = CARTESIAN_POINT ( 'NONE',  ( 2.774260047115999939, -0.7418369514553999622, -8.026619852581999837 ) ) ;
#309 = DIRECTION ( 'NONE',  ( 0.1045284632676459352, 0.9945218953682740670, 0.000000000000000000 ) ) ;
#310 = ORIENTED_EDGE ( 'NONE', *, *, #3088, .F. ) ;
#311 = CARTESIAN_POINT ( 'NONE',  ( -0.5041923985042210399, -0.4487928534308017192, -4.370000000000000107 ) ) ;
#312 = AXIS2_PLACEMENT_3D ( 'NONE', #9473, #9317, #3606 ) ;
#313 = CARTESIAN_POINT ( 'NONE',  ( 3.040000000000000036, 2.540000000000000036, 4.400000000000000355 ) ) ;
#314 = EDGE_CURVE ( 'NONE', #3656, #868, #1567, .T. ) ;
#315 = DIRECTION ( 'NONE',  ( 1.000000000000000000, 0.000000000000000000, 0.000000000000000000 ) ) ;
#316 = VERTEX_POINT ( 'NONE', #10363 ) ;
#317 = ORIENTED_EDGE ( 'NONE', *, *, #3071, .T. ) ;
#318 = VECTOR ( 'NONE', #7860, 1000.000000000000000 ) ;
#319 = DIRECTION ( 'NONE',  ( -0.000000000000000000, -0.000000000000000000, -1.000000000000000000 ) ) ;
#320 = ORIENTED_EDGE ( 'NONE', *, *, #7701, .F. ) ;
#321 = CARTESIAN_POINT ( 'NONE',  ( -0.3408308473997790911, -0.5826313872945301231, -4.220000000000000639 ) ) ;
#322 = CARTESIAN_POINT ( 'NONE',  ( 2.278808832153000008, 2.149010457087999981, -4.146904234622000196 ) ) ;
#323 = DIRECTION ( 'NONE',  ( -0.000000000000000000, -0.000000000000000000, -1.000000000000000000 ) ) ;
#324 = CARTESIAN_POINT ( 'NONE',  ( 0.6162654426528408891, -0.2315967326876658960, -4.119991299149685204 ) ) ;
#325 = EDGE_CURVE ( 'NONE', #9415, #4863, #4744, .T. ) ;
#326 = AXIS2_PLACEMENT_3D ( 'NONE', #10021, #6721, #4309 ) ;
#327 = ORIENTED_EDGE ( 'NONE', *, *, #361, .F. ) ;
#328 = CARTESIAN_POINT ( 'NONE',  ( -2.893618428882000160, 0.6120552111335999523, -5.748358210655999834 ) ) ;
#329 = CARTESIAN_POINT ( 'NONE',  ( -0.06672418922078952874, 0.6716940394054636831, -4.220000000000000639 ) ) ;
#330 = DIRECTION ( 'NONE',  ( -0.000000000000000000, -0.000000000000000000, -1.000000000000000000 ) ) ;
#331 = CARTESIAN_POINT ( 'NONE',  ( 0.6254863983062306509, 0.1768241090289989770, -4.370000000000000107 ) ) ;
#332 = EDGE_CURVE ( 'NONE', #8321, #1523, #3109, .T. ) ;
#333 = VERTEX_POINT ( 'NONE', #760 ) ;
#334 = EDGE_CURVE ( 'NONE', #4072, #8289, #1618, .T. ) ;
#335 = AXIS2_PLACEMENT_3D ( 'NONE', #8267, #4963, #8214 ) ;
#336 = FACE_OUTER_BOUND ( 'NONE', #10018, .T. ) ;
#337 = CARTESIAN_POINT ( 'NONE',  ( -1.568770875307216484, 2.721845871696344510, -7.421381012202987293 ) ) ;
#338 = B_SPLINE_CURVE_WITH_KNOTS ( 'NONE', 3,
 ( #7704, #7907, #6048, #3758 ),
 .UNSPECIFIED., .F., .F.,
 ( 4, 4 ),
 ( 2.034489225205992533E-07, 0.0001528154345947981029 ),
 .UNSPECIFIED. ) ;
#339 = ORIENTED_EDGE ( 'NONE', *, *, #1600, .T. ) ;
#340 = CARTESIAN_POINT ( 'NONE',  ( -0.6594379015382941800, 0.1441063982436992519, -4.220000000000000639 ) ) ;
#341 = CARTESIAN_POINT ( 'NONE',  ( 2.888108086659999962, -0.6375506856713001325, -5.396349173931000998 ) ) ;
#342 = CARTESIAN_POINT ( 'NONE',  ( -0.2720018533266470029, -0.5995290936948541871, -4.119991299149685204 ) ) ;
#343 = ORIENTED_EDGE ( 'NONE', *, *, #6715, .F. ) ;
#344 = AXIS2_PLACEMENT_3D ( 'NONE', #3072, #9623, #5413 ) ;
#345 = LINE ( 'NONE', #3525, #2846 ) ;
#346 = CARTESIAN_POINT ( 'NONE',  ( 0.6350000000000000089, 0.000000000000000000, -6.950000000000000178 ) ) ;
#347 = CARTESIAN_POINT ( 'NONE',  ( 0.000000000000000000, 0.000000000000000000, -3.919999999999999929 ) ) ;
#348 = CYLINDRICAL_SURFACE ( 'NONE', #9381, 0.6500000000000000222 ) ;
#349 = EDGE_CURVE ( 'NONE', #7623, #10533, #8758, .T. ) ;
#350 = DIRECTION ( 'NONE',  ( 1.000000000000000000, 0.000000000000000000, -0.000000000000000000 ) ) ;
#351 = CARTESIAN_POINT ( 'NONE',  ( 3.108246490907693893, -0.2042122567729540428, -4.840110952191755800 ) ) ;
#352 = ORIENTED_EDGE ( 'NONE', *, *, #1049, .F. ) ;
#353 = VECTOR ( 'NONE', #8050, 1000.000000000000000 ) ;
#354 = ORIENTED_EDGE ( 'NONE', *, *, #10427, .T. ) ;
#355 = DIRECTION ( 'NONE',  ( 0.000000000000000000, 0.000000000000000000, 1.000000000000000000 ) ) ;
#356 = FACE_OUTER_BOUND ( 'NONE', #6217, .T. ) ;
#357 = ORIENTED_EDGE ( 'NONE', *, *, #9798, .T. ) ;
#358 = VECTOR ( 'NONE', #7059, 1000.000000000000114 ) ;
#359 = CARTESIAN_POINT ( 'NONE',  ( 1.869329327256999962, 2.105014501059999876, -5.831091059923999786 ) ) ;
#360 = DIRECTION ( 'NONE',  ( -0.000000000000000000, -0.000000000000000000, -1.000000000000000000 ) ) ;
#361 = EDGE_CURVE ( 'NONE', #7171, #3302, #2469, .T. ) ;
#362 = ORIENTED_EDGE ( 'NONE', *, *, #76, .T. ) ;
#363 = CARTESIAN_POINT ( 'NONE',  ( 1.627950411608000136, 2.365714059351999854, -7.229335041863000022 ) ) ;
#364 = CARTESIAN_POINT ( 'NONE',  ( -3.114979492752531165, -1.419137677822330057E-07, -7.303675650587218016 ) ) ;
#365 = ORIENTED_EDGE ( 'NONE', *, *, #1917, .T. ) ;
#366 = VECTOR ( 'NONE', #6152, 1000.000000000000000 ) ;
#367 = CARTESIAN_POINT ( 'NONE',  ( -0.02511620569689576241, 0.6495145696682955716, -4.070000000000005613 ) ) ;
#368 = CARTESIAN_POINT ( 'NONE',  ( -3.299999999999999822, 3.500000000000000000, 0.4999999999999500400 ) ) ;
#369 = PLANE ( 'NONE',  #7121 ) ;
#370 = ORIENTED_EDGE ( 'NONE', *, *, #3692, .F. ) ;
#371 = EDGE_LOOP ( 'NONE', ( #2551, #8189, #2845, #8937 ) ) ;
#372 = AXIS2_PLACEMENT_3D ( 'NONE', #1441, #686, #6287 ) ;
#373 = DIRECTION ( 'NONE',  ( 0.9945218953682728458, 0.1045284632676583558, -0.000000000000000000 ) ) ;
#374 = ORIENTED_EDGE ( 'NONE', *, *, #9140, .F. ) ;
#375 = DIRECTION ( 'NONE',  ( -0.000000000000000000, -0.000000000000000000, -1.000000000000000000 ) ) ;
#376 = CARTESIAN_POINT ( 'NONE',  ( -2.631381511845555021, 0.6168381398578481889, -7.790328885962728656 ) ) ;
#377 = CARTESIAN_POINT ( 'NONE',  ( 0.5681916233596480126, -0.3643944005386582363, -4.219999999999999751 ) ) ;
#378 = DIRECTION ( 'NONE',  ( 0.000000000000000000, 0.000000000000000000, -1.000000000000000000 ) ) ;
#379 = VERTEX_POINT ( 'NONE', #4689 ) ;
#380 = CARTESIAN_POINT ( 'NONE',  ( -1.528732272909000267, -2.733898356715000144, -6.488729803770000970 ) ) ;
#381 = CARTESIAN_POINT ( 'NONE',  ( 0.2010073282838749920, 3.115136839822991277, -6.190855760255132623 ) ) ;
#382 = EDGE_CURVE ( 'NONE', #4752, #2078, #6544, .T. ) ;
#383 = CARTESIAN_POINT ( 'NONE',  ( 0.3172521472106099583, 0.5673192003539606620, -4.370000000000000107 ) ) ;
#384 = CARTESIAN_POINT ( 'NONE',  ( 3.115000000000000657, 3.717925209154062369E-16, -6.359305694421650834 ) ) ;
#385 = CIRCLE ( 'NONE', #10426, 0.6750000000000000444 ) ;
#386 = ORIENTED_EDGE ( 'NONE', *, *, #9799, .F. ) ;
#387 = CARTESIAN_POINT ( 'NONE',  ( -1.528570254953999896, -2.733987686389999894, -5.877647190693000567 ) ) ;
#388 = CARTESIAN_POINT ( 'NONE',  ( 1.536037890117822435, 2.665048484457202438, -3.300000000024283953 ) ) ;
#389 = ORIENTED_EDGE ( 'NONE', *, *, #1128, .F. ) ;
#390 = CARTESIAN_POINT ( 'NONE',  ( 0.000000000000000000, 0.000000000000000000, -4.370000000000000107 ) ) ;
#391 = CARTESIAN_POINT ( 'NONE',  ( -0.7001755906609171687, 2.605376910087784825, -3.300000000000000266 ) ) ;
#392 = CARTESIAN_POINT ( 'NONE',  ( 0.6502799509555999835, 2.885268649947999808, -5.220344655567999759 ) ) ;
#393 = EDGE_CURVE ( 'NONE', #859, #8403, #3139, .T. ) ;
#394 = ORIENTED_EDGE ( 'NONE', *, *, #9419, .F. ) ;
#395 = EDGE_CURVE ( 'NONE', #6163, #2650, #7157, .T. ) ;
#396 = CARTESIAN_POINT ( 'NONE',  ( 0.5901242379057490828, -0.2724947409330293335, -4.070000000000004725 ) ) ;
#397 = CARTESIAN_POINT ( 'NONE',  ( 0.000000000000000000, 0.000000000000000000, -3.919999999999999929 ) ) ;
#398 = DIRECTION ( 'NONE',  ( 1.000000000000000000, 0.000000000000000000, 0.000000000000000000 ) ) ;
#399 = LINE ( 'NONE', #2161, #3977 ) ;
#400 = DIRECTION ( 'NONE',  ( -0.000000000000000000, -0.000000000000000000, -1.000000000000000000 ) ) ;
#401 = CARTESIAN_POINT ( 'NONE',  ( -3.115000000000002434, 2.605062131780113328E-15, -6.006318024332016670 ) ) ;
#402 = DIRECTION ( 'NONE',  ( -0.000000000000000000, -0.000000000000000000, -1.000000000000000000 ) ) ;
#403 = UNCERTAINTY_MEASURE_WITH_UNIT (LENGTH_MEASURE( 1.000000000000000082E-05 ), #8959, 'distance_accuracy_value', 'NONE');
#404 = VERTEX_POINT ( 'NONE', #1031 ) ;
#405 = CARTESIAN_POINT ( 'NONE',  ( -1.776748929190000048, 2.233004008793999962, -7.775138247185999774 ) ) ;
#406 = ORIENTED_EDGE ( 'NONE', *, *, #3218, .T. ) ;
#407 = CARTESIAN_POINT ( 'NONE',  ( 0.000000000000000000, 0.000000000000000000, -4.219999999999999751 ) ) ;
#408 = EDGE_CURVE ( 'NONE', #1622, #3282, #3824, .T. ) ;
#409 = EDGE_CURVE ( 'NONE', #9938, #9789, #9924, .T. ) ;
#410 = DIRECTION ( 'NONE',  ( 0.9135454576425985351, 0.4067366430758054818, -0.000000000000000000 ) ) ;
#411 = ORIENTED_EDGE ( 'NONE', *, *, #8141, .T. ) ;
#412 = CARTESIAN_POINT ( 'NONE',  ( 1.906165913473000018, 2.071716604022999952, -5.220528336236000655 ) ) ;
#413 = ORIENTED_EDGE ( 'NONE', *, *, #6248, .F. ) ;
#414 = CARTESIAN_POINT ( 'NONE',  ( 2.096170349906467667, 1.744620690209832237, -4.509336093470145634 ) ) ;
#415 = CARTESIAN_POINT ( 'NONE',  ( -1.140027393769000197, -2.452483574887000195, -6.198360878034000265 ) ) ;
#416 = CARTESIAN_POINT ( 'NONE',  ( -2.043591244077000077E-14, 0.000000000000000000, -9.000000000014551915 ) ) ;
#417 = ORIENTED_EDGE ( 'NONE', *, *, #4093, .T. ) ;
#418 = DIRECTION ( 'NONE',  ( -0.000000000000000000, -0.000000000000000000, -1.000000000000000000 ) ) ;
#419 = PLANE ( 'NONE',  #4741 ) ;
#420 = EDGE_CURVE ( 'NONE', #4126, #1395, #5923, .T. ) ;
#421 = EDGE_CURVE ( 'NONE', #10060, #2451, #5011, .T. ) ;
#422 = CARTESIAN_POINT ( 'NONE',  ( 0.1441063982436922297, 0.6594379015382956233, -4.370000000000000107 ) ) ;
#423 = DIRECTION ( 'NONE',  ( 1.000000000000000000, 0.000000000000000000, 0.000000000000000000 ) ) ;
#424 = ORIENTED_EDGE ( 'NONE', *, *, #9767, .F. ) ;
#425 = CARTESIAN_POINT ( 'NONE',  ( -2.675776143166979537, -1.602053658717209839, -5.945725682348388830 ) ) ;
#426 = ORIENTED_EDGE ( 'NONE', *, *, #9475, .F. ) ;
#427 = CARTESIAN_POINT ( 'NONE',  ( -2.863868835328702289, -0.7707139341845489211, -4.665960724033762830 ) ) ;
#428 = CARTESIAN_POINT ( 'NONE',  ( 1.464618124394412080, 2.271382138538684980, -8.005373534381556411 ) ) ;
#429 = DIRECTION ( 'NONE',  ( 0.8386705679454296014, -0.5446390350150185355, 0.000000000000000000 ) ) ;
#430 = FACE_OUTER_BOUND ( 'NONE', #7321, .T. ) ;
#431 = VECTOR ( 'NONE', #8831, 1000.000000000000000 ) ;
#432 = CARTESIAN_POINT ( 'NONE',  ( -1.195092968021000290, -2.575421546774999904, -6.302908209934000361 ) ) ;
#433 = EDGE_CURVE ( 'NONE', #1712, #5944, #8584, .T. ) ;
#434 = ORIENTED_EDGE ( 'NONE', *, *, #5074, .F. ) ;
#435 = CARTESIAN_POINT ( 'NONE',  ( -1.355242079644999986, -2.655239649098000587, -6.395966795231000646 ) ) ;
#436 = CARTESIAN_POINT ( 'NONE',  ( 2.049999999999999822, 0.000000000000000000, -6.950000000000000178 ) ) ;
#437 = FACE_OUTER_BOUND ( 'NONE', #8723, .T. ) ;
#438 = ORIENTED_EDGE ( 'NONE', *, *, #4043, .F. ) ;
#439 = FACE_OUTER_BOUND ( 'NONE', #8727, .T. ) ;
#440 = CARTESIAN_POINT ( 'NONE',  ( -0.7001755906610763747, -2.605376910087743525, -3.300000000000000266 ) ) ;
#441 = EDGE_LOOP ( 'NONE', ( #5952, #5475 ) ) ;
#442 = CARTESIAN_POINT ( 'NONE',  ( -2.649766639402466595, 0.5309354404174870812, -7.080681546178016816 ) ) ;
#443 = DIRECTION ( 'NONE',  ( -0.000000000000000000, -0.000000000000000000, -1.000000000000000000 ) ) ;
#444 = EDGE_CURVE ( 'NONE', #2656, #1326, #9783, .T. ) ;
#445 = CARTESIAN_POINT ( 'NONE',  ( -2.021713423621999794, -2.158776037631000122, -4.927003791630999885 ) ) ;
#446 = CARTESIAN_POINT ( 'NONE',  ( 1.781274731157764579, 2.555365989631950718, -4.839913058324501804 ) ) ;
#447 = ORIENTED_EDGE ( 'NONE', *, *, #2229, .T. ) ;
#448 = DIRECTION ( 'NONE',  ( 0.000000000000000000, 0.000000000000000000, 1.000000000000000000 ) ) ;
#449 = CARTESIAN_POINT ( 'NONE',  ( 2.946831790888455593, -1.009913017997263296, -7.103146165194443640 ) ) ;
#450 = CARTESIAN_POINT ( 'NONE',  ( -2.574999999941874229, 2.207425855366395090E-16, -9.100000000039145220 ) ) ;
#451 = CARTESIAN_POINT ( 'NONE',  ( 3.175847953913999877, 1.049955585625000021, -6.313565474754000206 ) ) ;
#452 = VECTOR ( 'NONE', #8470, 1000.000000000000000 ) ;
#453 = CARTESIAN_POINT ( 'NONE',  ( -1.201589648309383307, -2.873756120790651014, -6.465891603755387962 ) ) ;
#454 = DIRECTION ( 'NONE',  ( -1.000000000000000000, 0.000000000000000000, 0.000000000000000000 ) ) ;
#455 = LINE ( 'NONE', #5286, #6243 ) ;
#456 = CARTESIAN_POINT ( 'NONE',  ( -2.268666516965999936E-14, 0.000000000000000000, -9.000000000128238753 ) ) ;
#457 = CARTESIAN_POINT ( 'NONE',  ( -0.5402312602579620870, 0.3614556479571094383, -4.370000000000000107 ) ) ;
#458 = ORIENTED_EDGE ( 'NONE', *, *, #3711, .F. ) ;
#459 = VERTEX_POINT ( 'NONE', #922 ) ;
#460 = VECTOR ( 'NONE', #4950, 1000.000000000000000 ) ;
#461 = VECTOR ( 'NONE', #1205, 1000.000000000000114 ) ;
#462 = DIRECTION ( 'NONE',  ( 0.000000000000000000, -1.000000000000000000, -0.000000000000000000 ) ) ;
#463 = EDGE_LOOP ( 'NONE', ( #2452, #5145, #5776, #770 ) ) ;
#464 = VECTOR ( 'NONE', #8603, 1000.000000000000114 ) ;
#465 = VERTEX_POINT ( 'NONE', #9182 ) ;
#466 = AXIS2_PLACEMENT_3D ( 'NONE', #5427, #7877, #7139 ) ;
#467 = EDGE_CURVE ( 'NONE', #10011, #4911, #1841, .T. ) ;
#468 = VERTEX_POINT ( 'NONE', #5868 ) ;
#469 = CARTESIAN_POINT ( 'NONE',  ( 0.6925467118243370246, -2.638256340361368579, -4.734972822398409775 ) ) ;
#470 = EDGE_CURVE ( 'NONE', #5588, #7311, #6570, .T. ) ;
#471 = CARTESIAN_POINT ( 'NONE',  ( 2.737675457149999936, -0.8671554172573000541, -6.619728495229000309 ) ) ;
#472 = ORIENTED_EDGE ( 'NONE', *, *, #8339, .F. ) ;
#473 = CARTESIAN_POINT ( 'NONE',  ( 2.040000000000000036, 2.040000000000000036, 4.400000000000000355 ) ) ;
#474 = VECTOR ( 'NONE', #6813, 1000.000000000000000 ) ;
#475 = DIRECTION ( 'NONE',  ( -1.000000000000000000, 0.000000000000000000, 0.000000000000000000 ) ) ;
#476 = AXIS2_PLACEMENT_3D ( 'NONE', #741, #2400, #3452 ) ;
#477 = ORIENTED_EDGE ( 'NONE', *, *, #2146, .T. ) ;
#478 = CARTESIAN_POINT ( 'NONE',  ( 0.1499999999999982181, 3.673940397442049021E-17, 2.299999999999999822 ) ) ;
#479 = ORIENTED_EDGE ( 'NONE', *, *, #5358, .T. ) ;
#480 = CARTESIAN_POINT ( 'NONE',  ( 2.325000000000000178, -1.898202538678397705E-16, -7.169999999999999929 ) ) ;
#481 = ORIENTED_EDGE ( 'NONE', *, *, #1518, .F. ) ;
#482 = DIRECTION ( 'NONE',  ( 0.000000000000000000, 0.000000000000000000, 1.000000000000000000 ) ) ;
#483 = EDGE_CURVE ( 'NONE', #48, #2451, #8316, .T. ) ;
#484 = COLOUR_RGB ( '',1.000000000000000000, 1.000000000000000000, 1.000000000000000000 ) ;
#485 = CARTESIAN_POINT ( 'NONE',  ( -0.5160233759785787244, 2.652269361213055898, -7.919355675014020157 ) ) ;
#486 = CIRCLE ( 'NONE', #5919, 0.6750000000000000444 ) ;
#487 = DIRECTION ( 'NONE',  ( 0.000000000000000000, 0.000000000000000000, 1.000000000000000000 ) ) ;
#488 = CARTESIAN_POINT ( 'NONE',  ( -0.6529864083220308091, 0.1709788014541409329, -4.370000000000000107 ) ) ;
#489 = ORIENTED_EDGE ( 'NONE', *, *, #3475, .F. ) ;
#490 = CIRCLE ( 'NONE', #10365, 0.6499999999999999112 ) ;
#491 = CARTESIAN_POINT ( 'NONE',  ( -2.198460608540000027, -2.432099272134999879, -5.808023433614000197 ) ) ;
#492 = EDGE_LOOP ( 'NONE', ( #1930, #3781, #7639, #1913 ) ) ;
#493 = CARTESIAN_POINT ( 'NONE',  ( -0.1441063982437017499, 0.6594379015382936249, -4.370000000000000107 ) ) ;
#494 = DIRECTION ( 'NONE',  ( -0.000000000000000000, -0.000000000000000000, -1.000000000000000000 ) ) ;
#495 = EDGE_LOOP ( 'NONE', ( #100, #6947, #9715, #2727 ) ) ;
#496 = CARTESIAN_POINT ( 'NONE',  ( -2.734952931240397067, 1.510079506246019498, -7.475258386365587704 ) ) ;
#497 = EDGE_CURVE ( 'NONE', #1395, #2962, #9121, .T. ) ;
#498 = ADVANCED_FACE ( 'NONE', ( #8261 ), #4214, .T. ) ;
#499 = DIRECTION ( 'NONE',  ( 1.000000000000000000, 0.000000000000000000, 0.000000000000000000 ) ) ;
#500 = DIRECTION ( 'NONE',  ( 0.000000000000000000, 0.000000000000000000, -1.000000000000000000 ) ) ;
#501 = LINE ( 'NONE', #8641, #5895 ) ;
#502 = ORIENTED_EDGE ( 'NONE', *, *, #4564, .T. ) ;
#503 = VECTOR ( 'NONE', #9296, 1000.000000000000000 ) ;
#504 = FACE_OUTER_BOUND ( 'NONE', #51, .T. ) ;
#505 = FACE_OUTER_BOUND ( 'NONE', #4929, .T. ) ;
#506 = CARTESIAN_POINT ( 'NONE',  ( 0.3330083229362682529, 0.5775513805099578013, -4.169991741848314781 ) ) ;
#507 = LINE ( 'NONE', #4476, #2654 ) ;
#508 = CARTESIAN_POINT ( 'NONE',  ( 0.000000000000000000, -0.000000000000000000, -4.370000000000000107 ) ) ;
#509 = CONICAL_SURFACE ( 'NONE', #4731, 3.117653505853468232, 0.7853981633974482790 ) ;
#510 = CARTESIAN_POINT ( 'NONE',  ( -1.833025101220000064, -2.599943784563000015, -6.683515452452000183 ) ) ;
#511 = DIRECTION ( 'NONE',  ( -0.6691306063588631226, 0.7431448254773898032, 0.000000000000000000 ) ) ;
#512 = DIRECTION ( 'NONE',  ( -1.000000000000000000, 0.000000000000000000, 0.000000000000000000 ) ) ;
#513 = CARTESIAN_POINT ( 'NONE',  ( -0.6750000000000000444, 0.000000000000000000, -4.219999999999999751 ) ) ;
#514 = PLANE ( 'NONE',  #1911 ) ;
#515 = UNCERTAINTY_MEASURE_WITH_UNIT (LENGTH_MEASURE( 1.000000000000000082E-05 ), #8905, 'distance_accuracy_value', 'NONE');
#516 = ORIENTED_EDGE ( 'NONE', *, *, #7510, .T. ) ;
#517 = CARTESIAN_POINT ( 'NONE',  ( -0.1389130417861000055, 3.014183396017999783, -7.756911108826000323 ) ) ;
#518 = ORIENTED_EDGE ( 'NONE', *, *, #3639, .T. ) ;
#519 = DIRECTION ( 'NONE',  ( -0.4539904997395446951, -0.8910065241883688980, 0.000000000000000000 ) ) ;
#520 = ORIENTED_EDGE ( 'NONE', *, *, #8115, .F. ) ;
#521 = CARTESIAN_POINT ( 'NONE',  ( -2.063290991665999830, 1.915282867169999959, -4.951068468110999987 ) ) ;
#522 = VECTOR ( 'NONE', #7116, 1000.000000000000000 ) ;
#523 = ORIENTED_EDGE ( 'NONE', *, *, #9834, .F. ) ;
#524 = EDGE_CURVE ( 'NONE', #6002, #4436, #4311, .T. ) ;
#525 = ORIENTED_EDGE ( 'NONE', *, *, #267, .T. ) ;
#526 = CARTESIAN_POINT ( 'NONE',  ( -0.1768241090289923989, 0.6254863983062325383, -3.919999999999999929 ) ) ;
#527 = CARTESIAN_POINT ( 'NONE',  ( -0.8310590062181999471, -2.559778706507000123, -6.184728240416999867 ) ) ;
#528 = VERTEX_POINT ( 'NONE', #1787 ) ;
#529 = CARTESIAN_POINT ( 'NONE',  ( 0.6287759193777713307, -0.2454910247048528171, -3.919999999999999929 ) ) ;
#530 = FACE_OUTER_BOUND ( 'NONE', #7318, .T. ) ;
#531 = DIRECTION ( 'NONE',  ( -1.000000000000000000, 0.000000000000000000, 0.000000000000000000 ) ) ;
#532 = AXIS2_PLACEMENT_3D ( 'NONE', #5988, #10090, #454 ) ;
#533 = FACE_OUTER_BOUND ( 'NONE', #211, .T. ) ;
#534 = ADVANCED_FACE ( 'NONE', ( #3513 ), #6774, .F. ) ;
#535 = EDGE_CURVE ( 'NONE', #8219, #3546, #120, .T. ) ;
#536 = CARTESIAN_POINT ( 'NONE',  ( 0.6254863983062343147, -0.1768241090289858763, -3.919999999999999929 ) ) ;
#537 = ORIENTED_EDGE ( 'NONE', *, *, #4609, .T. ) ;
#538 = CARTESIAN_POINT ( 'NONE',  ( 0.07679948071507344820, 0.6454470077100792347, -4.370000000000000107 ) ) ;
#539 = ORIENTED_EDGE ( 'NONE', *, *, #751, .F. ) ;
#540 = LINE ( 'NONE', #8569, #3538 ) ;
#541 = AXIS2_PLACEMENT_3D ( 'NONE', #9076, #7567, #2684 ) ;
#542 = CARTESIAN_POINT ( 'NONE',  ( -1.020918843874256465, 2.526906025337285033, -7.897851210172071923 ) ) ;
#543 = CARTESIAN_POINT ( 'NONE',  ( 0.000000000000000000, 0.000000000000000000, -4.370000000000000107 ) ) ;
#544 = CARTESIAN_POINT ( 'NONE',  ( -2.040000000000000036, -2.770000000000000018, 4.400000000000000355 ) ) ;
#545 = CARTESIAN_POINT ( 'NONE',  ( -2.513452013217131853, -0.9935746511876544229, -7.016168151652115270 ) ) ;
#546 = EDGE_LOOP ( 'NONE', ( #7259, #3916, #10529, #1971 ) ) ;
#547 = AXIS2_PLACEMENT_3D ( 'NONE', #165, #9916, #9960 ) ;
#548 = ADVANCED_FACE ( 'NONE', ( #2518 ), #4156, .F. ) ;
#549 = CARTESIAN_POINT ( 'NONE',  ( -0.6182000847280649802, -0.2710233481495893382, -4.220000000000000639 ) ) ;
#550 = ORIENTED_EDGE ( 'NONE', *, *, #282, .T. ) ;
#551 = CARTESIAN_POINT ( 'NONE',  ( -0.3172521472106179519, 0.5673192003539562212, -3.919999999999999929 ) ) ;
#552 = CARTESIAN_POINT ( 'NONE',  ( -2.040000000000000036, -2.040000000000000036, 0.000000000000000000 ) ) ;
#553 = CARTESIAN_POINT ( 'NONE',  ( 0.000000000000000000, 0.000000000000000000, -3.919999999999999929 ) ) ;
#554 = ORIENTED_EDGE ( 'NONE', *, *, #3802, .F. ) ;
#555 = CARTESIAN_POINT ( 'NONE',  ( 0.2454910247048638916, -0.6287759193777672229, -3.919999999999999929 ) ) ;
#556 = CARTESIAN_POINT ( 'NONE',  ( 0.2015117110644999987, 2.984801458704000154, -4.585518166956999764 ) ) ;
#557 = EDGE_LOOP ( 'NONE', ( #1014, #8866, #10277, #7590 ) ) ;
#558 = EDGE_CURVE ( 'NONE', #1988, #10094, #10119, .T. ) ;
#559 = EDGE_CURVE ( 'NONE', #6935, #7171, #3786, .T. ) ;
#560 = CARTESIAN_POINT ( 'NONE',  ( -2.215002499392669133, -1.585012537791301579, -4.770352133839175224 ) ) ;
#561 = VECTOR ( 'NONE', #5832, 1000.000000000000000 ) ;
#562 = CARTESIAN_POINT ( 'NONE',  ( 3.112391562532029976, -0.1618317240755478004, -7.071416946098614709 ) ) ;
#563 =( LENGTH_UNIT ( ) NAMED_UNIT ( * ) SI_UNIT ( .MILLI., .METRE. ) );
#564 = CARTESIAN_POINT ( 'NONE',  ( -2.730029865185000126, 0.8307109732073999497, -7.001348000642000358 ) ) ;
#565 = DIRECTION ( 'NONE',  ( -1.000000000000000000, 0.000000000000000000, 0.000000000000000000 ) ) ;
#566 = CARTESIAN_POINT ( 'NONE',  ( 2.040000000000000036, 2.770000000000000018, 2.200000000000000178 ) ) ;
#567 = CARTESIAN_POINT ( 'NONE',  ( 2.055589853820127821, 2.349471104751796879, -6.970059026609397357 ) ) ;
#568 = ORIENTED_EDGE ( 'NONE', *, *, #4600, .T. ) ;
#569 = CARTESIAN_POINT ( 'NONE',  ( -2.540000000000000036, -2.540000000000000036, 4.400000000000000355 ) ) ;
#570 = ORIENTED_EDGE ( 'NONE', *, *, #2558, .T. ) ;
#571 = CARTESIAN_POINT ( 'NONE',  ( 2.749038035952999781, -0.6068509322266001371, -5.244409332048999950 ) ) ;
#572 = EDGE_LOOP ( 'NONE', ( #2307, #275, #6053, #6874 ) ) ;
#573 = PLANE ( 'NONE',  #9331 ) ;
#574 = CARTESIAN_POINT ( 'NONE',  ( 2.726583466939000555, 0.9014258813332001186, -6.689933938432999661 ) ) ;
#575 = CARTESIAN_POINT ( 'NONE',  ( -2.049999999999999822, 1.506315562951244314E-16, -7.169999999999999929 ) ) ;
#576 = VERTEX_POINT ( 'NONE', #9540 ) ;
#577 = DIRECTION ( 'NONE',  ( -0.000000000000000000, -0.000000000000000000, -1.000000000000000000 ) ) ;
#578 = DIRECTION ( 'NONE',  ( -0.9781476007338024692, -0.2079116908177740530, 0.000000000000000000 ) ) ;
#579 = EDGE_CURVE ( 'NONE', #7393, #1229, #6286, .T. ) ;
#580 =( GEOMETRIC_REPRESENTATION_CONTEXT ( 3 ) GLOBAL_UNCERTAINTY_ASSIGNED_CONTEXT ( ( #9356 ) ) GLOBAL_UNIT_ASSIGNED_CONTEXT ( ( #7303, #4100, #4211 ) ) REPRESENTATION_CONTEXT ( 'NONE', 'WORKASPACE' ) );
#581 = DIRECTION ( 'NONE',  ( -1.000000000000000000, 0.000000000000000000, 0.000000000000000000 ) ) ;
#582 = VERTEX_POINT ( 'NONE', #1593 ) ;
#583 = ORIENTED_EDGE ( 'NONE', *, *, #9760, .T. ) ;
#584 = CARTESIAN_POINT ( 'NONE',  ( 2.325000000000000622, -0.1479154067587257482, -7.169999999999997264 ) ) ;
#585 = VERTEX_POINT ( 'NONE', #7187 ) ;
#586 = CARTESIAN_POINT ( 'NONE',  ( -0.7492446405518868868, -2.792122874019664192, -4.591402642945108248 ) ) ;
#587 = CARTESIAN_POINT ( 'NONE',  ( 0.6454470077100772363, 0.07679948071508978236, -3.919999999999999929 ) ) ;
#588 = DIRECTION ( 'NONE',  ( -1.000000000000000000, 0.000000000000000000, 0.000000000000000000 ) ) ;
#589 = DIRECTION ( 'NONE',  ( -0.6691306063588483566, -0.7431448254774030149, 0.000000000000000000 ) ) ;
#590 = EDGE_CURVE ( 'NONE', #5150, #1160, #2246, .T. ) ;
#591 = CARTESIAN_POINT ( 'NONE',  ( -2.479533603713258039, -1.074623148424517893, -6.306520811866461074 ) ) ;
#592 = ORIENTED_EDGE ( 'NONE', *, *, #4623, .T. ) ;
#593 = ORIENTED_EDGE ( 'NONE', *, *, #985, .T. ) ;
#594 = B_SPLINE_CURVE_WITH_KNOTS ( 'NONE', 3,
 ( #6780, #6566, #9881, #9820 ),
 .UNSPECIFIED., .F., .F.,
 ( 4, 4 ),
 ( 1.086223446153478348E-06, 0.0001536982091184087513 ),
 .UNSPECIFIED. ) ;
#595 = DIRECTION ( 'NONE',  ( -1.000000000000000000, 0.000000000000000000, 0.000000000000000000 ) ) ;
#596 = CARTESIAN_POINT ( 'NONE',  ( -0.2903478478641999816, 2.768346880396000298, -5.721073466451000122 ) ) ;
#597 = DIRECTION ( 'NONE',  ( -0.000000000000000000, -0.000000000000000000, -1.000000000000000000 ) ) ;
#598 = VERTEX_POINT ( 'NONE', #3183 ) ;
#599 = ADVANCED_FACE ( 'NONE', ( #4823 ), #10442, .T. ) ;
#600 = CARTESIAN_POINT ( 'NONE',  ( -1.935567215235000305, 2.072052913692000065, -7.845883372240000320 ) ) ;
#601 = AXIS2_PLACEMENT_3D ( 'NONE', #3223, #8910, #5615 ) ;
#602 = CARTESIAN_POINT ( 'NONE',  ( -0.1114956527627000010, 2.979017863963000057, -4.573732454720000007 ) ) ;
#603 = ORIENTED_EDGE ( 'NONE', *, *, #9260, .F. ) ;
#604 = CARTESIAN_POINT ( 'NONE',  ( -0.2703802420618931501, 2.710223597983149268, -5.711816598023887970 ) ) ;
#605 = CARTESIAN_POINT ( 'NONE',  ( 2.110783459153238617, -2.290745184945705226, -7.158807864282120903 ) ) ;
#606 = CARTESIAN_POINT ( 'NONE',  ( 1.710519982557000107, 2.485702969000000095, -7.123809998018001188 ) ) ;
#607 = CARTESIAN_POINT ( 'NONE',  ( -0.5221405368133826830, 0.4277782834789918831, -3.919999999999999929 ) ) ;
#608 = CARTESIAN_POINT ( 'NONE',  ( -3.355595555460809454, -3.500000000000000000, 0.5000000000000000000 ) ) ;
#609 = CYLINDRICAL_SURFACE ( 'NONE', #3249, 0.2000000000000000944 ) ;
#610 = ORIENTED_EDGE ( 'NONE', *, *, #10153, .F. ) ;
#611 = ADVANCED_FACE ( 'NONE', ( #3131 ), #9634, .T. ) ;
#612 = PLANE ( 'NONE',  #5730 ) ;
#613 = CARTESIAN_POINT ( 'NONE',  ( 0.6375889273060109108, -0.1264134477687020308, -3.919999999999999929 ) ) ;
#614 = ORIENTED_EDGE ( 'NONE', *, *, #2627, .T. ) ;
#615 = ORIENTED_EDGE ( 'NONE', *, *, #7298, .F. ) ;
#616 = CARTESIAN_POINT ( 'NONE',  ( 0.4982718110580960924, -2.682120838071579971, -5.449489130674264992 ) ) ;
#617 = EDGE_CURVE ( 'NONE', #8127, #1050, #6220, .T. ) ;
#618 = CARTESIAN_POINT ( 'NONE',  ( -1.654734186740000057, -2.347057801388999998, -6.924462206214999860 ) ) ;
#619 = AXIS2_PLACEMENT_3D ( 'NONE', #5010, #9876, #8368 ) ;
#620 = ORIENTED_EDGE ( 'NONE', *, *, #1835, .F. ) ;
#621 = CARTESIAN_POINT ( 'NONE',  ( 0.6287759193777660016, 0.2454910247048658900, -4.219999999999999751 ) ) ;
#622 = CARTESIAN_POINT ( 'NONE',  ( 0.4020945224431149989, 0.5107053896536076776, -4.370000000000000107 ) ) ;
#623 = CARTESIAN_POINT ( 'NONE',  ( -0.3408308473997790911, -0.5826313872945301231, -3.919999999999999929 ) ) ;
#624 =( NAMED_UNIT ( * ) SI_UNIT ( $, .STERADIAN. ) SOLID_ANGLE_UNIT ( ) );
#625 = VECTOR ( 'NONE', #6264, 1000.000000000000000 ) ;
#626 = AXIS2_PLACEMENT_3D ( 'NONE', #2422, #665, #4051 ) ;
#627 = CARTESIAN_POINT ( 'NONE',  ( 0.000000000000000000, 0.000000000000000000, -4.219999999999999751 ) ) ;
#628 = ORIENTED_EDGE ( 'NONE', *, *, #2273, .F. ) ;
#629 = VERTEX_POINT ( 'NONE', #2194 ) ;
#630 = CARTESIAN_POINT ( 'NONE',  ( -0.5826313872945265704, -0.3408308473997855859, -3.919999999999999929 ) ) ;
#631 = ORIENTED_EDGE ( 'NONE', *, *, #2296, .T. ) ;
#632 = CARTESIAN_POINT ( 'NONE',  ( 2.574999999953220264, -2.128747941071996155E-16, -9.100000000027776537 ) ) ;
#633 = DIRECTION ( 'NONE',  ( -0.1045284632676622971, 0.9945218953682722907, -0.000000000000000000 ) ) ;
#634 = CARTESIAN_POINT ( 'NONE',  ( -0.4861328560876009841, 0.4439538136245884670, -4.119991299149685204 ) ) ;
#635 = PRODUCT_RELATED_PRODUCT_CATEGORY ( 'part', '', ( #3549 ) ) ;
#636 = CARTESIAN_POINT ( 'NONE',  ( 0.3614556479571035541, 0.5402312602579660838, -3.919999999999999929 ) ) ;
#637 = CARTESIAN_POINT ( 'NONE',  ( 0.000000000000000000, 0.000000000000000000, -4.070000000000005613 ) ) ;
#638 = VECTOR ( 'NONE', #6508, 1000.000000000000000 ) ;
#639 = AXIS2_PLACEMENT_3D ( 'NONE', #2292, #10397, #4668 ) ;
#640 = ORIENTED_EDGE ( 'NONE', *, *, #7924, .F. ) ;
#641 = ORIENTED_EDGE ( 'NONE', *, *, #8364, .F. ) ;
#642 = VECTOR ( 'NONE', #3022, 1000.000000000000114 ) ;
#643 = VECTOR ( 'NONE', #5727, 1000.000000000000000 ) ;
#644 = CARTESIAN_POINT ( 'NONE',  ( 0.000000000000000000, 0.000000000000000000, -3.919999999999999929 ) ) ;
#645 = ORIENTED_EDGE ( 'NONE', *, *, #6387, .F. ) ;
#646 = CARTESIAN_POINT ( 'NONE',  ( 2.209669360954340966, 2.224907834467646506, -7.682967725489524113 ) ) ;
#647 = CARTESIAN_POINT ( 'NONE',  ( 2.294481502372000659, -2.319075852665999804, -5.732711673693000165 ) ) ;
#648 = CARTESIAN_POINT ( 'NONE',  ( 0.000000000000000000, 0.000000000000000000, -4.070000000000005613 ) ) ;
#649 = EDGE_CURVE ( 'NONE', #9417, #8764, #5422, .T. ) ;
#650 = CARTESIAN_POINT ( 'NONE',  ( -0.4606578085060000771, 2.963036572531000168, -8.001752175760000085 ) ) ;
#651 = CARTESIAN_POINT ( 'NONE',  ( 0.000000000000000000, -0.000000000000000000, -4.370000000000000107 ) ) ;
#652 = AXIS2_PLACEMENT_3D ( 'NONE', #6229, #9483, #9633 ) ;
#653 = CARTESIAN_POINT ( 'NONE',  ( -2.040000000000000036, 3.040000000000000036, 4.400000000000000355 ) ) ;
#654 = VERTEX_POINT ( 'NONE', #3878 ) ;
#655 = CARTESIAN_POINT ( 'NONE',  ( -1.693456784120711545, -2.133520211827799606, -5.445364391179274399 ) ) ;
#656 = ADVANCED_FACE ( 'NONE', ( #6230, #1440 ), #3973, .F. ) ;
#657 = CARTESIAN_POINT ( 'NONE',  ( 0.1790655254627487036, -3.110224223386498288, -7.236119108517142351 ) ) ;
#658 = SHAPE_REPRESENTATION_RELATIONSHIP ( 'NONE' , 'NONE' ,  #2082, #5521 ) ;
#659 = EDGE_CURVE ( 'NONE', #9857, #8448, #2342, .T. ) ;
#660 = CARTESIAN_POINT ( 'NONE',  ( 1.797123334584000087, -2.423828707816999994, -6.631398022943000292 ) ) ;
#661 = CARTESIAN_POINT ( 'NONE',  ( -0.6431635750227001624, -2.740769761884000122, -4.669668102080000160 ) ) ;
#662 = DIRECTION ( 'NONE',  ( -1.000000000000000000, 0.000000000000000000, 0.000000000000000000 ) ) ;
#663 = CARTESIAN_POINT ( 'NONE',  ( -3.033427527322958728, 0.8152983891115652693, -5.330464224179214838 ) ) ;
#664 = AXIS2_PLACEMENT_3D ( 'NONE', #2367, #4101, #5605 ) ;
#665 = DIRECTION ( 'NONE',  ( 0.5446390350150380755, -0.8386705679454169449, 0.000000000000000000 ) ) ;
#666 =( NAMED_UNIT ( * ) SI_UNIT ( $, .STERADIAN. ) SOLID_ANGLE_UNIT ( ) );
#667 = ORIENTED_EDGE ( 'NONE', *, *, #2474, .T. ) ;
#668 = DIRECTION ( 'NONE',  ( -0.000000000000000000, -0.000000000000000000, -1.000000000000000000 ) ) ;
#669 = CARTESIAN_POINT ( 'NONE',  ( 2.882802890203376212, -1.179753507762784981, -7.815504697198667472 ) ) ;
#670 = VERTEX_POINT ( 'NONE', #4717 ) ;
#671 = EDGE_CURVE ( 'NONE', #8423, #4954, #1630, .T. ) ;
#672 = ORIENTED_EDGE ( 'NONE', *, *, #10368, .T. ) ;
#673 = AXIS2_PLACEMENT_3D ( 'NONE', #5874, #6728, #7569 ) ;
#674 = DIRECTION ( 'NONE',  ( -0.000000000000000000, -0.000000000000000000, -1.000000000000000000 ) ) ;
#675 = ORIENTED_EDGE ( 'NONE', *, *, #4308, .T. ) ;
#676 = CARTESIAN_POINT ( 'NONE',  ( -2.748207155221999987, 0.7684407844373000174, -7.704793679317999633 ) ) ;
#677 = DIRECTION ( 'NONE',  ( 0.000000000000000000, 0.000000000000000000, -1.000000000000000000 ) ) ;
#678 = VECTOR ( 'NONE', #2181, 1000.000000000000000 ) ;
#679 = EDGE_CURVE ( 'NONE', #2851, #8712, #5698, .T. ) ;
#680 = FACE_OUTER_BOUND ( 'NONE', #3164, .T. ) ;
#681 = CARTESIAN_POINT ( 'NONE',  ( -0.5402312602579620870, 0.3614556479571094383, -3.919999999999999929 ) ) ;
#682 = ORIENTED_EDGE ( 'NONE', *, *, #6346, .F. ) ;
#683 = CYLINDRICAL_SURFACE ( 'NONE', #1520, 3.115000000000000213 ) ;
#684 = ORIENTED_EDGE ( 'NONE', *, *, #6511, .T. ) ;
#685 = CARTESIAN_POINT ( 'NONE',  ( 0.4415163173259669671, -0.4770359960578613445, -4.070000000000004725 ) ) ;
#686 = DIRECTION ( 'NONE',  ( 0.000000000000000000, 0.000000000000000000, -1.000000000000000000 ) ) ;
#687 = CARTESIAN_POINT ( 'NONE',  ( 0.5402312602579569800, 0.3614556479571172654, -3.919999999999999929 ) ) ;
#688 = AXIS2_PLACEMENT_3D ( 'NONE', #3115, #3956, #6261 ) ;
#689 = ORIENTED_EDGE ( 'NONE', *, *, #4144, .T. ) ;
#690 = ORIENTED_EDGE ( 'NONE', *, *, #6582, .F. ) ;
#691 = CIRCLE ( 'NONE', #6475, 0.6750000000000000444 ) ;
#692 = DIRECTION ( 'NONE',  ( -0.000000000000000000, -0.000000000000000000, -1.000000000000000000 ) ) ;
#693 = CARTESIAN_POINT ( 'NONE',  ( -1.869588125533261591, 2.393541625724667110, -4.749291769322866230 ) ) ;
#694 = ORIENTED_EDGE ( 'NONE', *, *, #212, .F. ) ;
#695 = DIRECTION ( 'NONE',  ( 0.8386705679454256046, -0.5446390350150246418, 0.000000000000000000 ) ) ;
#696 = CARTESIAN_POINT ( 'NONE',  ( -1.139431546633999925, -2.930805802425000106, -5.862020757263000093 ) ) ;
#697 = DIRECTION ( 'NONE',  ( 1.000000000000000000, -1.065814103640150279E-14, 0.000000000000000000 ) ) ;
#698 = CARTESIAN_POINT ( 'NONE',  ( -0.1464523057725000132, 3.177772962838000037, -7.668339402598999932 ) ) ;
#699 = CARTESIAN_POINT ( 'NONE',  ( 2.445327424878999789, 1.435343425177999954, -8.047167075842001083 ) ) ;
#700 = LINE ( 'NONE', #6698, #982 ) ;
#701 = AXIS2_PLACEMENT_3D ( 'NONE', #10207, #4433, #6095 ) ;
#702 = CYLINDRICAL_SURFACE ( 'NONE', #7265, 0.6500000000000000222 ) ;
#703 = VERTEX_POINT ( 'NONE', #6336 ) ;
#704 = CARTESIAN_POINT ( 'NONE',  ( 2.210876309895692504, -1.590140266917301037, -4.557190368363326805 ) ) ;
#705 = EDGE_CURVE ( 'NONE', #1377, #1302, #4657, .T. ) ;
#706 = CARTESIAN_POINT ( 'NONE',  ( 1.816505072035432988, -2.532628060249213497, -7.172653458927461756 ) ) ;
#707 = CARTESIAN_POINT ( 'NONE',  ( -1.906400076840000013, -2.001158857026999804, -6.171638569998999735 ) ) ;
#708 = CARTESIAN_POINT ( 'NONE',  ( -0.6431635750227001624, -2.740769761884000122, -4.763123451842999678 ) ) ;
#709 = CARTESIAN_POINT ( 'NONE',  ( 0.000000000000000000, 0.000000000000000000, -4.370000000000000107 ) ) ;
#710 = CARTESIAN_POINT ( 'NONE',  ( 0.8155675042439356481, 3.034093449505639750, -5.506898627425324655 ) ) ;
#711 = CIRCLE ( 'NONE', #8013, 0.6500000000000001332 ) ;
#712 = FACE_OUTER_BOUND ( 'NONE', #7536, .T. ) ;
#713 = CARTESIAN_POINT ( 'NONE',  ( -2.187902058568680808, 0.7869350036709796825, -7.169999999999998153 ) ) ;
#714 = VERTEX_POINT ( 'NONE', #10340 ) ;
#715 = EDGE_CURVE ( 'NONE', #6627, #93, #7973, .T. ) ;
#716 = EDGE_CURVE ( 'NONE', #4140, #8576, #10406, .T. ) ;
#717 = AXIS2_PLACEMENT_3D ( 'NONE', #9348, #1306, #1146 ) ;
#718 = CARTESIAN_POINT ( 'NONE',  ( 0.3313560001452224846, -3.142864560079559055, -7.860074361133227328 ) ) ;
#719 = DIRECTION ( 'NONE',  ( 0.9659258262890701996, -0.2588190451025139116, 0.000000000000000000 ) ) ;
#720 = DIRECTION ( 'NONE',  ( -0.000000000000000000, -0.000000000000000000, -1.000000000000000000 ) ) ;
#721 = ORIENTED_EDGE ( 'NONE', *, *, #8898, .F. ) ;
#722 = ORIENTED_EDGE ( 'NONE', *, *, #2892, .F. ) ;
#723 = DIRECTION ( 'NONE',  ( 1.000000000000000000, 0.000000000000000000, -0.000000000000000000 ) ) ;
#724 = ORIENTED_EDGE ( 'NONE', *, *, #224, .T. ) ;
#725 = ADVANCED_FACE ( 'NONE', ( #6382 ), #949, .T. ) ;
#726 = CARTESIAN_POINT ( 'NONE',  ( 0.5826313872945314554, -0.3408308473997770371, -4.220000000000000639 ) ) ;
#727 = LINE ( 'NONE', #9579, #5223 ) ;
#728 = B_SPLINE_CURVE_WITH_KNOTS ( 'NONE', 3,
 ( #3655, #5359, #7822, #8618, #8722, #1335 ),
 .UNSPECIFIED., .F., .F.,
 ( 4, 2, 4 ),
 ( 0.000000000000000000, 0.5000000000000000000, 1.000000000000000000 ),
 .UNSPECIFIED. ) ;
#729 = FACE_OUTER_BOUND ( 'NONE', #10367, .T. ) ;
#730 = CARTESIAN_POINT ( 'NONE',  ( 0.000000000000000000, 0.000000000000000000, -4.070000000000005613 ) ) ;
#731 = APPLICATION_CONTEXT ( 'automotive_design' ) ;
#732 = EDGE_LOOP ( 'NONE', ( #1503, #2121, #4028, #2560, #7235 ) ) ;
#733 = FACE_OUTER_BOUND ( 'NONE', #6523, .T. ) ;
#734 = ORIENTED_EDGE ( 'NONE', *, *, #5013, .T. ) ;
#735 = CARTESIAN_POINT ( 'NONE',  ( 0.2454910247048638916, -0.6287759193777672229, -4.370000000000000107 ) ) ;
#736 = DIRECTION ( 'NONE',  ( -1.000000000000000000, 0.000000000000000000, 0.000000000000000000 ) ) ;
#737 = DIRECTION ( 'NONE',  ( -1.000000000000000000, 0.000000000000000000, 0.000000000000000000 ) ) ;
#738 = FACE_OUTER_BOUND ( 'NONE', #6137, .T. ) ;
#739 = EDGE_CURVE ( 'NONE', #3434, #294, #5791, .T. ) ;
#740 = EDGE_CURVE ( 'NONE', #9789, #2626, #8425, .T. ) ;
#741 = CARTESIAN_POINT ( 'NONE',  ( 0.000000000000000000, 0.000000000000000000, -3.919999999999999929 ) ) ;
#742 = ORIENTED_EDGE ( 'NONE', *, *, #9443, .T. ) ;
#743 = CARTESIAN_POINT ( 'NONE',  ( 2.955572368613438528, 1.004774511830424544, -6.323358828075112292 ) ) ;
#744 = DIRECTION ( 'NONE',  ( -1.000000000000000000, 0.000000000000000000, 0.000000000000000000 ) ) ;
#745 = ORIENTED_EDGE ( 'NONE', *, *, #8322, .T. ) ;
#746 = CARTESIAN_POINT ( 'NONE',  ( 1.996643987170046319, -0.5365831629365256372, -7.170000000000000817 ) ) ;
#747 = CARTESIAN_POINT ( 'NONE',  ( -0.2918287490099999992, -2.713232296940999877, -6.097634299221000198 ) ) ;
#748 = DIRECTION ( 'NONE',  ( -0.000000000000000000, -0.000000000000000000, -1.000000000000000000 ) ) ;
#749 = CARTESIAN_POINT ( 'NONE',  ( 1.914311806401085558, 2.490963192965867989, -6.847744136811297011 ) ) ;
#750 = PRESENTATION_LAYER_ASSIGNMENT (  '', '', ( #920 ) ) ;
#751 = EDGE_CURVE ( 'NONE', #3373, #5112, #10316, .T. ) ;
#752 = CARTESIAN_POINT ( 'NONE',  ( 2.586049841421000028, 1.517943813699000000, -8.135941311493999351 ) ) ;
#753 = CARTESIAN_POINT ( 'NONE',  ( 3.500000000000000000, -3.299999999999999822, -1.300000000000000266 ) ) ;
#754 = ORIENTED_EDGE ( 'NONE', *, *, #9769, .T. ) ;
#755 = CARTESIAN_POINT ( 'NONE',  ( 0.5221405368133860136, -0.4277782834789880528, -4.220000000000000639 ) ) ;
#756 = VECTOR ( 'NONE', #4535, 1000.000000000000114 ) ;
#757 = CARTESIAN_POINT ( 'NONE',  ( -1.436997634048608807, -2.769446371261820250, -7.296081196861630147 ) ) ;
#758 = CARTESIAN_POINT ( 'NONE',  ( 0.000000000000000000, 0.000000000000000000, -4.219999999999999751 ) ) ;
#759 = CARTESIAN_POINT ( 'NONE',  ( 0.9287636233528999696, 2.591974479687999988, -4.329691756023000160 ) ) ;
#760 = CARTESIAN_POINT ( 'NONE',  ( -0.3643944005386605123, -0.5681916233596465693, -4.219999999999999751 ) ) ;
#761 = FACE_OUTER_BOUND ( 'NONE', #9584, .T. ) ;
#762 = SURFACE_STYLE_USAGE ( .BOTH. , #1370 ) ;
#763 = DIRECTION ( 'NONE',  ( 0.000000000000000000, -1.000000000000000000, -0.000000000000000000 ) ) ;
#764 = ORIENTED_EDGE ( 'NONE', *, *, #6321, .F. ) ;
#765 = ADVANCED_FACE ( 'NONE', ( #2443 ), #898, .T. ) ;
#766 = AXIS2_PLACEMENT_3D ( 'NONE', #9971, #2622, #9233 ) ;
#767 = PLANE ( 'NONE',  #171 ) ;
#768 = CARTESIAN_POINT ( 'NONE',  ( -0.6529864083220295878, -0.1709788014541456791, -4.220000000000000639 ) ) ;
#769 = CARTESIAN_POINT ( 'NONE',  ( 3.165411199172026180, -0.8506806241676629909, -1.300000000000000266 ) ) ;
#770 = ORIENTED_EDGE ( 'NONE', *, *, #4056, .F. ) ;
#771 = VECTOR ( 'NONE', #8991, 1000.000000000000000 ) ;
#772 = ORIENTED_EDGE ( 'NONE', *, *, #8934, .F. ) ;
#773 = DIRECTION ( 'NONE',  ( -0.000000000000000000, -0.000000000000000000, -1.000000000000000000 ) ) ;
#774 = EDGE_CURVE ( 'NONE', #2806, #40, #3239, .T. ) ;
#775 = ORIENTED_EDGE ( 'NONE', *, *, #7932, .T. ) ;
#776 = CARTESIAN_POINT ( 'NONE',  ( -2.830919667252000060, -1.044266105047999993, -7.545877405224000078 ) ) ;
#777 = CARTESIAN_POINT ( 'NONE',  ( 0.8542481187815335053, -2.858217177800361775, -7.991838886459963653 ) ) ;
#778 = CARTESIAN_POINT ( 'NONE',  ( 0.000000000000000000, 0.000000000000000000, 2.299999999999999822 ) ) ;
#779 = DIRECTION ( 'NONE',  ( -1.000000000000000000, -0.000000000000000000, -0.000000000000000000 ) ) ;
#780 = CARTESIAN_POINT ( 'NONE',  ( 0.000000000000000000, 0.000000000000000000, -4.070000000000005613 ) ) ;
#781 = ORIENTED_EDGE ( 'NONE', *, *, #7410, .T. ) ;
#782 = EDGE_CURVE ( 'NONE', #1040, #7926, #5684, .T. ) ;
#783 = EDGE_CURVE ( 'NONE', #3508, #2251, #10123, .T. ) ;
#784 = ORIENTED_EDGE ( 'NONE', *, *, #1082, .T. ) ;
#785 = CARTESIAN_POINT ( 'NONE',  ( -0.6132461362433431207, -2.245035026969427694, -7.170000000000000817 ) ) ;
#786 = AXIS2_PLACEMENT_3D ( 'NONE', #9681, #4071, #7328 ) ;
#787 = ORIENTED_EDGE ( 'NONE', *, *, #7757, .F. ) ;
#788 = LINE ( 'NONE', #3238, #4897 ) ;
#789 = CARTESIAN_POINT ( 'NONE',  ( -0.5107053896536032367, 0.4020945224431206055, -4.070000000000004725 ) ) ;
#790 = CARTESIAN_POINT ( 'NONE',  ( 0.6347386195458109004, -2.361883740826059341, -9.099999999932608219 ) ) ;
#791 = CARTESIAN_POINT ( 'NONE',  ( 2.796316674088652476, 4.358663009364172337E-07, -8.178693102334808174 ) ) ;
#792 = CARTESIAN_POINT ( 'NONE',  ( -0.2454910247048590621, 0.6287759193777686662, -4.219999999999999751 ) ) ;
#793 = ORIENTED_EDGE ( 'NONE', *, *, #5619, .T. ) ;
#794 = CARTESIAN_POINT ( 'NONE',  ( 0.000000000000000000, 0.000000000000000000, -4.219999999999999751 ) ) ;
#795 = CIRCLE ( 'NONE', #1830, 0.6750000000000000444 ) ;
#796 = CIRCLE ( 'NONE', #288, 0.6500000000000000222 ) ;
#797 = ORIENTED_EDGE ( 'NONE', *, *, #8526, .T. ) ;
#798 = CARTESIAN_POINT ( 'NONE',  ( 2.701469660996023592, 1.564113557756283468, -6.300454129191751740 ) ) ;
#799 = DIRECTION ( 'NONE',  ( 0.000000000000000000, 0.000000000000000000, 1.000000000000000000 ) ) ;
#800 = VERTEX_POINT ( 'NONE', #3397 ) ;
#801 = DIRECTION ( 'NONE',  ( -0.000000000000000000, -1.000000000000000000, 0.000000000000000000 ) ) ;
#802 = CIRCLE ( 'NONE', #4530, 0.6750000000000000444 ) ;
#803 = CARTESIAN_POINT ( 'NONE',  ( 2.730408698780999899, 0.5412147906277999798, -5.887327984813000015 ) ) ;
#804 = DIRECTION ( 'NONE',  ( 0.000000000000000000, 0.000000000000000000, 1.000000000000000000 ) ) ;
#805 = AXIS2_PLACEMENT_3D ( 'NONE', #3976, #3245, #5797 ) ;
#806 = CARTESIAN_POINT ( 'NONE',  ( 0.6254863983062343147, -0.1768241090289858763, -4.370000000000000107 ) ) ;
#807 = CARTESIAN_POINT ( 'NONE',  ( -0.005256261553896000166, -2.998627085528000169, -7.666279336421999879 ) ) ;
#808 = PLANE ( 'NONE',  #9656 ) ;
#809 = ORIENTED_EDGE ( 'NONE', *, *, #55, .F. ) ;
#810 = AXIS2_PLACEMENT_3D ( 'NONE', #7632, #448, #10198 ) ;
#811 = DIRECTION ( 'NONE',  ( -0.000000000000000000, -0.000000000000000000, -1.000000000000000000 ) ) ;
#812 = AXIS2_PLACEMENT_3D ( 'NONE', #4680, #7392, #9906 ) ;
#813 = CARTESIAN_POINT ( 'NONE',  ( -2.819941687494268656, -1.330407461108353173, -7.369422236979400687 ) ) ;
#814 = PRESENTATION_STYLE_ASSIGNMENT (( #7466 ) ) ;
#815 = EDGE_CURVE ( 'NONE', #2851, #279, #96, .T. ) ;
#816 = ADVANCED_FACE ( 'NONE', ( #8928 ), #3828, .T. ) ;
#817 = CARTESIAN_POINT ( 'NONE',  ( -2.234612914002000572, -2.345685713717999832, -5.905923451319000428 ) ) ;
#818 = CARTESIAN_POINT ( 'NONE',  ( -1.924362569741000062, -2.054825256007999812, -4.868519299511000042 ) ) ;
#819 = DIRECTION ( 'NONE',  ( 0.2588190451025225158, -0.9659258262890677571, -0.000000000000000000 ) ) ;
#820 = DIRECTION ( 'NONE',  ( 0.9135454576425954265, 0.4067366430758122542, 0.000000000000000000 ) ) ;
#821 = CARTESIAN_POINT ( 'NONE',  ( 0.07342445647675502340, -0.6542392464464334978, -4.119991299149685204 ) ) ;
#822 = ORIENTED_EDGE ( 'NONE', *, *, #8555, .T. ) ;
#823 = AXIS2_PLACEMENT_3D ( 'NONE', #3868, #2332, #10385 ) ;
#824 = CARTESIAN_POINT ( 'NONE',  ( 3.115000000000000657, -0.4077525098527907677, -6.965378582563582555 ) ) ;
#825 = DIRECTION ( 'NONE',  ( 0.000000000000000000, 0.000000000000000000, -1.000000000000000000 ) ) ;
#826 = CARTESIAN_POINT ( 'NONE',  ( 2.961023445535810872, -0.9704048984211937068, -7.807498863730544691 ) ) ;
#827 = EDGE_LOOP ( 'NONE', ( #5851, #3235, #909, #438, #8359, #1958 ) ) ;
#828 = FACE_OUTER_BOUND ( 'NONE', #9239, .T. ) ;
#829 = CIRCLE ( 'NONE', #2701, 0.6500000000000000222 ) ;
#830 = ORIENTED_EDGE ( 'NONE', *, *, #524, .F. ) ;
#831 = EDGE_LOOP ( 'NONE', ( #4583, #7720, #10449, #6882 ) ) ;
#832 = CARTESIAN_POINT ( 'NONE',  ( 3.299999999999999822, -3.500000000000000000, 0.4999999999999750755 ) ) ;
#833 = ORIENTED_EDGE ( 'NONE', *, *, #9384, .T. ) ;
#834 = LINE ( 'NONE', #940, #643 ) ;
#835 = CARTESIAN_POINT ( 'NONE',  ( 0.02511620569689576241, -0.6495145696682955716, -3.919999999999999929 ) ) ;
#836 = DIRECTION ( 'NONE',  ( 0.000000000000000000, 0.000000000000000000, 1.000000000000000000 ) ) ;
#837 = EDGE_CURVE ( 'NONE', #9437, #7503, #6729, .T. ) ;
#838 = FACE_OUTER_BOUND ( 'NONE', #495, .T. ) ;
#839 = ORIENTED_EDGE ( 'NONE', *, *, #1769, .T. ) ;
#840 = AXIS2_PLACEMENT_3D ( 'NONE', #8931, #2446, #4988 ) ;
#841 = ORIENTED_EDGE ( 'NONE', *, *, #7314, .F. ) ;
#842 = CARTESIAN_POINT ( 'NONE',  ( -1.416835266639977942, -1.871316525228711614, -7.170000000000000817 ) ) ;
#843 = B_SPLINE_CURVE_WITH_KNOTS ( 'NONE', 3,
 ( #3774, #2978, #3716, #7827 ),
 .UNSPECIFIED., .F., .F.,
 ( 4, 4 ),
 ( 2.034489217396893243E-07, 0.0001528154345917686523 ),
 .UNSPECIFIED. ) ;
#844 = ORIENTED_EDGE ( 'NONE', *, *, #2170, .F. ) ;
#845 = CARTESIAN_POINT ( 'NONE',  ( -0.4487928534307962791, -0.5041923985042254808, -4.219999999999999751 ) ) ;
#846 = DIRECTION ( 'NONE',  ( 0.000000000000000000, 0.000000000000000000, 1.000000000000000000 ) ) ;
#847 = CARTESIAN_POINT ( 'NONE',  ( -2.770000000000000018, 2.040000000000000036, 0.5000000000000000000 ) ) ;
#848 = CARTESIAN_POINT ( 'NONE',  ( 0.1648275784904000008, -2.867053868245999837, -8.214158992007000393 ) ) ;
#849 = FACE_OUTER_BOUND ( 'NONE', #1425, .T. ) ;
#850 = ORIENTED_EDGE ( 'NONE', *, *, #1447, .F. ) ;
#851 = CARTESIAN_POINT ( 'NONE',  ( -0.06672418922078492132, -0.6716940394054639052, -4.219999999999999751 ) ) ;
#852 = CARTESIAN_POINT ( 'NONE',  ( 2.040000000000000036, -3.039999999999999591, 0.5000000000000000000 ) ) ;
#853 = EDGE_CURVE ( 'NONE', #953, #3863, #1623, .T. ) ;
#854 = EDGE_CURVE ( 'NONE', #6433, #8906, #4003, .T. ) ;
#855 = VECTOR ( 'NONE', #4884, 999.9999999999998863 ) ;
#856 = VERTEX_POINT ( 'NONE', #1474 ) ;
#857 = ORIENTED_EDGE ( 'NONE', *, *, #1648, .T. ) ;
#858 = FACE_OUTER_BOUND ( 'NONE', #7545, .T. ) ;
#859 = VERTEX_POINT ( 'NONE', #5505 ) ;
#860 = PLANE ( 'NONE',  #6437 ) ;
#861 = AXIS2_PLACEMENT_3D ( 'NONE', #5558, #3852, #7212 ) ;
#862 = CARTESIAN_POINT ( 'NONE',  ( -1.954297609474000108, 2.200622572674999944, -4.856734828528000314 ) ) ;
#863 = LINE ( 'NONE', #7512, #3593 ) ;
#864 = CARTESIAN_POINT ( 'NONE',  ( 2.490961550205246233, 1.914313944011373003, -6.877151824812354874 ) ) ;
#865 = CARTESIAN_POINT ( 'NONE',  ( 3.148095248270999846, -0.2941224190479000411, -6.882824189794001235 ) ) ;
#866 = ADVANCED_FACE ( 'NONE', ( #8110 ), #4751, .T. ) ;
#867 = EDGE_CURVE ( 'NONE', #8757, #9746, #6556, .T. ) ;
#868 = VERTEX_POINT ( 'NONE', #6416 ) ;
#869 = AXIS2_PLACEMENT_3D ( 'NONE', #9711, #5608, #1619 ) ;
#870 = DIRECTION ( 'NONE',  ( -1.000000000000000000, 0.000000000000000000, 0.000000000000000000 ) ) ;
#871 = CARTESIAN_POINT ( 'NONE',  ( -2.864700630927372149, -1.226547529344222065, -7.373576142349137719 ) ) ;
#872 = CARTESIAN_POINT ( 'NONE',  ( 0.6375889273060109108, -0.1264134477687020308, -4.370000000000000107 ) ) ;
#873 = CARTESIAN_POINT ( 'NONE',  ( -0.07679948071508269081, 0.6454470077100782355, -4.370000000000000107 ) ) ;
#874 = CARTESIAN_POINT ( 'NONE',  ( -0.1768241090289923989, 0.6254863983062325383, -3.919999999999999929 ) ) ;
#875 = DIRECTION ( 'NONE',  ( 0.000000000000000000, 0.000000000000000000, 1.000000000000000000 ) ) ;
#876 = CARTESIAN_POINT ( 'NONE',  ( -2.675000000067484063, 3.275930187801814367E-16, -8.299999999962892616 ) ) ;
#877 = CARTESIAN_POINT ( 'NONE',  ( -0.5805771985310529404, 2.270653298177832013, -7.170000000000000817 ) ) ;
#878 = ORIENTED_EDGE ( 'NONE', *, *, #867, .T. ) ;
#879 = VECTOR ( 'NONE', #7047, 1000.000000000000000 ) ;
#880 = ADVANCED_FACE ( 'NONE', ( #2378 ), #8762, .T. ) ;
#881 = CARTESIAN_POINT ( 'NONE',  ( -1.568772609709863763, -2.721844890568776432, -7.185991648792334097 ) ) ;
#882 = DIRECTION ( 'NONE',  ( -1.000000000000000000, 0.000000000000000000, 0.000000000000000000 ) ) ;
#883 = DIRECTION ( 'NONE',  ( -0.000000000000000000, -0.000000000000000000, -1.000000000000000000 ) ) ;
#884 = ORIENTED_EDGE ( 'NONE', *, *, #10243, .F. ) ;
#885 = CARTESIAN_POINT ( 'NONE',  ( -3.114869478447803708, -1.072838221486328129E-05, -6.597929617108714062 ) ) ;
#886 = AXIS2_PLACEMENT_3D ( 'NONE', #10238, #323, #2768 ) ;
#887 = DIRECTION ( 'NONE',  ( -0.000000000000000000, -0.000000000000000000, -1.000000000000000000 ) ) ;
#888 = ORIENTED_EDGE ( 'NONE', *, *, #10370, .T. ) ;
#889 = CARTESIAN_POINT ( 'NONE',  ( 3.114924336646149428, 4.685311535728758217E-06, -5.538802828544262979 ) ) ;
#890 = ORIENTED_EDGE ( 'NONE', *, *, #8049, .T. ) ;
#891 = CARTESIAN_POINT ( 'NONE',  ( 0.4020945224431149989, 0.5107053896536076776, -4.370000000000000107 ) ) ;
#892 = DIRECTION ( 'NONE',  ( 0.000000000000000000, 0.000000000000000000, 1.000000000000000000 ) ) ;
#893 = DIRECTION ( 'NONE',  ( -0.000000000000000000, -0.000000000000000000, -1.000000000000000000 ) ) ;
#894 = DIRECTION ( 'NONE',  ( 0.7071067811865474617, 0.000000000000000000, 0.7071067811865474617 ) ) ;
#895 = EDGE_LOOP ( 'NONE', ( #2461, #10126 ) ) ;
#896 = ORIENTED_EDGE ( 'NONE', *, *, #7120, .F. ) ;
#897 = ORIENTED_EDGE ( 'NONE', *, *, #2929, .F. ) ;
#898 = CYLINDRICAL_SURFACE ( 'NONE', #5875, 2.049999999999999822 ) ;
#899 = CARTESIAN_POINT ( 'NONE',  ( -0.1709788014541432921, 0.6529864083220301429, -4.220000000000000639 ) ) ;
#900 = CARTESIAN_POINT ( 'NONE',  ( 1.813444263257000255, -2.226691244029999961, -8.237514431520999381 ) ) ;
#901 = DIRECTION ( 'NONE',  ( -1.000000000000000000, 0.000000000000000000, 0.000000000000000000 ) ) ;
#902 = ORIENTED_EDGE ( 'NONE', *, *, #3955, .T. ) ;
#903 = DIRECTION ( 'NONE',  ( -1.000000000000000000, 0.000000000000000000, 0.000000000000000000 ) ) ;
#904 = CARTESIAN_POINT ( 'NONE',  ( 0.000000000000000000, 0.000000000000000000, -4.370000000000000107 ) ) ;
#905 = EDGE_CURVE ( 'NONE', #9536, #5083, #6315, .T. ) ;
#906 = CARTESIAN_POINT ( 'NONE',  ( 0.000000000000000000, 0.000000000000000000, -4.370000000000000107 ) ) ;
#907 = ORIENTED_EDGE ( 'NONE', *, *, #2498, .F. ) ;
#908 = EDGE_CURVE ( 'NONE', #5328, #6497, #10273, .T. ) ;
#909 = ORIENTED_EDGE ( 'NONE', *, *, #1127, .F. ) ;
#910 = CARTESIAN_POINT ( 'NONE',  ( 0.000000000000000000, 0.000000000000000000, -4.370000000000000107 ) ) ;
#911 = CARTESIAN_POINT ( 'NONE',  ( -2.060274876177000003, 2.319957501071999939, -4.768250609628999825 ) ) ;
#912 = DIRECTION ( 'NONE',  ( -0.000000000000000000, -0.000000000000000000, -1.000000000000000000 ) ) ;
#913 = FACE_OUTER_BOUND ( 'NONE', #4757, .T. ) ;
#914 = CARTESIAN_POINT ( 'NONE',  ( 3.310561170954000154, -0.3093013975860000597, -6.971598425446000391 ) ) ;
#915 = ORIENTED_EDGE ( 'NONE', *, *, #3126, .F. ) ;
#916 = DIRECTION ( 'NONE',  ( -1.000000000000000000, -0.000000000000000000, -0.000000000000000000 ) ) ;
#917 = CARTESIAN_POINT ( 'NONE',  ( -1.790264829056178897, -2.549430854839165317, -7.311336761525277339 ) ) ;
#918 =( NAMED_UNIT ( * ) SI_UNIT ( $, .STERADIAN. ) SOLID_ANGLE_UNIT ( ) );
#919 = CARTESIAN_POINT ( 'NONE',  ( -0.8287904012487999905, -2.861238179637000112, -5.940187922488999739 ) ) ;
#920 = STYLED_ITEM ( 'NONE', ( #814 ), #7435 ) ;
#921 = CARTESIAN_POINT ( 'NONE',  ( 0.6254863983062306509, 0.1768241090289989770, -4.370000000000000107 ) ) ;
#922 = CARTESIAN_POINT ( 'NONE',  ( 2.040000000000000036, 3.040000000000000036, 0.5000000000000000000 ) ) ;
#923 = CARTESIAN_POINT ( 'NONE',  ( 0.000000000000000000, 3.500000000000000000, -0.4000000000000000222 ) ) ;
#924 = ADVANCED_FACE ( 'NONE', ( #8710 ), #4647, .F. ) ;
#925 = CARTESIAN_POINT ( 'NONE',  ( 3.299999999999999822, 3.500000000000000000, -1.300000000000000266 ) ) ;
#926 = DIRECTION ( 'NONE',  ( -1.000000000000000000, 0.000000000000000000, 0.000000000000000000 ) ) ;
#927 = ORIENTED_EDGE ( 'NONE', *, *, #2229, .F. ) ;
#928 = CARTESIAN_POINT ( 'NONE',  ( 0.6375889273060109108, -0.1264134477687020308, -3.919999999999999929 ) ) ;
#929 = CARTESIAN_POINT ( 'NONE',  ( 0.6347386195458093461, 2.361883740826059341, -9.099999999932606443 ) ) ;
#930 = LINE ( 'NONE', #8169, #9965 ) ;
#931 = CYLINDRICAL_SURFACE ( 'NONE', #8549, 0.2000000000000000944 ) ;
#932 = CARTESIAN_POINT ( 'NONE',  ( 0.000000000000000000, 0.000000000000000000, -8.299999999962892616 ) ) ;
#933 = EDGE_CURVE ( 'NONE', #7972, #302, #10469, .T. ) ;
#934 = EDGE_CURVE ( 'NONE', #9402, #2479, #7467, .T. ) ;
#935 = ORIENTED_EDGE ( 'NONE', *, *, #6716, .T. ) ;
#936 = CARTESIAN_POINT ( 'NONE',  ( -2.058917449799227306, 2.346352754769422067, -6.808562347935816383 ) ) ;
#937 = VECTOR ( 'NONE', #5116, 1000.000000000000000 ) ;
#938 = CARTESIAN_POINT ( 'NONE',  ( 1.166851586560268439, -2.464812831055974041, -6.126399317461603822 ) ) ;
#939 = EDGE_LOOP ( 'NONE', ( #10391, #413, #7341, #1336 ) ) ;
#940 = CARTESIAN_POINT ( 'NONE',  ( -0.5041923985042242595, 0.4487928534307982220, -3.919999999999999929 ) ) ;
#941 = CARTESIAN_POINT ( 'NONE',  ( -0.4500000000000000111, 0.000000000000000000, 0.000000000000000000 ) ) ;
#942 = CARTESIAN_POINT ( 'NONE',  ( 0.3643944005386561824, 0.5681916233596491228, -4.219999999999999751 ) ) ;
#943 = AXIS2_PLACEMENT_3D ( 'NONE', #9484, #10393, #3085 ) ;
#944 = ORIENTED_EDGE ( 'NONE', *, *, #1471, .T. ) ;
#945 = CARTESIAN_POINT ( 'NONE',  ( -0.9772389561283000292, -2.518684353257000019, -6.097350532077999929 ) ) ;
#946 = ADVANCED_FACE ( 'NONE', ( #7530 ), #5830, .F. ) ;
#947 = VERTEX_POINT ( 'NONE', #8328 ) ;
#948 = VERTEX_POINT ( 'NONE', #234 ) ;
#949 = CYLINDRICAL_SURFACE ( 'NONE', #1121, 0.6750000000000000444 ) ;
#950 = LINE ( 'NONE', #847, #7002 ) ;
#951 = CARTESIAN_POINT ( 'NONE',  ( -2.159756683692999779, -1.602149664264999940, -8.372251476413000049 ) ) ;
#952 = CYLINDRICAL_SURFACE ( 'NONE', #1367, 0.6750000000000000444 ) ;
#953 = VERTEX_POINT ( 'NONE', #6679 ) ;
#954 = CARTESIAN_POINT ( 'NONE',  ( -0.07679948071507823604, -0.6454470077100785685, -4.070000000000005613 ) ) ;
#955 = CARTESIAN_POINT ( 'NONE',  ( 0.000000000000000000, 0.000000000000000000, -4.070000000000005613 ) ) ;
#956 = DIRECTION ( 'NONE',  ( -0.000000000000000000, -0.000000000000000000, -1.000000000000000000 ) ) ;
#957 = ORIENTED_EDGE ( 'NONE', *, *, #8679, .F. ) ;
#958 = AXIS2_PLACEMENT_3D ( 'NONE', #5307, #6329, #423 ) ;
#959 = CARTESIAN_POINT ( 'NONE',  ( 0.2710233481495782359, 0.6182000847280696432, -4.219999999999999751 ) ) ;
#960 = LINE ( 'NONE', #1721, #9640 ) ;
#961 = ORIENTED_EDGE ( 'NONE', *, *, #4144, .F. ) ;
#962 = LINE ( 'NONE', #1017, #10181 ) ;
#963 = CARTESIAN_POINT ( 'NONE',  ( -2.369430137330000186, -1.745800598488000066, -4.690480310165001221 ) ) ;
#964 = CARTESIAN_POINT ( 'NONE',  ( -3.478445380721962188, -3.404397331752656797, -1.300000000000000266 ) ) ;
#965 = DIRECTION ( 'NONE',  ( -1.000000000000000000, 0.000000000000000000, 0.000000000000000000 ) ) ;
#966 = AXIS2_PLACEMENT_3D ( 'NONE', #8074, #8930, #5740 ) ;
#967 = CARTESIAN_POINT ( 'NONE',  ( -3.222300205258000094, 0.8198565660361000207, -6.636125586108000185 ) ) ;
#968 = CIRCLE ( 'NONE', #112, 0.6500000000000000222 ) ;
#969 = ORIENTED_EDGE ( 'NONE', *, *, #5275, .T. ) ;
#970 = CARTESIAN_POINT ( 'NONE',  ( 0.000000000000000000, 0.000000000000000000, -6.950000000000000178 ) ) ;
#971 = LINE ( 'NONE', #5760, #1640 ) ;
#972 = CIRCLE ( 'NONE', #5731, 0.6750000000000000444 ) ;
#973 = ADVANCED_FACE ( 'NONE', ( #130 ), #4165, .T. ) ;
#974 = CARTESIAN_POINT ( 'NONE',  ( 0.3634194331411038092, -0.5589154282082243741, -4.169991741848314781 ) ) ;
#975 = CARTESIAN_POINT ( 'NONE',  ( -2.040000000000000036, -3.040000000000000036, 2.200000000000000178 ) ) ;
#976 = PLANE ( 'NONE',  #4422 ) ;
#977 = DIRECTION ( 'NONE',  ( 0.7071067811865413555, 0.7071067811865535679, 0.000000000000000000 ) ) ;
#978 = CARTESIAN_POINT ( 'NONE',  ( 2.131199112842562471, 0.9296718538266393050, -7.170000000000002593 ) ) ;
#979 = ORIENTED_EDGE ( 'NONE', *, *, #1585, .T. ) ;
#980 = FACE_OUTER_BOUND ( 'NONE', #1136, .T. ) ;
#981 = CIRCLE ( 'NONE', #4540, 0.6500000000000000222 ) ;
#982 = VECTOR ( 'NONE', #7451, 1000.000000000000000 ) ;
#983 = ADVANCED_FACE ( 'NONE', ( #2584 ), #9083, .T. ) ;
#984 = LINE ( 'NONE', #9717, #3737 ) ;
#985 = EDGE_CURVE ( 'NONE', #7813, #6758, #8938, .T. ) ;
#986 = DIRECTION ( 'NONE',  ( -1.000000000000000000, 0.000000000000000000, 0.000000000000000000 ) ) ;
#987 = PLANE ( 'NONE',  #4337 ) ;
#988 = EDGE_LOOP ( 'NONE', ( #10025, #9270, #6834, #1706 ) ) ;
#989 = DIRECTION ( 'NONE',  ( 0.000000000000000000, 0.000000000000000000, -1.000000000000000000 ) ) ;
#990 = DIRECTION ( 'NONE',  ( -1.000000000000000000, 0.000000000000000000, 0.000000000000000000 ) ) ;
#991 = AXIS2_PLACEMENT_3D ( 'NONE', #10510, #3206, #7299 ) ;
#992 = LINE ( 'NONE', #8332, #1386 ) ;
#993 = AXIS2_PLACEMENT_3D ( 'NONE', #166, #2457, #5697 ) ;
#994 = EDGE_LOOP ( 'NONE', ( #2149, #1413, #479, #8978, #502 ) ) ;
#995 = CARTESIAN_POINT ( 'NONE',  ( -0.9008574857978161043, -2.670915973074959648, -8.155506103410456120 ) ) ;
#996 = DIRECTION ( 'NONE',  ( -0.000000000000000000, -0.000000000000000000, -1.000000000000000000 ) ) ;
#997 = ADVANCED_FACE ( 'NONE', ( #5023 ), #987, .F. ) ;
#998 = VECTOR ( 'NONE', #6119, 1000.000000000000000 ) ;
#999 = CARTESIAN_POINT ( 'NONE',  ( -0.4077384273289925143, -3.115397419209753771, -5.139217002377007404 ) ) ;
#1000 = CARTESIAN_POINT ( 'NONE',  ( -0.5947228146336001053, -2.751687291604000052, -5.467141525293000015 ) ) ;
#1001 = ORIENTED_EDGE ( 'NONE', *, *, #8200, .F. ) ;
#1002 = ORIENTED_EDGE ( 'NONE', *, *, #8057, .F. ) ;
#1003 = CIRCLE ( 'NONE', #7634, 0.6500000000000000222 ) ;
#1004 = LINE ( 'NONE', #4986, #2257 ) ;
#1005 = CARTESIAN_POINT ( 'NONE',  ( -1.736482403809000097, 2.287237288643999999, -7.088645906126999741 ) ) ;
#1006 = FACE_OUTER_BOUND ( 'NONE', #10484, .T. ) ;
#1007 = ORIENTED_EDGE ( 'NONE', *, *, #1304, .T. ) ;
#1008 = DIRECTION ( 'NONE',  ( -0.3583679495452933295, -0.9335804264972045186, 0.000000000000000000 ) ) ;
#1009 = DIRECTION ( 'NONE',  ( -0.000000000000000000, -0.000000000000000000, -1.000000000000000000 ) ) ;
#1010 = ADVANCED_FACE ( 'NONE', ( #9026 ), #4969, .F. ) ;
#1011 = EDGE_CURVE ( 'NONE', #5747, #4571, #289, .T. ) ;
#1012 = DIRECTION ( 'NONE',  ( 0.000000000000000000, -0.000000000000000000, 1.000000000000000000 ) ) ;
#1013 = AXIS2_PLACEMENT_3D ( 'NONE', #1816, #4243, #5845 ) ;
#1014 = ORIENTED_EDGE ( 'NONE', *, *, #22, .F. ) ;
#1015 = DIRECTION ( 'NONE',  ( 0.000000000000000000, 0.000000000000000000, -1.000000000000000000 ) ) ;
#1016 = VERTEX_POINT ( 'NONE', #1039 ) ;
#1017 = CARTESIAN_POINT ( 'NONE',  ( 3.040000000000000036, 3.040000000000000036, 2.450000000000000178 ) ) ;
#1018 = CARTESIAN_POINT ( 'NONE',  ( 3.259663321480000153, -0.1323211071709000375, -4.236421008430999890 ) ) ;
#1019 = CARTESIAN_POINT ( 'NONE',  ( -0.03917339399606812461, -0.6738623340140247331, -4.370000000000000107 ) ) ;
#1020 = DIRECTION ( 'NONE',  ( -1.000000000000000000, 0.000000000000000000, 0.000000000000000000 ) ) ;
#1021 = AXIS2_PLACEMENT_3D ( 'NONE', #2875, #1287, #10071 ) ;
#1022 = CARTESIAN_POINT ( 'NONE',  ( 2.768716069678999858, 1.526834487067000090, -6.815729621926999826 ) ) ;
#1023 = B_SPLINE_CURVE_WITH_KNOTS ( 'NONE', 3,
 ( #9075, #5766, #9880, #1133 ),
 .UNSPECIFIED., .F., .F.,
 ( 4, 4 ),
 ( 1.390037340140233250E-06, 0.0001540020230106109206 ),
 .UNSPECIFIED. ) ;
#1024 = ORIENTED_EDGE ( 'NONE', *, *, #5516, .F. ) ;
#1025 = B_SPLINE_CURVE_WITH_KNOTS ( 'NONE', 3,
 ( #8639, #1356, #6880, #6832 ),
 .UNSPECIFIED., .F., .F.,
 ( 4, 4 ),
 ( 0.000000000000000000, 1.000000000000000000 ),
 .UNSPECIFIED. ) ;
#1026 = LINE ( 'NONE', #8897, #4025 ) ;
#1027 = CARTESIAN_POINT ( 'NONE',  ( -2.461639714443340843, -1.908383175294717349, -7.344383144250181239 ) ) ;
#1028 = AXIS2_PLACEMENT_3D ( 'NONE', #1864, #4384, #2646 ) ;
#1029 = CARTESIAN_POINT ( 'NONE',  ( -3.115000000000000213, 0.2057738952172405156, -6.013722511827051420 ) ) ;
#1030 = CARTESIAN_POINT ( 'NONE',  ( -3.049999999973351805, 0.3992440663902150355, -3.300000000024283953 ) ) ;
#1031 = CARTESIAN_POINT ( 'NONE',  ( -0.6495145696682955716, 0.02511620569689349686, -4.370000000000000107 ) ) ;
#1032 = FACE_OUTER_BOUND ( 'NONE', #3736, .T. ) ;
#1033 = DIRECTION ( 'NONE',  ( -0.000000000000000000, -0.000000000000000000, -1.000000000000000000 ) ) ;
#1034 = CARTESIAN_POINT ( 'NONE',  ( 0.1480006324760892722, 2.324966238019586573, -7.169999999999999929 ) ) ;
#1035 = ORIENTED_EDGE ( 'NONE', *, *, #6060, .F. ) ;
#1036 = AXIS2_PLACEMENT_3D ( 'NONE', #10417, #5451, #4049 ) ;
#1037 = EDGE_CURVE ( 'NONE', #9803, #5120, #2691, .T. ) ;
#1038 = DIRECTION ( 'NONE',  ( 0.9781476007338046896, 0.2079116908177639778, 0.000000000000000000 ) ) ;
#1039 = CARTESIAN_POINT ( 'NONE',  ( 0.6495145696682953496, 0.02511620569690256599, -4.070000000000005613 ) ) ;
#1040 = VERTEX_POINT ( 'NONE', #5933 ) ;
#1041 = DIRECTION ( 'NONE',  ( -0.000000000000000000, -0.000000000000000000, -1.000000000000000000 ) ) ;
#1042 = CARTESIAN_POINT ( 'NONE',  ( -0.4500000000000000111, 0.000000000000000000, 2.299999999999999822 ) ) ;
#1044 = DIRECTION ( 'NONE',  ( 1.000000000000000000, 0.000000000000000000, 0.000000000000000000 ) ) ;
#1043 = AXIS2_PLACEMENT_3D ( 'NONE', #553, #1945, #2101 ) ;
#1045 = CARTESIAN_POINT ( 'NONE',  ( 3.500000000000000444, -3.352359877559829560, -1.300000000000000266 ) ) ;
#1046 = EDGE_CURVE ( 'NONE', #5716, #4424, #1907, .T. ) ;
#1047 = ORIENTED_EDGE ( 'NONE', *, *, #9180, .F. ) ;
#1048 = CARTESIAN_POINT ( 'NONE',  ( 0.7322968854634904767, -2.627230939360354345, -6.145202378205437022 ) ) ;
#1049 = EDGE_CURVE ( 'NONE', #7223, #3508, #930, .T. ) ;
#1050 = VERTEX_POINT ( 'NONE', #74 ) ;
#1051 = FACE_OUTER_BOUND ( 'NONE', #9166, .T. ) ;
#1052 = AXIS2_PLACEMENT_3D ( 'NONE', #4458, #6822, #5366 ) ;
#1053 = DIRECTION ( 'NONE',  ( -0.000000000000000000, -0.000000000000000000, -1.000000000000000000 ) ) ;
#1054 = CARTESIAN_POINT ( 'NONE',  ( -2.754283040609000199, 0.5825831322872999651, -5.549690693891999871 ) ) ;
#1055 = ORIENTED_EDGE ( 'NONE', *, *, #10398, .F. ) ;
#1056 = EDGE_CURVE ( 'NONE', #7006, #7682, #3324, .T. ) ;
#1057 = ORIENTED_EDGE ( 'NONE', *, *, #6699, .F. ) ;
#1058 = EDGE_CURVE ( 'NONE', #10524, #4251, #507, .T. ) ;
#1059 = CARTESIAN_POINT ( 'NONE',  ( -0.1322074841943000068, 2.868683879909000201, -7.862436152670999157 ) ) ;
#1060 = CARTESIAN_POINT ( 'NONE',  ( -0.001688802477108999976, 2.871728159633000654, -6.428797027110070950 ) ) ;
#1061 = EDGE_LOOP ( 'NONE', ( #8234, #3138, #7397, #3018 ) ) ;
#1062 = CARTESIAN_POINT ( 'NONE',  ( -3.039999999999999591, -2.040000000000000036, 4.400000000000000355 ) ) ;
#1063 = CARTESIAN_POINT ( 'NONE',  ( -2.491410914022417433, 1.914768822759716160, -5.259403121882502141 ) ) ;
#1064 = DIRECTION ( 'NONE',  ( -0.000000000000000000, 1.000000000000000000, 0.000000000000000000 ) ) ;
#1065 = ORIENTED_EDGE ( 'NONE', *, *, #5402, .F. ) ;
#1066 = CARTESIAN_POINT ( 'NONE',  ( 0.000000000000000000, 0.000000000000000000, -3.919999999999999929 ) ) ;
#1067 = FACE_OUTER_BOUND ( 'NONE', #1824, .T. ) ;
#1068 = ORIENTED_EDGE ( 'NONE', *, *, #7960, .F. ) ;
#1069 = CARTESIAN_POINT ( 'NONE',  ( 0.6495145696682956826, -0.02511620569688895882, -4.370000000000000107 ) ) ;
#1070 = ADVANCED_FACE ( 'NONE', ( #2738 ), #1305, .F. ) ;
#1071 = ADVANCED_FACE ( 'NONE', ( #10259 ), #6890, .T. ) ;
#1072 = CARTESIAN_POINT ( 'NONE',  ( -0.6794969850641999765, 2.863617066693000091, -4.912153001314999656 ) ) ;
#1073 = CARTESIAN_POINT ( 'NONE',  ( 2.540000000000000036, 3.040000000000000036, 4.400000000000000355 ) ) ;
#1074 = CARTESIAN_POINT ( 'NONE',  ( 2.040000000000000036, 2.540000000000000036, 4.400000000000000355 ) ) ;
#1075 = CARTESIAN_POINT ( 'NONE',  ( -0.3810193522465000759, 2.974326033980999817, -6.592766250539001227 ) ) ;
#1076 = ORIENTED_EDGE ( 'NONE', *, *, #8441, .F. ) ;
#1077 = CARTESIAN_POINT ( 'NONE',  ( -0.2471406344602000149, -2.724564616331000000, -6.175838189438000114 ) ) ;
#1078 = CARTESIAN_POINT ( 'NONE',  ( -1.005585038163755218, 2.955194748472186994, -6.145906342525083943 ) ) ;
#1079 = CARTESIAN_POINT ( 'NONE',  ( 0.1739084733880000011, 2.696019786946000085, -4.391468132018999881 ) ) ;
#1080 = DIRECTION ( 'NONE',  ( 0.000000000000000000, -0.000000000000000000, 1.000000000000000000 ) ) ;
#1081 = CARTESIAN_POINT ( 'NONE',  ( -0.6740008022047693226, -2.507979642344997817, -9.100000000046296833 ) ) ;
#1082 = EDGE_CURVE ( 'NONE', #10100, #8531, #4374, .T. ) ;
#1083 = CARTESIAN_POINT ( 'NONE',  ( -0.6716940394054636831, 0.06672418922078714176, -4.219999999999999751 ) ) ;
#1084 = APPLICATION_CONTEXT ( 'automotive_design' ) ;
#1085 = CARTESIAN_POINT ( 'NONE',  ( 0.4415163173259569751, 0.4770359960578705594, -4.370000000000000107 ) ) ;
#1086 = ORIENTED_EDGE ( 'NONE', *, *, #2658, .F. ) ;
#1087 = CARTESIAN_POINT ( 'NONE',  ( 0.6150109881245999777, 2.728781536011999798, -5.131843871301001059 ) ) ;
#1088 = DIRECTION ( 'NONE',  ( -1.000000000000000000, 0.000000000000000000, 0.000000000000000000 ) ) ;
#1089 = ORIENTED_EDGE ( 'NONE', *, *, #6803, .T. ) ;
#1090 = CARTESIAN_POINT ( 'NONE',  ( 3.250000000000000000, -2.653401398152598821E-16, -1.300000000000000266 ) ) ;
#1091 = CARTESIAN_POINT ( 'NONE',  ( 0.3803675175813251985, 2.898057359397050892, -8.076303621357354245 ) ) ;
#1092 = EDGE_LOOP ( 'NONE', ( #5037, #10106, #2599, #7978, #6063 ) ) ;
#1093 = CARTESIAN_POINT ( 'NONE',  ( 3.103200244567948740, -0.06773324355074429592, -4.828622662073649430 ) ) ;
#1094 = CARTESIAN_POINT ( 'NONE',  ( 0.6099637295171195239, -0.2245979712142704143, -4.370000000000000107 ) ) ;
#1095 = LINE ( 'NONE', #4324, #7808 ) ;
#1096 = PLANE ( 'NONE',  #10048 ) ;
#1097 = EDGE_CURVE ( 'NONE', #4121, #6284, #6145, .T. ) ;
#1098 = DIRECTION ( 'NONE',  ( -0.000000000000000000, -0.000000000000000000, -1.000000000000000000 ) ) ;
#1099 = EDGE_LOOP ( 'NONE', ( #6480, #3969, #3556, #5795, #6474 ) ) ;
#1100 = CARTESIAN_POINT ( 'NONE',  ( -2.376311397848000162, -1.796307807695000092, -8.130290050668000035 ) ) ;
#1101 = ORIENTED_EDGE ( 'NONE', *, *, #10097, .F. ) ;
#1102 = CARTESIAN_POINT ( 'NONE',  ( 0.06597768368938848604, -2.910833659422851660, -8.063549562572653429 ) ) ;
#1103 = CARTESIAN_POINT ( 'NONE',  ( 0.000000000000000000, -3.500000000000000000, -0.4000000000000000222 ) ) ;
#1104 = DIRECTION ( 'NONE',  ( 3.491481338843133355E-15, -1.000000000000000000, 0.000000000000000000 ) ) ;
#1105 = B_SPLINE_CURVE_WITH_KNOTS ( 'NONE', 3,
 ( #6360, #821, #9613, #5610 ),
 .UNSPECIFIED., .F., .F.,
 ( 4, 4 ),
 ( 1.157126242796433541E-06, 0.0001537691119146815128 ),
 .UNSPECIFIED. ) ;
#1106 = CIRCLE ( 'NONE', #5003, 0.6500000000000000222 ) ;
#1107 = CARTESIAN_POINT ( 'NONE',  ( 2.080101932314000202, -1.897011894595000081, -5.256349829954999997 ) ) ;
#1108 = EDGE_CURVE ( 'NONE', #6958, #2085, #6965, .T. ) ;
#1109 = ORIENTED_EDGE ( 'NONE', *, *, #782, .T. ) ;
#1110 = CARTESIAN_POINT ( 'NONE',  ( -1.788024291503000240, 2.247174795014999837, -7.885791592183998944 ) ) ;
#1111 = DIRECTION ( 'NONE',  ( -0.000000000000000000, -0.000000000000000000, -1.000000000000000000 ) ) ;
#1112 = ORIENTED_EDGE ( 'NONE', *, *, #223, .F. ) ;
#1113 = DIRECTION ( 'NONE',  ( -1.000000000000000000, 0.000000000000000000, 0.000000000000000000 ) ) ;
#1114 = CARTESIAN_POINT ( 'NONE',  ( 0.5681916233596401300, 0.3643944005386706708, -3.919999999999999929 ) ) ;
#1115 = CARTESIAN_POINT ( 'NONE',  ( 0.6740008022047228042, -2.507979642344998261, -9.100000000046293280 ) ) ;
#1116 = ADVANCED_FACE ( 'NONE', ( #2465 ), #2570, .T. ) ;
#1117 = ORIENTED_EDGE ( 'NONE', *, *, #60, .T. ) ;
#1118 = EDGE_CURVE ( 'NONE', #3515, #113, #116, .T. ) ;
#1119 = ORIENTED_EDGE ( 'NONE', *, *, #7273, .T. ) ;
#1120 = DIRECTION ( 'NONE',  ( -0.000000000000000000, -0.000000000000000000, -1.000000000000000000 ) ) ;
#1121 = AXIS2_PLACEMENT_3D ( 'NONE', #7386, #9738, #2547 ) ;
#1122 = ORIENTED_EDGE ( 'NONE', *, *, #7901, .F. ) ;
#1123 = CARTESIAN_POINT ( 'NONE',  ( 0.3643944005386562379, 0.5681916233596494559, -3.919999999999999929 ) ) ;
#1124 = CARTESIAN_POINT ( 'NONE',  ( -2.544335864558305627, -0.9113695223834255010, -7.725815491436755167 ) ) ;
#1125 = CARTESIAN_POINT ( 'NONE',  ( 2.153813928001945044, 1.611424428162308464, -4.415099465223208952 ) ) ;
#1126 = VERTEX_POINT ( 'NONE', #2514 ) ;
#1127 = EDGE_CURVE ( 'NONE', #5978, #10524, #971, .T. ) ;
#1128 = EDGE_CURVE ( 'NONE', #7132, #4194, #9517, .T. ) ;
#1129 = CARTESIAN_POINT ( 'NONE',  ( 0.5992894714066999695, 2.896289251984999868, -5.924362729018000095 ) ) ;
#1130 = DIRECTION ( 'NONE',  ( -1.000000000000000000, 0.000000000000000000, 0.000000000000000000 ) ) ;
#1131 = CARTESIAN_POINT ( 'NONE',  ( 0.3992440663902138698, -3.049999999973352693, -3.300000000024284397 ) ) ;
#1132 = ORIENTED_EDGE ( 'NONE', *, *, #2245, .T. ) ;
#1133 = CARTESIAN_POINT ( 'NONE',  ( 0.6594379015382950682, -0.1441063982436945057, -4.220000000000000639 ) ) ;
#1134 = CARTESIAN_POINT ( 'NONE',  ( 0.5221405368133766878, 0.4277782834789994881, -4.370000000000000107 ) ) ;
#1135 = VECTOR ( 'NONE', #2574, 1000.000000000000000 ) ;
#1136 = EDGE_LOOP ( 'NONE', ( #2972, #2730, #6695, #7659 ) ) ;
#1137 = CARTESIAN_POINT ( 'NONE',  ( 0.3737357043578000693, -3.125929407646999891, -8.536252433858999566 ) ) ;
#1138 = CARTESIAN_POINT ( 'NONE',  ( 0.8503743781224000209, -2.832755305541999835, -4.809667446056000273 ) ) ;
#1139 = CARTESIAN_POINT ( 'NONE',  ( 3.114992498926956621, 0.4994592692066201489, -4.839992498778164176 ) ) ;
#1140 = ADVANCED_FACE ( 'NONE', ( #7465 ), #6224, .F. ) ;
#1141 = ADVANCED_FACE ( 'NONE', ( #9424 ), #2868, .T. ) ;
#1142 = VECTOR ( 'NONE', #8659, 1000.000000000000000 ) ;
#1143 = CARTESIAN_POINT ( 'NONE',  ( -0.2710233481495825658, -0.6182000847280681999, -3.919999999999999929 ) ) ;
#1144 = PRESENTATION_LAYER_ASSIGNMENT (  '', '', ( #6057 ) ) ;
#1145 = DIRECTION ( 'NONE',  ( 0.000000000000000000, 0.000000000000000000, 1.000000000000000000 ) ) ;
#1146 = DIRECTION ( 'NONE',  ( -1.000000000000000000, 0.000000000000000000, 0.000000000000000000 ) ) ;
#1147 = LINE ( 'NONE', #5176, #4081 ) ;
#1148 = CARTESIAN_POINT ( 'NONE',  ( 0.000000000000000000, 0.000000000000000000, -9.000000000000001776 ) ) ;
#1149 = CARTESIAN_POINT ( 'NONE',  ( -0.07679948071508269081, 0.6454470077100782355, -4.370000000000000107 ) ) ;
#1150 = CYLINDRICAL_SURFACE ( 'NONE', #6403, 0.6500000000000000222 ) ;
#1151 = EDGE_LOOP ( 'NONE', ( #10271, #3694, #10377, #6447 ) ) ;
#1152 = AXIS2_PLACEMENT_3D ( 'NONE', #8950, #1782, #870 ) ;
#1153 = AXIS2_PLACEMENT_3D ( 'NONE', #9855, #7339, #8077 ) ;
#1154 = ORIENTED_EDGE ( 'NONE', *, *, #9638, .T. ) ;
#1155 = CARTESIAN_POINT ( 'NONE',  ( -0.8822825803302338787, -2.679112797055074324, -8.153590999668182349 ) ) ;
#1156 = CARTESIAN_POINT ( 'NONE',  ( -0.4415163173259603613, -0.4770359960578675618, -3.919999999999999929 ) ) ;
#1157 = LINE ( 'NONE', #5241, #7096 ) ;
#1158 = CIRCLE ( 'NONE', #8112, 0.6350000000000000089 ) ;
#1159 = CARTESIAN_POINT ( 'NONE',  ( 2.670084909673000162, 0.8922574685466001521, -5.936486907592000151 ) ) ;
#1160 = VERTEX_POINT ( 'NONE', #2283 ) ;
#1161 = ORIENTED_EDGE ( 'NONE', *, *, #9140, .T. ) ;
#1162 = CARTESIAN_POINT ( 'NONE',  ( 0.5402312602579648626, -0.3614556479571054970, -4.070000000000005613 ) ) ;
#1163 = CARTESIAN_POINT ( 'NONE',  ( -1.788024291503000240, 2.247174795014999837, -7.838941588494000356 ) ) ;
#1164 = CARTESIAN_POINT ( 'NONE',  ( 0.000000000000000000, 0.000000000000000000, -4.070000000000005613 ) ) ;
#1165 = EDGE_LOOP ( 'NONE', ( #8527, #4587, #7649, #9497 ) ) ;
#1166 = CARTESIAN_POINT ( 'NONE',  ( 3.114928773163351483, 4.397341674889164788E-06, -6.244792586669255741 ) ) ;
#1167 = CONICAL_SURFACE ( 'NONE', #8122, 3.115000000036616257, 0.7853981634620430530 ) ;
#1168 = LINE ( 'NONE', #1114, #10033 ) ;
#1169 = DIRECTION ( 'NONE',  ( -1.000000000000000000, 0.000000000000000000, 0.000000000000000000 ) ) ;
#1170 = EDGE_CURVE ( 'NONE', #177, #8297, #8604, .T. ) ;
#1171 = ORIENTED_EDGE ( 'NONE', *, *, #9799, .T. ) ;
#1172 = ORIENTED_EDGE ( 'NONE', *, *, #8985, .T. ) ;
#1173 = AXIS2_PLACEMENT_3D ( 'NONE', #3409, #10067, #5909 ) ;
#1174 = CARTESIAN_POINT ( 'NONE',  ( -0.4500000000000000111, 0.000000000000000000, 1.799999999999995159 ) ) ;
#1175 = ORIENTED_EDGE ( 'NONE', *, *, #10526, .T. ) ;
#1176 = DIRECTION ( 'NONE',  ( -0.7071067811865474617, 8.659560562354932858E-17, 0.7071067811865474617 ) ) ;
#1177 = CARTESIAN_POINT ( 'NONE',  ( -2.229553082463947344, 1.567370261923953123, -7.833337815646466140 ) ) ;
#1178 = EDGE_CURVE ( 'NONE', #2226, #6665, #10282, .T. ) ;
#1179 = ADVANCED_FACE ( 'NONE', ( #4658 ), #6980, .T. ) ;
#1180 = LINE ( 'NONE', #4409, #3562 ) ;
#1181 = VECTOR ( 'NONE', #2764, 1000.000000000000114 ) ;
#1182 = VERTEX_POINT ( 'NONE', #478 ) ;
#1183 = PRODUCT_DEFINITION_SHAPE ( 'NONE', 'NONE',  #8519 ) ;
#1184 = CARTESIAN_POINT ( 'NONE',  ( -2.083349253609000140, 1.866585944446000012, -5.718525599177000096 ) ) ;
#1185 = CARTESIAN_POINT ( 'NONE',  ( -0.07006679138116173045, 0.6629862630698563075, -4.169991741848314781 ) ) ;
#1186 = LINE ( 'NONE', #6132, #452 ) ;
#1187 = DIRECTION ( 'NONE',  ( -0.000000000000000000, -0.000000000000000000, -1.000000000000000000 ) ) ;
#1188 = ORIENTED_EDGE ( 'NONE', *, *, #3560, .T. ) ;
#1189 = CIRCLE ( 'NONE', #7140, 0.6500000000000000222 ) ;
#1190 = CARTESIAN_POINT ( 'NONE',  ( 0.000000000000000000, 0.000000000000000000, -11.36999999999999922 ) ) ;
#1191 = DIRECTION ( 'NONE',  ( -1.000000000000000000, 0.000000000000000000, 0.000000000000000000 ) ) ;
#1192 = ORIENTED_EDGE ( 'NONE', *, *, #7626, .T. ) ;
#1193 = EDGE_CURVE ( 'NONE', #7134, #4329, #7095, .T. ) ;
#1194 = DIRECTION ( 'NONE',  ( -0.000000000000000000, -0.000000000000000000, -1.000000000000000000 ) ) ;
#1195 = CARTESIAN_POINT ( 'NONE',  ( -2.424999999902887282, 0.3174317576937537577, -9.099999999932604666 ) ) ;
#1196 = CARTESIAN_POINT ( 'NONE',  ( -0.7123480127046001309, -3.035591518221000040, -4.956836403109999623 ) ) ;
#1197 = CARTESIAN_POINT ( 'NONE',  ( 3.115000000024410909, 1.271591593129615950E-16, -4.839999999925216123 ) ) ;
#1198 = ORIENTED_EDGE ( 'NONE', *, *, #8416, .T. ) ;
#1199 = AXIS2_PLACEMENT_3D ( 'NONE', #6005, #9265, #1976 ) ;
#1200 = DIRECTION ( 'NONE',  ( -0.7431448254774006834, 0.6691306063588509101, 0.000000000000000000 ) ) ;
#1201 = CARTESIAN_POINT ( 'NONE',  ( 2.530981843475094362, -1.815315175249930801, -7.135423768692873203 ) ) ;
#1202 = FACE_OUTER_BOUND ( 'NONE', #5800, .T. ) ;
#1203 = LINE ( 'NONE', #5231, #2794 ) ;
#1204 = LINE ( 'NONE', #8651, #5966 ) ;
#1205 = DIRECTION ( 'NONE',  ( 0.5446390350150159820, 0.8386705679454312667, 0.000000000000000000 ) ) ;
#1206 = CARTESIAN_POINT ( 'NONE',  ( 1.001056647964748025, 2.956809400609318850, -6.925437819741096845 ) ) ;
#1207 = CARTESIAN_POINT ( 'NONE',  ( -2.049999999999999822, 2.510525938252073693E-16, 0.000000000000000000 ) ) ;
#1208 = EDGE_LOOP ( 'NONE', ( #927, #6268, #3363, #5477 ) ) ;
#1209 = CIRCLE ( 'NONE', #861, 0.6750000000000000444 ) ;
#1210 = EDGE_CURVE ( 'NONE', #4519, #4624, #9469, .T. ) ;
#1211 = EDGE_CURVE ( 'NONE', #8757, #10011, #9534, .T. ) ;
#1212 = ORIENTED_EDGE ( 'NONE', *, *, #9607, .T. ) ;
#1213 = CARTESIAN_POINT ( 'NONE',  ( -0.2710233481495870067, 0.6182000847280659794, -4.370000000000000107 ) ) ;
#1214 = LINE ( 'NONE', #4440, #10343 ) ;
#1215 = ORIENTED_EDGE ( 'NONE', *, *, #10496, .F. ) ;
#1216 = VECTOR ( 'NONE', #6465, 1000.000000000000000 ) ;
#1217 = CARTESIAN_POINT ( 'NONE',  ( 2.685407225028999978, 0.8450243859295000215, -5.232468834142999903 ) ) ;
#1218 = VERTEX_POINT ( 'NONE', #7713 ) ;
#1219 = CARTESIAN_POINT ( 'NONE',  ( 0.9978871901554222656, 2.537959019556561557, -4.452926911237622853 ) ) ;
#1220 = EDGE_CURVE ( 'NONE', #6897, #4339, #10327, .T. ) ;
#1221 = CARTESIAN_POINT ( 'NONE',  ( -2.747354809272999798, 0.8359827181592001111, -7.112001345640000416 ) ) ;
#1222 = LINE ( 'NONE', #7706, #5253 ) ;
#1223 = ORIENTED_EDGE ( 'NONE', *, *, #5815, .F. ) ;
#1224 = AXIS2_PLACEMENT_3D ( 'NONE', #8473, #500, #1191 ) ;
#1225 = CARTESIAN_POINT ( 'NONE',  ( 0.5183467857718210281, 0.4192573791286276497, -4.169991741848313893 ) ) ;
#1226 = LINE ( 'NONE', #313, #6979 ) ;
#1227 = LINE ( 'NONE', #1977, #134 ) ;
#1228 = CARTESIAN_POINT ( 'NONE',  ( 0.6454470077100772363, 0.07679948071508978236, -3.919999999999999929 ) ) ;
#1229 = VERTEX_POINT ( 'NONE', #2131 ) ;
#1230 = VECTOR ( 'NONE', #3255, 1000.000000000000000 ) ;
#1231 = LINE ( 'NONE', #5476, #6790 ) ;
#1232 = ORIENTED_EDGE ( 'NONE', *, *, #8602, .F. ) ;
#1233 = CARTESIAN_POINT ( 'NONE',  ( -2.328885935267157592, -1.791134053560727635, -4.638001443625535458 ) ) ;
#1234 = CARTESIAN_POINT ( 'NONE',  ( 0.2164811447863026483, -2.681334694486222858, -8.285036700701009948 ) ) ;
#1235 = CARTESIAN_POINT ( 'NONE',  ( 0.000000000000000000, 0.000000000000000000, -3.919999999999999929 ) ) ;
#1236 = EDGE_CURVE ( 'NONE', #40, #4603, #728, .T. ) ;
#1237 = CARTESIAN_POINT ( 'NONE',  ( -2.770000000000000018, -2.040000000000000036, 2.200000000000000178 ) ) ;
#1238 = CARTESIAN_POINT ( 'NONE',  ( -1.866565161553999985, -2.025260723600999846, -6.249372988166999932 ) ) ;
#1239 = VERTEX_POINT ( 'NONE', #2187 ) ;
#1240 = CARTESIAN_POINT ( 'NONE',  ( -1.215797667805000204, -2.382035077956000002, -6.218965226698999871 ) ) ;
#1241 = CARTESIAN_POINT ( 'NONE',  ( 0.000000000000000000, 0.000000000000000000, -4.219999999999999751 ) ) ;
#1242 = CARTESIAN_POINT ( 'NONE',  ( 2.490961839420736457, 1.914313547004517613, -6.171169268860812629 ) ) ;
#1243 = CARTESIAN_POINT ( 'NONE',  ( -0.5402312602579620870, 0.3614556479571094383, -4.370000000000000107 ) ) ;
#1244 = CARTESIAN_POINT ( 'NONE',  ( 0.3501566811813618396, -2.675000000000000711, -3.300000000000000266 ) ) ;
#1245 = ORIENTED_EDGE ( 'NONE', *, *, #6156, .T. ) ;
#1246 = LINE ( 'NONE', #555, #10378 ) ;
#1247 = B_SPLINE_CURVE_WITH_KNOTS ( 'NONE', 3,
 ( #10135, #7847, #3840, #6196, #2158, #9451, #2996, #3897, #9558, #4684, #4637, #7892, #1564, #8700, #3149, #4791, #604, #3104, #10308, #5387, #7942, #5446, #2260, #6251, #7104, #8039, #655, #10359, #8647, #5601, #3047, #6303, #9605, #1414, #1461, #7152, #5496, #8748, #9506, #10412, #6353, #3991, #6400, #1365, #2310, #5544, #10458, #7248, #2213, #4589, #560, #8802, #1512, #3794, #10515, #4736, #7993, #7055, #704, #3945, #8849, #7203, #9657, #2365, #5816 ),
 .UNSPECIFIED., .F., .F.,
 ( 4, 2, 2, 2, 2, 2, 2, 2, 2, 2, 2, 2, 2, 2, 2, 2, 1, 2, 2, 2, 2, 2, 2, 2, 2, 2, 2, 2, 2, 2, 2, 2, 4 ),
 ( 0.000000000000000000, 0.03125000000000000000, 0.06250000000000000000, 0.09375000000000000000, 0.1250000000000000000, 0.1562500000000000000, 0.1875000000000000278, 0.2187500000000000555, 0.2500000000000000555, 0.2812500000000000555, 0.3125000000000000555, 0.3437500000000000555, 0.3750000000000000555, 0.4062500000000000555, 0.4375000000000000555, 0.4687500000000000555, 0.5000000000000000000, 0.5312500000000000000, 0.5625000000000000000, 0.5937500000000000000, 0.6250000000000000000, 0.6562500000000000000, 0.6875000000000000000, 0.7187500000000000000, 0.7500000000000000000, 0.7812500000000000000, 0.8125000000000000000, 0.8437500000000000000, 0.8750000000000000000, 0.9062500000000000000, 0.9375000000000000000, 0.9687500000000000000, 1.000000000000000000 ),
 .UNSPECIFIED. ) ;
#1248 = CARTESIAN_POINT ( 'NONE',  ( -2.241015081282999866, -2.392945311104000439, -5.104005360164999949 ) ) ;
#1249 = DIRECTION ( 'NONE',  ( 0.000000000000000000, 0.000000000000000000, -1.000000000000000000 ) ) ;
#1250 = ORIENTED_EDGE ( 'NONE', *, *, #1791, .T. ) ;
#1251 = LINE ( 'NONE', #4373, #2686 ) ;
#1252 = ADVANCED_FACE ( 'NONE', ( #2237 ), #6916, .F. ) ;
#1253 = CARTESIAN_POINT ( 'NONE',  ( 2.186180335535412578, -2.219150691135753473, -7.154968509542137589 ) ) ;
#1254 = DIRECTION ( 'NONE',  ( 0.000000000000000000, 0.000000000000000000, 1.000000000000000000 ) ) ;
#1255 = EDGE_CURVE ( 'NONE', #4559, #8144, #6908, .T. ) ;
#1256 = CARTESIAN_POINT ( 'NONE',  ( 0.6454470077100789016, -0.07679948071507571028, -4.070000000000005613 ) ) ;
#1257 = DIRECTION ( 'NONE',  ( -1.000000000000000000, 0.000000000000000000, 0.000000000000000000 ) ) ;
#1258 = LINE ( 'NONE', #513, #6405 ) ;
#1259 = LINE ( 'NONE', #2113, #1741 ) ;
#1260 = LINE ( 'NONE', #457, #10177 ) ;
#1261 = UNCERTAINTY_MEASURE_WITH_UNIT (LENGTH_MEASURE( 1.000000000000000082E-05 ), #8750, 'distance_accuracy_value', 'NONE');
#1262 = ORIENTED_EDGE ( 'NONE', *, *, #10480, .F. ) ;
#1263 = CARTESIAN_POINT ( 'NONE',  ( 2.008835546414999840, -2.466608217595999797, -7.949717674067999340 ) ) ;
#1264 = EDGE_LOOP ( 'NONE', ( #9023, #46, #4085, #5639 ) ) ;
#1265 = DIRECTION ( 'NONE',  ( -1.000000000000000000, 0.000000000000000000, 0.000000000000000000 ) ) ;
#1266 = DIRECTION ( 'NONE',  ( 0.000000000000000000, 0.000000000000000000, 1.000000000000000000 ) ) ;
#1267 = EDGE_LOOP ( 'NONE', ( #1421, #200, #9482, #4670 ) ) ;
#1268 = EDGE_CURVE ( 'NONE', #7631, #7103, #7034, .T. ) ;
#1269 = PRODUCT_DEFINITION_FORMATION_WITH_SPECIFIED_SOURCE ( 'ANY', '', #2127, .NOT_KNOWN. ) ;
#1270 = EDGE_LOOP ( 'NONE', ( #5397, #10318, #7918, #2379 ) ) ;
#1271 = CARTESIAN_POINT ( 'NONE',  ( 0.02511620569689576241, 0.6495145696682955716, -4.370000000000000107 ) ) ;
#1272 = CARTESIAN_POINT ( 'NONE',  ( -0.8310590062181999471, -2.559778706507000123, -6.231578244108000320 ) ) ;
#1273 = CARTESIAN_POINT ( 'NONE',  ( -2.747354809272999798, 0.8359827181592001111, -6.991553570052071898 ) ) ;
#1274 = ORIENTED_EDGE ( 'NONE', *, *, #2681, .T. ) ;
#1275 = CARTESIAN_POINT ( 'NONE',  ( -3.040000000000000036, 2.040000000000000036, 2.200000000000000178 ) ) ;
#1276 = CARTESIAN_POINT ( 'NONE',  ( -0.5107053896536003501, -0.4020945224431241583, -3.919999999999999929 ) ) ;
#1277 = B_SPLINE_SURFACE_WITH_KNOTS ( 'NONE', 3, 3, ( 
 ( #9285, #1995, #8472, #387 ),
 ( #10352, #8740, #7294, #4783 ),
 ( #9701, #6348, #5695, #696 ),
 ( #747, #3143, #10407, #3833 ),
 ( #8942, #7097, #6452, #8032 ),
 ( #2407, #5646, #8891, #647 ),
 ( #1453, #1606, #7934, #3939 ),
 ( #803, #2455, #3889, #4675 ),
 ( #7145, #2255, #4837, #4 ),
 ( #8086, #4035, #3254, #5490 ),
 ( #596, #8841, #3040, #6297 ),
 ( #9599, #9552, #3097, #2301 ),
 ( #4727, #7985, #8792, #4627 ),
 ( #6501, #5536, #1557, #9751 ),
 ( #10505, #1506, #7884, #5593 ),
 ( #3984, #7196, #2356, #10452 ),
 ( #3200, #6392, #9646, #7241 ),
 ( #6708, #6661, #6764, #9006 ),
 ( #216, #5808, #263, #1886 ),
 ( #6611, #9061, #5911, #10013 ),
 ( #4893, #8146, #7458, #8248 ),
 ( #1665, #1725, #7511, #4948 ),
 ( #1776, #8361, #7348, #5108 ),
 ( #4255, #1072, #5056, #8197 ),
 ( #7399, #862, #911, #2716 ),
 ( #3460, #1826, #164, #9959 ),
 ( #9172, #4142, #4090, #5754 ),
 ( #109, #963, #2666, #4303 ),
 ( #3358, #9866, #7556, #2562 ),
 ( #3500, #5967, #3412, #53 ),
 ( #3304, #9805, #6551, #2506 ),
 ( #5000, #4201, #9915, #2611 ),
 ( #8305, #5856, #9111, #1018 ),
 ( #2874, #9430, #6985, #10237 ),
 ( #3775, #2039, #7039, #5260 ),
 ( #9382, #4350, #1284, #10068 ),
 ( #9276, #8463, #5365, #322 ) ),
 .UNSPECIFIED., .F., .F., .F.,
 ( 4, 1, 1, 1, 1, 1, 1, 1, 1, 1, 1, 1, 1, 1, 1, 1, 1, 1, 1, 1, 1, 1, 1, 1, 1, 1, 1, 1, 1, 1, 1, 1, 1, 1, 4 ),
 ( 4, 4 ),
 ( -0.007494873634056999599, 0.000000000000000000, 0.01250249756914000032, 0.04500234217850999918, 0.07750218678787000604, 0.1100020313972999986, 0.1425018760065999979, 0.1750017206158999972, 0.2075015652254000031, 0.2400014098347000024, 0.2725012544441999807, 0.3050010990534999800, 0.3375009436627999793, 0.3700007882722999852, 0.4025006328815999845, 0.4350004774908999838, 0.4675003221003999898, 0.5000001667097000446, 0.5325000113190000439, 0.5649998559284999944, 0.5974997005377999937, 0.6299995451470999930, 0.6624993897566000545, 0.6949992343659000538, 0.7274990789752000531, 0.7599989235847000035, 0.7924987681940000028, 0.8249986128034000332, 0.8574984574127999526, 0.8899983020220999519, 0.9224981466314999823, 0.9549979912409000127, 0.9874978358502000120, 1.000000000000000000, 1.007494872539999919 ),
 ( -2.715038655010000107E-08, 1.000000000000000000 ),
 .UNSPECIFIED. ) ;
#1278 = DIRECTION ( 'NONE',  ( -0.000000000000000000, -0.000000000000000000, -1.000000000000000000 ) ) ;
#1279 = EDGE_CURVE ( 'NONE', #4571, #10215, #5200, .T. ) ;
#1280 = DIRECTION ( 'NONE',  ( -0.000000000000000000, -0.000000000000000000, -1.000000000000000000 ) ) ;
#1281 = ORIENTED_EDGE ( 'NONE', *, *, #2681, .F. ) ;
#1282 = DIRECTION ( 'NONE',  ( -0.000000000000000000, 1.000000000000000000, 0.000000000000000000 ) ) ;
#1283 = CARTESIAN_POINT ( 'NONE',  ( 2.423759639506201324, -1.395614808062481282, -4.498205041584273367 ) ) ;
#1284 = CARTESIAN_POINT ( 'NONE',  ( 2.244786250304000141, 1.961645221402000150, -4.239648495853000298 ) ) ;
#1285 = FACE_OUTER_BOUND ( 'NONE', #5507, .T. ) ;
#1286 = AXIS2_PLACEMENT_3D ( 'NONE', #7412, #3422, #6672 ) ;
#1287 = DIRECTION ( 'NONE',  ( 0.000000000000000000, 0.000000000000000000, 1.000000000000000000 ) ) ;
#1288 =( REPRESENTATION_RELATIONSHIP ('NONE','NONE', #3217, #2082 ) REPRESENTATION_RELATIONSHIP_WITH_TRANSFORMATION ( #1435 )SHAPE_REPRESENTATION_RELATIONSHIP( ) );
#1289 = ORIENTED_EDGE ( 'NONE', *, *, #9090, .F. ) ;
#1290 = B_SPLINE_CURVE_WITH_KNOTS ( 'NONE', 3,
 ( #5517, #5574, #2389, #5625 ),
 .UNSPECIFIED., .F., .F.,
 ( 4, 4 ),
 ( 2.034489220894431248E-07, 0.0001528154345938345995 ),
 .UNSPECIFIED. ) ;
#1291 = CARTESIAN_POINT ( 'NONE',  ( -1.018521530784000095, -2.648602010443000143, -6.295680521131999718 ) ) ;
#1292 = B_SPLINE_CURVE_WITH_KNOTS ( 'NONE', 3,
 ( #8717, #7910, #3864, #7124 ),
 .UNSPECIFIED., .F., .F.,
 ( 4, 4 ),
 ( 1.118379690038491057E-06, 0.0001537303653621302870 ),
 .UNSPECIFIED. ) ;
#1293 = ORIENTED_EDGE ( 'NONE', *, *, #5298, .F. ) ;
#1294 = CYLINDRICAL_SURFACE ( 'NONE', #9302, 0.6750000000000000444 ) ;
#1295 = DIRECTION ( 'NONE',  ( 1.000000000000000000, 0.000000000000000000, 0.000000000000000000 ) ) ;
#1296 = CARTESIAN_POINT ( 'NONE',  ( -2.983587288929624215, 0.8975607736225631461, -7.451730878818025872 ) ) ;
#1297 = CARTESIAN_POINT ( 'NONE',  ( -3.039999999999999591, 3.039999999999999591, 0.5000000000000000000 ) ) ;
#1298 = CARTESIAN_POINT ( 'NONE',  ( 2.665048484457201994, 1.536037890117822657, -3.300000000024283064 ) ) ;
#1299 = EDGE_LOOP ( 'NONE', ( #8185, #4065, #1765, #2535 ) ) ;
#1300 = DIRECTION ( 'NONE',  ( 0.5877852522924653655, 0.8090169943749531134, 0.000000000000000000 ) ) ;
#1301 = DIRECTION ( 'NONE',  ( -1.000000000000000000, 0.000000000000000000, 0.000000000000000000 ) ) ;
#1302 = VERTEX_POINT ( 'NONE', #5472 ) ;
#1303 = CARTESIAN_POINT ( 'NONE',  ( 3.165411199172026180, 0.8506806241676607705, -1.300000000000000266 ) ) ;
#1304 = EDGE_CURVE ( 'NONE', #7215, #1629, #7090, .T. ) ;
#1305 = PLANE ( 'NONE',  #8430 ) ;
#1306 = DIRECTION ( 'NONE',  ( -0.000000000000000000, -0.000000000000000000, -1.000000000000000000 ) ) ;
#1307 = CARTESIAN_POINT ( 'NONE',  ( -3.200041830910000051, 0.9737292245829000104, -6.735632881961000074 ) ) ;
#1308 = AXIS2_PLACEMENT_3D ( 'NONE', #5375, #4464, #2821 ) ;
#1309 = DIRECTION ( 'NONE',  ( 1.000000000000000000, 0.000000000000000000, 0.000000000000000000 ) ) ;
#1310 = LINE ( 'NONE', #4593, #6130 ) ;
#1311 = CARTESIAN_POINT ( 'NONE',  ( 2.346454283381130157, 2.059032883465979680, -6.984417700645992433 ) ) ;
#1312 = CARTESIAN_POINT ( 'NONE',  ( -0.1748660461027887747, -0.6346983601050826262, -4.119991299149684316 ) ) ;
#1313 = VERTEX_POINT ( 'NONE', #3967 ) ;
#1314 = ORIENTED_EDGE ( 'NONE', *, *, #6614, .F. ) ;
#1315 = EDGE_CURVE ( 'NONE', #5201, #404, #1484, .T. ) ;
#1316 = EDGE_CURVE ( 'NONE', #316, #800, #278, .T. ) ;
#1317 = AXIS2_PLACEMENT_3D ( 'NONE', #9695, #2404, #1603 ) ;
#1318 = CARTESIAN_POINT ( 'NONE',  ( -0.6740008022047674352, 2.507979642344997817, -9.100000000046293280 ) ) ;
#1319 = CARTESIAN_POINT ( 'NONE',  ( 3.049999999984011279, -2.361430832935120434E-16, -3.300000000014570389 ) ) ;
#1320 = ORIENTED_EDGE ( 'NONE', *, *, #5802, .T. ) ;
#1321 = VECTOR ( 'NONE', #7809, 1000.000000000000000 ) ;
#1322 = VECTOR ( 'NONE', #4829, 1000.000000000000000 ) ;
#1323 = ORIENTED_EDGE ( 'NONE', *, *, #3268, .T. ) ;
#1324 = CARTESIAN_POINT ( 'NONE',  ( -1.026885092455435577, 2.527478930191164430, -5.073427915792055209 ) ) ;
#1325 = CARTESIAN_POINT ( 'NONE',  ( -1.918495194022000083, -2.013862559072999936, -6.235441704940001273 ) ) ;
#1326 = VERTEX_POINT ( 'NONE', #8064 ) ;
#1327 = EDGE_CURVE ( 'NONE', #1488, #8878, #2023, .T. ) ;
#1328 = ADVANCED_FACE ( 'NONE', ( #680 ), #4817, .F. ) ;
#1329 = CARTESIAN_POINT ( 'NONE',  ( -3.040000000000000036, 3.040000000000000036, 2.450000000000000178 ) ) ;
#1330 = CARTESIAN_POINT ( 'NONE',  ( 1.639317026916268905, 1.259820775948575555, -7.169999999999999929 ) ) ;
#1331 = CARTESIAN_POINT ( 'NONE',  ( -0.6454470077100777914, -0.07679948071508499452, -3.919999999999999929 ) ) ;
#1332 = CARTESIAN_POINT ( 'NONE',  ( -0.3370667117812245483, 2.574999999922056304, -9.100000000046293280 ) ) ;
#1333 = VECTOR ( 'NONE', #181, 1000.000000000000000 ) ;
#1334 = DIRECTION ( 'NONE',  ( -0.2588190451025225158, 0.9659258262890677571, 0.000000000000000000 ) ) ;
#1335 = CARTESIAN_POINT ( 'NONE',  ( -3.500000000000000000, 3.299999999999999822, -1.300000000000000266 ) ) ;
#1336 = ORIENTED_EDGE ( 'NONE', *, *, #4740, .F. ) ;
#1337 = CARTESIAN_POINT ( 'NONE',  ( 0.9843337750354912430, -2.107160169512475090, -7.170000000000001705 ) ) ;
#1338 = ORIENTED_EDGE ( 'NONE', *, *, #4635, .T. ) ;
#1339 = CARTESIAN_POINT ( 'NONE',  ( 2.040000000000000036, 2.770000000000000018, 0.000000000000000000 ) ) ;
#1340 = AXIS2_PLACEMENT_3D ( 'NONE', #9894, #7378, #9208 ) ;
#1341 = CARTESIAN_POINT ( 'NONE',  ( 2.040000000000000036, -3.500000000000000000, 0.000000000000000000 ) ) ;
#1342 = CYLINDRICAL_SURFACE ( 'NONE', #1052, 0.6750000000000000444 ) ;
#1343 = CARTESIAN_POINT ( 'NONE',  ( -3.094371416334076752, -0.4116715659309138076, -6.697650389502847190 ) ) ;
#1344 = ADVANCED_FACE ( 'NONE', ( #729 ), #5732, .T. ) ;
#1345 = ADVANCED_FACE ( 'NONE', ( #838 ), #4125, .T. ) ;
#1346 = CARTESIAN_POINT ( 'NONE',  ( -1.958329921885772151, -1.861064179016886699, -6.973159221968509236 ) ) ;
#1347 = DIRECTION ( 'NONE',  ( 0.9986295347545732781, 0.05233595624295529075, 0.000000000000000000 ) ) ;
#1348 = B_SPLINE_CURVE_WITH_KNOTS ( 'NONE', 3,
 ( #3809, #3017, #9526, #5465 ),
 .UNSPECIFIED., .F., .F.,
 ( 4, 4 ),
 ( 2.034489221106783467E-07, 0.0001528154345942016291 ),
 .UNSPECIFIED. ) ;
#1349 = ORIENTED_EDGE ( 'NONE', *, *, #2941, .T. ) ;
#1350 = CARTESIAN_POINT ( 'NONE',  ( -1.875754576941000007, -2.075098058866000184, -5.542521080814999834 ) ) ;
#1351 = ORIENTED_EDGE ( 'NONE', *, *, #4753, .T. ) ;
#1352 = ORIENTED_EDGE ( 'NONE', *, *, #8141, .F. ) ;
#1353 = CARTESIAN_POINT ( 'NONE',  ( -1.874367495907113934, -2.438983869293139151, -3.300000000024282176 ) ) ;
#1354 = ORIENTED_EDGE ( 'NONE', *, *, #9124, .T. ) ;
#1355 = CYLINDRICAL_SURFACE ( 'NONE', #4560, 0.6500000000000000222 ) ;
#1356 = CARTESIAN_POINT ( 'NONE',  ( -1.146959131860653347, -2.743057705403995072, -5.956733946329076268 ) ) ;
#1357 = CARTESIAN_POINT ( 'NONE',  ( 0.1729180543024312899, 0.6438629409820425531, -4.169991741848313893 ) ) ;
#1358 = DIRECTION ( 'NONE',  ( -0.000000000000000000, -0.000000000000000000, 1.000000000000000000 ) ) ;
#1359 = ORIENTED_EDGE ( 'NONE', *, *, #7494, .T. ) ;
#1360 = CIRCLE ( 'NONE', #1525, 0.6750000000000000444 ) ;
#1361 = CARTESIAN_POINT ( 'NONE',  ( -0.4020945224431224929, 0.5107053896536019044, -4.370000000000000107 ) ) ;
#1362 = CARTESIAN_POINT ( 'NONE',  ( -2.139108803414996540, 1.643912475933070771, -3.299999999999999822 ) ) ;
#1363 = CARTESIAN_POINT ( 'NONE',  ( 0.2118787452820999895, 3.138358483724999815, -4.674018951224000240 ) ) ;
#1364 = ORIENTED_EDGE ( 'NONE', *, *, #2824, .T. ) ;
#1365 = CARTESIAN_POINT ( 'NONE',  ( -1.198146471908140276, 2.445299873318090178, -4.965750418858556614 ) ) ;
#1366 = CARTESIAN_POINT ( 'NONE',  ( 2.960326815539142675, -0.9693536270102065533, -7.101634340660202049 ) ) ;
#1367 = AXIS2_PLACEMENT_3D ( 'NONE', #4186, #8994, #2550 ) ;
#1368 = CARTESIAN_POINT ( 'NONE',  ( 0.3408308473997874732, -0.5826313872945251271, -4.219999999999999751 ) ) ;
#1369 = LINE ( 'NONE', #4429, #2073 ) ;
#1370 = SURFACE_SIDE_STYLE ('',( #8653 ) ) ;
#1371 = CARTESIAN_POINT ( 'NONE',  ( 0.1441063982436922297, 0.6594379015382956233, -4.220000000000000639 ) ) ;
#1372 = ORIENTED_EDGE ( 'NONE', *, *, #5590, .T. ) ;
#1373 = EDGE_CURVE ( 'NONE', #4180, #9675, #8824, .T. ) ;
#1374 = AXIS2_PLACEMENT_3D ( 'NONE', #9577, #7911, #7179 ) ;
#1375 = CARTESIAN_POINT ( 'NONE',  ( -2.574999999922078953, 0.3370667117812022884, -9.100000000046293280 ) ) ;
#1376 = DIRECTION ( 'NONE',  ( 0.000000000000000000, -1.000000000000000000, -0.000000000000000000 ) ) ;
#1377 = VERTEX_POINT ( 'NONE', #3923 ) ;
#1378 = EDGE_CURVE ( 'NONE', #7593, #9677, #36, .T. ) ;
#1379 = AXIS2_PLACEMENT_3D ( 'NONE', #4169, #3479, #10039 ) ;
#1380 = ORIENTED_EDGE ( 'NONE', *, *, #5828, .F. ) ;
#1381 = CARTESIAN_POINT ( 'NONE',  ( 1.876606977191725978, -1.979319105521438527, -4.678563640166565563 ) ) ;
#1382 = CARTESIAN_POINT ( 'NONE',  ( -0.7247808835750999545, -2.589618726813000205, -6.180118614687000189 ) ) ;
#1383 = ORIENTED_EDGE ( 'NONE', *, *, #421, .F. ) ;
#1384 = CARTESIAN_POINT ( 'NONE',  ( 0.6529864083220315862, -0.1709788014541365753, -4.219999999999999751 ) ) ;
#1385 = DIRECTION ( 'NONE',  ( -0.000000000000000000, -0.000000000000000000, -1.000000000000000000 ) ) ;
#1386 = VECTOR ( 'NONE', #4279, 1000.000000000000000 ) ;
#1387 = DIRECTION ( 'NONE',  ( 0.000000000000000000, 0.000000000000000000, 1.000000000000000000 ) ) ;
#1388 = DIRECTION ( 'NONE',  ( -0.000000000000000000, -0.000000000000000000, -1.000000000000000000 ) ) ;
#1389 = ORIENTED_EDGE ( 'NONE', *, *, #1118, .T. ) ;
#1390 = APPLICATION_PROTOCOL_DEFINITION ( 'draft international standard', 'automotive_design', 1998, #6322 ) ;
#1391 = EDGE_CURVE ( 'NONE', #8582, #9313, #1808, .T. ) ;
#1392 = EDGE_CURVE ( 'NONE', #5279, #2650, #8265, .T. ) ;
#1393 = ORIENTED_EDGE ( 'NONE', *, *, #4110, .F. ) ;
#1394 = DIRECTION ( 'NONE',  ( -0.000000000000000000, -0.000000000000000000, -1.000000000000000000 ) ) ;
#1395 = VERTEX_POINT ( 'NONE', #6484 ) ;
#1396 = CARTESIAN_POINT ( 'NONE',  ( 1.722053781978510223, -2.238978907775034166, -4.526164321992499850 ) ) ;
#1397 = DIRECTION ( 'NONE',  ( 0.000000000000000000, 0.000000000000000000, -1.000000000000000000 ) ) ;
#1398 = CARTESIAN_POINT ( 'NONE',  ( 0.4277782834789973787, -0.5221405368133780200, -4.219999999999999751 ) ) ;
#1399 = CARTESIAN_POINT ( 'NONE',  ( 0.6099637295171147500, 0.2245979712142831819, -3.919999999999999929 ) ) ;
#1400 = CARTESIAN_POINT ( 'NONE',  ( 2.159542272734044754, -1.682783759987284355, -6.779619038390442221 ) ) ;
#1401 = EDGE_LOOP ( 'NONE', ( #6737, #2522, #6318, #2502 ) ) ;
#1402 = ORIENTED_EDGE ( 'NONE', *, *, #7930, .T. ) ;
#1403 = EDGE_CURVE ( 'NONE', #1016, #3485, #9293, .T. ) ;
#1404 = CARTESIAN_POINT ( 'NONE',  ( -0.5775513805099542486, 0.3330083229362744146, -4.169991741848314781 ) ) ;
#1405 = ORIENTED_EDGE ( 'NONE', *, *, #5028, .F. ) ;
#1406 = FACE_OUTER_BOUND ( 'NONE', #7404, .T. ) ;
#1407 = LINE ( 'NONE', #10127, #3174 ) ;
#1408 = FACE_OUTER_BOUND ( 'NONE', #6134, .T. ) ;
#1409 = ORIENTED_EDGE ( 'NONE', *, *, #4443, .F. ) ;
#1410 = CARTESIAN_POINT ( 'NONE',  ( 2.867494674503999974, 1.683144590738999913, -8.313489782798999528 ) ) ;
#1411 = CARTESIAN_POINT ( 'NONE',  ( -2.337378588847522476, 1.347180772492355905, -3.300000000000000266 ) ) ;
#1412 = CARTESIAN_POINT ( 'NONE',  ( -0.1172316928247000012, 3.132277344369000183, -4.662233238986999595 ) ) ;
#1413 = ORIENTED_EDGE ( 'NONE', *, *, #7128, .F. ) ;
#1414 = CARTESIAN_POINT ( 'NONE',  ( 2.563249289397495190, -0.9204322738005986659, -5.232202625703409993 ) ) ;
#1415 = AXIS2_PLACEMENT_3D ( 'NONE', #8590, #7579, #6032 ) ;
#1416 = CARTESIAN_POINT ( 'NONE',  ( 0.008687866195948941786, -3.114974072292166163, -7.242268015483736221 ) ) ;
#1417 = ADVANCED_FACE ( 'NONE', ( #2336 ), #4002, .T. ) ;
#1418 = CARTESIAN_POINT ( 'NONE',  ( 1.699587588020000206, -2.292279615981000163, -6.719969729169999795 ) ) ;
#1419 = CARTESIAN_POINT ( 'NONE',  ( -3.500000000000000000, -3.354857911324205855, 0.5000000000000000000 ) ) ;
#1420 = DIRECTION ( 'NONE',  ( -0.000000000000000000, -0.000000000000000000, -1.000000000000000000 ) ) ;
#1421 = ORIENTED_EDGE ( 'NONE', *, *, #1391, .T. ) ;
#1422 = CARTESIAN_POINT ( 'NONE',  ( 0.000000000000000000, 0.000000000000000000, 1.799999999999995159 ) ) ;
#1423 = DIRECTION ( 'NONE',  ( -1.000000000000000000, 0.000000000000000000, 0.000000000000000000 ) ) ;
#1424 = CARTESIAN_POINT ( 'NONE',  ( 2.900399893066223811, -1.136016158951824506, -7.813833506695631037 ) ) ;
#1425 = EDGE_LOOP ( 'NONE', ( #7092, #742, #3827, #8126 ) ) ;
#1426 = EDGE_CURVE ( 'NONE', #7141, #7714, #1290, .T. ) ;
#1427 = ORIENTED_EDGE ( 'NONE', *, *, #8946, .T. ) ;
#1428 = CARTESIAN_POINT ( 'NONE',  ( 1.727427436006735428, -2.111264145293621386, -5.393079948442118798 ) ) ;
#1429 = CARTESIAN_POINT ( 'NONE',  ( -2.727625739909000036, 0.8982159067642000450, -6.314855659581000147 ) ) ;
#1430 = ORIENTED_EDGE ( 'NONE', *, *, #2965, .T. ) ;
#1431 = CARTESIAN_POINT ( 'NONE',  ( -1.032418909760343784, 1.791262096126228665, -7.170000000000000817 ) ) ;
#1432 = ADVANCED_FACE ( 'NONE', ( #8922 ), #9531, .T. ) ;
#1433 = CARTESIAN_POINT ( 'NONE',  ( 0.000000000000000000, 0.000000000000000000, -4.370000000000000107 ) ) ;
#1434 = ORIENTED_EDGE ( 'NONE', *, *, #3921, .T. ) ;
#1435 = ITEM_DEFINED_TRANSFORMATION ( 'NONE', 'NONE', #6701,  #9235 ) ;
#1436 = ORIENTED_EDGE ( 'NONE', *, *, #10293, .T. ) ;
#1437 = CARTESIAN_POINT ( 'NONE',  ( -2.751904013561282003, -1.467484289104993067, -5.951471259836164762 ) ) ;
#1438 = ORIENTED_EDGE ( 'NONE', *, *, #3320, .F. ) ;
#1439 = CARTESIAN_POINT ( 'NONE',  ( 2.745512907522414281, -0.3580471379894811235, -4.470245761175941190 ) ) ;
#1440 = FACE_OUTER_BOUND ( 'NONE', #4250, .T. ) ;
#1441 = CARTESIAN_POINT ( 'NONE',  ( 0.000000000000000000, 0.000000000000000000, -4.370000000000000107 ) ) ;
#1442 = CARTESIAN_POINT ( 'NONE',  ( -2.346440035569131055, -2.059049112067592890, -6.631448674527231191 ) ) ;
#1443 = CARTESIAN_POINT ( 'NONE',  ( -1.896941263362197594, -1.924155021230499862, -6.263511882182995372 ) ) ;
#1444 = LINE ( 'NONE', #2347, #3404 ) ;
#1445 = AXIS2_PLACEMENT_3D ( 'NONE', #7381, #92, #3339 ) ;
#1446 = EDGE_CURVE ( 'NONE', #8874, #9437, #9788, .T. ) ;
#1447 = EDGE_CURVE ( 'NONE', #6080, #1589, #6110, .T. ) ;
#1448 = ORIENTED_EDGE ( 'NONE', *, *, #2210, .F. ) ;
#1449 = ORIENTED_EDGE ( 'NONE', *, *, #3651, .T. ) ;
#1450 = VECTOR ( 'NONE', #6563, 1000.000000000000000 ) ;
#1451 = DIRECTION ( 'NONE',  ( -0.000000000000000000, -0.000000000000000000, -1.000000000000000000 ) ) ;
#1452 = ORIENTED_EDGE ( 'NONE', *, *, #1791, .F. ) ;
#1453 = CARTESIAN_POINT ( 'NONE',  ( 2.661238628047000176, -0.8160037479607999966, -5.942746157601000334 ) ) ;
#1454 = DIRECTION ( 'NONE',  ( -0.000000000000000000, -0.000000000000000000, -1.000000000000000000 ) ) ;
#1455 = CARTESIAN_POINT ( 'NONE',  ( 1.773183885976999941, -2.617791191730999945, -7.687959004207000291 ) ) ;
#1456 = CYLINDRICAL_SURFACE ( 'NONE', #812, 0.2000000000000000944 ) ;
#1457 = EDGE_CURVE ( 'NONE', #3331, #10215, #225, .T. ) ;
#1458 = AXIS2_PLACEMENT_3D ( 'NONE', #8186, #9046, #1761 ) ;
#1459 = CARTESIAN_POINT ( 'NONE',  ( 1.081587982147000027, 3.018483727232999847, -4.705360721057000539 ) ) ;
#1460 = ORIENTED_EDGE ( 'NONE', *, *, #2867, .F. ) ;
#1461 = CARTESIAN_POINT ( 'NONE',  ( 2.722469247315847163, -0.08519868205128149075, -5.196675664790791238 ) ) ;
#1462 = CARTESIAN_POINT ( 'NONE',  ( 1.636125289292226670, -2.650820422612905070, -7.180280458342720884 ) ) ;
#1463 = CARTESIAN_POINT ( 'NONE',  ( -3.163708809245000531, -1.085984757629000041, -6.665288314092999933 ) ) ;
#1464 = CARTESIAN_POINT ( 'NONE',  ( -0.6431635750227001624, -2.740769761884000122, -4.809851126724000281 ) ) ;
#1465 = CARTESIAN_POINT ( 'NONE',  ( -0.6529864083220304760, 0.1709788014541409884, -4.219999999999999751 ) ) ;
#1466 = CARTESIAN_POINT ( 'NONE',  ( 3.115039490664900157, 0.4078244937029254502, -5.639224429859707399 ) ) ;
#1467 = LINE ( 'NONE', #8755, #2671 ) ;
#1468 = CARTESIAN_POINT ( 'NONE',  ( -1.346616281344081179, 1.907529582639033494, -7.169999999999999929 ) ) ;
#1469 = AXIS2_PLACEMENT_3D ( 'NONE', #1797, #6631, #9826 ) ;
#1470 = ORIENTED_EDGE ( 'NONE', *, *, #3780, .T. ) ;
#1471 = EDGE_CURVE ( 'NONE', #5053, #9321, #119, .T. ) ;
#1472 = CARTESIAN_POINT ( 'NONE',  ( 2.153813928001945044, 1.611424428162308464, -4.415099465223208952 ) ) ;
#1473 = CARTESIAN_POINT ( 'NONE',  ( -0.4415163173259603613, -0.4770359960578675618, -3.919999999999999929 ) ) ;
#1474 = CARTESIAN_POINT ( 'NONE',  ( -0.4277782834789901067, -0.5221405368133842373, -4.220000000000000639 ) ) ;
#1475 = VERTEX_POINT ( 'NONE', #5067 ) ;
#1476 = ORIENTED_EDGE ( 'NONE', *, *, #1373, .F. ) ;
#1477 = AXIS2_PLACEMENT_3D ( 'NONE', #6895, #2843, #8545 ) ;
#1478 = CARTESIAN_POINT ( 'NONE',  ( 1.710373279529000090, -2.306826568996000137, -6.690073063096999562 ) ) ;
#1479 = COLOUR_RGB ( '',1.000000000000000000, 0.8078431372549019773, 0.4980392156862745168 ) ;
#1480 = ORIENTED_EDGE ( 'NONE', *, *, #3059, .T. ) ;
#1481 = DIRECTION ( 'NONE',  ( 0.7771459614569672381, 0.6293203910498419429, 0.000000000000000000 ) ) ;
#1482 = CARTESIAN_POINT ( 'NONE',  ( 0.5365831629365241939, 1.996643987170046763, -7.170000000000000817 ) ) ;
#1483 = LINE ( 'NONE', #3076, #5749 ) ;
#1484 = LINE ( 'NONE', #4766, #3844 ) ;
#1485 = VERTEX_POINT ( 'NONE', #873 ) ;
#1486 = ORIENTED_EDGE ( 'NONE', *, *, #1049, .T. ) ;
#1487 = CARTESIAN_POINT ( 'NONE',  ( 0.1499999999999982181, 1.836970198721007871E-17, 2.299999999999999822 ) ) ;
#1488 = VERTEX_POINT ( 'NONE', #1677 ) ;
#1489 = CARTESIAN_POINT ( 'NONE',  ( -3.040000000000000036, -2.540000000000000036, 0.5000000000000000000 ) ) ;
#1490 = CARTESIAN_POINT ( 'NONE',  ( -0.6287759193777697764, 0.2454910247048571748, -4.220000000000000639 ) ) ;
#1491 = DIRECTION ( 'NONE',  ( -0.000000000000000000, -0.000000000000000000, -1.000000000000000000 ) ) ;
#1492 = CARTESIAN_POINT ( 'NONE',  ( 2.151259703247347943, -2.309973134215321799, -5.746063987161417863 ) ) ;
#1493 = CARTESIAN_POINT ( 'NONE',  ( -1.570619861412970275, -2.199422745021434977, -6.951654757126664919 ) ) ;
#1494 = AXIS2_PLACEMENT_3D ( 'NONE', #1562, #8092, #315 ) ;
#1495 = ADVANCED_FACE ( 'NONE', ( #1786 ), #5819, .F. ) ;
#1496 = ORIENTED_EDGE ( 'NONE', *, *, #2748, .T. ) ;
#1497 = ORIENTED_EDGE ( 'NONE', *, *, #6335, .T. ) ;
#1498 = AXIS2_PLACEMENT_3D ( 'NONE', #7760, #7033, #9372 ) ;
#1499 = CARTESIAN_POINT ( 'NONE',  ( 3.115000000000000657, 3.717925209154062369E-16, -6.359305694421650834 ) ) ;
#1500 = VECTOR ( 'NONE', #3811, 1000.000000000000000 ) ;
#1501 = CARTESIAN_POINT ( 'NONE',  ( -0.3172521472106179519, 0.5673192003539562212, -3.919999999999999929 ) ) ;
#1502 = EDGE_CURVE ( 'NONE', #5279, #3224, #4265, .T. ) ;
#1503 = ORIENTED_EDGE ( 'NONE', *, *, #8139, .T. ) ;
#1504 = CARTESIAN_POINT ( 'NONE',  ( 2.976494880312957392, 0.9362412446205112815, -7.737820989709128128 ) ) ;
#1505 = EDGE_CURVE ( 'NONE', #6170, #3670, #9037, .T. ) ;
#1506 = CARTESIAN_POINT ( 'NONE',  ( -2.573582091725000076, -1.427828446913999905, -5.410916556403001287 ) ) ;
#1507 = LINE ( 'NONE', #10506, #8351 ) ;
#1508 = CARTESIAN_POINT ( 'NONE',  ( -2.790468227954999936, -1.097760957550000249, -7.800468472157001010 ) ) ;
#1509 = CARTESIAN_POINT ( 'NONE',  ( 0.1264134477686998104, 0.6375889273060113549, -4.370000000000000107 ) ) ;
#1510 = AXIS2_PLACEMENT_3D ( 'NONE', #5311, #10174, #2873 ) ;
#1511 = CARTESIAN_POINT ( 'NONE',  ( 2.682630425914999783, 0.7924293013140000230, -4.545162143427000423 ) ) ;
#1512 = CARTESIAN_POINT ( 'NONE',  ( -1.246684353584414540, -2.421523584361656933, -4.717061692470053025 ) ) ;
#1513 = CARTESIAN_POINT ( 'NONE',  ( -1.092765175834014224, -2.916706898250656099, -7.282357146604986120 ) ) ;
#1514 = CARTESIAN_POINT ( 'NONE',  ( -0.06654373949573000324, 2.852843444129999906, -7.142037136376999662 ) ) ;
#1515 = CARTESIAN_POINT ( 'NONE',  ( 0.9287636233528999696, 2.591974479687999988, -4.469874780668000369 ) ) ;
#1516 = CARTESIAN_POINT ( 'NONE',  ( 0.000000000000000000, 0.000000000000000000, -4.070000000000005613 ) ) ;
#1517 = CARTESIAN_POINT ( 'NONE',  ( -2.722138946661227799, 1.568927998531609580, -5.359869958053659289 ) ) ;
#1518 = EDGE_CURVE ( 'NONE', #8552, #4290, #1647, .T. ) ;
#1519 = ADVANCED_FACE ( 'NONE', ( #7358 ), #3313, .T. ) ;
#1520 = AXIS2_PLACEMENT_3D ( 'NONE', #3926, #3129, #6379 ) ;
#1521 = DIRECTION ( 'NONE',  ( 1.000000000000000000, 0.000000000000000000, -0.000000000000000000 ) ) ;
#1522 = CARTESIAN_POINT ( 'NONE',  ( -2.304594724996269051, 0.3658294867941895290, -7.170000000000000817 ) ) ;
#1523 = VERTEX_POINT ( 'NONE', #7519 ) ;
#1524 = CARTESIAN_POINT ( 'NONE',  ( 2.209415717277479985, -2.195774178512887698, -7.859886189711611237 ) ) ;
#1525 = AXIS2_PLACEMENT_3D ( 'NONE', #2002, #1249, #7732 ) ;
#1526 = FACE_OUTER_BOUND ( 'NONE', #5561, .T. ) ;
#1527 = CARTESIAN_POINT ( 'NONE',  ( 2.881386111551922369, -1.183199177402322055, -7.815635853767464170 ) ) ;
#1528 = ORIENTED_EDGE ( 'NONE', *, *, #7420, .F. ) ;
#1529 = EDGE_CURVE ( 'NONE', #10095, #9059, #8207, .T. ) ;
#1530 = ORIENTED_EDGE ( 'NONE', *, *, #9691, .F. ) ;
#1531 = CIRCLE ( 'NONE', #9874, 0.6750000000000000444 ) ;
#1532 = LINE ( 'NONE', #7172, #5723 ) ;
#1533 = ORIENTED_EDGE ( 'NONE', *, *, #6248, .T. ) ;
#1534 = CARTESIAN_POINT ( 'NONE',  ( 0.1046445361039999994, -3.015567505893999911, -7.405188269488999886 ) ) ;
#1535 = CARTESIAN_POINT ( 'NONE',  ( 0.5673192003539595518, -0.3172521472106119567, -4.070000000000005613 ) ) ;
#1536 = CARTESIAN_POINT ( 'NONE',  ( 0.6529864083220282556, 0.1709788014541502033, -4.220000000000000639 ) ) ;
#1537 = DIRECTION ( 'NONE',  ( -0.000000000000000000, -0.000000000000000000, -1.000000000000000000 ) ) ;
#1538 = CIRCLE ( 'NONE', #4248, 0.6500000000000000222 ) ;
#1539 = CARTESIAN_POINT ( 'NONE',  ( 3.249999999979991117, 0.000000000000000000, -3.100000000017644197 ) ) ;
#1540 = EDGE_CURVE ( 'NONE', #4080, #465, #6621, .T. ) ;
#1541 = VERTEX_POINT ( 'NONE', #8260 ) ;
#1542 = LINE ( 'NONE', #9735, #5765 ) ;
#1543 = ORIENTED_EDGE ( 'NONE', *, *, #5334, .F. ) ;
#1544 = DIRECTION ( 'NONE',  ( -0.000000000000000000, -0.000000000000000000, -1.000000000000000000 ) ) ;
#1545 = CARTESIAN_POINT ( 'NONE',  ( 0.2003455496280126535, -3.143855520053327801, -7.826264318583408652 ) ) ;
#1546 = CARTESIAN_POINT ( 'NONE',  ( -1.195517069874999949, -2.511375151578000509, -8.363778389851999506 ) ) ;
#1547 = CONICAL_SURFACE ( 'NONE', #532, 0.1499999999999982181, 0.5404195002705826090 ) ;
#1548 = CARTESIAN_POINT ( 'NONE',  ( 1.338120190349903371, 2.390625534832087062, -6.586078854812861039 ) ) ;
#1549 = ORIENTED_EDGE ( 'NONE', *, *, #6373, .F. ) ;
#1550 = ORIENTED_EDGE ( 'NONE', *, *, #6185, .F. ) ;
#1551 = AXIS2_PLACEMENT_3D ( 'NONE', #5647, #9500, #5439 ) ;
#1552 = CARTESIAN_POINT ( 'NONE',  ( -0.06672418922078483805, -0.6716940394054642383, -3.919999999999999929 ) ) ;
#1553 = EDGE_CURVE ( 'NONE', #1589, #8838, #4699, .T. ) ;
#1554 = CARTESIAN_POINT ( 'NONE',  ( -0.3643944005386645646, 0.5681916233596442378, -4.220000000000000639 ) ) ;
#1555 = ORIENTED_EDGE ( 'NONE', *, *, #7106, .T. ) ;
#1556 = DIRECTION ( 'NONE',  ( -0.000000000000000000, -0.000000000000000000, -1.000000000000000000 ) ) ;
#1557 = CARTESIAN_POINT ( 'NONE',  ( -3.102455166608999892, -0.04131967300976999852, -5.377850510292000230 ) ) ;
#1558 = CARTESIAN_POINT ( 'NONE',  ( -0.2710233481495826213, -0.6182000847280678668, -4.219999999999999751 ) ) ;
#1559 = CARTESIAN_POINT ( 'NONE',  ( 2.767848054459999929, 0.6155002359257000233, -7.376221397167000760 ) ) ;
#1560 = LINE ( 'NONE', #9104, #304 ) ;
#1561 = AXIS2_PLACEMENT_3D ( 'NONE', #3144, #7146, #697 ) ;
#1562 = CARTESIAN_POINT ( 'NONE',  ( 2.540000000000000036, -2.540000000000000036, 4.400000000000000355 ) ) ;
#1563 = EDGE_LOOP ( 'NONE', ( #8069, #6098, #5466, #9800 ) ) ;
#1564 = CARTESIAN_POINT ( 'NONE',  ( 2.044399085660718374, 1.799372933302300304, -5.818397480761538176 ) ) ;
#1565 = CARTESIAN_POINT ( 'NONE',  ( -1.234727434042942384, -2.859956529518136392, -7.287958823959167276 ) ) ;
#1566 = EDGE_CURVE ( 'NONE', #9821, #10299, #4574, .T. ) ;
#1567 = LINE ( 'NONE', #8902, #6210 ) ;
#1568 = CARTESIAN_POINT ( 'NONE',  ( 0.1323402377513691330, -0.6449079034029704394, -4.119991299149685204 ) ) ;
#1569 = FACE_OUTER_BOUND ( 'NONE', #297, .T. ) ;
#1570 = DIRECTION ( 'NONE',  ( -0.000000000000000000, -0.000000000000000000, -1.000000000000000000 ) ) ;
#1571 = ORIENTED_EDGE ( 'NONE', *, *, #282, .F. ) ;
#1572 = CARTESIAN_POINT ( 'NONE',  ( -0.5221405368133826830, 0.4277782834789918831, -4.220000000000000639 ) ) ;
#1573 = VECTOR ( 'NONE', #6521, 1000.000000000000000 ) ;
#1574 = EDGE_CURVE ( 'NONE', #7354, #3570, #3818, .T. ) ;
#1575 = DIRECTION ( 'NONE',  ( 1.000000000000000000, 0.000000000000000000, 0.000000000000000000 ) ) ;
#1576 = ADVANCED_FACE ( 'NONE', ( #5216 ), #4517, .F. ) ;
#1577 = CARTESIAN_POINT ( 'NONE',  ( 0.2245979712142682494, 0.6099637295171203011, -4.370000000000000107 ) ) ;
#1578 = DIRECTION ( 'NONE',  ( -0.000000000000000000, -0.000000000000000000, -1.000000000000000000 ) ) ;
#1579 = EDGE_LOOP ( 'NONE', ( #2242, #1314, #3542, #5459, #2153 ) ) ;
#1580 = EDGE_LOOP ( 'NONE', ( #104, #857, #5377, #9899 ) ) ;
#1581 = CARTESIAN_POINT ( 'NONE',  ( -0.4770359960578659519, 0.4415163173259620266, -4.070000000000005613 ) ) ;
#1582 = ORIENTED_EDGE ( 'NONE', *, *, #3089, .T. ) ;
#1583 = DIRECTION ( 'NONE',  ( 0.05233595624294268972, 0.9986295347545739443, 0.000000000000000000 ) ) ;
#1584 = CARTESIAN_POINT ( 'NONE',  ( 1.996643987170046319, 0.5365831629365246380, -7.170000000000002593 ) ) ;
#1585 = EDGE_CURVE ( 'NONE', #5588, #8113, #1186, .T. ) ;
#1586 = DIRECTION ( 'NONE',  ( -0.000000000000000000, -0.000000000000000000, -1.000000000000000000 ) ) ;
#1587 = CARTESIAN_POINT ( 'NONE',  ( -0.1264134477687089697, 0.6375889273060096896, -4.070000000000006501 ) ) ;
#1588 = DIRECTION ( 'NONE',  ( -0.000000000000000000, -0.000000000000000000, -1.000000000000000000 ) ) ;
#1589 = VERTEX_POINT ( 'NONE', #6877 ) ;
#1590 = DIRECTION ( 'NONE',  ( -0.9335804264971971911, -0.3583679495453118147, 0.000000000000000000 ) ) ;
#1591 = VERTEX_POINT ( 'NONE', #7780 ) ;
#1592 = FACE_OUTER_BOUND ( 'NONE', #9212, .T. ) ;
#1593 = CARTESIAN_POINT ( 'NONE',  ( -0.6099637295171164153, -0.2245979712142789353, -4.070000000000005613 ) ) ;
#1594 = CARTESIAN_POINT ( 'NONE',  ( 0.6529864083220282556, 0.1709788014541502033, -4.370000000000000107 ) ) ;
#1595 = LINE ( 'NONE', #9740, #9668 ) ;
#1596 = CARTESIAN_POINT ( 'NONE',  ( -0.5107053896536032367, 0.4020945224431206055, -4.070000000000004725 ) ) ;
#1597 = VERTEX_POINT ( 'NONE', #9391 ) ;
#1598 = DIRECTION ( 'NONE',  ( 0.000000000000000000, 0.000000000000000000, -1.000000000000000000 ) ) ;
#1599 = DIRECTION ( 'NONE',  ( 0.000000000000000000, 1.000000000000000000, -0.000000000000000000 ) ) ;
#1600 = EDGE_CURVE ( 'NONE', #7777, #8619, #4679, .T. ) ;
#1601 = VERTEX_POINT ( 'NONE', #2147 ) ;
#1602 = VERTEX_POINT ( 'NONE', #2096 ) ;
#1603 = DIRECTION ( 'NONE',  ( -1.000000000000000000, 0.000000000000000000, 0.000000000000000000 ) ) ;
#1604 = ORIENTED_EDGE ( 'NONE', *, *, #7340, .T. ) ;
#1605 = CARTESIAN_POINT ( 'NONE',  ( -2.049999999999999822, 1.506315562951244314E-16, -7.169999999999999929 ) ) ;
#1606 = CARTESIAN_POINT ( 'NONE',  ( 2.813826244659999976, -0.8627910092522000918, -5.854261938701999846 ) ) ;
#1607 = LINE ( 'NONE', #5537, #10064 ) ;
#1608 = CARTESIAN_POINT ( 'NONE',  ( 0.4277782834789861099, 0.5221405368133874569, -4.220000000000000639 ) ) ;
#1609 = AXIS2_PLACEMENT_3D ( 'NONE', #3554, #9070, #6867 ) ;
#1610 = CARTESIAN_POINT ( 'NONE',  ( 1.864693809722000051, -2.752889347226000094, -7.776733239859001223 ) ) ;
#1611 = CARTESIAN_POINT ( 'NONE',  ( 2.574999999922033656, -0.3370667117812028435, -9.100000000046296833 ) ) ;
#1612 = ORIENTED_EDGE ( 'NONE', *, *, #6885, .T. ) ;
#1613 = LINE ( 'NONE', #8094, #9822 ) ;
#1614 = CARTESIAN_POINT ( 'NONE',  ( -1.181061027857636558, -2.882686733312693317, -7.285823386704018745 ) ) ;
#1615 = DIRECTION ( 'NONE',  ( 1.000000000000000000, 0.000000000000000000, 0.000000000000000000 ) ) ;
#1616 = CARTESIAN_POINT ( 'NONE',  ( 0.6716940394054646823, -0.06672418922078220127, -4.370000000000000107 ) ) ;
#1617 = CARTESIAN_POINT ( 'NONE',  ( 2.699887333262000144, 0.7975268648469000521, -4.434995410931000137 ) ) ;
#1618 = LINE ( 'NONE', #15, #81 ) ;
#1619 = DIRECTION ( 'NONE',  ( -1.000000000000000000, 0.000000000000000000, -0.000000000000000000 ) ) ;
#1620 = CARTESIAN_POINT ( 'NONE',  ( -3.114833532465345556, 1.243418425438771086E-05, -7.418713884419258164 ) ) ;
#1621 = LINE ( 'NONE', #2372, #4086 ) ;
#1622 = VERTEX_POINT ( 'NONE', #383 ) ;
#1623 = B_SPLINE_CURVE_WITH_KNOTS ( 'NONE', 3,
 ( #1708, #9850, #769, #10375, #3163, #8861, #8006, #2427, #3065, #6473, #5667, #9672, #10528, #7118, #2225, #2271, #8052, #9570 ),
 .UNSPECIFIED., .F., .F.,
 ( 4, 2, 2, 2, 2, 2, 2, 2, 4 ),
 ( 0.000000000000000000, 0.1250000000000000000, 0.2500000000000000000, 0.3750000000000000000, 0.5000000000000000000, 0.6250000000000000000, 0.7500000000000000000, 0.8750000000000000000, 1.000000000000000000 ),
 .UNSPECIFIED. ) ;
#1624 = ADVANCED_FACE ( 'NONE', ( #4413 ), #1294, .T. ) ;
#1625 = FACE_OUTER_BOUND ( 'NONE', #6690, .T. ) ;
#1626 = APPLICATION_CONTEXT ( 'automotive_design' ) ;
#1627 = CARTESIAN_POINT ( 'NONE',  ( 0.2454910247048505967, 0.6287759193777722189, -4.370000000000000107 ) ) ;
#1628 = CARTESIAN_POINT ( 'NONE',  ( 3.114837034915598046, -1.548345376096572942E-05, -7.771674872001586465 ) ) ;
#1629 = VERTEX_POINT ( 'NONE', #493 ) ;
#1630 = CIRCLE ( 'NONE', #943, 0.6750000000000000444 ) ;
#1631 = ORIENTED_EDGE ( 'NONE', *, *, #5154, .T. ) ;
#1632 = EDGE_CURVE ( 'NONE', #948, #3079, #4362, .T. ) ;
#1633 = ORIENTED_EDGE ( 'NONE', *, *, #4737, .T. ) ;
#1634 = ADVANCED_FACE ( 'NONE', ( #6075 ), #3727, .T. ) ;
#1635 = CARTESIAN_POINT ( 'NONE',  ( 0.4487928534307929485, 0.5041923985042287004, -4.219999999999999751 ) ) ;
#1636 = ORIENTED_EDGE ( 'NONE', *, *, #2293, .T. ) ;
#1637 = CARTESIAN_POINT ( 'NONE',  ( -3.138206159961999919, -1.157617562021000079, -7.368733992770000185 ) ) ;
#1638 = DIRECTION ( 'NONE',  ( -0.000000000000000000, -0.000000000000000000, -1.000000000000000000 ) ) ;
#1639 = CARTESIAN_POINT ( 'NONE',  ( 2.050000000000000266, 0.2683443724941279585, -7.170000000000002593 ) ) ;
#1640 = VECTOR ( 'NONE', #1732, 1000.000000000000000 ) ;
#1641 = PLANE ( 'NONE',  #2193 ) ;
#1642 = B_SPLINE_CURVE_WITH_KNOTS ( 'NONE', 3,
 ( #8731, #3823, #8782, #2927, #6338, #1492, #2248, #10395, #3719, #2090 ),
 .UNSPECIFIED., .F., .F.,
 ( 4, 2, 2, 2, 4 ),
 ( 0.000000000000000000, 0.2500000000000000000, 0.5000000000000000000, 0.7500000000000000000, 1.000000000000000000 ),
 .UNSPECIFIED. ) ;
#1643 = DIRECTION ( 'NONE',  ( 0.000000000000000000, 0.000000000000000000, -1.000000000000000000 ) ) ;
#1644 = VERTEX_POINT ( 'NONE', #7723 ) ;
#1645 = ORIENTED_EDGE ( 'NONE', *, *, #5027, .T. ) ;
#1646 = CARTESIAN_POINT ( 'NONE',  ( -1.907529582639053034, -1.346616281344062971, -7.169999999999999929 ) ) ;
#1647 = CIRCLE ( 'NONE', #3334, 0.6500000000000000222 ) ;
#1648 = EDGE_CURVE ( 'NONE', #1722, #4357, #1941, .T. ) ;
#1649 = ORIENTED_EDGE ( 'NONE', *, *, #9123, .F. ) ;
#1650 = CARTESIAN_POINT ( 'NONE',  ( 0.5673192003539530015, 0.3172521472106237805, -4.370000000000000107 ) ) ;
#1651 = ADVANCED_FACE ( 'NONE', ( #10248 ), #3568, .T. ) ;
#1652 = DIRECTION ( 'NONE',  ( -0.1564344650402276216, -0.9876883405951383255, 0.000000000000000000 ) ) ;
#1653 = CARTESIAN_POINT ( 'NONE',  ( 2.424999999902845982, -0.3174317576937536467, -9.099999999932606443 ) ) ;
#1654 = CARTESIAN_POINT ( 'NONE',  ( -1.883315541280000005, -1.940994774748999951, -8.307159209376999698 ) ) ;
#1655 = CARTESIAN_POINT ( 'NONE',  ( -0.5901242379057470844, 0.2724947409330335524, -4.370000000000000107 ) ) ;
#1656 = EDGE_LOOP ( 'NONE', ( #477, #675, #4598, #2872 ) ) ;
#1657 = DIRECTION ( 'NONE',  ( 1.000000000000000000, 0.000000000000000000, 0.000000000000000000 ) ) ;
#1658 = DIRECTION ( 'NONE',  ( -0.000000000000000000, -0.000000000000000000, -1.000000000000000000 ) ) ;
#1659 = AXIS2_PLACEMENT_3D ( 'NONE', #1237, #8307, #3502 ) ;
#1660 = ORIENTED_EDGE ( 'NONE', *, *, #8918, .F. ) ;
#1661 = DIRECTION ( 'NONE',  ( -0.000000000000000000, -0.000000000000000000, -1.000000000000000000 ) ) ;
#1662 = ORIENTED_EDGE ( 'NONE', *, *, #6277, .T. ) ;
#1663 = DIRECTION ( 'NONE',  ( 0.000000000000000000, 0.000000000000000000, -1.000000000000000000 ) ) ;
#1664 = EDGE_CURVE ( 'NONE', #800, #2116, #3668, .T. ) ;
#1665 = CARTESIAN_POINT ( 'NONE',  ( 1.904342122362999934, 2.030154533866999955, -5.111473565788999807 ) ) ;
#1666 = DIRECTION ( 'NONE',  ( -0.000000000000000000, -0.000000000000000000, -1.000000000000000000 ) ) ;
#1667 = CIRCLE ( 'NONE', #7432, 0.6750000000000000444 ) ;
#1668 = CARTESIAN_POINT ( 'NONE',  ( 3.114962827267454770, 2.258192777909024101E-06, -6.950713963934820327 ) ) ;
#1669 = CARTESIAN_POINT ( 'NONE',  ( 0.7928433834621000376, -2.722356104557000389, -6.839464854224999613 ) ) ;
#1670 = B_SPLINE_CURVE_WITH_KNOTS ( 'NONE', 3,
 ( #3763, #7030, #10278, #6218 ),
 .UNSPECIFIED., .F., .F.,
 ( 4, 4 ),
 ( 2.034489218097485046E-07, 0.0001528154345922795826 ),
 .UNSPECIFIED. ) ;
#1671 = CARTESIAN_POINT ( 'NONE',  ( 0.4277782834789973787, -0.5221405368133780200, -4.219999999999999751 ) ) ;
#1672 = VERTEX_POINT ( 'NONE', #436 ) ;
#1673 = DIRECTION ( 'NONE',  ( -1.000000000000000000, 0.000000000000000000, 0.000000000000000000 ) ) ;
#1674 = CIRCLE ( 'NONE', #3023, 0.6750000000000000444 ) ;
#1675 = CARTESIAN_POINT ( 'NONE',  ( -2.492590275886599205, -1.868026649838369524, -7.346216470247581398 ) ) ;
#1676 = CARTESIAN_POINT ( 'NONE',  ( 0.1264134477687134384, -0.6375889273060085793, -4.370000000000000107 ) ) ;
#1677 = CARTESIAN_POINT ( 'NONE',  ( -0.1441063982437014168, 0.6594379015382934028, -4.219999999999999751 ) ) ;
#1678 = CYLINDRICAL_SURFACE ( 'NONE', #4490, 0.6750000000000000444 ) ;
#1679 = CARTESIAN_POINT ( 'NONE',  ( -3.500000000000000000, 3.352359877559829116, 0.5000000000000000000 ) ) ;
#1680 =( NAMED_UNIT ( * ) PLANE_ANGLE_UNIT ( ) SI_UNIT ( $, .RADIAN. ) );
#1681 = CARTESIAN_POINT ( 'NONE',  ( -0.9296718538266437459, 2.131199112842557586, -7.169999999999999929 ) ) ;
#1682 = VERTEX_POINT ( 'NONE', #7621 ) ;
#1683 = AXIS2_PLACEMENT_3D ( 'NONE', #5893, #9149, #4286 ) ;
#1684 = CARTESIAN_POINT ( 'NONE',  ( -0.1709788014541432921, 0.6529864083220301429, -4.370000000000000107 ) ) ;
#1685 = CARTESIAN_POINT ( 'NONE',  ( 0.6594379015382950682, -0.1441063982436945057, -3.919999999999999929 ) ) ;
#1686 = CARTESIAN_POINT ( 'NONE',  ( -0.1264134477687089697, 0.6375889273060096896, -3.919999999999999929 ) ) ;
#1687 = DIRECTION ( 'NONE',  ( -0.5000000000000015543, 0.8660254037844377084, 0.000000000000000000 ) ) ;
#1688 = VERTEX_POINT ( 'NONE', #2724 ) ;
#1689 = DIRECTION ( 'NONE',  ( -1.000000000000000000, 0.000000000000000000, 0.000000000000000000 ) ) ;
#1690 = VECTOR ( 'NONE', #6610, 1000.000000000000000 ) ;
#1691 = DIRECTION ( 'NONE',  ( -0.000000000000000000, -0.000000000000000000, -1.000000000000000000 ) ) ;
#1692 = VERTEX_POINT ( 'NONE', #5975 ) ;
#1693 = ADVANCED_FACE ( 'NONE', ( #8418 ), #5589, .T. ) ;
#1694 = FACE_OUTER_BOUND ( 'NONE', #4629, .T. ) ;
#1695 = ORIENTED_EDGE ( 'NONE', *, *, #9065, .F. ) ;
#1696 = CARTESIAN_POINT ( 'NONE',  ( 0.5818240657781170722, -2.900112085740109702, -8.016694323979493220 ) ) ;
#1697 = AXIS2_PLACEMENT_3D ( 'NONE', #1066, #1822, #5906 ) ;
#1698 = DIRECTION ( 'NONE',  ( -1.000000000000000000, 0.000000000000000000, 0.000000000000000000 ) ) ;
#1699 = B_SPLINE_CURVE_WITH_KNOTS ( 'NONE', 3,
 ( #4326, #2011, #1312, #5288 ),
 .UNSPECIFIED., .F., .F.,
 ( 4, 4 ),
 ( 2.034489221241010131E-07, 0.0001528154345942873895 ),
 .UNSPECIFIED. ) ;
#1700 = CARTESIAN_POINT ( 'NONE',  ( -0.2385594966419745111, -0.6225347434767891652, -4.169991741848314781 ) ) ;
#1701 = EDGE_CURVE ( 'NONE', #2720, #6935, #4512, .T. ) ;
#1702 = CARTESIAN_POINT ( 'NONE',  ( -1.238159443884000011, -2.390240231911000102, -6.202928798013000566 ) ) ;
#1703 = VERTEX_POINT ( 'NONE', #6449 ) ;
#1704 = CIRCLE ( 'NONE', #6624, 3.249999999979991117 ) ;
#1705 = VERTEX_POINT ( 'NONE', #4780 ) ;
#1706 = ORIENTED_EDGE ( 'NONE', *, *, #2866, .T. ) ;
#1707 = CARTESIAN_POINT ( 'NONE',  ( -3.115000000000000213, 3.814774779344005545E-16, -7.086186982385999755 ) ) ;
#1708 = CARTESIAN_POINT ( 'NONE',  ( 3.250000000000000000, -2.653401398152598821E-16, -1.300000000000000266 ) ) ;
#1709 = CARTESIAN_POINT ( 'NONE',  ( 0.07679948071508724272, -0.6454470077100775693, -4.370000000000000107 ) ) ;
#1710 = CARTESIAN_POINT ( 'NONE',  ( 0.1648275784904000008, -2.867053868245999837, -8.167308988315999940 ) ) ;
#1711 = CARTESIAN_POINT ( 'NONE',  ( 0.2724947409330398806, -0.5901242379057441978, -4.070000000000004725 ) ) ;
#1712 = VERTEX_POINT ( 'NONE', #6389 ) ;
#1713 = DIRECTION ( 'NONE',  ( -1.000000000000000000, 0.000000000000000000, 0.000000000000000000 ) ) ;
#1714 = CARTESIAN_POINT ( 'NONE',  ( 0.6254863983062306509, 0.1768241090289989770, -3.919999999999999929 ) ) ;
#1715 = AXIS2_PLACEMENT_3D ( 'NONE', #7325, #34, #2538 ) ;
#1716 = ADVANCED_FACE ( 'NONE', ( #7093 ), #5642, .T. ) ;
#1717 = VERTEX_POINT ( 'NONE', #3039 ) ;
#1718 = EDGE_CURVE ( 'NONE', #5668, #9057, #7368, .T. ) ;
#1719 = ORIENTED_EDGE ( 'NONE', *, *, #4564, .F. ) ;
#1720 = ORIENTED_EDGE ( 'NONE', *, *, #9052, .T. ) ;
#1721 = CARTESIAN_POINT ( 'NONE',  ( 0.6350000000000000089, 0.000000000000000000, -11.36999999999999922 ) ) ;
#1722 = VERTEX_POINT ( 'NONE', #6237 ) ;
#1723 = LINE ( 'NONE', #3303, #1690 ) ;
#1724 = AXIS2_PLACEMENT_3D ( 'NONE', #1422, #3160, #4645 ) ;
#1725 = CARTESIAN_POINT ( 'NONE',  ( 2.013531513575000265, 2.146557639706000220, -5.022989346890000206 ) ) ;
#1726 = LINE ( 'NONE', #7400, #1230 ) ;
#1727 = CARTESIAN_POINT ( 'NONE',  ( 3.114962827267454770, 2.258192777909024101E-06, -6.950713963934820327 ) ) ;
#1728 = CARTESIAN_POINT ( 'NONE',  ( 1.283411997541000105, 2.528374266061999887, -6.571086582753999927 ) ) ;
#1729 = ORIENTED_EDGE ( 'NONE', *, *, #6061, .F. ) ;
#1730 = ADVANCED_FACE ( 'NONE', ( #9496 ), #2828, .T. ) ;
#1731 = CARTESIAN_POINT ( 'NONE',  ( 0.4439538136245833044, 0.4861328560876055360, -4.119991299149684316 ) ) ;
#1732 = DIRECTION ( 'NONE',  ( 0.000000000000000000, 0.000000000000000000, -1.000000000000000000 ) ) ;
#1733 = DIRECTION ( 'NONE',  ( 0.000000000000000000, 0.000000000000000000, 1.000000000000000000 ) ) ;
#1734 = DIRECTION ( 'NONE',  ( -0.6293203910498265108, -0.7771459614569797836, -0.000000000000000000 ) ) ;
#1735 = DIRECTION ( 'NONE',  ( 0.000000000000000000, 0.000000000000000000, 1.000000000000000000 ) ) ;
#1736 = CARTESIAN_POINT ( 'NONE',  ( -3.352359877559829560, 3.500000000000000444, 0.5000000000000000000 ) ) ;
#1737 = DIRECTION ( 'NONE',  ( -0.000000000000000000, -0.000000000000000000, -1.000000000000000000 ) ) ;
#1738 = CARTESIAN_POINT ( 'NONE',  ( 0.3643944005386686724, -0.5681916233596413512, -4.220000000000000639 ) ) ;
#1739 = AXIS2_PLACEMENT_3D ( 'NONE', #8133, #8236, #97 ) ;
#1740 = ORIENTED_EDGE ( 'NONE', *, *, #2245, .F. ) ;
#1741 = VECTOR ( 'NONE', #3800, 1000.000000000000000 ) ;
#1742 = DIRECTION ( 'NONE',  ( -1.000000000000000000, 0.000000000000000000, 0.000000000000000000 ) ) ;
#1743 = EDGE_CURVE ( 'NONE', #9093, #10152, #4625, .T. ) ;
#1744 = CARTESIAN_POINT ( 'NONE',  ( 3.114916269155037387, -3.587745545047033954E-06, -5.653994187101426760 ) ) ;
#1745 = CARTESIAN_POINT ( 'NONE',  ( -1.482148853593909132, 2.573407526542418999, -8.029751722057055119 ) ) ;
#1746 = ORIENTED_EDGE ( 'NONE', *, *, #8404, .T. ) ;
#1747 = FACE_OUTER_BOUND ( 'NONE', #1208, .T. ) ;
#1748 = AXIS2_PLACEMENT_3D ( 'NONE', #4784, #3940, #4838 ) ;
#1749 = DIRECTION ( 'NONE',  ( -0.000000000000000000, -0.000000000000000000, -1.000000000000000000 ) ) ;
#1750 = EDGE_LOOP ( 'NONE', ( #5444, #3627, #2651, #5843, #7554, #4994 ) ) ;
#1751 = CARTESIAN_POINT ( 'NONE',  ( -0.6454470077100777914, -0.07679948071508499452, -4.070000000000004725 ) ) ;
#1752 = CARTESIAN_POINT ( 'NONE',  ( -1.972250196664999899, -2.044903969046000025, -8.201296196423999874 ) ) ;
#1753 = CARTESIAN_POINT ( 'NONE',  ( 3.478445380721962188, 3.404397331752656797, 0.5000000000000000000 ) ) ;
#1754 = ORIENTED_EDGE ( 'NONE', *, *, #8795, .F. ) ;
#1755 = CARTESIAN_POINT ( 'NONE',  ( 0.1687311281948089547, -2.916286398452697881, -8.054226722559016949 ) ) ;
#1756 = CARTESIAN_POINT ( 'NONE',  ( -3.033355815953358015, -0.8152140512225314328, -5.271632765227016293 ) ) ;
#1757 = CARTESIAN_POINT ( 'NONE',  ( 0.9040412583314000328, -2.666141118484000483, -6.065763751072999810 ) ) ;
#1758 = CIRCLE ( 'NONE', #6341, 0.6499999999999999112 ) ;
#1759 = ORIENTED_EDGE ( 'NONE', *, *, #3494, .T. ) ;
#1760 = VERTEX_POINT ( 'NONE', #7882 ) ;
#1761 = DIRECTION ( 'NONE',  ( -1.000000000000000000, 0.000000000000000000, 0.000000000000000000 ) ) ;
#1762 = LINE ( 'NONE', #6491, #4430 ) ;
#1763 = CARTESIAN_POINT ( 'NONE',  ( 2.446310281424162181, -1.325345295988009431, -8.214083417196130554 ) ) ;
#1764 = FACE_OUTER_BOUND ( 'NONE', #5488, .T. ) ;
#1765 = ORIENTED_EDGE ( 'NONE', *, *, #933, .T. ) ;
#1766 = CYLINDRICAL_SURFACE ( 'NONE', #8629, 0.6350000000000000089 ) ;
#1767 = B_SPLINE_CURVE_WITH_KNOTS ( 'NONE', 3,
 ( #3389, #6528, #7270, #4234 ),
 .UNSPECIFIED., .F., .F.,
 ( 4, 4 ),
 ( 2.034489220663171137E-07, 0.0001528154345939505008 ),
 .UNSPECIFIED. ) ;
#1768 = CARTESIAN_POINT ( 'NONE',  ( 0.6495145696682956826, -0.02511620569688895882, -3.919999999999999929 ) ) ;
#1769 = EDGE_CURVE ( 'NONE', #2174, #6838, #9981, .T. ) ;
#1770 = ORIENTED_EDGE ( 'NONE', *, *, #4965, .T. ) ;
#1771 = EDGE_LOOP ( 'NONE', ( #9573, #10497, #2616, #2640 ) ) ;
#1772 = CARTESIAN_POINT ( 'NONE',  ( -0.3614556479571076064, -0.5402312602579634193, -4.070000000000005613 ) ) ;
#1773 = CARTESIAN_POINT ( 'NONE',  ( -3.114869478447803708, -1.072838221486328129E-05, -6.597929617108714062 ) ) ;
#1774 = VERTEX_POINT ( 'NONE', #10447 ) ;
#1775 = CARTESIAN_POINT ( 'NONE',  ( -1.639317026916270015, -1.259820775948574889, -7.169999999999999929 ) ) ;
#1776 = CARTESIAN_POINT ( 'NONE',  ( 0.7162034959009000445, 2.689813916014000217, -5.056055393001000375 ) ) ;
#1777 = CARTESIAN_POINT ( 'NONE',  ( -3.404397331752656797, -3.478445380721962188, -1.300000000000000266 ) ) ;
#1778 = ADVANCED_FACE ( 'NONE', ( #8788 ), #8888, .F. ) ;
#1779 = EDGE_CURVE ( 'NONE', #856, #9586, #4032, .T. ) ;
#1780 = CARTESIAN_POINT ( 'NONE',  ( -2.665562659149999902, -0.9668795713069999742, -6.302708311283000242 ) ) ;
#1781 = ORIENTED_EDGE ( 'NONE', *, *, #7901, .T. ) ;
#1782 = DIRECTION ( 'NONE',  ( -0.000000000000000000, -0.000000000000000000, -1.000000000000000000 ) ) ;
#1783 = CARTESIAN_POINT ( 'NONE',  ( -2.415921482873529147, -1.965787123876296061, -7.341785665835706354 ) ) ;
#1784 = DIRECTION ( 'NONE',  ( 0.9490504690923049491, -3.642919299551293666E-17, -0.3151241138276724141 ) ) ;
#1785 = LINE ( 'NONE', #1838, #2705 ) ;
#1786 = FACE_OUTER_BOUND ( 'NONE', #8333, .T. ) ;
#1787 = CARTESIAN_POINT ( 'NONE',  ( -0.1441063982436970592, -0.6594379015382944020, -4.370000000000000107 ) ) ;
#1788 = DIRECTION ( 'NONE',  ( -0.000000000000000000, 1.000000000000000000, 0.000000000000000000 ) ) ;
#1789 = FACE_OUTER_BOUND ( 'NONE', #9132, .T. ) ;
#1790 = CARTESIAN_POINT ( 'NONE',  ( 0.8371466128651784411, 2.169155300308586387, -7.170000000000003482 ) ) ;
#1791 = EDGE_CURVE ( 'NONE', #2284, #10419, #6344, .T. ) ;
#1792 = ORIENTED_EDGE ( 'NONE', *, *, #8933, .T. ) ;
#1793 = EDGE_CURVE ( 'NONE', #585, #5060, #3936, .T. ) ;
#1794 = DIRECTION ( 'NONE',  ( 0.000000000000000000, 0.000000000000000000, -1.000000000000000000 ) ) ;
#1795 = CARTESIAN_POINT ( 'NONE',  ( 1.568773378174626698, -2.721844447653433807, -7.068331346803667259 ) ) ;
#1796 = CARTESIAN_POINT ( 'NONE',  ( 2.049999999999999822, 6.462348535570528710E-24, 0.000000000000000000 ) ) ;
#1797 = CARTESIAN_POINT ( 'NONE',  ( 0.000000000000000000, 0.000000000000000000, -3.919999999999999929 ) ) ;
#1798 = CARTESIAN_POINT ( 'NONE',  ( 0.000000000000000000, 0.000000000000000000, 0.000000000000000000 ) ) ;
#1799 = DIRECTION ( 'NONE',  ( 0.9135454576426021989, -0.4067366430757973217, 0.000000000000000000 ) ) ;
#1800 = CARTESIAN_POINT ( 'NONE',  ( 2.324999999984791010, 0.000000000000000000, -9.000000000014551915 ) ) ;
#1801 = ORIENTED_EDGE ( 'NONE', *, *, #6776, .F. ) ;
#1802 = CARTESIAN_POINT ( 'NONE',  ( 2.069393904829376130, 1.775958754387589433, -5.919565649277262587 ) ) ;
#1803 = EDGE_CURVE ( 'NONE', #5310, #8582, #8617, .T. ) ;
#1804 = EDGE_CURVE ( 'NONE', #2253, #8127, #3180, .T. ) ;
#1805 = ORIENTED_EDGE ( 'NONE', *, *, #3191, .F. ) ;
#1806 = CARTESIAN_POINT ( 'NONE',  ( -0.005891079604370475127, -2.904838303292338164, -8.070074755173729741 ) ) ;
#1807 = DIRECTION ( 'NONE',  ( 0.8660254037844377084, 0.5000000000000016653, -0.000000000000000000 ) ) ;
#1808 = B_SPLINE_CURVE_WITH_KNOTS ( 'NONE', 3,
 ( #7181, #8773, #6431, #10541 ),
 .UNSPECIFIED., .F., .F.,
 ( 4, 4 ),
 ( 1.390037340140233250E-06, 0.0001540020230106109206 ),
 .UNSPECIFIED. ) ;
#1809 = LINE ( 'NONE', #195, #6266 ) ;
#1810 = ORIENTED_EDGE ( 'NONE', *, *, #4803, .F. ) ;
#1811 = CARTESIAN_POINT ( 'NONE',  ( -2.677850387814999955, -0.8686745524344999803, -5.584477870868000515 ) ) ;
#1812 = EDGE_LOOP ( 'NONE', ( #4962, #7194, #784, #7743 ) ) ;
#1813 = EDGE_LOOP ( 'NONE', ( #8242, #3327, #458, #1543, #5576, #4327 ) ) ;
#1814 = DIRECTION ( 'NONE',  ( -1.000000000000000000, 0.000000000000000000, 0.000000000000000000 ) ) ;
#1815 = CARTESIAN_POINT ( 'NONE',  ( 2.705388832218000417, 0.9631701925333000514, -7.299679609730000074 ) ) ;
#1816 = CARTESIAN_POINT ( 'NONE',  ( 0.000000000000000000, 0.000000000000000000, -4.219999999999999751 ) ) ;
#1817 = EDGE_LOOP ( 'NONE', ( #7905, #8105, #4291, #3297 ) ) ;
#1818 = CARTESIAN_POINT ( 'NONE',  ( -1.037504401265376686, -2.481314831961899170, -6.220488523715757445 ) ) ;
#1819 = CARTESIAN_POINT ( 'NONE',  ( 0.000000000000000000, 0.000000000000000000, -4.219999999999999751 ) ) ;
#1820 = VECTOR ( 'NONE', #6183, 1000.000000000000227 ) ;
#1821 = ORIENTED_EDGE ( 'NONE', *, *, #7286, .T. ) ;
#1822 = DIRECTION ( 'NONE',  ( 0.000000000000000000, 0.000000000000000000, -1.000000000000000000 ) ) ;
#1823 = CARTESIAN_POINT ( 'NONE',  ( 0.000000000000000000, 0.000000000000000000, 1.799999999999995159 ) ) ;
#1824 = EDGE_LOOP ( 'NONE', ( #3168, #2478, #124, #2473 ) ) ;
#1825 = CARTESIAN_POINT ( 'NONE',  ( -0.1809542007934084595, -2.713799635831222634, -8.284911546886293721 ) ) ;
#1826 = CARTESIAN_POINT ( 'NONE',  ( -2.763271967032999932, 1.013087806629999976, -4.801316655739999995 ) ) ;
#1827 = DIRECTION ( 'NONE',  ( 1.000000000000000000, 0.000000000000000000, 0.000000000000000000 ) ) ;
#1828 = ADVANCED_FACE ( 'NONE', ( #3979 ), #3197, .T. ) ;
#1829 = DIRECTION ( 'NONE',  ( -1.000000000000000000, 0.000000000000000000, 0.000000000000000000 ) ) ;
#1830 = AXIS2_PLACEMENT_3D ( 'NONE', #8433, #1098, #1957 ) ;
#1831 = CARTESIAN_POINT ( 'NONE',  ( -1.414380113144000140, 3.009154641599999902, -7.441260400521000129 ) ) ;
#1832 = AXIS2_PLACEMENT_3D ( 'NONE', #17, #8904, #1521 ) ;
#1833 = ORIENTED_EDGE ( 'NONE', *, *, #9653, .F. ) ;
#1834 = CARTESIAN_POINT ( 'NONE',  ( 2.540000000000000036, -3.040000000000000036, 4.400000000000000355 ) ) ;
#1835 = EDGE_CURVE ( 'NONE', #177, #4984, #4834, .T. ) ;
#1836 = CARTESIAN_POINT ( 'NONE',  ( -3.096475167883690371, -0.3403977537466918446, -7.406257589665039553 ) ) ;
#1837 = AXIS2_PLACEMENT_3D ( 'NONE', #6421, #10534, #723 ) ;
#1838 = CARTESIAN_POINT ( 'NONE',  ( -0.6529864083220295878, -0.1709788014541456791, -3.919999999999999929 ) ) ;
#1839 = VECTOR ( 'NONE', #1598, 1000.000000000000000 ) ;
#1840 = CARTESIAN_POINT ( 'NONE',  ( 0.3624400721992152019, -0.5495974312748665991, -4.119991299149685204 ) ) ;
#1841 = LINE ( 'NONE', #7520, #5179 ) ;
#1842 = FACE_OUTER_BOUND ( 'NONE', #4218, .T. ) ;
#1843 = FACE_OUTER_BOUND ( 'NONE', #7846, .T. ) ;
#1844 = CARTESIAN_POINT ( 'NONE',  ( 0.000000000000000000, 0.000000000000000000, 0.000000000000000000 ) ) ;
#1845 = VERTEX_POINT ( 'NONE', #10297 ) ;
#1846 = CIRCLE ( 'NONE', #5910, 0.6499999999999999112 ) ;
#1847 = VECTOR ( 'NONE', #8610, 1000.000000000000000 ) ;
#1848 = ORIENTED_EDGE ( 'NONE', *, *, #5993, .F. ) ;
#1849 = DIRECTION ( 'NONE',  ( 0.000000000000000000, -1.000000000000000000, -0.000000000000000000 ) ) ;
#1850 = CARTESIAN_POINT ( 'NONE',  ( -3.019950646663688509, -7.799862604040538931E-06, -7.955111133881714203 ) ) ;
#1851 = ORIENTED_EDGE ( 'NONE', *, *, #2939, .F. ) ;
#1852 = DIRECTION ( 'NONE',  ( -0.000000000000000000, -0.000000000000000000, -1.000000000000000000 ) ) ;
#1853 = EDGE_CURVE ( 'NONE', #9726, #8906, #968, .T. ) ;
#1854 = CARTESIAN_POINT ( 'NONE',  ( -1.146883171453970229, -2.742929475333429679, -6.384180161383676833 ) ) ;
#1855 = CARTESIAN_POINT ( 'NONE',  ( -2.146798435830467255, -0.8929536894540307523, -7.169999999999998153 ) ) ;
#1856 = AXIS2_PLACEMENT_3D ( 'NONE', #2915, #10111, #1169 ) ;
#1857 = CARTESIAN_POINT ( 'NONE',  ( -2.477831054186056203, 1.898685618779558437, -6.785742995300967806 ) ) ;
#1858 = VECTOR ( 'NONE', #2914, 1000.000000000000000 ) ;
#1859 = CARTESIAN_POINT ( 'NONE',  ( 2.706149663460270638, -0.3388160181456059128, -6.013580952997023665 ) ) ;
#1860 = CARTESIAN_POINT ( 'NONE',  ( 2.729953933939178956, 0.2073748416530176442, -7.403248518807883372 ) ) ;
#1861 = B_SPLINE_CURVE_WITH_KNOTS ( 'NONE', 3,
 ( #1197, #1139, #1903, #10031, #8323, #446 ),
 .UNSPECIFIED., .F., .F.,
 ( 4, 2, 4 ),
 ( 0.000000000000000000, 0.5000000000000000000, 1.000000000000000000 ),
 .UNSPECIFIED. ) ;
#1862 = ORIENTED_EDGE ( 'NONE', *, *, #7878, .F. ) ;
#1863 = CARTESIAN_POINT ( 'NONE',  ( -0.9075580920825083719, -2.667925934507880736, -8.156199387086358499 ) ) ;
#1864 = CARTESIAN_POINT ( 'NONE',  ( 0.4415163173259569751, 0.4770359960578705594, -3.919999999999999929 ) ) ;
#1865 = AXIS2_PLACEMENT_3D ( 'NONE', #10488, #6537, #8779 ) ;
#1866 = CARTESIAN_POINT ( 'NONE',  ( 1.568854727997788689, -2.722178438762690167, -5.065652689682359266 ) ) ;
#1867 = EDGE_CURVE ( 'NONE', #4851, #7142, #2005, .T. ) ;
#1868 = EDGE_CURVE ( 'NONE', #4752, #1622, #8194, .T. ) ;
#1869 = CARTESIAN_POINT ( 'NONE',  ( -0.8804744069440001430, 2.673993820349000128, -5.807210064111999692 ) ) ;
#1870 = ORIENTED_EDGE ( 'NONE', *, *, #3411, .F. ) ;
#1871 = ORIENTED_EDGE ( 'NONE', *, *, #8760, .T. ) ;
#1872 = AXIS2_PLACEMENT_3D ( 'NONE', #9272, #6760, #9058 ) ;
#1873 = CARTESIAN_POINT ( 'NONE',  ( 2.774260047115999939, -0.7418369514553999622, -8.073469856273000289 ) ) ;
#1874 = CARTESIAN_POINT ( 'NONE',  ( -1.684047657120000041, 2.326117873220999943, -6.358452459242071697 ) ) ;
#1875 = EDGE_LOOP ( 'NONE', ( #4995, #787, #1035, #9810 ) ) ;
#1876 = CARTESIAN_POINT ( 'NONE',  ( 0.000000000000000000, 0.000000000000000000, -4.219999999999999751 ) ) ;
#1877 = DIRECTION ( 'NONE',  ( -1.000000000000000000, 0.000000000000000000, 0.000000000000000000 ) ) ;
#1878 = CARTESIAN_POINT ( 'NONE',  ( -0.1768241090289923989, 0.6254863983062325383, -4.070000000000005613 ) ) ;
#1879 = AXIS2_PLACEMENT_3D ( 'NONE', #1164, #1111, #1973 ) ;
#1880 = EDGE_CURVE ( 'NONE', #139, #10389, #10439, .T. ) ;
#1881 = B_SPLINE_CURVE_WITH_KNOTS ( 'NONE', 3,
 ( #3285, #4331, #1700, #4176 ),
 .UNSPECIFIED., .F., .F.,
 ( 4, 4 ),
 ( 1.453632650572456634E-06, 0.0001540656183206040781 ),
 .UNSPECIFIED. ) ;
#1882 = ORIENTED_EDGE ( 'NONE', *, *, #7494, .F. ) ;
#1883 = CYLINDRICAL_SURFACE ( 'NONE', #1697, 0.6750000000000000444 ) ;
#1884 = ORIENTED_EDGE ( 'NONE', *, *, #7153, .T. ) ;
#1885 = CARTESIAN_POINT ( 'NONE',  ( -3.249999999979991117, 3.980102097204394240E-16, -3.100000000017644197 ) ) ;
#1886 = CARTESIAN_POINT ( 'NONE',  ( 2.572706999441000342, -2.005984696276000179, -5.012275427456000187 ) ) ;
#1887 = CYLINDRICAL_SURFACE ( 'NONE', #9045, 0.6350000000000000089 ) ;
#1888 = AXIS2_PLACEMENT_3D ( 'NONE', #778, #892, #8870 ) ;
#1889 = CARTESIAN_POINT ( 'NONE',  ( -2.626810445218000112, -2.038467475083999947, -7.239976696917000076 ) ) ;
#1890 = ORIENTED_EDGE ( 'NONE', *, *, #590, .F. ) ;
#1891 = CARTESIAN_POINT ( 'NONE',  ( -0.8748466664548999461, 2.656902416928000221, -5.777193771964999947 ) ) ;
#1892 = ADVANCED_FACE ( 'NONE', ( #1067 ), #7396, .T. ) ;
#1893 = CARTESIAN_POINT ( 'NONE',  ( -3.110914654522735745, -0.1848316757410472244, -7.411825898998634088 ) ) ;
#1894 = VECTOR ( 'NONE', #7419, 1000.000000000000000 ) ;
#1895 = CARTESIAN_POINT ( 'NONE',  ( -2.477833601977004641, 1.898682427075744084, -6.079718367355884112 ) ) ;
#1896 = CARTESIAN_POINT ( 'NONE',  ( -1.874367495907114156, 2.438983869293139595, -3.300000000024283953 ) ) ;
#1897 = CARTESIAN_POINT ( 'NONE',  ( 0.02982508694955043546, 0.6576705912447020630, -4.119991299149685204 ) ) ;
#1898 = CARTESIAN_POINT ( 'NONE',  ( -2.507979642345020910, -0.6740008022047444536, -9.100000000046293280 ) ) ;
#1899 = DIRECTION ( 'NONE',  ( 0.000000000000000000, 0.000000000000000000, -1.000000000000000000 ) ) ;
#1900 = CARTESIAN_POINT ( 'NONE',  ( 0.7351198481068184076, 2.206368490024560813, -7.170000000000001705 ) ) ;
#1901 = EDGE_LOOP ( 'NONE', ( #8000, #9697, #9304, #6235 ) ) ;
#1902 = AXIS2_PLACEMENT_3D ( 'NONE', #923, #4157, #7413 ) ;
#1903 = CARTESIAN_POINT ( 'NONE',  ( 2.992597052176336092, 0.9984740243285654682, -4.839984997668505429 ) ) ;
#1904 = VERTEX_POINT ( 'NONE', #6608 ) ;
#1905 = CARTESIAN_POINT ( 'NONE',  ( -1.997276839918473490, 2.598917237794085899, -1.300000000000000044 ) ) ;
#1906 = ADVANCED_FACE ( 'NONE', ( #8245 ), #1, .F. ) ;
#1907 = LINE ( 'NONE', #5715, #2813 ) ;
#1908 = EDGE_LOOP ( 'NONE', ( #8656, #386 ) ) ;
#1909 = DIRECTION ( 'NONE',  ( -0.000000000000000000, -0.000000000000000000, -1.000000000000000000 ) ) ;
#1910 = CARTESIAN_POINT ( 'NONE',  ( 3.108246490907693893, -0.2042122567729540428, -4.840110952191755800 ) ) ;
#1911 = AXIS2_PLACEMENT_3D ( 'NONE', #9513, #7636, #350 ) ;
#1912 = FACE_OUTER_BOUND ( 'NONE', #3337, .T. ) ;
#1913 = ORIENTED_EDGE ( 'NONE', *, *, #9319, .F. ) ;
#1914 = CARTESIAN_POINT ( 'NONE',  ( 2.609465717050448941, -0.7925173113173227257, -6.032384013741154405 ) ) ;
#1915 = CARTESIAN_POINT ( 'NONE',  ( -0.6020094216136897547, 2.633633176360680839, -7.209708335230342158 ) ) ;
#1916 = ORIENTED_EDGE ( 'NONE', *, *, #3519, .T. ) ;
#1917 = EDGE_CURVE ( 'NONE', #7838, #8677, #960, .T. ) ;
#1918 = ADVANCED_FACE ( 'NONE', ( #858 ), #4087, .F. ) ;
#1919 = DIRECTION ( 'NONE',  ( 0.000000000000000000, 0.000000000000000000, 1.000000000000000000 ) ) ;
#1920 = CARTESIAN_POINT ( 'NONE',  ( 0.02511620569689576241, 0.6495145696682955716, -4.070000000000005613 ) ) ;
#1921 = CARTESIAN_POINT ( 'NONE',  ( 2.080101932314000202, -1.897011894595000081, -5.349805179718001291 ) ) ;
#1922 = EDGE_LOOP ( 'NONE', ( #7130, #5436, #550, #2589, #1916, #1933, #7161, #447 ) ) ;
#1923 = CARTESIAN_POINT ( 'NONE',  ( 2.682795825839999981, 1.024417898972999952, -8.049975292096000601 ) ) ;
#1924 = CARTESIAN_POINT ( 'NONE',  ( 0.09959317480592999594, -2.870001176559000111, -7.483965545126071817 ) ) ;
#1925 = ORIENTED_EDGE ( 'NONE', *, *, #10370, .F. ) ;
#1926 = EDGE_CURVE ( 'NONE', #9536, #6432, #3005, .T. ) ;
#1927 = CARTESIAN_POINT ( 'NONE',  ( 0.8057904561834393631, -3.051982064491843616, -6.392109331730667421 ) ) ;
#1928 = CARTESIAN_POINT ( 'NONE',  ( 0.5673192003539595518, -0.3172521472106119567, -4.070000000000005613 ) ) ;
#1929 = AXIS2_PLACEMENT_3D ( 'NONE', #508, #1254, #290 ) ;
#1930 = ORIENTED_EDGE ( 'NONE', *, *, #299, .T. ) ;
#1931 = VERTEX_POINT ( 'NONE', #6498 ) ;
#1932 = CARTESIAN_POINT ( 'NONE',  ( 0.000000000000000000, 0.000000000000000000, -4.070000000000005613 ) ) ;
#1933 = ORIENTED_EDGE ( 'NONE', *, *, #332, .T. ) ;
#1934 = CARTESIAN_POINT ( 'NONE',  ( -1.874155603674115822, 1.947013145980790005, -7.854842280488288253 ) ) ;
#1935 = CARTESIAN_POINT ( 'NONE',  ( 2.477834102790049453, -1.898681680497989577, -6.432729515422899169 ) ) ;
#1936 = EDGE_CURVE ( 'NONE', #4194, #9821, #8955, .T. ) ;
#1937 = DIRECTION ( 'NONE',  ( -0.000000000000000000, 0.000000000000000000, -1.000000000000000000 ) ) ;
#1938 = ORIENTED_EDGE ( 'NONE', *, *, #9594, .T. ) ;
#1939 = CARTESIAN_POINT ( 'NONE',  ( 2.220137645278000171, -1.954120436924000170, -6.159035420168000208 ) ) ;
#1940 = CARTESIAN_POINT ( 'NONE',  ( -1.380372213246306323, 2.799812462161329396, -6.131596591544346886 ) ) ;
#1941 = LINE ( 'NONE', #8578, #4345 ) ;
#1942 = CARTESIAN_POINT ( 'NONE',  ( 0.5901242379057490828, -0.2724947409330293335, -4.070000000000004725 ) ) ;
#1943 = VERTEX_POINT ( 'NONE', #3745 ) ;
#1944 = CARTESIAN_POINT ( 'NONE',  ( -2.247774849585227737E-14, 2.574999999961028241, -9.100000000023147351 ) ) ;
#1945 = DIRECTION ( 'NONE',  ( 0.000000000000000000, 0.000000000000000000, -1.000000000000000000 ) ) ;
#1946 = ORIENTED_EDGE ( 'NONE', *, *, #3519, .F. ) ;
#1947 = CARTESIAN_POINT ( 'NONE',  ( -0.08933992092479001168, -2.669540380948999925, -8.287072018256999684 ) ) ;
#1948 = CARTESIAN_POINT ( 'NONE',  ( -0.8278491271811999619, 2.671919349353999884, -5.073175698514000409 ) ) ;
#1949 = CARTESIAN_POINT ( 'NONE',  ( 3.115000000000000213, 0.000000000000000000, -7.086186982385999755 ) ) ;
#1950 = EDGE_LOOP ( 'NONE', ( #2132, #2074, #8642, #745 ) ) ;
#1951 = LINE ( 'NONE', #5125, #2505 ) ;
#1952 = DIRECTION ( 'NONE',  ( -0.9986295347545743883, 0.05233595624293547327, 0.000000000000000000 ) ) ;
#1953 = CARTESIAN_POINT ( 'NONE',  ( -0.5107053896536003501, -0.4020945224431241583, -4.370000000000000107 ) ) ;
#1954 = CARTESIAN_POINT ( 'NONE',  ( 0.6738623340140244000, 0.03917339399607525086, -4.370000000000000107 ) ) ;
#1955 = PRODUCT_DEFINITION_SHAPE ( 'NONE', 'NONE',  #5840 ) ;
#1956 = CARTESIAN_POINT ( 'NONE',  ( -3.114999999999999325, 0.2057726261094309506, -6.719764066467726060 ) ) ;
#1957 = DIRECTION ( 'NONE',  ( -1.000000000000000000, 0.000000000000000000, 0.000000000000000000 ) ) ;
#1958 = ORIENTED_EDGE ( 'NONE', *, *, #420, .F. ) ;
#1959 = CARTESIAN_POINT ( 'NONE',  ( -2.070305113913999850, -1.692399362346000080, -8.303162316273001053 ) ) ;
#1960 = EDGE_CURVE ( 'NONE', #6158, #2974, #3799, .T. ) ;
#1961 = CLOSED_SHELL ( 'NONE', ( #1991, #8600, #599, #1417, #8735, #8863, #2333, #1624, #880, #9699, #6741, #6645, #7551, #10255, #10324, #9962, #6646, #7824, #983, #281, #9909, #10428, #1651, #6125, #4474, #1345, #7522, #6559, #9583, #9016, #6414, #2791, #1693, #725, #3192, #2120, #1344, #6599, #167, #4042, #1071, #4498, #10185, #6478, #5541, #7041, #10242, #1519, #4927, #3127, #1716, #8772, #2043, #9908, #6276, #6804, #9865, #7700, #7688, #5753, #4487, #8577, #9781, #2482, #8630, #7007, #5314, #5936, #2044, #9516, #4964, #8720, #3856, #5609, #7287, #8015, #9474, #4872, #6073, #3741, #534, #2295, #5528, #2990, #6837, #4511, #10513, #8385, #1141, #5213, #1328, #3439, #9669, #7176, #10540, #1778, #7771, #1828, #9507, #4549, #7224, #946, #2542, #4432, #4410, #2736, #2672, #3384, #2928, #9207, #8852, #3895, #2309, #4164, #3961, #2244, #1576, #7641, #611, #997, #4368, #10038, #548, #7064, #6320, #6103, #8192, #9320, #199, #1495, #5641, #5076, #3025, #2436, #7664, #7812, #5401, #2682, #1906, #73, #5973, #4729, #10371, #1070, #1918, #7615, #3726, #8721, #9823, #8613, #5799, #5228, #1990, #8084, #6398, #7048, #6202, #2572, #10086, #1252, #4528, #924, #6714, #2098, #3279, #5290, #10479, #1140, #10146, #6937, #6368, #3847, #1892, #4230, #10471, #4383, #2415 ) ) ;
#1962 = VERTEX_POINT ( 'NONE', #10142 ) ;
#1963 = CARTESIAN_POINT ( 'NONE',  ( -0.8964574974771740701, -2.672871621024750066, -8.155051344482657782 ) ) ;
#1964 = DIRECTION ( 'NONE',  ( -0.000000000000000000, -0.000000000000000000, -1.000000000000000000 ) ) ;
#1965 = LINE ( 'NONE', #7589, #295 ) ;
#1966 = AXIS2_PLACEMENT_3D ( 'NONE', #874, #3314, #4103 ) ;
#1967 = CARTESIAN_POINT ( 'NONE',  ( -0.2487329540582000065, -2.742091444315000182, -6.065671558310000933 ) ) ;
#1968 = ADVANCED_FACE ( 'NONE', ( #4481 ), #3685, .F. ) ;
#1969 = EDGE_CURVE ( 'NONE', #2338, #6316, #455, .T. ) ;
#1970 = ORIENTED_EDGE ( 'NONE', *, *, #1926, .T. ) ;
#1971 = ORIENTED_EDGE ( 'NONE', *, *, #7626, .F. ) ;
#1972 = CARTESIAN_POINT ( 'NONE',  ( -0.1322074841943000068, 2.868683879909000201, -7.909286156361000408 ) ) ;
#1973 = DIRECTION ( 'NONE',  ( -1.000000000000000000, 0.000000000000000000, 0.000000000000000000 ) ) ;
#1974 = ORIENTED_EDGE ( 'NONE', *, *, #2273, .T. ) ;
#1975 = CARTESIAN_POINT ( 'NONE',  ( 0.5221405368133766878, 0.4277782834789991551, -4.219999999999999751 ) ) ;
#1976 = DIRECTION ( 'NONE',  ( -1.000000000000000000, 0.000000000000000000, 0.000000000000000000 ) ) ;
#1977 = CARTESIAN_POINT ( 'NONE',  ( 0.2724947409330272796, 0.5901242379057499710, -3.919999999999999929 ) ) ;
#1978 = ORIENTED_EDGE ( 'NONE', *, *, #4903, .T. ) ;
#1979 = ORIENTED_EDGE ( 'NONE', *, *, #4168, .F. ) ;
#1980 = EDGE_CURVE ( 'NONE', #8054, #9910, #1258, .T. ) ;
#1981 = CARTESIAN_POINT ( 'NONE',  ( 0.8030693251697091917, 2.662675753459477157, -4.483238659509054536 ) ) ;
#1982 = EDGE_LOOP ( 'NONE', ( #5889, #6258, #148, #10028 ) ) ;
#1983 = CARTESIAN_POINT ( 'NONE',  ( 0.000000000000000000, 0.000000000000000000, -4.219999999999999751 ) ) ;
#1984 = CARTESIAN_POINT ( 'NONE',  ( 0.7292144430661454679, -2.639702679046568967, -8.263427112483316961 ) ) ;
#1985 = CARTESIAN_POINT ( 'NONE',  ( -0.03917339399606812461, 0.6738623340140245110, -4.219999999999999751 ) ) ;
#1986 = DIRECTION ( 'NONE',  ( -0.000000000000000000, -0.000000000000000000, -1.000000000000000000 ) ) ;
#1987 = MANIFOLD_SOLID_BREP ( 'Chamfer1', #1961 ) ;
#1988 = VERTEX_POINT ( 'NONE', #3214 ) ;
#1989 = CARTESIAN_POINT ( 'NONE',  ( 2.957303169879999860, 0.9882366776136000119, -6.130199858859000983 ) ) ;
#1990 = ADVANCED_FACE ( 'NONE', ( #8161 ), #10206, .F. ) ;
#1991 = ADVANCED_FACE ( 'NONE', ( #9664 ), #7936, .T. ) ;
#1992 = CARTESIAN_POINT ( 'NONE',  ( -0.3992440663902154796, -3.049999999973352693, -3.300000000024284397 ) ) ;
#1993 = CARTESIAN_POINT ( 'NONE',  ( 3.049999999973352249, -0.3992440663902154796, -3.300000000024284397 ) ) ;
#1994 = ORIENTED_EDGE ( 'NONE', *, *, #9373, .F. ) ;
#1995 = CARTESIAN_POINT ( 'NONE',  ( -1.379008997169999917, -2.466483699697000098, -6.054615628488999590 ) ) ;
#1996 = CARTESIAN_POINT ( 'NONE',  ( 9.337931843416981159E-17, 3.049999999986676258, -3.300000000012142110 ) ) ;
#1997 = AXIS2_PLACEMENT_3D ( 'NONE', #1241, #5269, #1130 ) ;
#1998 = VERTEX_POINT ( 'NONE', #876 ) ;
#1999 = CARTESIAN_POINT ( 'NONE',  ( -0.6375889273060100226, 0.1264134477687066382, -4.070000000000005613 ) ) ;
#2000 = B_SPLINE_CURVE_WITH_KNOTS ( 'NONE', 3,
 ( #10394, #9541, #5480, #5423 ),
 .UNSPECIFIED., .F., .F.,
 ( 4, 4 ),
 ( 2.034489221467692294E-07, 0.0001528154345944020167 ),
 .UNSPECIFIED. ) ;
#2001 = CARTESIAN_POINT ( 'NONE',  ( -3.038703178626999790, 0.6989552407592000138, -5.132840921472999973 ) ) ;
#2002 = CARTESIAN_POINT ( 'NONE',  ( 0.000000000000000000, 0.000000000000000000, -4.370000000000000107 ) ) ;
#2003 = ORIENTED_EDGE ( 'NONE', *, *, #8986, .T. ) ;
#2004 = DIRECTION ( 'NONE',  ( 0.6691306063588510211, 0.7431448254774007944, -0.000000000000000000 ) ) ;
#2005 = CIRCLE ( 'NONE', #5038, 0.6750000000000000444 ) ;
#2006 = CARTESIAN_POINT ( 'NONE',  ( 2.776417308258956052, -1.411844964577258610, -7.118551011436686338 ) ) ;
#2007 =( NAMED_UNIT ( * ) PLANE_ANGLE_UNIT ( ) SI_UNIT ( $, .RADIAN. ) );
#2008 = CARTESIAN_POINT ( 'NONE',  ( -0.2710233481495870067, 0.6182000847280659794, -4.220000000000000639 ) ) ;
#2009 = DIRECTION ( 'NONE',  ( 1.000000000000000000, 0.000000000000000000, 0.000000000000000000 ) ) ;
#2010 = FACE_OUTER_BOUND ( 'NONE', #10535, .T. ) ;
#2011 = CARTESIAN_POINT ( 'NONE',  ( -0.1729180543024355088, -0.6438629409820414429, -4.169991741848313893 ) ) ;
#2012 = ORIENTED_EDGE ( 'NONE', *, *, #7177, .F. ) ;
#2013 = CARTESIAN_POINT ( 'NONE',  ( -0.1313737777995999945, 2.850593829196999884, -7.845482815052999825 ) ) ;
#2014 = CIRCLE ( 'NONE', #3357, 2.049999999999999822 ) ;
#2015 = AXIS2_PLACEMENT_3D ( 'NONE', #8137, #6600, #156 ) ;
#2016 = EDGE_LOOP ( 'NONE', ( #10223, #4683, #2105, #6029 ) ) ;
#2017 = CARTESIAN_POINT ( 'NONE',  ( -0.000000000000000000, 0.000000000000000000, -4.370000000000000107 ) ) ;
#2018 = CARTESIAN_POINT ( 'NONE',  ( -0.6375889273060090234, -0.1264134477687112179, -3.919999999999999929 ) ) ;
#2019 = ORIENTED_EDGE ( 'NONE', *, *, #1037, .T. ) ;
#2020 = AXIS2_PLACEMENT_3D ( 'NONE', #6864, #3767, #6113 ) ;
#2021 = VECTOR ( 'NONE', #298, 1000.000000000000000 ) ;
#2022 = EDGE_CURVE ( 'NONE', #5831, #8988, #7423, .T. ) ;
#2023 = B_SPLINE_CURVE_WITH_KNOTS ( 'NONE', 3,
 ( #91, #8873, #3338, #1587 ),
 .UNSPECIFIED., .F., .F.,
 ( 4, 4 ),
 ( 2.034489218097485046E-07, 0.0001528154345922786881 ),
 .UNSPECIFIED. ) ;
#2024 = ORIENTED_EDGE ( 'NONE', *, *, #8322, .F. ) ;
#2025 = CARTESIAN_POINT ( 'NONE',  ( 0.5534336503966044152, 2.670940797096316377, -4.434123850493339347 ) ) ;
#2026 = CARTESIAN_POINT ( 'NONE',  ( -1.736482403809000097, 2.287237288643999999, -7.182345913507999668 ) ) ;
#2027 = CARTESIAN_POINT ( 'NONE',  ( -0.6099637295171179696, 0.2245979712142745777, -4.370000000000000107 ) ) ;
#2028 = ORIENTED_EDGE ( 'NONE', *, *, #6906, .F. ) ;
#2029 = CARTESIAN_POINT ( 'NONE',  ( -0.6495145696682954606, -0.02511620569689803142, -3.919999999999999929 ) ) ;
#2030 = VECTOR ( 'NONE', #3928, 1000.000000000000000 ) ;
#2031 = CARTESIAN_POINT ( 'NONE',  ( -0.02511620569689576241, -0.6495145696682955716, -3.919999999999999929 ) ) ;
#2032 = EDGE_CURVE ( 'NONE', #5184, #1760, #1467, .T. ) ;
#2033 = DIRECTION ( 'NONE',  ( 0.8090169943749422332, 0.5877852522924802425, 0.000000000000000000 ) ) ;
#2034 = ORIENTED_EDGE ( 'NONE', *, *, #3396, .T. ) ;
#2035 = CIRCLE ( 'NONE', #7131, 0.6750000000000000444 ) ;
#2036 = CARTESIAN_POINT ( 'NONE',  ( -2.098700103095647140, -2.306951314219482185, -5.913335601838218381 ) ) ;
#2037 = ORIENTED_EDGE ( 'NONE', *, *, #867, .F. ) ;
#2038 = CARTESIAN_POINT ( 'NONE',  ( 0.1768241090289836837, 0.6254863983062348698, -3.919999999999999929 ) ) ;
#2039 = CARTESIAN_POINT ( 'NONE',  ( 2.313632798237000188, 1.641567218702000064, -4.339498915092000253 ) ) ;
#2040 = CARTESIAN_POINT ( 'NONE',  ( -0.03917339399606812461, -0.6738623340140247331, -4.220000000000000639 ) ) ;
#2041 = CARTESIAN_POINT ( 'NONE',  ( 0.4073152939837950681, -3.095051012703901261, -6.521578811742821280 ) ) ;
#2042 = FACE_OUTER_BOUND ( 'NONE', #5152, .T. ) ;
#2043 = ADVANCED_FACE ( 'NONE', ( #6466 ), #8856, .T. ) ;
#2044 = ADVANCED_FACE ( 'NONE', ( #1569 ), #5708, .F. ) ;
#2045 = AXIS2_PLACEMENT_3D ( 'NONE', #6086, #8536, #1088 ) ;
#2046 = EDGE_LOOP ( 'NONE', ( #10380, #3756, #1171, #9087 ) ) ;
#2047 = CARTESIAN_POINT ( 'NONE',  ( 0.000000000000000000, 0.000000000000000000, 2.299999999999999822 ) ) ;
#2048 = CARTESIAN_POINT ( 'NONE',  ( -2.801379553025094471E-16, -3.049999999986676258, -3.300000000012142110 ) ) ;
#2049 = CARTESIAN_POINT ( 'NONE',  ( -2.721845881165085412, 1.568770933208548213, -5.950546006897249995 ) ) ;
#2050 = EDGE_LOOP ( 'NONE', ( #2066, #9043, #2944, #7332 ) ) ;
#2051 = VECTOR ( 'NONE', #2942, 1000.000000000000000 ) ;
#2052 = DIRECTION ( 'NONE',  ( -0.000000000000000000, -0.000000000000000000, -1.000000000000000000 ) ) ;
#2053 = CARTESIAN_POINT ( 'NONE',  ( 1.347180772492156287, -2.337378588847639271, -3.300000000000000266 ) ) ;
#2054 = VERTEX_POINT ( 'NONE', #3904 ) ;
#2055 = DIRECTION ( 'NONE',  ( -0.000000000000000000, 0.000000000000000000, 1.000000000000000000 ) ) ;
#2056 = CARTESIAN_POINT ( 'NONE',  ( -2.828977975627000152, -0.8628573611808000310, -4.985671964417999646 ) ) ;
#2057 = ORIENTED_EDGE ( 'NONE', *, *, #1082, .F. ) ;
#2058 = CIRCLE ( 'NONE', #9359, 0.6500000000000000222 ) ;
#2059 = DIRECTION ( 'NONE',  ( 0.9945218953682745111, -0.1045284632676419939, 0.000000000000000000 ) ) ;
#2060 = CARTESIAN_POINT ( 'NONE',  ( 2.213215640586671196, -2.192075114953176751, -7.153556267530460033 ) ) ;
#2061 = CARTESIAN_POINT ( 'NONE',  ( 0.2724947409330398806, -0.5901242379057441978, -4.370000000000000107 ) ) ;
#2062 = DIRECTION ( 'NONE',  ( 1.000000000000000000, 0.000000000000000000, -0.000000000000000000 ) ) ;
#2063 = DIRECTION ( 'NONE',  ( 0.000000000000000000, 0.000000000000000000, 1.000000000000000000 ) ) ;
#2064 = DIRECTION ( 'NONE',  ( -0.000000000000000000, -0.000000000000000000, -1.000000000000000000 ) ) ;
#2065 = CARTESIAN_POINT ( 'NONE',  ( 2.387992486560857053, -2.040633860714832881, -4.912220704287143747 ) ) ;
#2066 = ORIENTED_EDGE ( 'NONE', *, *, #6319, .F. ) ;
#2067 = AXIS2_PLACEMENT_3D ( 'NONE', #3220, #4162, #9884 ) ;
#2068 = ORIENTED_EDGE ( 'NONE', *, *, #2281, .T. ) ;
#2069 = ADVANCED_FACE ( 'NONE', ( #7309, #712 ), #9564, .F. ) ;
#2070 = DIRECTION ( 'NONE',  ( 0.8910065241883706744, -0.4539904997395413089, 0.000000000000000000 ) ) ;
#2071 = CARTESIAN_POINT ( 'NONE',  ( 0.5402312602579648626, -0.3614556479571054970, -3.919999999999999929 ) ) ;
#2072 = ORIENTED_EDGE ( 'NONE', *, *, #6045, .T. ) ;
#2073 = VECTOR ( 'NONE', #2162, 1000.000000000000000 ) ;
#2074 = ORIENTED_EDGE ( 'NONE', *, *, #1108, .F. ) ;
#2075 = LINE ( 'NONE', #9310, #5073 ) ;
#2076 = CARTESIAN_POINT ( 'NONE',  ( -0.001688802477108999976, 2.871728159633000654, -6.408694791625999976 ) ) ;
#2077 = CARTESIAN_POINT ( 'NONE',  ( -1.195517069874999949, -2.511375151578000509, -8.243330614264017697 ) ) ;
#2078 = VERTEX_POINT ( 'NONE', #3056 ) ;
#2079 = CARTESIAN_POINT ( 'NONE',  ( -0.5495974312748680424, -0.3624400721992129815, -4.119991299149685204 ) ) ;
#2080 = CARTESIAN_POINT ( 'NONE',  ( -0.4078746875884312617, 3.114613660490707314, -5.347662192857299601 ) ) ;
#2081 = PRODUCT_RELATED_PRODUCT_CATEGORY ( 'part', '', ( #10110 ) ) ;
#2082 = SHAPE_REPRESENTATION ( 'Body', ( #9235 ), #10077 ) ;
#2083 = DIRECTION ( 'NONE',  ( 1.000000000000000000, 0.000000000000000000, -0.000000000000000000 ) ) ;
#2084 = CARTESIAN_POINT ( 'NONE',  ( 0.000000000000000000, 0.000000000000000000, -4.370000000000000107 ) ) ;
#2085 = VERTEX_POINT ( 'NONE', #1620 ) ;
#2086 = CYLINDRICAL_SURFACE ( 'NONE', #2207, 0.6750000000000000444 ) ;
#2087 = EDGE_LOOP ( 'NONE', ( #3829, #8940, #8007, #10466, #6542, #10457, #1974, #10404, #1409, #9491, #2072, #1946 ) ) ;
#2088 = CARTESIAN_POINT ( 'NONE',  ( 0.1768241090289968120, -0.6254863983062313171, -3.919999999999999929 ) ) ;
#2089 = FACE_OUTER_BOUND ( 'NONE', #4653, .T. ) ;
#2090 = CARTESIAN_POINT ( 'NONE',  ( 3.114916269155037387, -3.587745545047033954E-06, -5.653994187101426760 ) ) ;
#2091 = DIRECTION ( 'NONE',  ( 0.000000000000000000, 0.000000000000000000, 1.000000000000000000 ) ) ;
#2092 = EDGE_CURVE ( 'NONE', #9321, #2413, #8045, .T. ) ;
#2093 = ORIENTED_EDGE ( 'NONE', *, *, #6885, .F. ) ;
#2094 = CARTESIAN_POINT ( 'NONE',  ( -1.453932793786999911, -2.600131197691000207, -6.400229019504999783 ) ) ;
#2095 = ORIENTED_EDGE ( 'NONE', *, *, #6522, .F. ) ;
#2096 = CARTESIAN_POINT ( 'NONE',  ( -0.06672418922078952874, 0.6716940394054636831, -4.370000000000000107 ) ) ;
#2097 = CARTESIAN_POINT ( 'NONE',  ( 2.721844361678939617, 1.568773569541481283, -6.185877486325050079 ) ) ;
#2098 = ADVANCED_FACE ( 'NONE', ( #4746 ), #7208, .T. ) ;
#2099 = EDGE_CURVE ( 'NONE', #4166, #3447, #796, .T. ) ;
#2100 = CYLINDRICAL_SURFACE ( 'NONE', #9490, 0.6350000000000000089 ) ;
#2101 = DIRECTION ( 'NONE',  ( -1.000000000000000000, 0.000000000000000000, 0.000000000000000000 ) ) ;
#2102 = EDGE_LOOP ( 'NONE', ( #6592, #7578, #261, #6586 ) ) ;
#2103 = CARTESIAN_POINT ( 'NONE',  ( 0.1441063982436922297, 0.6594379015382956233, -3.919999999999999929 ) ) ;
#2104 = CARTESIAN_POINT ( 'NONE',  ( 2.422381246771999841, -2.209163871718999861, -5.632018915250999846 ) ) ;
#2105 = ORIENTED_EDGE ( 'NONE', *, *, #6903, .T. ) ;
#2106 = CARTESIAN_POINT ( 'NONE',  ( 2.674999999840088183, 0.000000000000000000, -9.000000000128238753 ) ) ;
#2107 = CARTESIAN_POINT ( 'NONE',  ( 2.127368683695453289, -2.275322734399541247, -7.157972274277079272 ) ) ;
#2108 =( LENGTH_UNIT ( ) NAMED_UNIT ( * ) SI_UNIT ( .MILLI., .METRE. ) );
#2109 = CARTESIAN_POINT ( 'NONE',  ( -0.07036254433204999770, 3.016562111607000052, -7.053465430150000159 ) ) ;
#2110 = DIRECTION ( 'NONE',  ( 0.000000000000000000, 0.000000000000000000, -1.000000000000000000 ) ) ;
#2111 = LINE ( 'NONE', #3584, #503 ) ;
#2112 = EDGE_CURVE ( 'NONE', #5789, #1722, #10495, .T. ) ;
#2113 = CARTESIAN_POINT ( 'NONE',  ( -0.6529864083220308091, 0.1709788014541409329, -3.919999999999999929 ) ) ;
#2114 = CARTESIAN_POINT ( 'NONE',  ( 0.6985973299134019543, -3.062464388580382391, -4.984229438966649717 ) ) ;
#2115 = EDGE_LOOP ( 'NONE', ( #9425, #2373, #7881, #10101 ) ) ;
#2116 = VERTEX_POINT ( 'NONE', #4909 ) ;
#2117 = FACE_OUTER_BOUND ( 'NONE', #732, .T. ) ;
#2118 = VERTEX_POINT ( 'NONE', #6725 ) ;
#2119 = EDGE_CURVE ( 'NONE', #3835, #4436, #6747, .T. ) ;
#2120 = ADVANCED_FACE ( 'NONE', ( #1843 ), #3371, .T. ) ;
#2121 = ORIENTED_EDGE ( 'NONE', *, *, #6657, .T. ) ;
#2122 = DIRECTION ( 'NONE',  ( -0.000000000000000000, -0.000000000000000000, -1.000000000000000000 ) ) ;
#2123 = CARTESIAN_POINT ( 'NONE',  ( 2.726583466939000555, 0.9014258813332001186, -6.549383927362000257 ) ) ;
#2124 = ORIENTED_EDGE ( 'NONE', *, *, #8691, .F. ) ;
#2125 = LINE ( 'NONE', #5352, #1500 ) ;
#2126 = CARTESIAN_POINT ( 'NONE',  ( -2.424999999953100893, -2.055269133141599186E-16, -9.099999999982301802 ) ) ;
#2127 = PRODUCT ( 'RFCT-SMA29-F_1.0', 'RFCT-SMA29-F_1.0', '', ( #6816 ) ) ;
#2128 = B_SPLINE_CURVE_WITH_KNOTS ( 'NONE', 3,
 ( #10303, #10191, #2827, #2989, #4523, #9442, #337, #2938, #8581, #2152, #5381, #9286, #4581, #6136, #8422, #7785, #3621, #8640 ),
 .UNSPECIFIED., .F., .F.,
 ( 4, 2, 2, 2, 2, 2, 2, 2, 4 ),
 ( 4.829001528340878338E-07, 0.1250004225376336320, 0.2500003621751144545, 0.3750003018125953047, 0.5000002414500762660, 0.6250001810875571717, 0.7500001207250380775, 0.8750000603625190942, 1.000000000000000000 ),
 .UNSPECIFIED. ) ;
#2129 = DIRECTION ( 'NONE',  ( 0.000000000000000000, 0.000000000000000000, 1.000000000000000000 ) ) ;
#2130 = DIRECTION ( 'NONE',  ( 0.000000000000000000, 0.000000000000000000, 1.000000000000000000 ) ) ;
#2131 = CARTESIAN_POINT ( 'NONE',  ( 0.3614556479571154335, -0.5402312602579583123, -4.370000000000000107 ) ) ;
#2132 = ORIENTED_EDGE ( 'NONE', *, *, #8662, .F. ) ;
#2133 = CARTESIAN_POINT ( 'NONE',  ( 0.000000000000000000, 0.000000000000000000, -3.919999999999999929 ) ) ;
#2134 = ORIENTED_EDGE ( 'NONE', *, *, #7747, .F. ) ;
#2135 = CARTESIAN_POINT ( 'NONE',  ( -0.5673192003539549999, -0.3172521472106200613, -4.070000000000005613 ) ) ;
#2136 = CARTESIAN_POINT ( 'NONE',  ( 1.007064263126601356, 2.506868478750745144, -7.983869069539679231 ) ) ;
#2137 = CARTESIAN_POINT ( 'NONE',  ( -0.03450974848226968233, 0.6657846630356352158, -4.169991741848313893 ) ) ;
#2138 = B_SPLINE_CURVE_WITH_KNOTS ( 'NONE', 3,
 ( #8704, #1419, #4641, #2265, #608, #3846 ),
 .UNSPECIFIED., .F., .F.,
 ( 4, 2, 4 ),
 ( 0.000000000000000000, 0.5000000000000000000, 1.000000000000000000 ),
 .UNSPECIFIED. ) ;
#2139 = PLANE ( 'NONE',  #4352 ) ;
#2140 = VECTOR ( 'NONE', #273, 1000.000000000000000 ) ;
#2141 = CARTESIAN_POINT ( 'NONE',  ( -2.161687974927839484, 1.619583306336778161, -6.424795368497398407 ) ) ;
#2142 = CARTESIAN_POINT ( 'NONE',  ( 0.000000000000000000, 0.000000000000000000, -4.370000000000000107 ) ) ;
#2143 = ORIENTED_EDGE ( 'NONE', *, *, #140, .F. ) ;
#2144 = CARTESIAN_POINT ( 'NONE',  ( -3.118488791498999824, -1.011614340950000024, -5.866691606400999959 ) ) ;
#2145 = ORIENTED_EDGE ( 'NONE', *, *, #3910, .F. ) ;
#2146 = EDGE_CURVE ( 'NONE', #5688, #9106, #5557, .T. ) ;
#2147 = CARTESIAN_POINT ( 'NONE',  ( 0.5901242379057433096, 0.2724947409330416570, -4.370000000000000107 ) ) ;
#2148 = FACE_OUTER_BOUND ( 'NONE', #9985, .T. ) ;
#2149 = ORIENTED_EDGE ( 'NONE', *, *, #1743, .F. ) ;
#2150 = CARTESIAN_POINT ( 'NONE',  ( 2.606458827786641397, 1.741576706810320507, -7.705218090956446275 ) ) ;
#2151 = CARTESIAN_POINT ( 'NONE',  ( -3.500000000000000000, 2.040000000000000036, 0.000000000000000000 ) ) ;
#2152 = CARTESIAN_POINT ( 'NONE',  ( 0.4077543093505018312, 3.114999748264628110, -7.494961568995491596 ) ) ;
#2153 = ORIENTED_EDGE ( 'NONE', *, *, #6921, .T. ) ;
#2154 = CARTESIAN_POINT ( 'NONE',  ( 0.000000000000000000, -0.000000000000000000, -4.370000000000000107 ) ) ;
#2155 = DIRECTION ( 'NONE',  ( 0.000000000000000000, 0.000000000000000000, -1.000000000000000000 ) ) ;
#2156 = CARTESIAN_POINT ( 'NONE',  ( 0.9228246346558001134, 2.575408740449999900, -4.439858368255999999 ) ) ;
#2157 = ORIENTED_EDGE ( 'NONE', *, *, #4888, .F. ) ;
#2158 = CARTESIAN_POINT ( 'NONE',  ( 1.049317995978732876, -2.512793979036360703, -6.031559246236557925 ) ) ;
#2159 = CARTESIAN_POINT ( 'NONE',  ( 2.998977510457845330, -0.8459282520920669013, -7.096990219568645841 ) ) ;
#2160 = CARTESIAN_POINT ( 'NONE',  ( -0.001967069746206999946, 3.344908421302999812, -6.172876339019000014 ) ) ;
#2161 = CARTESIAN_POINT ( 'NONE',  ( -0.07679948071508269081, 0.6454470077100782355, -3.919999999999999929 ) ) ;
#2162 = DIRECTION ( 'NONE',  ( 0.000000000000000000, 0.000000000000000000, 1.000000000000000000 ) ) ;
#2163 = DIRECTION ( 'NONE',  ( -0.000000000000000000, -0.000000000000000000, -1.000000000000000000 ) ) ;
#2164 = CARTESIAN_POINT ( 'NONE',  ( 2.798994258122712520, 1.382248821144132611, -7.014301411702569489 ) ) ;
#2165 = EDGE_LOOP ( 'NONE', ( #2661, #6131, #9720, #6214 ) ) ;
#2166 = CARTESIAN_POINT ( 'NONE',  ( 2.112249018897999875, -2.593587512389000427, -7.861145967842000815 ) ) ;
#2167 = ORIENTED_EDGE ( 'NONE', *, *, #4069, .T. ) ;
#2168 = VECTOR ( 'NONE', #4618, 1000.000000000000000 ) ;
#2169 = CARTESIAN_POINT ( 'NONE',  ( -0.7378260915232308648, -3.026202143331071515, -7.860284820380715409 ) ) ;
#2170 = EDGE_CURVE ( 'NONE', #10188, #3079, #1667, .T. ) ;
#2171 = LINE ( 'NONE', #9414, #5902 ) ;
#2172 = ORIENTED_EDGE ( 'NONE', *, *, #6991, .T. ) ;
#2173 = VECTOR ( 'NONE', #3431, 1000.000000000000000 ) ;
#2174 = VERTEX_POINT ( 'NONE', #276 ) ;
#2175 = CIRCLE ( 'NONE', #2015, 0.6750000000000000444 ) ;
#2176 = VERTEX_POINT ( 'NONE', #3316 ) ;
#2177 = CARTESIAN_POINT ( 'NONE',  ( 1.129476926906694656, -2.482194307123596122, -4.716169761654516179 ) ) ;
#2178 = CARTESIAN_POINT ( 'NONE',  ( -2.716161560210000214, -0.9323582641634000634, -6.947956770391001236 ) ) ;
#2179 = EDGE_LOOP ( 'NONE', ( #6442, #6129, #6345, #9535, #4053, #10160, #9756, #5400, #5084, #593, #4182, #7745, #9187, #1480, #4662, #4084, #5372, #8497, #5420, #10322, #10304, #8393, #7883, #9705, #8923, #2906, #7000, #9387, #2299, #667, #6647, #9581, #9796, #10274, #9493, #8716, #58, #3934, #6423, #2228, #8324, #4768, #253, #4899, #3125, #6959, #8694, #20, #4649, #69, #3136, #1528, #9213, #10338, #1065, #10376, #8738, #6676, #8116, #772, #9216, #8366, #2753, #6435, #8310, #4698, #1740, #7049, #6549, #1631, #961, #4818, #5692, #6769, #10284, #7733, #2402, #8028, #10473, #9464, #6702, #5566, #7185, #3277, #694, #1770, #1994, #8373, #4315, #9044, #2124, #7833, #5163, #8378, #2003, #8407, #230, #7693, #4612, #3564, #131, #4484, #4977, #147, #2775, #7508, #6815, #9913, #9177, #1460, #888, #8384, #3873, #8397, #5306, #841, #2692, #4192, #7054, #1882, #641, #6739, #5039, #1289, #1862, #9839, #1007, #8222, #2887, #374, #4129, #9170, #2490, #7498, #8434, #9222, #4735, #3553, #6468, #8337, #3540, #7442, #9368, #9096, #3416, #9411, #2285, #343, #4455, #8932, #6928, #3771, #6047, #249, #1188, #3805, #3646, #2918, #3954, #5140, #4441 ) ) ;
#2180 = CARTESIAN_POINT ( 'NONE',  ( 0.6542392464464332758, 0.07342445647675757692, -4.119991299149685204 ) ) ;
#2181 = DIRECTION ( 'NONE',  ( -0.000000000000000000, -0.000000000000000000, -1.000000000000000000 ) ) ;
#2182 = EDGE_CURVE ( 'NONE', #4080, #1688, #4191, .T. ) ;
#2183 = EDGE_CURVE ( 'NONE', #3178, #7593, #122, .T. ) ;
#2184 = VECTOR ( 'NONE', #2568, 1000.000000000000000 ) ;
#2185 = CARTESIAN_POINT ( 'NONE',  ( -0.03917339399606819400, 0.6738623340140248441, -3.919999999999999929 ) ) ;
#2186 = CIRCLE ( 'NONE', #5224, 0.6350000000000000089 ) ;
#2187 = CARTESIAN_POINT ( 'NONE',  ( 0.1709788014541479273, -0.6529864083220289217, -4.370000000000000107 ) ) ;
#2188 = ORIENTED_EDGE ( 'NONE', *, *, #1553, .F. ) ;
#2189 = ORIENTED_EDGE ( 'NONE', *, *, #5585, .T. ) ;
#2190 = CARTESIAN_POINT ( 'NONE',  ( 0.8929536894540330838, -2.146798435830464147, -7.170000000000002593 ) ) ;
#2191 = ORIENTED_EDGE ( 'NONE', *, *, #5555, .T. ) ;
#2192 = DIRECTION ( 'NONE',  ( -0.2079116908177515710, -0.9781476007338072431, 0.000000000000000000 ) ) ;
#2193 = AXIS2_PLACEMENT_3D ( 'NONE', #10539, #7221, #3231 ) ;
#2194 = CARTESIAN_POINT ( 'NONE',  ( 0.4020945224431149989, 0.5107053896536076776, -4.070000000000005613 ) ) ;
#2195 = CARTESIAN_POINT ( 'NONE',  ( 0.4770359960578598457, 0.4415163173259685769, -4.070000000000004725 ) ) ;
#2196 = CARTESIAN_POINT ( 'NONE',  ( -1.378097684622180408, -2.801014649556722524, -6.587488119185077373 ) ) ;
#2197 = CARTESIAN_POINT ( 'NONE',  ( -1.037504401265376686, -2.481314831961899170, -6.220488523715757445 ) ) ;
#2198 = EDGE_CURVE ( 'NONE', #4059, #316, #67, .T. ) ;
#2199 = EDGE_LOOP ( 'NONE', ( #4891, #10084, #3855, #7550 ) ) ;
#2200 = AXIS2_PLACEMENT_3D ( 'NONE', #2665, #4302, #7555 ) ;
#2201 = ORIENTED_EDGE ( 'NONE', *, *, #5785, .F. ) ;
#2202 = CARTESIAN_POINT ( 'NONE',  ( -0.4277782834789901067, -0.5221405368133842373, -3.919999999999999929 ) ) ;
#2203 = CARTESIAN_POINT ( 'NONE',  ( -2.962241767341488252, 0.9649338075055905461, -7.454308736673749713 ) ) ;
#2204 = DIRECTION ( 'NONE',  ( 1.000000000000000000, 0.000000000000000000, 0.000000000000000000 ) ) ;
#2205 = CARTESIAN_POINT ( 'NONE',  ( -1.643912475932897355, -2.139108803415131099, -3.299999999999999378 ) ) ;
#2206 = ORIENTED_EDGE ( 'NONE', *, *, #9834, .T. ) ;
#2207 = AXIS2_PLACEMENT_3D ( 'NONE', #7871, #3610, #2812 ) ;
#2208 = CARTESIAN_POINT ( 'NONE',  ( 0.3370535148971000039, -2.819119184708000159, -8.358703962554001166 ) ) ;
#2209 = DIRECTION ( 'NONE',  ( -0.000000000000000000, -0.000000000000000000, -1.000000000000000000 ) ) ;
#2210 = EDGE_CURVE ( 'NONE', #3906, #1475, #8371, .T. ) ;
#2211 = CARTESIAN_POINT ( 'NONE',  ( 0.6099637295171195239, -0.2245979712142704143, -4.370000000000000107 ) ) ;
#2212 = ORIENTED_EDGE ( 'NONE', *, *, #9567, .T. ) ;
#2213 = CARTESIAN_POINT ( 'NONE',  ( -2.694459055761722510, -0.3985755218414933632, -4.823642575207915506 ) ) ;
#2214 = CARTESIAN_POINT ( 'NONE',  ( 0.2303910052224222293, -3.106953717181188956, -7.234242934990327889 ) ) ;
#2215 = CIRCLE ( 'NONE', #4570, 2.049999999999999822 ) ;
#2216 = CARTESIAN_POINT ( 'NONE',  ( -1.769462477804000011, 2.444098466114000168, -6.279675183603999677 ) ) ;
#2217 = DIRECTION ( 'NONE',  ( -0.000000000000000000, -0.000000000000000000, -1.000000000000000000 ) ) ;
#2218 = CARTESIAN_POINT ( 'NONE',  ( -2.801379553025094471E-16, -3.049999999986676258, -3.300000000012142110 ) ) ;
#2219 = CARTESIAN_POINT ( 'NONE',  ( 0.000000000000000000, 0.000000000000000000, -3.919999999999999929 ) ) ;
#2220 = ORIENTED_EDGE ( 'NONE', *, *, #7436, .T. ) ;
#2221 = VECTOR ( 'NONE', #1937, 1000.000000000000000 ) ;
#2222 = EDGE_CURVE ( 'NONE', #1313, #7623, #1023, .T. ) ;
#2223 = CARTESIAN_POINT ( 'NONE',  ( -0.5681916233596454591, 0.3643944005386624552, -4.370000000000000107 ) ) ;
#2224 = FACE_OUTER_BOUND ( 'NONE', #4692, .T. ) ;
#2225 = CARTESIAN_POINT ( 'NONE',  ( -2.839805762151339508, -1.636761686205423061, -1.300000000000000266 ) ) ;
#2226 = VERTEX_POINT ( 'NONE', #1083 ) ;
#2227 = AXIS2_PLACEMENT_3D ( 'NONE', #6677, #4000, #8965 ) ;
#2228 = ORIENTED_EDGE ( 'NONE', *, *, #10526, .F. ) ;
#2229 = EDGE_CURVE ( 'NONE', #3095, #2806, #4313, .T. ) ;
#2230 = CARTESIAN_POINT ( 'NONE',  ( 2.739990966805490924, -0.6048509015533318767, -5.317867705465494588 ) ) ;
#2231 = EDGE_CURVE ( 'NONE', #2384, #7394, #7566, .T. ) ;
#2232 = CARTESIAN_POINT ( 'NONE',  ( -1.684047657120000041, 2.326117873220999943, -6.478900234830000215 ) ) ;
#2233 = VERTEX_POINT ( 'NONE', #1944 ) ;
#2234 = DIRECTION ( 'NONE',  ( -1.000000000000000000, 0.000000000000000000, 0.000000000000000000 ) ) ;
#2235 = LINE ( 'NONE', #6326, #8498 ) ;
#2236 = SURFACE_STYLE_FILL_AREA ( #4010 ) ;
#2237 = FACE_OUTER_BOUND ( 'NONE', #2428, .T. ) ;
#2238 = ORIENTED_EDGE ( 'NONE', *, *, #9637, .T. ) ;
#2239 = APPLICATION_PROTOCOL_DEFINITION ( 'draft international standard', 'automotive_design', 1998, #1626 ) ;
#2240 = EDGE_LOOP ( 'NONE', ( #2393, #3165, #8030, #9459 ) ) ;
#2241 = CARTESIAN_POINT ( 'NONE',  ( -3.115000000000000657, -0.3075616547141937218, -5.995250845845267129 ) ) ;
#2242 = ORIENTED_EDGE ( 'NONE', *, *, #5426, .F. ) ;
#2243 = CARTESIAN_POINT ( 'NONE',  ( -0.5826313872945263483, -0.3408308473997854193, -4.219999999999999751 ) ) ;
#2244 = ADVANCED_FACE ( 'NONE', ( #1789 ), #6779, .T. ) ;
#2245 = EDGE_CURVE ( 'NONE', #8906, #8712, #7471, .T. ) ;
#2246 = LINE ( 'NONE', #9588, #431 ) ;
#2247 = DIRECTION ( 'NONE',  ( 0.6691306063588653430, -0.7431448254773878048, 0.000000000000000000 ) ) ;
#2248 = CARTESIAN_POINT ( 'NONE',  ( 2.504906463272301487, -1.920764900207485804, -5.727663405210334346 ) ) ;
#2249 = PLANE ( 'NONE',  #639 ) ;
#2250 = ORIENTED_EDGE ( 'NONE', *, *, #2092, .T. ) ;
#2251 = VERTEX_POINT ( 'NONE', #10026 ) ;
#2252 = CARTESIAN_POINT ( 'NONE',  ( -0.5673192003539572204, 0.3172521472106159535, -3.919999999999999929 ) ) ;
#2253 = VERTEX_POINT ( 'NONE', #2728 ) ;
#2254 = EDGE_CURVE ( 'NONE', #6761, #2806, #8770, .T. ) ;
#2255 = CARTESIAN_POINT ( 'NONE',  ( 2.271963883458000044, 1.870881898091000028, -5.743425593127000184 ) ) ;
#2256 = CARTESIAN_POINT ( 'NONE',  ( -2.605376910087744857, -0.7001755906610742652, -3.300000000000000711 ) ) ;
#2257 = VECTOR ( 'NONE', #4241, 1000.000000000000000 ) ;
#2258 = CARTESIAN_POINT ( 'NONE',  ( -2.942314269756999945, -1.157496687405999980, -7.889242707810001143 ) ) ;
#2259 = CARTESIAN_POINT ( 'NONE',  ( 2.836470917565999894, 0.8378726512956999883, -4.633662927694000011 ) ) ;
#2260 = CARTESIAN_POINT ( 'NONE',  ( -2.720673335913081914, 0.1323655032458783687, -5.551945273917204382 ) ) ;
#2261 = CARTESIAN_POINT ( 'NONE',  ( 0.4577868914476200812, -3.081066098963592292, -7.225815373134709674 ) ) ;
#2262 = CARTESIAN_POINT ( 'NONE',  ( -3.177061964229000335, 1.046216697301000087, -6.032187203282999732 ) ) ;
#2263 = CARTESIAN_POINT ( 'NONE',  ( 0.8094266004282000271, -2.696350637794000082, -4.704455279054999828 ) ) ;
#2264 = CARTESIAN_POINT ( 'NONE',  ( 0.000000000000000000, 0.000000000000000000, -4.370000000000000107 ) ) ;
#2265 = CARTESIAN_POINT ( 'NONE',  ( -3.402736007539913121, -3.480473785412436349, 0.5000000000000000000 ) ) ;
#2266 = DIRECTION ( 'NONE',  ( -0.9135454576425969808, -0.4067366430758090345, 0.000000000000000000 ) ) ;
#2267 = SURFACE_STYLE_FILL_AREA ( #7258 ) ;
#2268 = ORIENTED_EDGE ( 'NONE', *, *, #2543, .T. ) ;
#2269 = LINE ( 'NONE', #6413, #3567 ) ;
#2270 = FACE_OUTER_BOUND ( 'NONE', #5519, .T. ) ;
#2271 = CARTESIAN_POINT ( 'NONE',  ( -3.165411199172026180, -0.8506806241676602154, -1.300000000000000266 ) ) ;
#2272 = ORIENTED_EDGE ( 'NONE', *, *, #10074, .T. ) ;
#2273 = EDGE_CURVE ( 'NONE', #2432, #7631, #3470, .T. ) ;
#2274 = CARTESIAN_POINT ( 'NONE',  ( 2.737675457149999936, -0.8671554172573000541, -6.713428502611000326 ) ) ;
#2275 = ORIENTED_EDGE ( 'NONE', *, *, #5014, .F. ) ;
#2276 = DIRECTION ( 'NONE',  ( 0.000000000000000000, -0.000000000000000000, 1.000000000000000000 ) ) ;
#2277 = CARTESIAN_POINT ( 'NONE',  ( 0.1709788014541342160, 0.6529864083220325854, -3.919999999999999929 ) ) ;
#2278 = CARTESIAN_POINT ( 'NONE',  ( -0.5673192003539549999, -0.3172521472106200613, -4.070000000000005613 ) ) ;
#2279 = CARTESIAN_POINT ( 'NONE',  ( -0.07679948071507823604, -0.6454470077100785685, -4.370000000000000107 ) ) ;
#2280 = B_SPLINE_CURVE_WITH_KNOTS ( 'NONE', 3,
 ( #6767, #7665, #2717, #5969 ),
 .UNSPECIFIED., .F., .F.,
 ( 4, 4 ),
 ( 2.034489220663171401E-07, 0.0001528154345939505279 ),
 .UNSPECIFIED. ) ;
#2281 = EDGE_CURVE ( 'NONE', #670, #5621, #972, .T. ) ;
#2282 = EDGE_CURVE ( 'NONE', #10192, #7019, #228, .T. ) ;
#2283 = CARTESIAN_POINT ( 'NONE',  ( 0.4277782834789977118, -0.5221405368133781311, -4.370000000000000107 ) ) ;
#2284 = VERTEX_POINT ( 'NONE', #3620 ) ;
#2285 = ORIENTED_EDGE ( 'NONE', *, *, #382, .T. ) ;
#2286 = CARTESIAN_POINT ( 'NONE',  ( 0.5805771985310529404, -2.270653298177832013, -7.170000000000000817 ) ) ;
#2287 = ORIENTED_EDGE ( 'NONE', *, *, #9155, .T. ) ;
#2288 = CARTESIAN_POINT ( 'NONE',  ( -2.552885268737678626, -1.472855426335441420, -4.647321203761610064 ) ) ;
#2289 = CARTESIAN_POINT ( 'NONE',  ( -0.5145359387602977952, 0.4106980766010026040, -4.119991299149684316 ) ) ;
#2290 = CARTESIAN_POINT ( 'NONE',  ( 0.6350000000000000089, 0.000000000000000000, -6.950000000000000178 ) ) ;
#2291 = CARTESIAN_POINT ( 'NONE',  ( 0.000000000000000000, 0.000000000000000000, -7.263399999999999856 ) ) ;
#2292 = CARTESIAN_POINT ( 'NONE',  ( 0.07679948071507344820, 0.6454470077100792347, -3.919999999999999929 ) ) ;
#2293 = EDGE_CURVE ( 'NONE', #8619, #6910, #9288, .T. ) ;
#2294 = VERTEX_POINT ( 'NONE', #1243 ) ;
#2295 = ADVANCED_FACE ( 'NONE', ( #5322 ), #9441, .F. ) ;
#2296 = EDGE_CURVE ( 'NONE', #5854, #6758, #3571, .T. ) ;
#2297 = VERTEX_POINT ( 'NONE', #5271 ) ;
#2298 = DIRECTION ( 'NONE',  ( -1.000000000000000000, 0.000000000000000000, 0.000000000000000000 ) ) ;
#2299 = ORIENTED_EDGE ( 'NONE', *, *, #6803, .F. ) ;
#2300 = CARTESIAN_POINT ( 'NONE',  ( 1.732514334890768115, 2.613648943783833278, -7.661335443152476721 ) ) ;
#2301 = CARTESIAN_POINT ( 'NONE',  ( -1.835863514039000055, 2.696738971050999911, -5.400202636968000292 ) ) ;
#2302 = DIRECTION ( 'NONE',  ( -1.000000000000000000, 0.000000000000000000, 0.000000000000000000 ) ) ;
#2303 = CARTESIAN_POINT ( 'NONE',  ( 1.212027868232000039, -2.648570678681999802, -8.323465360327000795 ) ) ;
#2304 = LINE ( 'NONE', #5540, #6260 ) ;
#2305 = B_SPLINE_CURVE_WITH_KNOTS ( 'NONE', 3,
 ( #1166, #5097, #6111, #206, #6911, #10161, #1927, #3491, #9369, #4340 ),
 .UNSPECIFIED., .F., .F.,
 ( 4, 2, 2, 2, 4 ),
 ( 0.000000000000000000, 0.2500000000000000000, 0.5000000000000000000, 0.7500000000000000000, 1.000000000000000000 ),
 .UNSPECIFIED. ) ;
#2306 = DIRECTION ( 'NONE',  ( -1.000000000000000000, 0.000000000000000000, 0.000000000000000000 ) ) ;
#2307 = ORIENTED_EDGE ( 'NONE', *, *, #8339, .T. ) ;
#2308 = EDGE_CURVE ( 'NONE', #7714, #1717, #7726, .T. ) ;
#2309 = ADVANCED_FACE ( 'NONE', ( #439 ), #2885, .T. ) ;
#2310 = CARTESIAN_POINT ( 'NONE',  ( -1.894564552007210079, 1.957126389216722551, -4.930223457945828613 ) ) ;
#2311 = CARTESIAN_POINT ( 'NONE',  ( -0.9582793162949359012, -2.964785607484871743, -7.277265801927858213 ) ) ;
#2312 = CARTESIAN_POINT ( 'NONE',  ( 1.766579517585000092, 2.446179366332000171, -6.420364319339999959 ) ) ;
#2313 = CARTESIAN_POINT ( 'NONE',  ( 1.942433415121999962, 2.037781020683000044, -4.469782587905999804 ) ) ;
#2314 = DIRECTION ( 'NONE',  ( -1.000000000000000000, 0.000000000000000000, 0.000000000000000000 ) ) ;
#2315 = CARTESIAN_POINT ( 'NONE',  ( 0.1264134477687134384, -0.6375889273060085793, -4.070000000000005613 ) ) ;
#2316 = DIRECTION ( 'NONE',  ( 0.000000000000000000, 0.000000000000000000, 1.000000000000000000 ) ) ;
#2317 = SURFACE_SIDE_STYLE ('',( #2267 ) ) ;
#2318 = EDGE_LOOP ( 'NONE', ( #5626, #6459, #6118, #7869 ) ) ;
#2319 = DIRECTION ( 'NONE',  ( -0.05233595624295178661, 0.9986295347545735002, 0.000000000000000000 ) ) ;
#2320 = EDGE_CURVE ( 'NONE', #7394, #7006, #7840, .T. ) ;
#2321 = CARTESIAN_POINT ( 'NONE',  ( -0.02511620569689576241, 0.6495145696682955716, -3.919999999999999929 ) ) ;
#2322 = AXIS2_PLACEMENT_3D ( 'NONE', #6375, #9784, #8983 ) ;
#2323 = CARTESIAN_POINT ( 'NONE',  ( 0.4500000000000000111, 5.510910596163088939E-17, 2.299999999999999822 ) ) ;
#2324 = ORIENTED_EDGE ( 'NONE', *, *, #4953, .T. ) ;
#2325 = VERTEX_POINT ( 'NONE', #4418 ) ;
#2326 = AXIS2_PLACEMENT_3D ( 'NONE', #4839, #3361, #8088 ) ;
#2327 = CARTESIAN_POINT ( 'NONE',  ( -2.324999999984831867, 2.847303808008308091E-16, -9.000000000014551915 ) ) ;
#2328 = AXIS2_PLACEMENT_3D ( 'NONE', #2252, #4672, #10350 ) ;
#2329 = ORIENTED_EDGE ( 'NONE', *, *, #6387, .T. ) ;
#2330 = CARTESIAN_POINT ( 'NONE',  ( 1.159819652882853713, -2.777903034703804064, -7.963860976642245681 ) ) ;
#2331 = DIRECTION ( 'NONE',  ( -0.9135454576425954265, -0.4067366430758122542, -0.000000000000000000 ) ) ;
#2332 = DIRECTION ( 'NONE',  ( 0.000000000000000000, 0.000000000000000000, 1.000000000000000000 ) ) ;
#2333 = ADVANCED_FACE ( 'NONE', ( #10079 ), #2100, .T. ) ;
#2334 = CIRCLE ( 'NONE', #7260, 0.6750000000000000444 ) ;
#2335 = VECTOR ( 'NONE', #7784, 1000.000000000000000 ) ;
#2336 = FACE_OUTER_BOUND ( 'NONE', #9397, .T. ) ;
#2337 = ORIENTED_EDGE ( 'NONE', *, *, #4753, .F. ) ;
#2338 = VERTEX_POINT ( 'NONE', #8580 ) ;
#2339 = CARTESIAN_POINT ( 'NONE',  ( 0.2960012649521788219, -2.325067523960825611, -7.169999999999999041 ) ) ;
#2340 = ORIENTED_EDGE ( 'NONE', *, *, #2557, .T. ) ;
#2341 = CARTESIAN_POINT ( 'NONE',  ( 2.059142119112962188, 1.582457803887505898, -9.100000000046293280 ) ) ;
#2342 = LINE ( 'NONE', #7136, #260 ) ;
#2343 = DIRECTION ( 'NONE',  ( -0.7431448254773878048, -0.6691306063588653430, 0.000000000000000000 ) ) ;
#2344 = CARTESIAN_POINT ( 'NONE',  ( 0.2164811447863026483, -2.681334694486222858, -8.285036700701009948 ) ) ;
#2345 = CARTESIAN_POINT ( 'NONE',  ( -2.405540581635093655, -1.230015094887425331, -7.005415919231206878 ) ) ;
#2346 = AXIS2_PLACEMENT_3D ( 'NONE', #9504, #8698, #7793 ) ;
#2347 = CARTESIAN_POINT ( 'NONE',  ( -3.117653505853468232, 3.818024386793974088E-16, -7.857346494176908891 ) ) ;
#2348 = VECTOR ( 'NONE', #3705, 1000.000000000000114 ) ;
#2349 = EDGE_LOOP ( 'NONE', ( #9575, #10546, #4886, #8778 ) ) ;
#2350 = ORIENTED_EDGE ( 'NONE', *, *, #6373, .T. ) ;
#2351 = CARTESIAN_POINT ( 'NONE',  ( 2.798985546273427438, 1.382266167381580146, -6.308189930219477048 ) ) ;
#2352 = AXIS2_PLACEMENT_3D ( 'NONE', #4257, #264, #1829 ) ;
#2353 = CARTESIAN_POINT ( 'NONE',  ( 0.000000000000000000, 0.000000000000000000, -4.070000000000005613 ) ) ;
#2354 = VERTEX_POINT ( 'NONE', #1297 ) ;
#2355 = CARTESIAN_POINT ( 'NONE',  ( 0.2683443724941277364, -2.050000000000000266, -7.170000000000000817 ) ) ;
#2356 = CARTESIAN_POINT ( 'NONE',  ( -1.677124097622000320, -2.610400378613999983, -5.267014164716999680 ) ) ;
#2357 = CYLINDRICAL_SURFACE ( 'NONE', #2920, 3.115000000000000213 ) ;
#2358 = EDGE_CURVE ( 'NONE', #6966, #243, #1025, .T. ) ;
#2359 = EDGE_CURVE ( 'NONE', #6838, #7595, #4522, .T. ) ;
#2360 = CARTESIAN_POINT ( 'NONE',  ( 2.927130718564999956, 0.6509207197784999677, -7.464995632818999916 ) ) ;
#2361 = CARTESIAN_POINT ( 'NONE',  ( -0.5221405368133826830, 0.4277782834789918831, -4.370000000000000107 ) ) ;
#2362 = AXIS2_PLACEMENT_3D ( 'NONE', #7457, #4406, #5153 ) ;
#2363 = CARTESIAN_POINT ( 'NONE',  ( 2.040698448199000037, 2.140869557899999887, -4.574994754907000249 ) ) ;
#2364 = ORIENTED_EDGE ( 'NONE', *, *, #223, .T. ) ;
#2365 = CARTESIAN_POINT ( 'NONE',  ( 2.408846676756454475, 1.271089866226166043, -4.432846005168848968 ) ) ;
#2366 = CARTESIAN_POINT ( 'NONE',  ( -1.120522152470906585, -2.906206061263978402, -7.283443569797349859 ) ) ;
#2367 = CARTESIAN_POINT ( 'NONE',  ( 0.000000000000000000, 0.000000000000000000, -3.919999999999999929 ) ) ;
#2368 = CARTESIAN_POINT ( 'NONE',  ( -2.692755196316000355, -0.8213084948033999577, -4.833732122536000375 ) ) ;
#2369 = CARTESIAN_POINT ( 'NONE',  ( -0.6254863983062332045, 0.1768241090289901785, -4.070000000000005613 ) ) ;
#2370 = CARTESIAN_POINT ( 'NONE',  ( -3.114967770494288413, 0.4076274143674702977, -5.315761357241937546 ) ) ;
#2371 = PRESENTATION_STYLE_ASSIGNMENT (( #762 ) ) ;
#2372 = CARTESIAN_POINT ( 'NONE',  ( -0.6375889273060090234, -0.1264134477687112179, -4.370000000000000107 ) ) ;
#2373 = ORIENTED_EDGE ( 'NONE', *, *, #1170, .T. ) ;
#2374 = LINE ( 'NONE', #1685, #6987 ) ;
#2375 = CONICAL_SURFACE ( 'NONE', #2045, 2.424999999846022547, 0.7853981633974482790 ) ;
#2376 =( REPRESENTATION_RELATIONSHIP ('NONE','NONE', #3217, #9355 ) REPRESENTATION_RELATIONSHIP_WITH_TRANSFORMATION ( #9376 )SHAPE_REPRESENTATION_RELATIONSHIP( ) );
#2377 = CARTESIAN_POINT ( 'NONE',  ( -0.6495145696682955716, 0.02511620569689349686, -3.919999999999999929 ) ) ;
#2378 = FACE_OUTER_BOUND ( 'NONE', #2481, .T. ) ;
#2379 = ORIENTED_EDGE ( 'NONE', *, *, #6668, .F. ) ;
#2380 = VERTEX_POINT ( 'NONE', #552 ) ;
#2381 = VECTOR ( 'NONE', #3171, 1000.000000000000000 ) ;
#2382 = EDGE_CURVE ( 'NONE', #9677, #4075, #1407, .T. ) ;
#2383 = FACE_BOUND ( 'NONE', #441, .T. ) ;
#2384 = VERTEX_POINT ( 'NONE', #2151 ) ;
#2385 = CARTESIAN_POINT ( 'NONE',  ( 1.120387515026738834, -2.790446034758540250, -7.967431621853253709 ) ) ;
#2386 = CARTESIAN_POINT ( 'NONE',  ( -0.2710233481495870067, 0.6182000847280659794, -4.220000000000000639 ) ) ;
#2387 = CARTESIAN_POINT ( 'NONE',  ( 0.000000000000000000, 0.000000000000000000, -4.070000000000005613 ) ) ;
#2388 = AXIS2_PLACEMENT_3D ( 'NONE', #9148, #355, #5087 ) ;
#2389 = CARTESIAN_POINT ( 'NONE',  ( -0.4106980766010043804, 0.5145359387602963519, -4.119991299149685204 ) ) ;
#2390 = DIRECTION ( 'NONE',  ( -1.000000000000000000, 0.000000000000000000, 0.000000000000000000 ) ) ;
#2391 = VERTEX_POINT ( 'NONE', #3730 ) ;
#2392 = LINE ( 'NONE', #8828, #8309 ) ;
#2393 = ORIENTED_EDGE ( 'NONE', *, *, #908, .F. ) ;
#2394 = CARTESIAN_POINT ( 'NONE',  ( 0.4439538136245935185, -0.4861328560875963212, -4.119991299149684316 ) ) ;
#2395 = CARTESIAN_POINT ( 'NONE',  ( 0.4106980766010081552, -0.5145359387602932433, -4.119991299149684316 ) ) ;
#2396 = DIRECTION ( 'NONE',  ( -0.000000000000000000, -0.000000000000000000, -1.000000000000000000 ) ) ;
#2397 = CARTESIAN_POINT ( 'NONE',  ( -1.201605496734920342, -2.873733805776752526, -5.874747288719409433 ) ) ;
#2398 = EDGE_LOOP ( 'NONE', ( #8011, #205, #8661, #7456 ) ) ;
#2399 = AXIS2_PLACEMENT_3D ( 'NONE', #6673, #8317, #227 ) ;
#2400 = DIRECTION ( 'NONE',  ( -0.000000000000000000, -0.000000000000000000, -1.000000000000000000 ) ) ;
#2401 = VERTEX_POINT ( 'NONE', #6998 ) ;
#2402 = ORIENTED_EDGE ( 'NONE', *, *, #6477, .F. ) ;
#2403 = CIRCLE ( 'NONE', #7505, 0.6500000000000000222 ) ;
#2404 = DIRECTION ( 'NONE',  ( -0.000000000000000000, -0.000000000000000000, -1.000000000000000000 ) ) ;
#2405 = VERTEX_POINT ( 'NONE', #2776 ) ;
#2406 = FACE_OUTER_BOUND ( 'NONE', #5748, .T. ) ;
#2407 = CARTESIAN_POINT ( 'NONE',  ( 1.957730013513000245, -1.978714753500000256, -5.998164330388000565 ) ) ;
#2408 = LINE ( 'NONE', #5, #9900 ) ;
#2409 = EDGE_CURVE ( 'NONE', #7276, #2510, #7046, .T. ) ;
#2410 = CARTESIAN_POINT ( 'NONE',  ( -2.638622186154000016, -1.038025227692999986, -7.711694236505000077 ) ) ;
#2411 = AXIS2_PLACEMENT_3D ( 'NONE', #9752, #2563, #1827 ) ;
#2412 = LINE ( 'NONE', #8401, #3189 ) ;
#2413 = VERTEX_POINT ( 'NONE', #2937 ) ;
#2414 = CARTESIAN_POINT ( 'NONE',  ( -0.5901242379057451970, -0.2724947409330378822, -4.370000000000000107 ) ) ;
#2415 = ADVANCED_FACE ( 'NONE', ( #6023 ), #8279, .T. ) ;
#2416 = CARTESIAN_POINT ( 'NONE',  ( -1.094472149392636595, -2.916068978312904125, -7.282422925176775585 ) ) ;
#2417 = CARTESIAN_POINT ( 'NONE',  ( -1.281308441229863530E-15, 7.469999999999996199, -4.655444189244581085E-15 ) ) ;
#2418 = ADVANCED_FACE ( 'NONE', ( #336 ), #1277, .T. ) ;
#2419 = CARTESIAN_POINT ( 'NONE',  ( -0.8893310796130999840, -2.683972473639999912, -6.033030773625999821 ) ) ;
#2420 = CARTESIAN_POINT ( 'NONE',  ( 0.000000000000000000, 0.000000000000000000, -4.219999999999999751 ) ) ;
#2421 = CARTESIAN_POINT ( 'NONE',  ( -0.3614556479571076064, -0.5402312602579634193, -4.070000000000005613 ) ) ;
#2422 = CARTESIAN_POINT ( 'NONE',  ( 0.3172521472106099583, 0.5673192003539606620, -3.919999999999999929 ) ) ;
#2423 = CARTESIAN_POINT ( 'NONE',  ( -0.6375889273060090234, -0.1264134477687112179, -4.370000000000000107 ) ) ;
#2424 = VERTEX_POINT ( 'NONE', #8516 ) ;
#2425 = CARTESIAN_POINT ( 'NONE',  ( 0.6375889273060080242, 0.1264134477687159364, -3.919999999999999929 ) ) ;
#2426 = LINE ( 'NONE', #6314, #7430 ) ;
#2427 = CARTESIAN_POINT ( 'NONE',  ( 0.8506806241676612146, -3.165411199172024848, -1.300000000000000044 ) ) ;
#2428 = EDGE_LOOP ( 'NONE', ( #3589, #5430, #3806, #10551 ) ) ;
#2429 = EDGE_CURVE ( 'NONE', #4170, #7826, #5904, .T. ) ;
#2430 = ORIENTED_EDGE ( 'NONE', *, *, #1471, .F. ) ;
#2431 = PLANE ( 'NONE',  #1837 ) ;
#2432 = VERTEX_POINT ( 'NONE', #1341 ) ;
#2433 = CARTESIAN_POINT ( 'NONE',  ( 0.000000000000000000, 0.000000000000000000, -4.370000000000000107 ) ) ;
#2434 = CARTESIAN_POINT ( 'NONE',  ( 0.000000000000000000, 0.000000000000000000, -4.219999999999999751 ) ) ;
#2435 = CYLINDRICAL_SURFACE ( 'NONE', #5570, 0.6500000000000000222 ) ;
#2436 = ADVANCED_FACE ( 'NONE', ( #2089 ), #5312, .T. ) ;
#2437 = EDGE_CURVE ( 'NONE', #1722, #670, #8254, .T. ) ;
#2438 = DIRECTION ( 'NONE',  ( -0.000000000000000000, -0.000000000000000000, -1.000000000000000000 ) ) ;
#2439 = ORIENTED_EDGE ( 'NONE', *, *, #6967, .T. ) ;
#2440 = DIRECTION ( 'NONE',  ( 1.000000000000000000, 0.000000000000000000, 0.000000000000000000 ) ) ;
#2441 = ORIENTED_EDGE ( 'NONE', *, *, #2878, .T. ) ;
#2442 = CARTESIAN_POINT ( 'NONE',  ( 2.249999949944084587, 1.296818874415812006, -9.100000000046291504 ) ) ;
#2443 = FACE_OUTER_BOUND ( 'NONE', #9546, .T. ) ;
#2444 = CARTESIAN_POINT ( 'NONE',  ( 2.049999999999999822, -1.004210375300829378E-16, -7.169999999999999929 ) ) ;
#2445 = CARTESIAN_POINT ( 'NONE',  ( -1.883315541280000005, -1.940994774748999951, -8.400859216758000514 ) ) ;
#2446 = DIRECTION ( 'NONE',  ( 0.6691306063588681186, -0.7431448254773853623, 0.000000000000000000 ) ) ;
#2447 = ORIENTED_EDGE ( 'NONE', *, *, #10293, .F. ) ;
#2448 = CYLINDRICAL_SURFACE ( 'NONE', #6588, 3.115000000000000213 ) ;
#2449 = DIRECTION ( 'NONE',  ( -1.000000000000000000, 0.000000000000000000, 0.000000000000000000 ) ) ;
#2450 = PRODUCT_DEFINITION_FORMATION_WITH_SPECIFIED_SOURCE ( 'ANY', '', #10110, .NOT_KNOWN. ) ;
#2451 = VERTEX_POINT ( 'NONE', #2979 ) ;
#2452 = ORIENTED_EDGE ( 'NONE', *, *, #8917, .F. ) ;
#2453 = ORIENTED_EDGE ( 'NONE', *, *, #9079, .T. ) ;
#2454 = PLANE ( 'NONE',  #5758 ) ;
#2455 = CARTESIAN_POINT ( 'NONE',  ( 2.886962324350000220, 0.5722464591553999558, -5.798843765914999615 ) ) ;
#2456 = CARTESIAN_POINT ( 'NONE',  ( 0.02511620569689576241, 0.6495145696682955716, -3.919999999999999929 ) ) ;
#2457 = DIRECTION ( 'NONE',  ( 0.000000000000000000, 0.000000000000000000, 1.000000000000000000 ) ) ;
#2458 = PRODUCT_DEFINITION_FORMATION_WITH_SPECIFIED_SOURCE ( 'ANY', '', #3549, .NOT_KNOWN. ) ;
#2459 = CARTESIAN_POINT ( 'NONE',  ( -2.580708838471000188, 1.527001610358000194, -7.196617361348001118 ) ) ;
#2460 = CARTESIAN_POINT ( 'NONE',  ( 1.296818874415790024, -2.249999949944107680, -9.100000000046293280 ) ) ;
#2461 = ORIENTED_EDGE ( 'NONE', *, *, #4083, .F. ) ;
#2462 = PLANE ( 'NONE',  #6587 ) ;
#2463 = EDGE_CURVE ( 'NONE', #7236, #8177, #8389, .T. ) ;
#2464 = AXIS2_PLACEMENT_3D ( 'NONE', #6533, #37, #9731 ) ;
#2465 = FACE_OUTER_BOUND ( 'NONE', #10112, .T. ) ;
#2466 =( NAMED_UNIT ( * ) PLANE_ANGLE_UNIT ( ) SI_UNIT ( $, .RADIAN. ) );
#2467 = LINE ( 'NONE', #1676, #6094 ) ;
#2468 = CARTESIAN_POINT ( 'NONE',  ( 2.737908709625000103, -0.6552425489598999730, -4.633846608362000019 ) ) ;
#2469 = LINE ( 'NONE', #607, #8414 ) ;
#2470 = CARTESIAN_POINT ( 'NONE',  ( 0.5107053896535974635, 0.4020945224431279330, -4.370000000000000107 ) ) ;
#2471 = DIRECTION ( 'NONE',  ( -1.000000000000000000, 0.000000000000000000, 0.000000000000000000 ) ) ;
#2472 = SURFACE_STYLE_USAGE ( .BOTH. , #2317 ) ;
#2473 = ORIENTED_EDGE ( 'NONE', *, *, #4693, .F. ) ;
#2474 = EDGE_CURVE ( 'NONE', #1682, #1644, #9648, .T. ) ;
#2475 = CARTESIAN_POINT ( 'NONE',  ( -3.033924672375111875, -0.8153454431373388100, -7.274236875283834891 ) ) ;
#2476 = DIRECTION ( 'NONE',  ( 0.000000000000000000, 0.000000000000000000, 1.000000000000000000 ) ) ;
#2477 = CARTESIAN_POINT ( 'NONE',  ( -3.011021193661981510, 0.3954769189092673942, -7.964579063036304696 ) ) ;
#2478 = ORIENTED_EDGE ( 'NONE', *, *, #3024, .T. ) ;
#2479 = VERTEX_POINT ( 'NONE', #3035 ) ;
#2480 = DIRECTION ( 'NONE',  ( 0.000000000000000000, 0.000000000000000000, -1.000000000000000000 ) ) ;
#2481 = EDGE_LOOP ( 'NONE', ( #2134, #339, #3619, #9547 ) ) ;
#2482 = ADVANCED_FACE ( 'NONE', ( #6289 ), #2249, .F. ) ;
#2483 = EDGE_CURVE ( 'NONE', #9857, #4595, #5048, .T. ) ;
#2484 = CARTESIAN_POINT ( 'NONE',  ( 0.9106873652761331428, -2.845803070838851756, -7.986674780961140030 ) ) ;
#2485 = LINE ( 'NONE', #3284, #6462 ) ;
#2486 = VECTOR ( 'NONE', #5174, 1000.000000000000000 ) ;
#2487 = CARTESIAN_POINT ( 'NONE',  ( 1.914056577562094130, -2.490543997554397482, -5.050939827143541727 ) ) ;
#2488 = DIRECTION ( 'NONE',  ( 0.000000000000000000, -1.000000000000000000, -0.000000000000000000 ) ) ;
#2489 = EDGE_LOOP ( 'NONE', ( #4922, #94, #3451, #7504 ) ) ;
#2490 = ORIENTED_EDGE ( 'NONE', *, *, #3424, .F. ) ;
#2491 = ORIENTED_EDGE ( 'NONE', *, *, #559, .T. ) ;
#2492 = DIRECTION ( 'NONE',  ( -1.000000000000000000, 0.000000000000000000, 0.000000000000000000 ) ) ;
#2493 = CARTESIAN_POINT ( 'NONE',  ( -0.1729180543024403105, 0.6438629409820402216, -4.169991741848314781 ) ) ;
#2494 = CARTESIAN_POINT ( 'NONE',  ( 2.713210725540109447, -0.6910482435774636389, -8.196376897321519195 ) ) ;
#2495 = DIRECTION ( 'NONE',  ( 0.000000000000000000, 0.000000000000000000, 1.000000000000000000 ) ) ;
#2497 = ORIENTED_EDGE ( 'NONE', *, *, #8796, .F. ) ;
#2496 = B_SPLINE_CURVE_WITH_KNOTS ( 'NONE', 3,
 ( #8781, #7921, #634, #6439 ),
 .UNSPECIFIED., .F., .F.,
 ( 4, 4 ),
 ( 2.034489221106783467E-07, 0.0001528154345942007075 ),
 .UNSPECIFIED. ) ;
#2498 = EDGE_CURVE ( 'NONE', #7682, #3710, #9591, .T. ) ;
#2499 = DIRECTION ( 'NONE',  ( -1.000000000000000000, 0.000000000000000000, 0.000000000000000000 ) ) ;
#2500 = VECTOR ( 'NONE', #6415, 1000.000000000000000 ) ;
#2501 = EDGE_LOOP ( 'NONE', ( #6805, #5563, #7026, #5578 ) ) ;
#2502 = ORIENTED_EDGE ( 'NONE', *, *, #6236, .F. ) ;
#2503 = ORIENTED_EDGE ( 'NONE', *, *, #9452, .T. ) ;
#2504 = DIRECTION ( 'NONE',  ( 0.9335804264972018540, -0.3583679495452998798, 0.000000000000000000 ) ) ;
#2505 = VECTOR ( 'NONE', #5329, 1000.000000000000000 ) ;
#2506 = CARTESIAN_POINT ( 'NONE',  ( 1.687956259112000090, -2.791703586858000019, -4.347257354006001329 ) ) ;
#2507 = DIRECTION ( 'NONE',  ( -0.000000000000000000, -0.000000000000000000, -1.000000000000000000 ) ) ;
#2508 = ADVANCED_FACE ( 'NONE', ( #8239 ), #4990, .T. ) ;
#2509 = CARTESIAN_POINT ( 'NONE',  ( 2.625829029916999957, 1.448038086656999957, -6.726955386273999693 ) ) ;
#2510 = VERTEX_POINT ( 'NONE', #5847 ) ;
#2511 =( GEOMETRIC_REPRESENTATION_CONTEXT ( 3 ) GLOBAL_UNCERTAINTY_ASSIGNED_CONTEXT ( ( #7638 ) ) GLOBAL_UNIT_ASSIGNED_CONTEXT ( ( #3922, #9729, #624 ) ) REPRESENTATION_CONTEXT ( 'NONE', 'WORKASPACE' ) );
#2512 = DIRECTION ( 'NONE',  ( 0.000000000000000000, 0.000000000000000000, 1.000000000000000000 ) ) ;
#2513 = AXIS2_PLACEMENT_3D ( 'NONE', #6752, #8398, #7708 ) ;
#2514 = CARTESIAN_POINT ( 'NONE',  ( 0.5402312602579569800, 0.3614556479571172654, -4.070000000000005613 ) ) ;
#2515 = DIRECTION ( 'NONE',  ( 0.000000000000000000, 0.000000000000000000, 1.000000000000000000 ) ) ;
#2516 = CARTESIAN_POINT ( 'NONE',  ( -0.5826313872945287908, 0.3408308473997812560, -3.919999999999999929 ) ) ;
#2517 = CARTESIAN_POINT ( 'NONE',  ( -3.049999999984011279, 2.614620916150648892E-16, -3.300000000014570389 ) ) ;
#2518 = FACE_OUTER_BOUND ( 'NONE', #8021, .T. ) ;
#2519 = DIRECTION ( 'NONE',  ( -0.4539904997395569075, 0.8910065241883625697, 0.000000000000000000 ) ) ;
#2520 = CARTESIAN_POINT ( 'NONE',  ( -0.3614556479571076064, -0.5402312602579634193, -4.370000000000000107 ) ) ;
#2521 = FACE_OUTER_BOUND ( 'NONE', #6917, .T. ) ;
#2522 = ORIENTED_EDGE ( 'NONE', *, *, #9191, .T. ) ;
#2523 = CIRCLE ( 'NONE', #9667, 0.4349999999999996092 ) ;
#2524 = B_SPLINE_CURVE_WITH_KNOTS ( 'NONE', 3,
 ( #9785, #5575, #2541, #5733 ),
 .UNSPECIFIED., .F., .F.,
 ( 4, 4 ),
 ( 1.157126242795558767E-06, 0.0001537691119146815128 ),
 .UNSPECIFIED. ) ;
#2525 = LINE ( 'NONE', #928, #1894 ) ;
#2526 = FACE_OUTER_BOUND ( 'NONE', #5410, .T. ) ;
#2527 = DIRECTION ( 'NONE',  ( 1.000000000000000000, 0.000000000000000000, 0.000000000000000000 ) ) ;
#2528 = CARTESIAN_POINT ( 'NONE',  ( 0.000000000000000000, 0.000000000000000000, -3.919999999999999929 ) ) ;
#2529 = AXIS2_PLACEMENT_3D ( 'NONE', #5965, #9226, #6819 ) ;
#2530 = DIRECTION ( 'NONE',  ( -0.000000000000000000, -0.000000000000000000, -1.000000000000000000 ) ) ;
#2531 = ORIENTED_EDGE ( 'NONE', *, *, #4011, .F. ) ;
#2532 = CARTESIAN_POINT ( 'NONE',  ( 0.7541109425019101309, 3.009202334729220940, -4.813983294339844399 ) ) ;
#2533 = CARTESIAN_POINT ( 'NONE',  ( -2.189115557303999982, -1.789522591806999907, -8.214590610046000663 ) ) ;
#2534 = LINE ( 'NONE', #7961, #6068 ) ;
#2535 = ORIENTED_EDGE ( 'NONE', *, *, #9064, .F. ) ;
#2536 = CARTESIAN_POINT ( 'NONE',  ( 0.2159916452945063459, -2.917497012021257774, -8.049940446033637897 ) ) ;
#2537 = VECTOR ( 'NONE', #10390, 1000.000000000000000 ) ;
#2538 = DIRECTION ( 'NONE',  ( -0.9510565162951533091, -0.3090169943749481174, 0.000000000000000000 ) ) ;
#2539 = CARTESIAN_POINT ( 'NONE',  ( 0.4076472475344432023, -3.114640014989296990, -5.109791277299155610 ) ) ;
#2540 = CARTESIAN_POINT ( 'NONE',  ( 0.8568577999815000235, -2.681654878555999932, -5.315018002742999847 ) ) ;
#2541 = CARTESIAN_POINT ( 'NONE',  ( -0.6629862630698560855, -0.07006679138116403416, -4.169991741848314781 ) ) ;
#2542 = ADVANCED_FACE ( 'NONE', ( #9797 ), #6652, .F. ) ;
#2543 = EDGE_CURVE ( 'NONE', #6386, #9417, #10319, .T. ) ;
#2544 = VECTOR ( 'NONE', #8533, 1000.000000000000000 ) ;
#2545 = ORIENTED_EDGE ( 'NONE', *, *, #4417, .T. ) ;
#2546 = ORIENTED_EDGE ( 'NONE', *, *, #8256, .F. ) ;
#2547 = DIRECTION ( 'NONE',  ( -1.000000000000000000, 0.000000000000000000, 0.000000000000000000 ) ) ;
#2548 = CARTESIAN_POINT ( 'NONE',  ( -0.5901242379057470844, 0.2724947409330335524, -4.070000000000004725 ) ) ;
#2549 = CARTESIAN_POINT ( 'NONE',  ( 2.774260047115999939, -0.7418369514553999622, -8.167169863653999329 ) ) ;
#2550 = DIRECTION ( 'NONE',  ( -1.000000000000000000, 0.000000000000000000, 0.000000000000000000 ) ) ;
#2551 = ORIENTED_EDGE ( 'NONE', *, *, #5815, .T. ) ;
#2552 = CARTESIAN_POINT ( 'NONE',  ( 2.674999999968326048, 0.000000000000000000, -9.000000000000001776 ) ) ;
#2553 = CYLINDRICAL_SURFACE ( 'NONE', #2687, 0.6750000000000000444 ) ;
#2554 = VECTOR ( 'NONE', #1658, 1000.000000000000000 ) ;
#2555 = ORIENTED_EDGE ( 'NONE', *, *, #1236, .T. ) ;
#2556 = VERTEX_POINT ( 'NONE', #2552 ) ;
#2557 = EDGE_CURVE ( 'NONE', #5835, #5348, #5388, .T. ) ;
#2558 = EDGE_CURVE ( 'NONE', #1475, #48, #9905, .T. ) ;
#2559 = FACE_OUTER_BOUND ( 'NONE', #3667, .T. ) ;
#2560 = ORIENTED_EDGE ( 'NONE', *, *, #4677, .F. ) ;
#2561 = CARTESIAN_POINT ( 'NONE',  ( -1.996643987170046763, -0.5365831629365240829, -7.169999999999999929 ) ) ;
#2562 = CARTESIAN_POINT ( 'NONE',  ( -1.397197152051999902, -2.947988493388999931, -4.458093699581000990 ) ) ;
#2563 = DIRECTION ( 'NONE',  ( 0.000000000000000000, 0.000000000000000000, 1.000000000000000000 ) ) ;
#2564 = DIRECTION ( 'NONE',  ( 0.9876883405951365491, 0.1564344650402381687, 0.000000000000000000 ) ) ;
#2565 = CARTESIAN_POINT ( 'NONE',  ( -2.906031180778999801, 0.7393875780919999530, -6.458577114803000896 ) ) ;
#2566 = ORIENTED_EDGE ( 'NONE', *, *, #10154, .T. ) ;
#2567 = CIRCLE ( 'NONE', #6317, 0.6500000000000000222 ) ;
#2568 = DIRECTION ( 'NONE',  ( -0.000000000000000000, -0.000000000000000000, -1.000000000000000000 ) ) ;
#2569 = B_SPLINE_CURVE_WITH_KNOTS ( 'NONE', 3,
 ( #2790, #7017, #6153, #4538, #7637, #9354, #6957, #7583, #4483, #5990, #2114, #10144, #8596, #2065, #10208, #5180, #8383, #351 ),
 .UNSPECIFIED., .F., .F.,
 ( 4, 2, 2, 2, 2, 2, 2, 2, 4 ),
 ( 0.000000000000000000, 0.1250000000000000278, 0.2500000000000000555, 0.3749999999999999445, 0.4999999999999998890, 0.6249999999999998890, 0.7499999999999998890, 0.8750000000000000000, 1.000000000000000000 ),
 .UNSPECIFIED. ) ;
#2570 = PLANE ( 'NONE',  #6227 ) ;
#2571 = FILL_AREA_STYLE_COLOUR ( '', #3630 ) ;
#2572 = ADVANCED_FACE ( 'NONE', ( #6543 ), #47, .T. ) ;
#2573 = CARTESIAN_POINT ( 'NONE',  ( 0.000000000000000000, 0.000000000000000000, -1.300000000000000266 ) ) ;
#2574 = DIRECTION ( 'NONE',  ( -0.000000000000000000, -0.000000000000000000, -1.000000000000000000 ) ) ;
#2575 = DIRECTION ( 'NONE',  ( 0.7431448254773898032, 0.6691306063588631226, -0.000000000000000000 ) ) ;
#2576 = DIRECTION ( 'NONE',  ( 0.2079116908177550127, 0.9781476007338065770, -0.000000000000000000 ) ) ;
#2577 = CARTESIAN_POINT ( 'NONE',  ( 0.000000000000000000, 0.000000000000000000, -4.370000000000000107 ) ) ;
#2578 = CYLINDRICAL_SURFACE ( 'NONE', #9038, 0.6500000000000000222 ) ;
#2579 = ORIENTED_EDGE ( 'NONE', *, *, #5274, .T. ) ;
#2580 = AXIS2_PLACEMENT_3D ( 'NONE', #1844, #3317, #4269 ) ;
#2581 = DIRECTION ( 'NONE',  ( -1.000000000000000000, 0.000000000000000000, 0.000000000000000000 ) ) ;
#2582 = LINE ( 'NONE', #3376, #353 ) ;
#2583 = CARTESIAN_POINT ( 'NONE',  ( -2.839805762151338175, 1.636761686205423061, -1.300000000000000044 ) ) ;
#2584 = FACE_OUTER_BOUND ( 'NONE', #10231, .T. ) ;
#2585 = ORIENTED_EDGE ( 'NONE', *, *, #10384, .T. ) ;
#2586 = CARTESIAN_POINT ( 'NONE',  ( 0.3408308473997875843, -0.5826313872945253491, -3.919999999999999929 ) ) ;
#2587 = CARTESIAN_POINT ( 'NONE',  ( -0.8093933684494615255, 3.014984079089038094, -6.859365191588922883 ) ) ;
#2588 = CARTESIAN_POINT ( 'NONE',  ( -1.187984246495999985, -2.495536694918000009, -8.253125299741000731 ) ) ;
#2589 = ORIENTED_EDGE ( 'NONE', *, *, #9399, .F. ) ;
#2590 = CARTESIAN_POINT ( 'NONE',  ( -0.5480039563612341125, -2.805316972014908927, -8.120317924765227957 ) ) ;
#2591 = CARTESIAN_POINT ( 'NONE',  ( -0.5041923985042242595, 0.4487928534307982220, -4.370000000000000107 ) ) ;
#2592 = DIRECTION ( 'NONE',  ( -0.000000000000000000, -0.000000000000000000, -1.000000000000000000 ) ) ;
#2593 = ORIENTED_EDGE ( 'NONE', *, *, #1097, .F. ) ;
#2594 = EDGE_CURVE ( 'NONE', #9417, #4400, #7105, .T. ) ;
#2595 = CARTESIAN_POINT ( 'NONE',  ( -2.754283040609000199, 0.5825831322872999651, -5.643146043655000277 ) ) ;
#2596 = CYLINDRICAL_SURFACE ( 'NONE', #5341, 0.6500000000000000222 ) ;
#2597 = VECTOR ( 'NONE', #8429, 1000.000000000000000 ) ;
#2598 = ORIENTED_EDGE ( 'NONE', *, *, #4543, .F. ) ;
#2599 = ORIENTED_EDGE ( 'NONE', *, *, #9066, .T. ) ;
#2600 = DIRECTION ( 'NONE',  ( -0.000000000000000000, -0.000000000000000000, -1.000000000000000000 ) ) ;
#2601 = CARTESIAN_POINT ( 'NONE',  ( 2.682795825839999981, 1.024417898972999952, -8.003125288406000237 ) ) ;
#2602 = CARTESIAN_POINT ( 'NONE',  ( -0.3614556479571076064, -0.5402312602579634193, -3.919999999999999929 ) ) ;
#2603 = EDGE_LOOP ( 'NONE', ( #9269, #10425 ) ) ;
#2604 = LINE ( 'NONE', #3188, #9318 ) ;
#2605 = EDGE_CURVE ( 'NONE', #4545, #4005, #6495, .T. ) ;
#2606 = LINE ( 'NONE', #7148, #9495 ) ;
#2607 = ADVANCED_FACE ( 'NONE', ( #4082 ), #1766, .F. ) ;
#2608 = CARTESIAN_POINT ( 'NONE',  ( 0.2715115008446639111, 0.6088855764286602579, -4.169991741848313893 ) ) ;
#2609 = EDGE_LOOP ( 'NONE', ( #3028, #4712, #6831, #6866 ) ) ;
#2610 = CARTESIAN_POINT ( 'NONE',  ( 0.6162654426528358931, 0.2315967326876788024, -4.119991299149684316 ) ) ;
#2611 = CARTESIAN_POINT ( 'NONE',  ( 2.808514957603999829, -1.659819842049000016, -4.291839181218000121 ) ) ;
#2612 = DIRECTION ( 'NONE',  ( -0.000000000000000000, -0.000000000000000000, -1.000000000000000000 ) ) ;
#2613 = CARTESIAN_POINT ( 'NONE',  ( -1.568776249334504991, 2.721842831678799701, -6.715409540806534849 ) ) ;
#2614 = CARTESIAN_POINT ( 'NONE',  ( 0.8840956515295000928, -3.035685539154000079, -7.017013325529999790 ) ) ;
#2615 = ADVANCED_FACE ( 'NONE', ( #9743 ), #2448, .T. ) ;
#2616 = ORIENTED_EDGE ( 'NONE', *, *, #6477, .T. ) ;
#2617 = CARTESIAN_POINT ( 'NONE',  ( -1.957590225792899874, -2.406664451567571916, -7.891734759444567260 ) ) ;
#2618 = CARTESIAN_POINT ( 'NONE',  ( -2.343509856936150548, -2.053841664235635189, -7.337774918418646486 ) ) ;
#2619 = CARTESIAN_POINT ( 'NONE',  ( -1.902133924257440656, 2.475287233160348599, -6.110053855205108242 ) ) ;
#2620 = MECHANICAL_DESIGN_GEOMETRIC_PRESENTATION_REPRESENTATION (  '', ( #920 ), #242 ) ;
#2621 = CARTESIAN_POINT ( 'NONE',  ( -0.2265848896080999986, 2.680153681075000627, -4.328017991721000435 ) ) ;
#2622 = DIRECTION ( 'NONE',  ( 0.000000000000000000, 0.000000000000000000, 1.000000000000000000 ) ) ;
#2623 = LINE ( 'NONE', #2470, #2903 ) ;
#2624 = DIRECTION ( 'NONE',  ( -0.000000000000000000, -0.000000000000000000, -1.000000000000000000 ) ) ;
#2625 = PLANE ( 'NONE',  #2742 ) ;
#2626 = VERTEX_POINT ( 'NONE', #8935 ) ;
#2627 = EDGE_CURVE ( 'NONE', #2750, #6097, #2175, .T. ) ;
#2628 = EDGE_CURVE ( 'NONE', #7972, #9846, #7943, .T. ) ;
#2629 = CARTESIAN_POINT ( 'NONE',  ( -0.2724947409330313874, -0.5901242379057481946, -4.070000000000005613 ) ) ;
#2630 = ORIENTED_EDGE ( 'NONE', *, *, #6046, .T. ) ;
#2631 = FACE_OUTER_BOUND ( 'NONE', #8599, .T. ) ;
#2632 = CARTESIAN_POINT ( 'NONE',  ( -0.4770359960578628988, -0.4415163173259653573, -3.919999999999999929 ) ) ;
#2633 = ORIENTED_EDGE ( 'NONE', *, *, #1108, .T. ) ;
#2634 = CARTESIAN_POINT ( 'NONE',  ( -0.6738623340140247331, -0.03917339399607054629, -3.919999999999999929 ) ) ;
#2635 = DIRECTION ( 'NONE',  ( 0.000000000000000000, 0.000000000000000000, -1.000000000000000000 ) ) ;
#2636 = CARTESIAN_POINT ( 'NONE',  ( -0.7351198481068184076, -2.206368490024560813, -7.170000000000001705 ) ) ;
#2637 = CARTESIAN_POINT ( 'NONE',  ( 0.8068905402628719914, 3.015565996608088550, -6.918151853051737632 ) ) ;
#2638 = B_SPLINE_CURVE_WITH_KNOTS ( 'NONE', 3,
 ( #1524, #6207, #7955, #718, #3909, #2169 ),
 .UNSPECIFIED., .F., .F.,
 ( 4, 2, 4 ),
 ( 0.000000000000000000, 0.5000000000000000000, 1.000000000000000000 ),
 .UNSPECIFIED. ) ;
#2639 = AXIS2_PLACEMENT_3D ( 'NONE', #3995, #9710, #9762 ) ;
#2640 = ORIENTED_EDGE ( 'NONE', *, *, #1566, .F. ) ;
#2641 = CARTESIAN_POINT ( 'NONE',  ( -2.644391860607165246, -0.6703959014344200718, -5.618716677371539348 ) ) ;
#2642 = CARTESIAN_POINT ( 'NONE',  ( 2.719466367220490177, -0.3290408936507960846, -7.424752983649933746 ) ) ;
#2643 = ORIENTED_EDGE ( 'NONE', *, *, #8441, .T. ) ;
#2644 = CARTESIAN_POINT ( 'NONE',  ( -0.3210009856751863122, -2.874718375865338071, -8.098695622615140977 ) ) ;
#2645 = EDGE_CURVE ( 'NONE', #3308, #9105, #2604, .T. ) ;
#2646 = DIRECTION ( 'NONE',  ( -0.2588190451025072503, -0.9659258262890718649, 0.000000000000000000 ) ) ;
#2647 = CARTESIAN_POINT ( 'NONE',  ( 0.8154899399100216106, -3.033863353106795557, -5.095078414760172869 ) ) ;
#2648 = ORIENTED_EDGE ( 'NONE', *, *, #783, .T. ) ;
#2649 = CARTESIAN_POINT ( 'NONE',  ( 1.869329327256999962, 2.105014501059999876, -5.924546409687000192 ) ) ;
#2650 = VERTEX_POINT ( 'NONE', #4135 ) ;
#2651 = ORIENTED_EDGE ( 'NONE', *, *, #4852, .F. ) ;
#2652 = CARTESIAN_POINT ( 'NONE',  ( 0.000000000000000000, 0.000000000000000000, -4.839999999887822923 ) ) ;
#2653 = CARTESIAN_POINT ( 'NONE',  ( 1.762367194043999996, -2.267352514819000131, -7.534068752847000283 ) ) ;
#2654 = VECTOR ( 'NONE', #5986, 1000.000000000000000 ) ;
#2655 = CARTESIAN_POINT ( 'NONE',  ( 2.726583466939000555, 0.9014258813332001186, -6.569486162845699972 ) ) ;
#2656 = VERTEX_POINT ( 'NONE', #101 ) ;
#2657 = CARTESIAN_POINT ( 'NONE',  ( 0.2245979712142810447, -0.6099637295171156381, -4.370000000000000107 ) ) ;
#2658 = EDGE_CURVE ( 'NONE', #243, #8177, #4196, .T. ) ;
#2659 = FACE_OUTER_BOUND ( 'NONE', #5916, .T. ) ;
#2660 = AXIS2_PLACEMENT_3D ( 'NONE', #2084, #1643, #7966 ) ;
#2661 = ORIENTED_EDGE ( 'NONE', *, *, #751, .T. ) ;
#2662 = DIRECTION ( 'NONE',  ( -1.000000000000000000, 0.000000000000000000, 0.000000000000000000 ) ) ;
#2663 = CARTESIAN_POINT ( 'NONE',  ( -1.201589648309383307, -2.873756120790651014, -6.465891603755387962 ) ) ;
#2664 = ORIENTED_EDGE ( 'NONE', *, *, #8002, .T. ) ;
#2665 = CARTESIAN_POINT ( 'NONE',  ( -3.500000000000000000, 0.000000000000000000, -0.4000000000000000222 ) ) ;
#2666 = CARTESIAN_POINT ( 'NONE',  ( -2.497919129168999941, -1.840471530252999921, -4.601996091266999933 ) ) ;
#2667 = FACE_OUTER_BOUND ( 'NONE', #3810, .T. ) ;
#2668 = CARTESIAN_POINT ( 'NONE',  ( 2.703838604505139465, -1.560099601177994844, -6.418188825492069149 ) ) ;
#2669 = AXIS2_PLACEMENT_3D ( 'NONE', #2291, #487, #5424 ) ;
#2670 = CARTESIAN_POINT ( 'NONE',  ( -0.4017528907605000255, 3.136176877062999857, -6.681540486191000383 ) ) ;
#2671 = VECTOR ( 'NONE', #9764, 1000.000000000000000 ) ;
#2672 = ADVANCED_FACE ( 'NONE', ( #3348 ), #5045, .T. ) ;
#2673 = ORIENTED_EDGE ( 'NONE', *, *, #9384, .F. ) ;
#2674 = CARTESIAN_POINT ( 'NONE',  ( -0.2245979712142722462, -0.6099637295171187468, -4.370000000000000107 ) ) ;
#2675 = CARTESIAN_POINT ( 'NONE',  ( -1.735613151609292526, -2.589012141232880815, -7.308864873937391593 ) ) ;
#2676 = AXIS2_PLACEMENT_3D ( 'NONE', #5666, #668, #1423 ) ;
#2677 = CARTESIAN_POINT ( 'NONE',  ( -3.094810674566440323, 0.4081031442300334655, -6.021255768872213920 ) ) ;
#2678 = CARTESIAN_POINT ( 'NONE',  ( 0.1739084733880000011, 2.696019786946000085, -4.344740457138000167 ) ) ;
#2679 = CARTESIAN_POINT ( 'NONE',  ( 0.1768241090289836837, 0.6254863983062348698, -4.370000000000000107 ) ) ;
#2680 = CARTESIAN_POINT ( 'NONE',  ( -0.6576705912447017299, -0.02982508694955266285, -4.119991299149684316 ) ) ;
#2681 = EDGE_CURVE ( 'NONE', #1182, #9742, #4709, .T. ) ;
#2682 = ADVANCED_FACE ( 'NONE', ( #10108 ), #8505, .F. ) ;
#2683 = DIRECTION ( 'NONE',  ( -1.000000000000000000, 0.000000000000000000, 0.000000000000000000 ) ) ;
#2684 = DIRECTION ( 'NONE',  ( -0.9876883405951399908, 0.1564344650402171022, 0.000000000000000000 ) ) ;
#2685 = ORIENTED_EDGE ( 'NONE', *, *, #382, .F. ) ;
#2686 = VECTOR ( 'NONE', #10034, 1000.000000000000000 ) ;
#2687 = AXIS2_PLACEMENT_3D ( 'NONE', #5046, #5798, #3101 ) ;
#2688 = CARTESIAN_POINT ( 'NONE',  ( 0.9978531501671000781, -3.122919308524000126, -5.690687088038999697 ) ) ;
#2689 = ORIENTED_EDGE ( 'NONE', *, *, #679, .F. ) ;
#2690 = CARTESIAN_POINT ( 'NONE',  ( 2.424999999902845094, 0.3174317576937542573, -9.099999999932606443 ) ) ;
#2691 = LINE ( 'NONE', #8377, #7750 ) ;
#2692 = ORIENTED_EDGE ( 'NONE', *, *, #10049, .F. ) ;
#2693 = CARTESIAN_POINT ( 'NONE',  ( 0.4020945224431262122, -0.5107053896535987958, -3.919999999999999929 ) ) ;
#2694 = PRESENTATION_LAYER_ASSIGNMENT (  '', '', ( #7791 ) ) ;
#2695 = CARTESIAN_POINT ( 'NONE',  ( -0.1382365438067742480, -0.6521892349848636972, -4.169991741848314781 ) ) ;
#2696 = ORIENTED_EDGE ( 'NONE', *, *, #7484, .F. ) ;
#2697 = CARTESIAN_POINT ( 'NONE',  ( 1.738783151424885487, 2.101447944951971625, -5.900762588533199349 ) ) ;
#2698 = ORIENTED_EDGE ( 'NONE', *, *, #6212, .T. ) ;
#2699 = CARTESIAN_POINT ( 'NONE',  ( 3.299999999999999822, -3.500000000000000000, -0.4000000000000000222 ) ) ;
#2700 = CARTESIAN_POINT ( 'NONE',  ( 3.500000000000000000, -3.352359877559829116, 0.4999999999999000244 ) ) ;
#2701 = AXIS2_PLACEMENT_3D ( 'NONE', #910, #4141, #6451 ) ;
#2702 = CYLINDRICAL_SURFACE ( 'NONE', #4890, 0.6500000000000000222 ) ;
#2703 = CARTESIAN_POINT ( 'NONE',  ( -2.096751086634999872, 1.878593375804000098, -5.748541891323999842 ) ) ;
#2704 = EDGE_LOOP ( 'NONE', ( #1338, #5255, #3481, #7725 ) ) ;
#2705 = VECTOR ( 'NONE', #5974, 1000.000000000000000 ) ;
#2706 = CARTESIAN_POINT ( 'NONE',  ( -1.736482403809000097, 2.287237288643999999, -7.135495909818000193 ) ) ;
#2707 = CARTESIAN_POINT ( 'NONE',  ( -1.736482403809000097, 2.287237288643999999, -7.061898137920070262 ) ) ;
#2708 = DIRECTION ( 'NONE',  ( 0.000000000000000000, 0.000000000000000000, -1.000000000000000000 ) ) ;
#2709 = CYLINDRICAL_SURFACE ( 'NONE', #1199, 0.6500000000000000222 ) ;
#2710 = CARTESIAN_POINT ( 'NONE',  ( -0.4487928534307999429, 0.5041923985042227052, -4.220000000000000639 ) ) ;
#2711 = CIRCLE ( 'NONE', #1879, 0.6500000000000000222 ) ;
#2712 = EDGE_LOOP ( 'NONE', ( #6972, #4390, #4505, #9339 ) ) ;
#2713 = CARTESIAN_POINT ( 'NONE',  ( 1.481353341034107318, 2.432295816069250272, -4.551156529268718387 ) ) ;
#2714 = EDGE_LOOP ( 'NONE', ( #2220, #7857, #1645, #3113 ) ) ;
#2715 = DIRECTION ( 'NONE',  ( 0.000000000000000000, 0.000000000000000000, 1.000000000000000000 ) ) ;
#2716 = CARTESIAN_POINT ( 'NONE',  ( -2.166252142879999898, 2.439292429468999934, -4.679766390731000314 ) ) ;
#2717 = CARTESIAN_POINT ( 'NONE',  ( 0.6542392464464348301, -0.07342445647674335218, -4.119991299149685204 ) ) ;
#2718 = AXIS2_PLACEMENT_3D ( 'NONE', #9301, #244, #9992 ) ;
#2719 = CARTESIAN_POINT ( 'NONE',  ( -0.9859757005211998715, -2.975232535003999867, -6.467582523311000031 ) ) ;
#2720 = VERTEX_POINT ( 'NONE', #4295 ) ;
#2721 = CARTESIAN_POINT ( 'NONE',  ( 0.8982628852709999556, -2.649099907287000288, -6.129202808688999582 ) ) ;
#2722 = CIRCLE ( 'NONE', #8683, 0.6750000000000000444 ) ;
#2723 = EDGE_CURVE ( 'NONE', #1692, #139, #2305, .T. ) ;
#2724 = CARTESIAN_POINT ( 'NONE',  ( -0.4415163173259636364, 0.4770359960578644531, -4.070000000000004725 ) ) ;
#2725 = DIRECTION ( 'NONE',  ( -0.2079116908177740253, 0.9781476007338024692, 0.000000000000000000 ) ) ;
#2726 = DIRECTION ( 'NONE',  ( -0.000000000000000000, -0.000000000000000000, -1.000000000000000000 ) ) ;
#2727 = ORIENTED_EDGE ( 'NONE', *, *, #3383, .F. ) ;
#2728 = CARTESIAN_POINT ( 'NONE',  ( -0.5673192003539572204, 0.3172521472106159535, -4.070000000000004725 ) ) ;
#2729 = CARTESIAN_POINT ( 'NONE',  ( 0.6738623340140242890, 0.03917339399607511902, -4.219999999999999751 ) ) ;
#2730 = ORIENTED_EDGE ( 'NONE', *, *, #6321, .T. ) ;
#2731 = CARTESIAN_POINT ( 'NONE',  ( -0.6346983601050808499, -0.1748660461027957691, -4.119991299149685204 ) ) ;
#2732 = AXIS2_PLACEMENT_3D ( 'NONE', #10187, #5162, #1295 ) ;
#2733 = CARTESIAN_POINT ( 'NONE',  ( 2.383039486026000464, -2.251545442077000025, -4.928000841802999688 ) ) ;
#2734 = EDGE_CURVE ( 'NONE', #9821, #5835, #7369, .T. ) ;
#2735 = ORIENTED_EDGE ( 'NONE', *, *, #1193, .T. ) ;
#2736 = ADVANCED_FACE ( 'NONE', ( #10003 ), #7500, .F. ) ;
#2737 = CARTESIAN_POINT ( 'NONE',  ( 1.636761686205423505, 2.839805762151339064, -1.300000000000000044 ) ) ;
#2738 = FACE_OUTER_BOUND ( 'NONE', #831, .T. ) ;
#2739 = DIRECTION ( 'NONE',  ( -0.000000000000000000, -0.000000000000000000, -1.000000000000000000 ) ) ;
#2740 = DIRECTION ( 'NONE',  ( -1.000000000000000000, 0.000000000000000000, 0.000000000000000000 ) ) ;
#2741 = B_SPLINE_CURVE_WITH_KNOTS ( 'NONE', 3,
 ( #9946, #1653, #6595, #3398, #8992, #3448, #8290, #790, #9792, #4933 ),
 .UNSPECIFIED., .F., .F.,
 ( 4, 2, 2, 2, 4 ),
 ( 0.000000000000000000, 0.2500000000000000555, 0.5000000000000001110, 0.7500000000000000000, 1.000000000000000000 ),
 .UNSPECIFIED. ) ;
#2742 = AXIS2_PLACEMENT_3D ( 'NONE', #5980, #123, #5871 ) ;
#2743 = CARTESIAN_POINT ( 'NONE',  ( -0.1441063982436970592, -0.6594379015382944020, -4.220000000000000639 ) ) ;
#2744 = EDGE_LOOP ( 'NONE', ( #10358, #5308, #6901, #8076 ) ) ;
#2745 = CARTESIAN_POINT ( 'NONE',  ( -1.985062264992276004, 1.871079004839658388, -5.731535041836157696 ) ) ;
#2746 = VERTEX_POINT ( 'NONE', #1062 ) ;
#2747 = DIRECTION ( 'NONE',  ( -0.000000000000000000, -0.000000000000000000, -1.000000000000000000 ) ) ;
#2748 = EDGE_CURVE ( 'NONE', #6814, #3181, #4572, .T. ) ;
#2749 = DIRECTION ( 'NONE',  ( 1.000000000000000000, 0.000000000000000000, 0.000000000000000000 ) ) ;
#2750 = VERTEX_POINT ( 'NONE', #4449 ) ;
#2751 = CARTESIAN_POINT ( 'NONE',  ( 2.670084909673000162, 0.8922574685466001521, -5.889759232711000436 ) ) ;
#2752 = VERTEX_POINT ( 'NONE', #2657 ) ;
#2753 = ORIENTED_EDGE ( 'NONE', *, *, #739, .F. ) ;
#2754 = CARTESIAN_POINT ( 'NONE',  ( 0.5589154282082309244, -0.3634194331410934842, -4.169991741848313893 ) ) ;
#2755 = CARTESIAN_POINT ( 'NONE',  ( 0.03433023273111000112, -2.871523461191999971, -6.780519866449070676 ) ) ;
#2756 = ORIENTED_EDGE ( 'NONE', *, *, #5298, .T. ) ;
#2757 = DIRECTION ( 'NONE',  ( 0.000000000000000000, 0.000000000000000000, 1.000000000000000000 ) ) ;
#2758 = CARTESIAN_POINT ( 'NONE',  ( 2.040000000000000036, -2.040000000000000036, 0.000000000000000000 ) ) ;
#2759 = EDGE_CURVE ( 'NONE', #5554, #5854, #4370, .T. ) ;
#2760 = EDGE_CURVE ( 'NONE', #2746, #7598, #4246, .T. ) ;
#2761 = PLANE ( 'NONE',  #1494 ) ;
#2762 = EDGE_LOOP ( 'NONE', ( #7962, #4015, #4875, #1212 ) ) ;
#2763 = DIRECTION ( 'NONE',  ( 1.000000000000000000, 1.203706215242022408E-33, -8.326672684688674053E-17 ) ) ;
#2764 = DIRECTION ( 'NONE',  ( 0.2079116908177676415, -0.9781476007338039125, 0.000000000000000000 ) ) ;
#2765 = VERTEX_POINT ( 'NONE', #311 ) ;
#2766 = CARTESIAN_POINT ( 'NONE',  ( 0.5402312602579648626, -0.3614556479571054970, -4.070000000000005613 ) ) ;
#2767 = CARTESIAN_POINT ( 'NONE',  ( 0.7610872457175412720, 2.591663311382235158, -7.973116837118749523 ) ) ;
#2768 = DIRECTION ( 'NONE',  ( -1.000000000000000000, 0.000000000000000000, 0.000000000000000000 ) ) ;
#2769 = CARTESIAN_POINT ( 'NONE',  ( 1.561709783056984380, -2.703002650332537726, -6.477529138744430703 ) ) ;
#2770 = DIRECTION ( 'NONE',  ( -0.8090169943749551118, 0.5877852522924625900, 0.000000000000000000 ) ) ;
#2771 = ORIENTED_EDGE ( 'NONE', *, *, #6873, .F. ) ;
#2772 = CARTESIAN_POINT ( 'NONE',  ( -2.736678451463999906, 0.5788594275934999533, -5.659857426390000334 ) ) ;
#2773 = CARTESIAN_POINT ( 'NONE',  ( -2.438983869293140927, -1.874367495907113712, -3.300000000024283509 ) ) ;
#2774 = CARTESIAN_POINT ( 'NONE',  ( 0.5995290936948549643, -0.2720018533266449490, -4.119991299149684316 ) ) ;
#2775 = ORIENTED_EDGE ( 'NONE', *, *, #4209, .F. ) ;
#2776 = CARTESIAN_POINT ( 'NONE',  ( -0.2724947409330356618, 0.5901242379057460852, -4.070000000000004725 ) ) ;
#2777 = CARTESIAN_POINT ( 'NONE',  ( 3.049999999973351805, 0.3992440663902146469, -3.300000000024283064 ) ) ;
#2778 = ORIENTED_EDGE ( 'NONE', *, *, #7804, .F. ) ;
#2779 = DIRECTION ( 'NONE',  ( 1.000000000000000000, 0.000000000000000000, 0.000000000000000000 ) ) ;
#2780 = EDGE_CURVE ( 'NONE', #6648, #4170, #8449, .T. ) ;
#2781 = CARTESIAN_POINT ( 'NONE',  ( -2.882373108942000162, 0.6629965718575000500, -5.044340137206000385 ) ) ;
#2782 = CARTESIAN_POINT ( 'NONE',  ( 0.000000000000000000, 0.000000000000000000, -4.070000000000005613 ) ) ;
#2783 = CARTESIAN_POINT ( 'NONE',  ( 0.3251505474397126116, 0.5724484814368531183, -4.119991299149684316 ) ) ;
#2784 = CARTESIAN_POINT ( 'NONE',  ( 2.826861534312142155, -1.308659054212949258, -7.114504558418393465 ) ) ;
#2785 = CARTESIAN_POINT ( 'NONE',  ( 0.000000000000000000, 0.000000000000000000, -3.919999999999999929 ) ) ;
#2786 = DIRECTION ( 'NONE',  ( 0.000000000000000000, 0.000000000000000000, -1.000000000000000000 ) ) ;
#2787 = LINE ( 'NONE', #1953, #358 ) ;
#2788 = PRODUCT_DEFINITION_SHAPE ( 'NONE', 'NONE',  #10553 ) ;
#2789 = CARTESIAN_POINT ( 'NONE',  ( -0.6454470077100777914, -0.07679948071508499452, -4.370000000000000107 ) ) ;
#2790 = CARTESIAN_POINT ( 'NONE',  ( -3.114886153072971897, -6.396986291916474662E-06, -5.185764591058683592 ) ) ;
#2791 = ADVANCED_FACE ( 'NONE', ( #3547 ), #3652, .T. ) ;
#2792 = ORIENTED_EDGE ( 'NONE', *, *, #3396, .F. ) ;
#2793 = CARTESIAN_POINT ( 'NONE',  ( 2.914970390713000015, -0.7794628879439999825, -7.967944812427999679 ) ) ;
#2794 = VECTOR ( 'NONE', #4428, 1000.000000000000000 ) ;
#2795 = ORIENTED_EDGE ( 'NONE', *, *, #4308, .F. ) ;
#2796 = LINE ( 'NONE', #7537, #9192 ) ;
#2797 = CARTESIAN_POINT ( 'NONE',  ( 0.4277782834789861099, 0.5221405368133874569, -4.370000000000000107 ) ) ;
#2798 = ORIENTED_EDGE ( 'NONE', *, *, #10298, .T. ) ;
#2799 = AXIS2_PLACEMENT_3D ( 'NONE', #65, #1735, #7564 ) ;
#2800 = ORIENTED_EDGE ( 'NONE', *, *, #2734, .F. ) ;
#2801 = DIRECTION ( 'NONE',  ( -0.05233595624295529075, 0.9986295347545732781, 0.000000000000000000 ) ) ;
#2802 = EDGE_CURVE ( 'NONE', #9480, #8531, #2186, .T. ) ;
#2803 = DIRECTION ( 'NONE',  ( -0.000000000000000000, -0.000000000000000000, -1.000000000000000000 ) ) ;
#2804 = CARTESIAN_POINT ( 'NONE',  ( 1.573755509965000021, 2.402107008934000199, -8.026480727919000913 ) ) ;
#2805 = CARTESIAN_POINT ( 'NONE',  ( -0.1709788014541385182, -0.6529864083220310311, -4.219999999999999751 ) ) ;
#2806 = VERTEX_POINT ( 'NONE', #3604 ) ;
#2807 = DIRECTION ( 'NONE',  ( -0.000000000000000000, -0.000000000000000000, -1.000000000000000000 ) ) ;
#2808 = CARTESIAN_POINT ( 'NONE',  ( 3.114924336646149428, 4.685311535728758217E-06, -5.538802828544262979 ) ) ;
#2809 = VECTOR ( 'NONE', #150, 1000.000000000000000 ) ;
#2810 = CARTESIAN_POINT ( 'NONE',  ( -0.6495145696682955716, 0.02511620569689349686, -4.070000000000005613 ) ) ;
#2811 = ORIENTED_EDGE ( 'NONE', *, *, #558, .F. ) ;
#2812 = DIRECTION ( 'NONE',  ( -1.000000000000000000, 0.000000000000000000, 0.000000000000000000 ) ) ;
#2813 = VECTOR ( 'NONE', #1687, 1000.000000000000114 ) ;
#2814 = ORIENTED_EDGE ( 'NONE', *, *, #6188, .F. ) ;
#2815 = DIRECTION ( 'NONE',  ( -0.5446390350150214221, -0.8386705679454277140, 0.000000000000000000 ) ) ;
#2816 = EDGE_CURVE ( 'NONE', #7132, #4832, #9264, .T. ) ;
#2817 = CARTESIAN_POINT ( 'NONE',  ( -0.2076189047056063719, -2.731778054121051902, -7.596788702385300240 ) ) ;
#2818 = CARTESIAN_POINT ( 'NONE',  ( 1.380370397345237032, -2.799813316169756483, -6.484549847865466177 ) ) ;
#2819 = ORIENTED_EDGE ( 'NONE', *, *, #7063, .F. ) ;
#2820 = CARTESIAN_POINT ( 'NONE',  ( -0.2613133793694999985, -2.880809903070000288, -6.264338973703999613 ) ) ;
#2821 = DIRECTION ( 'NONE',  ( 1.000000000000000000, 0.000000000000000000, 0.000000000000000000 ) ) ;
#2822 = CARTESIAN_POINT ( 'NONE',  ( 3.097505413130030583, 9.785816076085511206E-06, -4.822720476537607048 ) ) ;
#2823 = VERTEX_POINT ( 'NONE', #9162 ) ;
#2824 = EDGE_CURVE ( 'NONE', #7171, #6397, #7612, .T. ) ;
#2825 = CIRCLE ( 'NONE', #7252, 2.675000000067484507 ) ;
#2826 = CARTESIAN_POINT ( 'NONE',  ( 0.6594379015382916265, 0.1441063982437087998, -4.219999999999999751 ) ) ;
#2827 = CARTESIAN_POINT ( 'NONE',  ( -3.033923945592515992, 0.8153480856928168041, -7.333084344051983727 ) ) ;
#2828 = CONICAL_SURFACE ( 'NONE', #3352, 3.117653505853468232, 0.7853981633974482790 ) ;
#2829 = ORIENTED_EDGE ( 'NONE', *, *, #9767, .T. ) ;
#2830 = CARTESIAN_POINT ( 'NONE',  ( 3.115000000036616257, 3.814774779388847357E-16, -4.839999999887822923 ) ) ;
#2831 = CARTESIAN_POINT ( 'NONE',  ( -1.347180772491994860, 2.337378588847730754, -3.299999999999999822 ) ) ;
#2832 = CARTESIAN_POINT ( 'NONE',  ( 2.731466971377999986, -0.6029721146990999481, -5.307848389663999633 ) ) ;
#2833 = FACE_OUTER_BOUND ( 'NONE', #1099, .T. ) ;
#2834 = VERTEX_POINT ( 'NONE', #367 ) ;
#2835 = AXIS2_PLACEMENT_3D ( 'NONE', #9462, #9303, #3693 ) ;
#2836 = CARTESIAN_POINT ( 'NONE',  ( 0.5145359387603009038, -0.4106980766009987738, -4.119991299149685204 ) ) ;
#2837 = VECTOR ( 'NONE', #1033, 1000.000000000000000 ) ;
#2838 = CARTESIAN_POINT ( 'NONE',  ( 2.409275019721643041, -1.975488789308399884, -7.142784259280395176 ) ) ;
#2839 = PLANE ( 'NONE',  #7025 ) ;
#2840 = DIRECTION ( 'NONE',  ( -1.000000000000000000, -0.000000000000000000, -0.000000000000000000 ) ) ;
#2841 = CARTESIAN_POINT ( 'NONE',  ( 0.4487928534308034401, -0.5041923985042194856, -4.220000000000000639 ) ) ;
#2842 = CARTESIAN_POINT ( 'NONE',  ( 3.094374846353229014, 0.4116459507818766572, -7.050607736399607361 ) ) ;
#2843 = DIRECTION ( 'NONE',  ( 0.000000000000000000, 0.000000000000000000, -1.000000000000000000 ) ) ;
#2844 = UNCERTAINTY_MEASURE_WITH_UNIT (LENGTH_MEASURE( 1.000000000000000082E-05 ), #10518, 'distance_accuracy_value', 'NONE');
#2845 = ORIENTED_EDGE ( 'NONE', *, *, #4792, .T. ) ;
#2846 = VECTOR ( 'NONE', #4531, 1000.000000000000000 ) ;
#2847 = VECTOR ( 'NONE', #8767, 1000.000000000000000 ) ;
#2848 = ORIENTED_EDGE ( 'NONE', *, *, #9607, .F. ) ;
#2849 = CARTESIAN_POINT ( 'NONE',  ( 0.6594379015382950682, -0.1441063982436945057, -4.370000000000000107 ) ) ;
#2850 = CARTESIAN_POINT ( 'NONE',  ( -0.6738623340140244000, -0.03917339399607045608, -4.219999999999999751 ) ) ;
#2851 = VERTEX_POINT ( 'NONE', #2968 ) ;
#2852 = VECTOR ( 'NONE', #2130, 1000.000000000000000 ) ;
#2853 = AXIS2_PLACEMENT_3D ( 'NONE', #906, #7200, #8798 ) ;
#2854 = PRODUCT_DEFINITION ( 'UNKNOWN', '', #2458, #9458 ) ;
#2855 = EDGE_CURVE ( 'NONE', #5790, #7991, #4654, .T. ) ;
#2856 = B_SPLINE_CURVE_WITH_KNOTS ( 'NONE', 3,
 ( #8206, #4212, #1185, #329 ),
 .UNSPECIFIED., .F., .F.,
 ( 4, 4 ),
 ( 1.157126242795558767E-06, 0.0001537691119146806183 ),
 .UNSPECIFIED. ) ;
#2857 = ORIENTED_EDGE ( 'NONE', *, *, #2916, .F. ) ;
#2858 = CARTESIAN_POINT ( 'NONE',  ( 2.597416742840186643, -0.8319527849088039773, -4.622154457934088079 ) ) ;
#2859 = CARTESIAN_POINT ( 'NONE',  ( 2.726583466939000555, 0.9014258813332001186, -6.643083934743000185 ) ) ;
#2860 = CARTESIAN_POINT ( 'NONE',  ( -2.043591244077000077E-14, 0.000000000000000000, -9.000000000014551915 ) ) ;
#2861 = VERTEX_POINT ( 'NONE', #7818 ) ;
#2862 = DIRECTION ( 'NONE',  ( 1.000000000000000000, 0.000000000000000000, 0.000000000000000000 ) ) ;
#2863 = AXIS2_PLACEMENT_3D ( 'NONE', #6334, #3876, #5478 ) ;
#2864 = CARTESIAN_POINT ( 'NONE',  ( -0.5673192003539572204, 0.3172521472106159535, -4.370000000000000107 ) ) ;
#2865 = FACE_OUTER_BOUND ( 'NONE', #8886, .T. ) ;
#2866 = EDGE_CURVE ( 'NONE', #1904, #4405, #3120, .T. ) ;
#2867 = EDGE_CURVE ( 'NONE', #3302, #3474, #6973, .T. ) ;
#2868 = CYLINDRICAL_SURFACE ( 'NONE', #7925, 0.6500000000000000222 ) ;
#2869 = EDGE_LOOP ( 'NONE', ( #4160, #878, #6577, #9279 ) ) ;
#2870 = AXIS2_PLACEMENT_3D ( 'NONE', #1148, #8381, #1044 ) ;
#2871 = CARTESIAN_POINT ( 'NONE',  ( 0.4277782834789861099, 0.5221405368133874569, -4.220000000000000639 ) ) ;
#2872 = ORIENTED_EDGE ( 'NONE', *, *, #4245, .F. ) ;
#2873 = DIRECTION ( 'NONE',  ( 0.000000000000000000, 0.000000000000000000, -1.000000000000000000 ) ) ;
#2874 = CARTESIAN_POINT ( 'NONE',  ( 2.560202877940000565, 0.9445374610718000330, -4.457822058593000847 ) ) ;
#2875 = CARTESIAN_POINT ( 'NONE',  ( 0.000000000000000000, 0.000000000000000000, -3.100000000017644197 ) ) ;
#2876 = AXIS2_PLACEMENT_3D ( 'NONE', #2154, #3574, #1300 ) ;
#2877 = ORIENTED_EDGE ( 'NONE', *, *, #774, .F. ) ;
#2878 = EDGE_CURVE ( 'NONE', #2354, #2904, #3019, .T. ) ;
#2879 = CARTESIAN_POINT ( 'NONE',  ( 0.9497754613483000430, -2.801017528228999964, -6.217703592954999969 ) ) ;
#2880 = CARTESIAN_POINT ( 'NONE',  ( -0.5995290936948511895, -0.2720018533266536087, -4.119991299149685204 ) ) ;
#2881 = CARTESIAN_POINT ( 'NONE',  ( -0.6254863983062332045, 0.1768241090289901785, -4.070000000000005613 ) ) ;
#2882 = ORIENTED_EDGE ( 'NONE', *, *, #3455, .F. ) ;
#2883 = CARTESIAN_POINT ( 'NONE',  ( -3.113734265413607094, 0.05865493153077062927, -7.420659767263791728 ) ) ;
#2884 = VECTOR ( 'NONE', #8411, 1000.000000000000114 ) ;
#2885 = CYLINDRICAL_SURFACE ( 'NONE', #6927, 0.6500000000000000222 ) ;
#2886 = CARTESIAN_POINT ( 'NONE',  ( 0.1709788014541342438, 0.6529864083220323634, -4.219999999999999751 ) ) ;
#2887 = ORIENTED_EDGE ( 'NONE', *, *, #2941, .F. ) ;
#2888 = CARTESIAN_POINT ( 'NONE',  ( -0.09962249448842000477, -2.976790992575000239, -8.464620489561999861 ) ) ;
#2889 = CARTESIAN_POINT ( 'NONE',  ( 0.7001755906611859537, 2.605376910087712439, -3.299999999999999822 ) ) ;
#2890 = CARTESIAN_POINT ( 'NONE',  ( 2.185331426203000138, -1.992979115462000017, -5.455017346717999871 ) ) ;
#2891 = VECTOR ( 'NONE', #5891, 1000.000000000000000 ) ;
#2892 = EDGE_CURVE ( 'NONE', #2325, #9336, #5511, .T. ) ;
#2893 = EDGE_CURVE ( 'NONE', #4329, #2765, #2125, .T. ) ;
#2894 = CARTESIAN_POINT ( 'NONE',  ( 0.02982508694955042158, -0.6576705912447019520, -4.119991299149685204 ) ) ;
#2895 = CARTESIAN_POINT ( 'NONE',  ( 0.2724947409330398806, -0.5901242379057441978, -3.919999999999999929 ) ) ;
#2896 = CARTESIAN_POINT ( 'NONE',  ( -0.5681916233596451260, 0.3643944005386623997, -4.219999999999999751 ) ) ;
#2897 = CARTESIAN_POINT ( 'NONE',  ( 1.803355482668999921, 2.620610178849999805, -7.035238291790999909 ) ) ;
#2898 = DIRECTION ( 'NONE',  ( -0.9659258262890659807, -0.2588190451025292882, 0.000000000000000000 ) ) ;
#2899 = LINE ( 'NONE', #10143, #366 ) ;
#2900 = DIRECTION ( 'NONE',  ( -0.9945218953682737340, 0.1045284632676494324, 0.000000000000000000 ) ) ;
#2901 = ORIENTED_EDGE ( 'NONE', *, *, #9413, .T. ) ;
#2902 = CARTESIAN_POINT ( 'NONE',  ( 1.653576317960999909, 2.523941767334000108, -7.827255676693999575 ) ) ;
#2903 = VECTOR ( 'NONE', #6564, 1000.000000000000114 ) ;
#2904 = VERTEX_POINT ( 'NONE', #4496 ) ;
#2905 = FACE_OUTER_BOUND ( 'NONE', #4970, .T. ) ;
#2906 = ORIENTED_EDGE ( 'NONE', *, *, #8478, .T. ) ;
#2907 = VECTOR ( 'NONE', #6893, 1000.000000000000114 ) ;
#2908 = ORIENTED_EDGE ( 'NONE', *, *, #8662, .T. ) ;
#2909 = LINE ( 'NONE', #10221, #7799 ) ;
#2910 = CARTESIAN_POINT ( 'NONE',  ( -1.684047657120000041, 2.326117873220999943, -6.432050231139999852 ) ) ;
#2911 = VECTOR ( 'NONE', #9112, 1000.000000000000000 ) ;
#2912 = PLANE ( 'NONE',  #9658 ) ;
#2913 = DIRECTION ( 'NONE',  ( -1.000000000000000000, 0.000000000000000000, 0.000000000000000000 ) ) ;
#2914 = DIRECTION ( 'NONE',  ( -0.000000000000000000, -0.000000000000000000, -1.000000000000000000 ) ) ;
#2915 = CARTESIAN_POINT ( 'NONE',  ( 0.000000000000000000, 0.000000000000000000, -4.370000000000000107 ) ) ;
#2916 = EDGE_CURVE ( 'NONE', #1943, #5688, #1670, .T. ) ;
#2917 = DIRECTION ( 'NONE',  ( 1.000000000000000000, 0.000000000000000000, 0.000000000000000000 ) ) ;
#2918 = ORIENTED_EDGE ( 'NONE', *, *, #8415, .F. ) ;
#2919 = SHAPE_DEFINITION_REPRESENTATION ( #5431, #7507 ) ;
#2920 = AXIS2_PLACEMENT_3D ( 'NONE', #5594, #804, #3201 ) ;
#2921 = ORIENTED_EDGE ( 'NONE', *, *, #10014, .F. ) ;
#2922 = CARTESIAN_POINT ( 'NONE',  ( 1.871316525228690297, -1.416835266640000590, -7.170000000000001705 ) ) ;
#2923 = ORIENTED_EDGE ( 'NONE', *, *, #7549, .F. ) ;
#2924 = CARTESIAN_POINT ( 'NONE',  ( 0.3727253804948760796, -2.838868168756168320, -4.563443362536853343 ) ) ;
#2925 = DIRECTION ( 'NONE',  ( 0.000000000000000000, 0.000000000000000000, -1.000000000000000000 ) ) ;
#2926 = FACE_OUTER_BOUND ( 'NONE', #463, .T. ) ;
#2927 = CARTESIAN_POINT ( 'NONE',  ( 0.8057796517921382851, -3.051985148124112257, -5.801265733014665749 ) ) ;
#2928 = ADVANCED_FACE ( 'NONE', ( #9471 ), #2912, .F. ) ;
#2929 = EDGE_CURVE ( 'NONE', #6627, #5237, #8009, .T. ) ;
#2930 = CARTESIAN_POINT ( 'NONE',  ( -0.7378260915232308648, -3.026202143331071515, -7.860284820380715409 ) ) ;
#2931 = EDGE_LOOP ( 'NONE', ( #269, #4319, #2329, #8375 ) ) ;
#2932 = CARTESIAN_POINT ( 'NONE',  ( -0.6925840367773999917, -3.204475506035000087, -5.749355260826001235 ) ) ;
#2933 = ORIENTED_EDGE ( 'NONE', *, *, #3099, .F. ) ;
#2934 = CARTESIAN_POINT ( 'NONE',  ( -0.6099637295171164153, -0.2245979712142789353, -4.370000000000000107 ) ) ;
#2935 = CARTESIAN_POINT ( 'NONE',  ( -0.2724947409330356618, 0.5901242379057460852, -3.919999999999999929 ) ) ;
#2936 = CARTESIAN_POINT ( 'NONE',  ( -0.5239236861292544400, 3.085341788436538391, -7.576518572320288136 ) ) ;
#2937 = CARTESIAN_POINT ( 'NONE',  ( -2.040000000000000036, 2.040000000000000036, 0.000000000000000000 ) ) ;
#2938 = CARTESIAN_POINT ( 'NONE',  ( -0.8153424665151833839, 3.033925455705782870, -7.450813234919992034 ) ) ;
#2939 = EDGE_CURVE ( 'NONE', #8280, #3291, #3190, .T. ) ;
#2940 = ORIENTED_EDGE ( 'NONE', *, *, #1936, .T. ) ;
#2941 = EDGE_CURVE ( 'NONE', #1485, #4539, #9327, .T. ) ;
#2942 = DIRECTION ( 'NONE',  ( 0.7071067812322229251, 8.659560562914295637E-17, -0.7071067811408721093 ) ) ;
#2943 = CARTESIAN_POINT ( 'NONE',  ( 0.000000000000000000, 0.000000000000000000, -3.919999999999999929 ) ) ;
#2944 = ORIENTED_EDGE ( 'NONE', *, *, #9040, .T. ) ;
#2945 = DIRECTION ( 'NONE',  ( 0.8660254037844404840, -0.4999999999999968914, -0.000000000000000000 ) ) ;
#2946 = DIRECTION ( 'NONE',  ( 0.000000000000000000, 0.000000000000000000, 1.000000000000000000 ) ) ;
#2947 = CARTESIAN_POINT ( 'NONE',  ( 0.5673192003539530015, 0.3172521472106237805, -3.919999999999999929 ) ) ;
#2948 = CARTESIAN_POINT ( 'NONE',  ( 2.864875656558000028, 0.9471461610896000360, -6.490708887208000100 ) ) ;
#2949 = CARTESIAN_POINT ( 'NONE',  ( -0.4106980766010008832, -0.5145359387602992385, -4.119991299149685204 ) ) ;
#2950 = FACE_OUTER_BOUND ( 'NONE', #1813, .T. ) ;
#2951 = FILL_AREA_STYLE_COLOUR ( '', #1479 ) ;
#2952 = LINE ( 'NONE', #2789, #2907 ) ;
#2953 = CARTESIAN_POINT ( 'NONE',  ( -0.3643944005386645646, 0.5681916233596442378, -4.370000000000000107 ) ) ;
#2954 = UNCERTAINTY_MEASURE_WITH_UNIT (LENGTH_MEASURE( 1.000000000000000082E-05 ), #8258, 'distance_accuracy_value', 'NONE');
#2955 = VERTEX_POINT ( 'NONE', #621 ) ;
#2956 = EDGE_CURVE ( 'NONE', #10533, #9835, #7016, .T. ) ;
#2957 = EDGE_CURVE ( 'NONE', #5237, #7813, #7863, .T. ) ;
#2958 = CARTESIAN_POINT ( 'NONE',  ( -2.059142119113007485, 1.582457803887505898, -9.100000000046295057 ) ) ;
#2959 = LINE ( 'NONE', #3594, #9645 ) ;
#2960 = EDGE_LOOP ( 'NONE', ( #5374, #969, #3875, #7707 ) ) ;
#2961 = CARTESIAN_POINT ( 'NONE',  ( -0.8331745404570000124, 2.689107354158000174, -4.963008966018000123 ) ) ;
#2962 = VERTEX_POINT ( 'NONE', #473 ) ;
#2963 = ORIENTED_EDGE ( 'NONE', *, *, #9572, .T. ) ;
#2964 = CARTESIAN_POINT ( 'NONE',  ( -2.376786608439374504, 1.336871458896085940, -4.998215672815572219 ) ) ;
#2965 = EDGE_CURVE ( 'NONE', #5992, #7777, #5598, .T. ) ;
#2966 = CARTESIAN_POINT ( 'NONE',  ( -0.7247808835750999545, -2.589618726813000205, -6.226968618376999665 ) ) ;
#2967 = ORIENTED_EDGE ( 'NONE', *, *, #2483, .T. ) ;
#2968 = CARTESIAN_POINT ( 'NONE',  ( -0.3408308473997790911, -0.5826313872945301231, -4.370000000000000107 ) ) ;
#2969 = CARTESIAN_POINT ( 'NONE',  ( -1.791262096126227776, 1.032418909760343784, -7.169999999999999929 ) ) ;
#2970 = CARTESIAN_POINT ( 'NONE',  ( -1.986970650850877740E-14, -2.424999999979854604, -9.099999999994725641 ) ) ;
#2971 = FACE_OUTER_BOUND ( 'NONE', #10250, .T. ) ;
#2972 = ORIENTED_EDGE ( 'NONE', *, *, #5516, .T. ) ;
#2973 = DIRECTION ( 'NONE',  ( -0.2079116908177705836, 0.9781476007338032463, 0.000000000000000000 ) ) ;
#2974 = VERTEX_POINT ( 'NONE', #5467 ) ;
#2975 = SHAPE_DEFINITION_REPRESENTATION ( #1183, #9355 ) ;
#2976 = CARTESIAN_POINT ( 'NONE',  ( 0.9296718538266437459, -2.131199112842557586, -7.169999999999999929 ) ) ;
#2977 = ORIENTED_EDGE ( 'NONE', *, *, #1803, .T. ) ;
#2978 = CARTESIAN_POINT ( 'NONE',  ( -0.2385594966419788965, 0.6225347434767873889, -4.169991741848314781 ) ) ;
#2979 = CARTESIAN_POINT ( 'NONE',  ( -2.040000000000000036, -3.039999999999999591, 0.5000000000000000000 ) ) ;
#2980 = CYLINDRICAL_SURFACE ( 'NONE', #4604, 0.6500000000000000222 ) ;
#2981 = EDGE_CURVE ( 'NONE', #10094, #7674, #1292, .T. ) ;
#2982 = CYLINDRICAL_SURFACE ( 'NONE', #2669, 2.049999999999999822 ) ;
#2983 = ORIENTED_EDGE ( 'NONE', *, *, #4083, .T. ) ;
#2984 = VECTOR ( 'NONE', #4932, 1000.000000000000114 ) ;
#2985 = VERTEX_POINT ( 'NONE', #5302 ) ;
#2986 = CARTESIAN_POINT ( 'NONE',  ( -0.000000000000000000, 0.000000000000000000, -4.370000000000000107 ) ) ;
#2987 = ORIENTED_EDGE ( 'NONE', *, *, #8872, .F. ) ;
#2988 = CARTESIAN_POINT ( 'NONE',  ( -0.2245979712142767426, 0.6099637295171173035, -3.919999999999999929 ) ) ;
#2989 = CARTESIAN_POINT ( 'NONE',  ( -2.721842966147508758, 1.568775916476259136, -7.362516566768984028 ) ) ;
#2990 = ADVANCED_FACE ( 'NONE', ( #10381 ), #6325, .F. ) ;
#2991 = B_SPLINE_CURVE_WITH_KNOTS ( 'NONE', 3,
 ( #8853, #7409, #118, #5818 ),
 .UNSPECIFIED., .F., .F.,
 ( 4, 4 ),
 ( 2.034489217396893507E-07, 0.0001528154345917695197 ),
 .UNSPECIFIED. ) ;
#2992 = ORIENTED_EDGE ( 'NONE', *, *, #6530, .T. ) ;
#2993 = DIRECTION ( 'NONE',  ( -1.000000000000000000, 0.000000000000000000, 0.000000000000000000 ) ) ;
#2994 = CARTESIAN_POINT ( 'NONE',  ( -0.2242146098881999949, 2.970577500341000210, -4.569470229674000628 ) ) ;
#2995 = ORIENTED_EDGE ( 'NONE', *, *, #3580, .T. ) ;
#2996 = CARTESIAN_POINT ( 'NONE',  ( 2.081065161136276487, -1.756360009378761022, -5.978268804868088537 ) ) ;
#2997 = EDGE_CURVE ( 'NONE', #5149, #8468, #10317, .T. ) ;
#2998 = CARTESIAN_POINT ( 'NONE',  ( 1.306802433033898314, -2.829715179678462089, -7.193529164355642713 ) ) ;
#2999 = CARTESIAN_POINT ( 'NONE',  ( -1.673427976179999943, 2.311449268366000176, -6.368246889831000068 ) ) ;
#3000 = FACE_OUTER_BOUND ( 'NONE', #7606, .T. ) ;
#3001 = CARTESIAN_POINT ( 'NONE',  ( 0.1441063982437062463, -0.6594379015382921816, -4.219999999999999751 ) ) ;
#3002 = LINE ( 'NONE', #5395, #3429 ) ;
#3003 = ORIENTED_EDGE ( 'NONE', *, *, #9275, .F. ) ;
#3004 = VECTOR ( 'NONE', #5236, 1000.000000000000000 ) ;
#3005 = CIRCLE ( 'NONE', #4524, 0.4500000000000000111 ) ;
#3006 = CARTESIAN_POINT ( 'NONE',  ( 2.672769966705202282, 0.5832382407198641872, -4.445644785894486084 ) ) ;
#3007 = CARTESIAN_POINT ( 'NONE',  ( 0.000000000000000000, 2.040000000000000036, 0.000000000000000000 ) ) ;
#3008 = ORIENTED_EDGE ( 'NONE', *, *, #659, .F. ) ;
#3009 = EDGE_CURVE ( 'NONE', #6397, #7843, #834, .T. ) ;
#3010 = EDGE_CURVE ( 'NONE', #210, #6993, #4027, .T. ) ;
#3011 = CARTESIAN_POINT ( 'NONE',  ( 0.6189672496867000273, 2.746335325636000135, -5.021677138804999885 ) ) ;
#3012 = AXIS2_PLACEMENT_3D ( 'NONE', #6040, #9255, #519 ) ;
#3013 = VERTEX_POINT ( 'NONE', #891 ) ;
#3014 = VECTOR ( 'NONE', #4158, 1000.000000000000000 ) ;
#3015 = CARTESIAN_POINT ( 'NONE',  ( -1.487710309116895058, -2.285399516131346953, -4.828988126118671786 ) ) ;
#3016 = DIRECTION ( 'NONE',  ( -0.000000000000000000, -0.000000000000000000, -1.000000000000000000 ) ) ;
#3017 = CARTESIAN_POINT ( 'NONE',  ( 0.4951829272113570934, -0.4463787728736386962, -4.169991741848313893 ) ) ;
#3018 = ORIENTED_EDGE ( 'NONE', *, *, #2816, .F. ) ;
#3019 = LINE ( 'NONE', #1329, #8465 ) ;
#3020 = FACE_OUTER_BOUND ( 'NONE', #8047, .T. ) ;
#3021 = AXIS2_PLACEMENT_3D ( 'NONE', #4113, #4163, #986 ) ;
#3022 = DIRECTION ( 'NONE',  ( 0.3583679495453081509, -0.9335804264971987454, 0.000000000000000000 ) ) ;
#3023 = AXIS2_PLACEMENT_3D ( 'NONE', #1819, #1009, #4247 ) ;
#3024 = EDGE_CURVE ( 'NONE', #3066, #1601, #7376, .T. ) ;
#3025 = ADVANCED_FACE ( 'NONE', ( #4865 ), #5623, .F. ) ;
#3026 = DIRECTION ( 'NONE',  ( -0.000000000000000000, -0.000000000000000000, -1.000000000000000000 ) ) ;
#3027 = VERTEX_POINT ( 'NONE', #7434 ) ;
#3028 = ORIENTED_EDGE ( 'NONE', *, *, #1011, .F. ) ;
#3029 = CARTESIAN_POINT ( 'NONE',  ( -1.201605496734920342, -2.873733805776752526, -5.874747288719409433 ) ) ;
#3030 = ORIENTED_EDGE ( 'NONE', *, *, #7735, .T. ) ;
#3031 = DIRECTION ( 'NONE',  ( -0.9781476007338073542, 0.2079116908177515988, 0.000000000000000000 ) ) ;
#3032 = CARTESIAN_POINT ( 'NONE',  ( 0.000000000000000000, 0.000000000000000000, -3.919999999999999929 ) ) ;
#3033 = CARTESIAN_POINT ( 'NONE',  ( -0.2454910247048547323, -0.6287759193777705535, -4.370000000000000107 ) ) ;
#3034 = FACE_OUTER_BOUND ( 'NONE', #10502, .T. ) ;
#3035 = CARTESIAN_POINT ( 'NONE',  ( -3.019950646663688509, -7.799862604040538931E-06, -7.955111133881714203 ) ) ;
#3036 = ORIENTED_EDGE ( 'NONE', *, *, #7273, .F. ) ;
#3037 = VECTOR ( 'NONE', #9759, 1000.000000000000000 ) ;
#3038 = ORIENTED_EDGE ( 'NONE', *, *, #3503, .T. ) ;
#3039 = CARTESIAN_POINT ( 'NONE',  ( -0.4020945224431224929, 0.5107053896536019044, -4.370000000000000107 ) ) ;
#3040 = CARTESIAN_POINT ( 'NONE',  ( -0.3236432356796999921, 3.085804659633000213, -5.544105028654000122 ) ) ;
#3041 = CARTESIAN_POINT ( 'NONE',  ( -0.4020945224431188292, -0.5107053896536045690, -4.370000000000000107 ) ) ;
#3042 = AXIS2_PLACEMENT_3D ( 'NONE', #7331, #7184, #1590 ) ;
#3043 = CARTESIAN_POINT ( 'NONE',  ( 2.491140703751999919, -1.947190123409000106, -8.358904682881000525 ) ) ;
#3044 = CARTESIAN_POINT ( 'NONE',  ( 2.605376910087749298, 0.7001755906610516167, -3.300000000000000711 ) ) ;
#3045 = LINE ( 'NONE', #9557, #4883 ) ;
#3046 = ORIENTED_EDGE ( 'NONE', *, *, #1327, .T. ) ;
#3047 = CARTESIAN_POINT ( 'NONE',  ( 0.7463903589881979439, -2.619524899899652759, -5.338783508441347969 ) ) ;
#3048 = CARTESIAN_POINT ( 'NONE',  ( 1.607209737728191090, -2.668402883415517568, -7.181473226226438911 ) ) ;
#3049 =( NAMED_UNIT ( * ) PLANE_ANGLE_UNIT ( ) SI_UNIT ( $, .RADIAN. ) );
#3050 = AXIS2_PLACEMENT_3D ( 'NONE', #2602, #5192, #309 ) ;
#3051 = APPLICATION_CONTEXT ( 'automotive_design' ) ;
#3052 = CARTESIAN_POINT ( 'NONE',  ( -2.865970793562000019, 0.9437733767681001362, -6.209330615736999626 ) ) ;
#3053 = CARTESIAN_POINT ( 'NONE',  ( -2.692755196316000355, -0.8213084948033999577, -4.787004447654999773 ) ) ;
#3054 = DIRECTION ( 'NONE',  ( -0.000000000000000000, -0.000000000000000000, -1.000000000000000000 ) ) ;
#3055 = CARTESIAN_POINT ( 'NONE',  ( 1.914155046338763988, 2.490600406046270976, -5.551007228236503721 ) ) ;
#3056 = CARTESIAN_POINT ( 'NONE',  ( 0.3643944005386562379, 0.5681916233596494559, -4.370000000000000107 ) ) ;
#3057 = FACE_OUTER_BOUND ( 'NONE', #10078, .T. ) ;
#3058 = ORIENTED_EDGE ( 'NONE', *, *, #9723, .F. ) ;
#3059 = EDGE_CURVE ( 'NONE', #7926, #6316, #4203, .T. ) ;
#3060 = EDGE_CURVE ( 'NONE', #4603, #8987, #4174, .T. ) ;
#3061 = VECTOR ( 'NONE', #9229, 1000.000000000000000 ) ;
#3062 = CARTESIAN_POINT ( 'NONE',  ( -0.5826313872945287908, 0.3408308473997812560, -4.220000000000000639 ) ) ;
#3063 = LINE ( 'NONE', #6313, #4412 ) ;
#3064 = DIRECTION ( 'NONE',  ( 0.000000000000000000, 0.000000000000000000, -1.000000000000000000 ) ) ;
#3065 = CARTESIAN_POINT ( 'NONE',  ( 0.4254240051736172257, -3.250000000000000000, -1.300000000000000266 ) ) ;
#3066 = VERTEX_POINT ( 'NONE', #4066 ) ;
#3067 = VECTOR ( 'NONE', #1964, 1000.000000000000000 ) ;
#3068 = ORIENTED_EDGE ( 'NONE', *, *, #9220, .F. ) ;
#3069 = CARTESIAN_POINT ( 'NONE',  ( -1.918495194022000083, -2.013862559072999936, -6.141741697558999569 ) ) ;
#3070 = ORIENTED_EDGE ( 'NONE', *, *, #1220, .F. ) ;
#3071 = EDGE_CURVE ( 'NONE', #9910, #9095, #8869, .T. ) ;
#3072 = CARTESIAN_POINT ( 'NONE',  ( 0.000000000000000000, 0.000000000000000000, -4.370000000000000107 ) ) ;
#3073 = CARTESIAN_POINT ( 'NONE',  ( -2.361883740826078881, -0.6347386195458315505, -9.099999999932608219 ) ) ;
#3074 = CONICAL_SURFACE ( 'NONE', #4277, 3.115000000036616257, 0.7853981634620430530 ) ;
#3075 = CIRCLE ( 'NONE', #10402, 0.6500000000000000222 ) ;
#3076 = CARTESIAN_POINT ( 'NONE',  ( -2.540000000000000036, -2.040000000000000036, 4.400000000000000355 ) ) ;
#3077 = B_SPLINE_CURVE_WITH_KNOTS ( 'NONE', 3,
 ( #2970, #5513, #7865, #10331, #7076, #7127, #10383, #3073, #6327, #9578 ),
 .UNSPECIFIED., .F., .F.,
 ( 4, 2, 2, 2, 4 ),
 ( 0.000000000000000000, 0.2500000000000001110, 0.5000000000000001110, 0.7500000000000001110, 1.000000000000000000 ),
 .UNSPECIFIED. ) ;
#3078 = CARTESIAN_POINT ( 'NONE',  ( 0.000000000000000000, 0.000000000000000000, -4.399999999918691174 ) ) ;
#3079 = VERTEX_POINT ( 'NONE', #142 ) ;
#3080 = EDGE_LOOP ( 'NONE', ( #1633, #1436, #1089, #8896 ) ) ;
#3081 = DIRECTION ( 'NONE',  ( 0.000000000000000000, 0.000000000000000000, 1.000000000000000000 ) ) ;
#3082 = ORIENTED_EDGE ( 'NONE', *, *, #1447, .T. ) ;
#3083 = CARTESIAN_POINT ( 'NONE',  ( 2.225753212225540345, -1.708826476847028042, -4.507524801720339980 ) ) ;
#3084 = AXIS2_PLACEMENT_3D ( 'NONE', #7739, #9457, #7015 ) ;
#3085 = DIRECTION ( 'NONE',  ( -1.000000000000000000, 0.000000000000000000, 0.000000000000000000 ) ) ;
#3086 = CARTESIAN_POINT ( 'NONE',  ( -0.2813976831226717712, -3.137639433421043567, -7.843206871047850193 ) ) ;
#3087 = FACE_OUTER_BOUND ( 'NONE', #371, .T. ) ;
#3088 = EDGE_CURVE ( 'NONE', #6497, #5630, #5367, .T. ) ;
#3089 = EDGE_CURVE ( 'NONE', #4075, #6795, #9991, .T. ) ;
#3090 = DIRECTION ( 'NONE',  ( -0.000000000000000000, -0.000000000000000000, -1.000000000000000000 ) ) ;
#3091 = VERTEX_POINT ( 'NONE', #5945 ) ;
#3092 = AXIS2_PLACEMENT_3D ( 'NONE', #7349, #8306, #5057 ) ;
#3093 = ORIENTED_EDGE ( 'NONE', *, *, #62, .F. ) ;
#3094 = DIRECTION ( 'NONE',  ( -0.000000000000000000, -0.000000000000000000, -1.000000000000000000 ) ) ;
#3095 = VERTEX_POINT ( 'NONE', #7586 ) ;
#3096 = CARTESIAN_POINT ( 'NONE',  ( 3.112219225709658588, 0.09316160600375049394, -7.768154489209402769 ) ) ;
#3097 = CARTESIAN_POINT ( 'NONE',  ( -1.746049501439000062, 2.564809257282000043, -5.488686855866999892 ) ) ;
#3098 = CARTESIAN_POINT ( 'NONE',  ( 0.000000000000000000, 0.000000000000000000, -3.919999999999999929 ) ) ;
#3099 = EDGE_CURVE ( 'NONE', #7753, #7390, #8912, .T. ) ;
#3100 = CARTESIAN_POINT ( 'NONE',  ( 3.245696046773999921, 0.7217616874843000296, -7.642544104124000093 ) ) ;
#3101 = DIRECTION ( 'NONE',  ( -1.000000000000000000, 0.000000000000000000, 0.000000000000000000 ) ) ;
#3102 = CARTESIAN_POINT ( 'NONE',  ( -0.1000235726387000146, 2.672498903150999805, -4.396730886185999942 ) ) ;
#3103 = ORIENTED_EDGE ( 'NONE', *, *, #2437, .T. ) ;
#3104 = CARTESIAN_POINT ( 'NONE',  ( -1.092967249228758986, 2.493964488799545798, -5.676289637111365138 ) ) ;
#3105 = B_SPLINE_CURVE_WITH_KNOTS ( 'NONE', 3,
 ( #4526, #6081, #9341, #4584 ),
 .UNSPECIFIED., .F., .F.,
 ( 4, 4 ),
 ( 1.247385019369302009E-06, 0.0001538593706907430533 ),
 .UNSPECIFIED. ) ;
#3106 = CARTESIAN_POINT ( 'NONE',  ( 1.688021453075036149, -2.617896643766734144, -7.178114817600242503 ) ) ;
#3107 = CARTESIAN_POINT ( 'NONE',  ( 1.617684482445000071, 2.350795759149999942, -7.212381704245000691 ) ) ;
#3108 = CARTESIAN_POINT ( 'NONE',  ( 2.699887333262000144, 0.7975268648469000521, -4.481723085811999852 ) ) ;
#3109 = LINE ( 'NONE', #5607, #4833 ) ;
#3110 = CARTESIAN_POINT ( 'NONE',  ( 0.6287759193777663347, 0.2454910247048661120, -4.370000000000000107 ) ) ;
#3111 = DIRECTION ( 'NONE',  ( 1.000000000000000000, 0.000000000000000000, 0.000000000000000000 ) ) ;
#3112 = CARTESIAN_POINT ( 'NONE',  ( 0.6495145696682956826, -0.02511620569688895882, -4.070000000000004725 ) ) ;
#3113 = ORIENTED_EDGE ( 'NONE', *, *, #115, .F. ) ;
#3114 = EDGE_CURVE ( 'NONE', #4495, #7141, #7954, .T. ) ;
#3115 = CARTESIAN_POINT ( 'NONE',  ( 0.000000000000000000, 0.000000000000000000, -7.086186982385999755 ) ) ;
#3116 = LINE ( 'NONE', #6364, #5556 ) ;
#3117 = DIRECTION ( 'NONE',  ( 0.7771459614569774521, -0.6293203910498292863, 0.000000000000000000 ) ) ;
#3118 = ORIENTED_EDGE ( 'NONE', *, *, #9090, .T. ) ;
#3119 = ORIENTED_EDGE ( 'NONE', *, *, #9837, .F. ) ;
#3120 = LINE ( 'NONE', #1275, #7115 ) ;
#3121 = FACE_OUTER_BOUND ( 'NONE', #2016, .T. ) ;
#3122 = FACE_OUTER_BOUND ( 'NONE', #5049, .T. ) ;
#3123 =( GEOMETRIC_REPRESENTATION_CONTEXT ( 3 ) GLOBAL_UNCERTAINTY_ASSIGNED_CONTEXT ( ( #10209 ) ) GLOBAL_UNIT_ASSIGNED_CONTEXT ( ( #563, #3993, #3151 ) ) REPRESENTATION_CONTEXT ( 'NONE', 'WORKASPACE' ) );
#3124 = CARTESIAN_POINT ( 'NONE',  ( -0.000000000000000000, 0.000000000000000000, -4.370000000000000107 ) ) ;
#3125 = ORIENTED_EDGE ( 'NONE', *, *, #7836, .F. ) ;
#3126 = EDGE_CURVE ( 'NONE', #1931, #4984, #10216, .T. ) ;
#3127 = ADVANCED_FACE ( 'NONE', ( #10254, #9447 ), #6082, .F. ) ;
#3128 = ORIENTED_EDGE ( 'NONE', *, *, #9760, .F. ) ;
#3129 = DIRECTION ( 'NONE',  ( 0.000000000000000000, 0.000000000000000000, 1.000000000000000000 ) ) ;
#3130 = ORIENTED_EDGE ( 'NONE', *, *, #6582, .T. ) ;
#3131 = FACE_OUTER_BOUND ( 'NONE', #8817, .T. ) ;
#3132 = CARTESIAN_POINT ( 'NONE',  ( 0.06672418922077985592, 0.6716940394054647934, -4.370000000000000107 ) ) ;
#3133 = CARTESIAN_POINT ( 'NONE',  ( -0.6099637295171164153, -0.2245979712142789353, -3.919999999999999929 ) ) ;
#3134 = B_SPLINE_CURVE_WITH_KNOTS ( 'NONE', 3,
 ( #3618, #6878, #7929, #5643, #7982, #693, #3937, #10448, #5435, #8382, #10040, #9832, #2532, #80, #7582, #4171 ),
 .UNSPECIFIED., .F., .F.,
 ( 4, 2, 2, 2, 2, 2, 2, 4 ),
 ( 0.000000000000000000, 0.2499999999999997224, 0.3749999999999996669, 0.4999999999999996669, 0.6249999999999997780, 0.7499999999999997780, 0.8749999999999998890, 1.000000000000000000 ),
 .UNSPECIFIED. ) ;
#3135 = CARTESIAN_POINT ( 'NONE',  ( 1.387004718241339418, -2.362618851137094467, -6.822627968074542082 ) ) ;
#3136 = ORIENTED_EDGE ( 'NONE', *, *, #1118, .F. ) ;
#3137 = B_SPLINE_CURVE_WITH_KNOTS ( 'NONE', 3,
 ( #6144, #2836, #4475, #755 ),
 .UNSPECIFIED., .F., .F.,
 ( 4, 4 ),
 ( 1.182502168369732142E-06, 0.0001537944878401157820 ),
 .UNSPECIFIED. ) ;
#3138 = ORIENTED_EDGE ( 'NONE', *, *, #3983, .T. ) ;
#3139 = CIRCLE ( 'NONE', #5170, 0.6750000000000000444 ) ;
#3140 = DIRECTION ( 'NONE',  ( -1.000000000000000000, 0.000000000000000000, 0.000000000000000000 ) ) ;
#3141 = ORIENTED_EDGE ( 'NONE', *, *, #334, .F. ) ;
#3142 = DIRECTION ( 'NONE',  ( -1.000000000000000000, 0.000000000000000000, 0.000000000000000000 ) ) ;
#3143 = CARTESIAN_POINT ( 'NONE',  ( -0.3085613534452000262, -2.868801078014000083, -6.009150080322999798 ) ) ;
#3144 = CARTESIAN_POINT ( 'NONE',  ( 0.000000000000000000, 0.000000000000000000, -4.839999999887822923 ) ) ;
#3145 = CARTESIAN_POINT ( 'NONE',  ( 2.786602580022000009, -1.107536946481000095, -7.532090200686999637 ) ) ;
#3146 = LINE ( 'NONE', #3453, #10165 ) ;
#3147 = CARTESIAN_POINT ( 'NONE',  ( -3.249999999979991117, 3.980102097216646236E-16, -3.100000000017644197 ) ) ;
#3148 = ORIENTED_EDGE ( 'NONE', *, *, #1426, .F. ) ;
#3149 = CARTESIAN_POINT ( 'NONE',  ( 0.9970982605539945309, 2.534496927044484149, -5.765107039392926680 ) ) ;
#3150 = CARTESIAN_POINT ( 'NONE',  ( -1.086123989291120306, -2.919178677632450203, -7.282103107806691789 ) ) ;
#3151 =( NAMED_UNIT ( * ) SI_UNIT ( $, .STERADIAN. ) SOLID_ANGLE_UNIT ( ) );
#3152 = CARTESIAN_POINT ( 'NONE',  ( 0.5673192003539530015, 0.3172521472106237805, -4.070000000000005613 ) ) ;
#3153 = CARTESIAN_POINT ( 'NONE',  ( -2.743579212594999817, 0.6310715316248000084, -4.939127970204999940 ) ) ;
#3154 = PLANE ( 'NONE',  #5346 ) ;
#3155 = CARTESIAN_POINT ( 'NONE',  ( -0.3624400721992072083, -0.5495974312748718171, -4.119991299149685204 ) ) ;
#3156 = DIRECTION ( 'NONE',  ( -0.000000000000000000, -0.000000000000000000, -1.000000000000000000 ) ) ;
#3157 = CARTESIAN_POINT ( 'NONE',  ( 0.6287759193777713307, -0.2454910247048528171, -4.370000000000000107 ) ) ;
#3158 = VECTOR ( 'NONE', #1145, 1000.000000000000000 ) ;
#3159 = ORIENTED_EDGE ( 'NONE', *, *, #3503, .F. ) ;
#3160 = DIRECTION ( 'NONE',  ( 0.000000000000000000, 0.000000000000000000, -1.000000000000000000 ) ) ;
#3161 = CARTESIAN_POINT ( 'NONE',  ( 3.500000000000000000, 0.000000000000000000, 0.000000000000000000 ) ) ;
#3162 = AXIS2_PLACEMENT_3D ( 'NONE', #7045, #5161, #6933 ) ;
#3163 = CARTESIAN_POINT ( 'NONE',  ( 2.598917237794085899, -1.997276839918473934, -1.300000000000000266 ) ) ;
#3164 = EDGE_LOOP ( 'NONE', ( #6476, #8521, #1245, #8510 ) ) ;
#3165 = ORIENTED_EDGE ( 'NONE', *, *, #4812, .T. ) ;
#3166 = AXIS2_PLACEMENT_3D ( 'NONE', #3133, #8571, #6986 ) ;
#3167 = VECTOR ( 'NONE', #7159, 1000.000000000000000 ) ;
#3168 = ORIENTED_EDGE ( 'NONE', *, *, #7549, .T. ) ;
#3169 = CARTESIAN_POINT ( 'NONE',  ( 2.052755881151000050, -2.640948620246999834, -7.157700289167999941 ) ) ;
#3170 = CARTESIAN_POINT ( 'NONE',  ( 1.238493964135305658, -2.751731411851663811, -7.956707690958047863 ) ) ;
#3171 = DIRECTION ( 'NONE',  ( -0.000000000000000000, -0.000000000000000000, -1.000000000000000000 ) ) ;
#3172 = CARTESIAN_POINT ( 'NONE',  ( -0.6254863983062332045, 0.1768241090289901785, -4.370000000000000107 ) ) ;
#3173 = CIRCLE ( 'NONE', #9144, 0.6350000000000000089 ) ;
#3174 = VECTOR ( 'NONE', #499, 1000.000000000000000 ) ;
#3175 = EDGE_CURVE ( 'NONE', #2510, #3508, #8240, .T. ) ;
#3176 = CARTESIAN_POINT ( 'NONE',  ( 0.000000000000000000, 0.000000000000000000, -3.919999999999999929 ) ) ;
#3177 = ORIENTED_EDGE ( 'NONE', *, *, #3885, .F. ) ;
#3178 = VERTEX_POINT ( 'NONE', #5493 ) ;
#3179 = CARTESIAN_POINT ( 'NONE',  ( 0.000000000000000000, 0.000000000000000000, -3.919999999999999929 ) ) ;
#3180 = B_SPLINE_CURVE_WITH_KNOTS ( 'NONE', 3,
 ( #5434, #7238, #1404, #3830 ),
 .UNSPECIFIED., .F., .F.,
 ( 4, 4 ),
 ( 1.288069082847447223E-06, 0.0001539000547539754425 ),
 .UNSPECIFIED. ) ;
#3181 = VERTEX_POINT ( 'NONE', #4733 ) ;
#3182 = PLANE ( 'NONE',  #9512 ) ;
#3183 = CARTESIAN_POINT ( 'NONE',  ( 0.6182000847280632039, 0.2710233481495934460, -4.370000000000000107 ) ) ;
#3184 = PLANE ( 'NONE',  #4105 ) ;
#3185 = DIRECTION ( 'NONE',  ( -0.000000000000000000, -0.000000000000000000, -1.000000000000000000 ) ) ;
#3186 = CARTESIAN_POINT ( 'NONE',  ( 0.8153458851914996419, -3.033924541504335437, -5.685797835148749257 ) ) ;
#3187 = EDGE_LOOP ( 'NONE', ( #1119, #6659, #4073, #352 ) ) ;
#3188 = CARTESIAN_POINT ( 'NONE',  ( -0.6738623340140248441, 0.03917339399606577233, -3.919999999999999929 ) ) ;
#3189 = VECTOR ( 'NONE', #7246, 1000.000000000000000 ) ;
#3190 = CIRCLE ( 'NONE', #9151, 0.6750000000000000444 ) ;
#3191 = EDGE_CURVE ( 'NONE', #3524, #2054, #7267, .T. ) ;
#3192 = ADVANCED_FACE ( 'NONE', ( #10410 ), #2553, .T. ) ;
#3193 = ORIENTED_EDGE ( 'NONE', *, *, #9017, .F. ) ;
#3194 = AXIS2_PLACEMENT_3D ( 'NONE', #7656, #578, #8563 ) ;
#3195 = FACE_OUTER_BOUND ( 'NONE', #10002, .T. ) ;
#3196 = AXIS2_PLACEMENT_3D ( 'NONE', #3533, #10041, #8488 ) ;
#3197 = CYLINDRICAL_SURFACE ( 'NONE', #1317, 0.6500000000000000222 ) ;
#3198 = EDGE_LOOP ( 'NONE', ( #2901, #1486, #2648, #7870 ) ) ;
#3199 = CARTESIAN_POINT ( 'NONE',  ( 1.791262096126227998, -1.032418909760344450, -7.169999999999999929 ) ) ;
#3200 = CARTESIAN_POINT ( 'NONE',  ( -0.2165181607055000068, -2.775097518374999961, -5.388564429726000249 ) ) ;
#3201 = DIRECTION ( 'NONE',  ( 1.000000000000000000, 0.000000000000000000, 0.000000000000000000 ) ) ;
#3202 = CARTESIAN_POINT ( 'NONE',  ( -3.115000699818520236, 0.4077474230052572368, -6.612482632802829663 ) ) ;
#3203 = CARTESIAN_POINT ( 'NONE',  ( 0.5223074710939999976, 3.283698778384999795, -7.508354968387999762 ) ) ;
#3204 = EDGE_CURVE ( 'NONE', #5221, #10044, #2304, .T. ) ;
#3205 = AXIS2_PLACEMENT_3D ( 'NONE', #758, #3994, #8098 ) ;
#3206 = DIRECTION ( 'NONE',  ( 0.000000000000000000, 0.000000000000000000, 1.000000000000000000 ) ) ;
#3207 = ORIENTED_EDGE ( 'NONE', *, *, #5887, .T. ) ;
#3208 = CARTESIAN_POINT ( 'NONE',  ( 0.6738623340140244000, 0.03917339399607525086, -3.919999999999999929 ) ) ;
#3209 = CARTESIAN_POINT ( 'NONE',  ( 0.6142931585515608583, -3.054144719929392071, -7.219946737924301416 ) ) ;
#3210 = SURFACE_STYLE_FILL_AREA ( #6253 ) ;
#3211 = PLANE ( 'NONE',  #10530 ) ;
#3212 = DIRECTION ( 'NONE',  ( 1.000000000000000000, -0.000000000000000000, 0.000000000000000000 ) ) ;
#3213 = CARTESIAN_POINT ( 'NONE',  ( 3.500000000000000000, -2.040000000000000036, 2.200000000000000178 ) ) ;
#3214 = CARTESIAN_POINT ( 'NONE',  ( 0.4415163173259569751, 0.4770359960578705594, -4.070000000000004725 ) ) ;
#3215 = ORIENTED_EDGE ( 'NONE', *, *, #6688, .F. ) ;
#3216 = DIRECTION ( 'NONE',  ( -0.1045284632676494463, -0.9945218953682738450, 0.000000000000000000 ) ) ;
#3217 = SHAPE_REPRESENTATION ( 'RFCT-SMA29-F_1.0', ( #8226, #6701, #1609, #4137 ), #580 ) ;
#3218 = EDGE_CURVE ( 'NONE', #8297, #177, #6084, .T. ) ;
#3219 = EDGE_CURVE ( 'NONE', #10210, #4519, #4136, .T. ) ;
#3220 = CARTESIAN_POINT ( 'NONE',  ( 0.000000000000000000, 0.000000000000000000, -4.370000000000000107 ) ) ;
#3221 = AXIS2_PLACEMENT_3D ( 'NONE', #390, #10082, #3624 ) ;
#3222 = LINE ( 'NONE', #10468, #6579 ) ;
#3223 = CARTESIAN_POINT ( 'NONE',  ( 0.000000000000000000, 0.000000000000000000, -7.086186982385999755 ) ) ;
#3224 = VERTEX_POINT ( 'NONE', #1509 ) ;
#3225 = ORIENTED_EDGE ( 'NONE', *, *, #10451, .F. ) ;
#3226 = VECTOR ( 'NONE', #996, 1000.000000000000000 ) ;
#3227 = CARTESIAN_POINT ( 'NONE',  ( 2.770000000000000018, 2.040000000000000036, 4.400000000000000355 ) ) ;
#3228 = ORIENTED_EDGE ( 'NONE', *, *, #3350, .T. ) ;
#3229 = CARTESIAN_POINT ( 'NONE',  ( 0.5901242379057433096, 0.2724947409330416570, -3.919999999999999929 ) ) ;
#3230 = LINE ( 'NONE', #8229, #8325 ) ;
#3231 = DIRECTION ( 'NONE',  ( 0.000000000000000000, 0.000000000000000000, -1.000000000000000000 ) ) ;
#3232 = CIRCLE ( 'NONE', #4754, 0.6750000000000000444 ) ;
#3233 = DIRECTION ( 'NONE',  ( 0.000000000000000000, 0.000000000000000000, 1.000000000000000000 ) ) ;
#3234 = CARTESIAN_POINT ( 'NONE',  ( -2.540000000000000036, 3.040000000000000036, 2.450000000000000178 ) ) ;
#3235 = ORIENTED_EDGE ( 'NONE', *, *, #1058, .F. ) ;
#3236 = DIRECTION ( 'NONE',  ( 0.000000000000000000, 0.000000000000000000, -1.000000000000000000 ) ) ;
#3237 = EDGE_LOOP ( 'NONE', ( #2491, #5670, #4283, #9774 ) ) ;
#3238 = CARTESIAN_POINT ( 'NONE',  ( -0.4770359960578659519, 0.4415163173259620266, -4.370000000000000107 ) ) ;
#3239 = LINE ( 'NONE', #8235, #771 ) ;
#3240 = CYLINDRICAL_SURFACE ( 'NONE', #3592, 3.115000000000000213 ) ;
#3241 = CARTESIAN_POINT ( 'NONE',  ( 1.496474231922694242, -2.302770853037535481, -8.249496456945356826 ) ) ;
#3242 = CARTESIAN_POINT ( 'NONE',  ( 0.000000000000000000, 0.000000000000000000, 0.000000000000000000 ) ) ;
#3243 = ORIENTED_EDGE ( 'NONE', *, *, #9373, .T. ) ;
#3244 = VECTOR ( 'NONE', #494, 1000.000000000000000 ) ;
#3245 = DIRECTION ( 'NONE',  ( -0.000000000000000000, -0.000000000000000000, -1.000000000000000000 ) ) ;
#3246 = EDGE_CURVE ( 'NONE', #4595, #8574, #3146, .T. ) ;
#3247 = ORIENTED_EDGE ( 'NONE', *, *, #6614, .T. ) ;
#3248 = ORIENTED_EDGE ( 'NONE', *, *, #1446, .F. ) ;
#3249 = AXIS2_PLACEMENT_3D ( 'NONE', #4799, #9714, #9665 ) ;
#3250 = LINE ( 'NONE', #1552, #3543 ) ;
#3251 = ADVANCED_FACE ( 'NONE', ( #7989 ), #1456, .T. ) ;
#3252 = ORIENTED_EDGE ( 'NONE', *, *, #8898, .T. ) ;
#3253 = CARTESIAN_POINT ( 'NONE',  ( -0.02511620569689576241, 0.6495145696682955716, -4.370000000000000107 ) ) ;
#3254 = CARTESIAN_POINT ( 'NONE',  ( 1.175906580069999929, 2.871267863589999969, -5.599523201442000442 ) ) ;
#3255 = DIRECTION ( 'NONE',  ( 0.7771459614569625751, 0.6293203910498477160, 0.000000000000000000 ) ) ;
#3256 = CARTESIAN_POINT ( 'NONE',  ( -0.6657846630356355488, 0.03450974848226740638, -4.169991741848314781 ) ) ;
#3257 = CARTESIAN_POINT ( 'NONE',  ( -2.095597401580000074, 2.367593761721999979, -6.614445918322999773 ) ) ;
#3258 = AXIS2_PLACEMENT_3D ( 'NONE', #4949, #4091, #8198 ) ;
#3259 = B_SPLINE_CURVE_WITH_KNOTS ( 'NONE', 3,
 ( #5551, #7997, #3155, #2421 ),
 .UNSPECIFIED., .F., .F.,
 ( 4, 4 ),
 ( 2.034489221467493506E-07, 0.0001528154345944012307 ),
 .UNSPECIFIED. ) ;
#3260 = CARTESIAN_POINT ( 'NONE',  ( 3.039999999999999591, -3.039999999999999591, 0.5000000000000000000 ) ) ;
#3261 = ORIENTED_EDGE ( 'NONE', *, *, #3504, .T. ) ;
#3262 = CARTESIAN_POINT ( 'NONE',  ( 0.5901242379057433096, 0.2724947409330416570, -4.070000000000004725 ) ) ;
#3263 = CARTESIAN_POINT ( 'NONE',  ( -3.114833532465345556, 1.243418425438771086E-05, -7.418713884419258164 ) ) ;
#3264 = DIRECTION ( 'NONE',  ( 1.000000000000000000, 0.000000000000000000, -0.000000000000000000 ) ) ;
#3265 = DIRECTION ( 'NONE',  ( 0.000000000000000000, 0.000000000000000000, -1.000000000000000000 ) ) ;
#3266 = DIRECTION ( 'NONE',  ( 0.000000000000000000, 0.000000000000000000, -1.000000000000000000 ) ) ;
#3267 = EDGE_CURVE ( 'NONE', #4018, #1845, #700, .T. ) ;
#3268 = EDGE_CURVE ( 'NONE', #6293, #2338, #6932, .T. ) ;
#3269 = CARTESIAN_POINT ( 'NONE',  ( -2.040000000000000036, 2.040000000000000036, 2.200000000000000178 ) ) ;
#3270 = CARTESIAN_POINT ( 'NONE',  ( -1.871316525228690297, 1.416835266640000590, -7.170000000000001705 ) ) ;
#3271 = ORIENTED_EDGE ( 'NONE', *, *, #8283, .T. ) ;
#3272 = B_SPLINE_CURVE_WITH_KNOTS ( 'NONE', 3,
 ( #2729, #6675, #3471, #7415 ),
 .UNSPECIFIED., .F., .F.,
 ( 4, 4 ),
 ( 2.034489219669594607E-07, 0.0001528154345933389565 ),
 .UNSPECIFIED. ) ;
#3273 =( GEOMETRIC_REPRESENTATION_CONTEXT ( 3 ) GLOBAL_UNCERTAINTY_ASSIGNED_CONTEXT ( ( #6896 ) ) GLOBAL_UNIT_ASSIGNED_CONTEXT ( ( #4639, #3049, #6355 ) ) REPRESENTATION_CONTEXT ( 'NONE', 'WORKASPACE' ) );
#3274 = CARTESIAN_POINT ( 'NONE',  ( 0.8153450148498112560, -3.033924787474273632, -7.097746422300832414 ) ) ;
#3275 = CARTESIAN_POINT ( 'NONE',  ( -0.4487928534307999429, 0.5041923985042227052, -4.220000000000000639 ) ) ;
#3276 = CARTESIAN_POINT ( 'NONE',  ( 2.880452109057161536, -1.185467207099919040, -7.815722146275750681 ) ) ;
#3277 = ORIENTED_EDGE ( 'NONE', *, *, #1316, .F. ) ;
#3278 = CARTESIAN_POINT ( 'NONE',  ( 3.115000000000000213, 0.000000000000000000, -7.086186982385999755 ) ) ;
#3279 = ADVANCED_FACE ( 'NONE', ( #6395 ), #3893, .F. ) ;
#3280 = ORIENTED_EDGE ( 'NONE', *, *, #9065, .T. ) ;
#3281 = DIRECTION ( 'NONE',  ( 0.000000000000000000, 0.000000000000000000, 1.000000000000000000 ) ) ;
#3282 = VERTEX_POINT ( 'NONE', #8296 ) ;
#3283 = CARTESIAN_POINT ( 'NONE',  ( 1.175000774503443202, -2.773008579994990619, -7.962484662936062385 ) ) ;
#3284 = CARTESIAN_POINT ( 'NONE',  ( 0.1441063982437063573, -0.6594379015382925147, -3.919999999999999929 ) ) ;
#3285 = CARTESIAN_POINT ( 'NONE',  ( -0.2245979712142722462, -0.6099637295171187468, -4.070000000000004725 ) ) ;
#3286 = CARTESIAN_POINT ( 'NONE',  ( -1.333833985544000011, -2.335690768356000646, -6.114072997492000283 ) ) ;
#3287 = DIRECTION ( 'NONE',  ( 0.000000000000000000, 0.000000000000000000, 1.000000000000000000 ) ) ;
#3288 = EDGE_CURVE ( 'NONE', #5510, #9629, #2606, .T. ) ;
#3289 = ORIENTED_EDGE ( 'NONE', *, *, #9079, .F. ) ;
#3290 = DIRECTION ( 'NONE',  ( 0.000000000000000000, 0.000000000000000000, -1.000000000000000000 ) ) ;
#3291 = VERTEX_POINT ( 'NONE', #5848 ) ;
#3292 = CARTESIAN_POINT ( 'NONE',  ( 0.5107053896535974635, 0.4020945224431279330, -3.919999999999999929 ) ) ;
#3293 = CARTESIAN_POINT ( 'NONE',  ( 0.000000000000000000, 0.000000000000000000, -3.100000000017644197 ) ) ;
#3294 = FACE_OUTER_BOUND ( 'NONE', #2199, .T. ) ;
#3295 = CARTESIAN_POINT ( 'NONE',  ( 0.5501803620683219931, -2.663306874365269028, -8.276056236757275641 ) ) ;
#3296 = DIRECTION ( 'NONE',  ( -0.8386705679454187212, -0.5446390350150352999, 0.000000000000000000 ) ) ;
#3297 = ORIENTED_EDGE ( 'NONE', *, *, #5461, .F. ) ;
#3298 = DIRECTION ( 'NONE',  ( 0.000000000000000000, 0.000000000000000000, 1.000000000000000000 ) ) ;
#3299 = ORIENTED_EDGE ( 'NONE', *, *, #105, .F. ) ;
#3300 = EDGE_CURVE ( 'NONE', #2985, #459, #1560, .T. ) ;
#3301 = DIRECTION ( 'NONE',  ( 0.5446390350150185355, 0.8386705679454296014, -0.000000000000000000 ) ) ;
#3302 = VERTEX_POINT ( 'NONE', #2361 ) ;
#3303 = CARTESIAN_POINT ( 'NONE',  ( -0.6350000000000000089, 7.776507174585692903E-17, -6.950000000000000178 ) ) ;
#3304 = CARTESIAN_POINT ( 'NONE',  ( 1.440221952774999981, -2.381976884614999790, -4.612710010700999952 ) ) ;
#3305 = CARTESIAN_POINT ( 'NONE',  ( 0.4770359960578598457, 0.4415163173259685769, -3.919999999999999929 ) ) ;
#3306 = VECTOR ( 'NONE', #4478, 1000.000000000000000 ) ;
#3307 = CARTESIAN_POINT ( 'NONE',  ( 0.4966752109271000415, 3.122551128698999978, -7.419580732735999717 ) ) ;
#3308 = VERTEX_POINT ( 'NONE', #6351 ) ;
#3309 = CARTESIAN_POINT ( 'NONE',  ( -2.540000000000000036, 3.040000000000000036, 4.400000000000000355 ) ) ;
#3310 = CARTESIAN_POINT ( 'NONE',  ( -1.825930886244094609, -2.523720906651678142, -7.312947712316440807 ) ) ;
#3311 = DIRECTION ( 'NONE',  ( -0.000000000000000000, 1.000000000000000000, 0.000000000000000000 ) ) ;
#3312 = EDGE_CURVE ( 'NONE', #9892, #6520, #1674, .T. ) ;
#3313 = CYLINDRICAL_SURFACE ( 'NONE', #9631, 0.4500000000000000111 ) ;
#3314 = DIRECTION ( 'NONE',  ( 0.9781476007338057999, -0.2079116908177585654, 0.000000000000000000 ) ) ;
#3315 = CARTESIAN_POINT ( 'NONE',  ( -2.574999999941874229, 2.207425855366395090E-16, -9.100000000039145220 ) ) ;
#3316 = CARTESIAN_POINT ( 'NONE',  ( 0.3408308473997749832, 0.5826313872945324546, -4.220000000000000639 ) ) ;
#3317 = DIRECTION ( 'NONE',  ( 0.000000000000000000, 0.000000000000000000, -1.000000000000000000 ) ) ;
#3318 = ORIENTED_EDGE ( 'NONE', *, *, #9953, .T. ) ;
#3319 = AXIS2_PLACEMENT_3D ( 'NONE', #5581, #1397, #6438 ) ;
#3320 = EDGE_CURVE ( 'NONE', #2325, #3918, #8974, .T. ) ;
#3321 = DIRECTION ( 'NONE',  ( 0.000000000000000000, 0.000000000000000000, -1.000000000000000000 ) ) ;
#3322 = EDGE_CURVE ( 'NONE', #2251, #6665, #4788, .T. ) ;
#3323 = FACE_OUTER_BOUND ( 'NONE', #2102, .T. ) ;
#3324 = LINE ( 'NONE', #9245, #2486 ) ;
#3325 = CARTESIAN_POINT ( 'NONE',  ( 0.1768241090289968120, -0.6254863983062313171, -3.919999999999999929 ) ) ;
#3326 = DIRECTION ( 'NONE',  ( -0.000000000000000000, -0.000000000000000000, -1.000000000000000000 ) ) ;
#3327 = ORIENTED_EDGE ( 'NONE', *, *, #497, .T. ) ;
#3328 = ORIENTED_EDGE ( 'NONE', *, *, #5331, .F. ) ;
#3329 = CARTESIAN_POINT ( 'NONE',  ( -2.718651625125775961, -0.2120414964453085915, -5.637519738115777557 ) ) ;
#3330 = CARTESIAN_POINT ( 'NONE',  ( 0.000000000000000000, 0.000000000000000000, -4.370000000000000107 ) ) ;
#3331 = VERTEX_POINT ( 'NONE', #207 ) ;
#3332 = CARTESIAN_POINT ( 'NONE',  ( 0.4643240604293238927, -2.912524086609044716, -8.027407524543450634 ) ) ;
#3333 = DIRECTION ( 'NONE',  ( -0.000000000000000000, -0.000000000000000000, -1.000000000000000000 ) ) ;
#3334 = AXIS2_PLACEMENT_3D ( 'NONE', #9019, #4957, #4102 ) ;
#3335 = EDGE_CURVE ( 'NONE', #3027, #1998, #2825, .T. ) ;
#3336 = CARTESIAN_POINT ( 'NONE',  ( 2.491271020039643957, -1.914460342462606324, -5.021514102065821383 ) ) ;
#3337 = EDGE_LOOP ( 'NONE', ( #6536, #5258, #1320, #9263 ) ) ;
#3338 = CARTESIAN_POINT ( 'NONE',  ( -0.1323402377513645811, 0.6449079034029714386, -4.119991299149685204 ) ) ;
#3339 = DIRECTION ( 'NONE',  ( -1.000000000000000000, 0.000000000000000000, 0.000000000000000000 ) ) ;
#3340 = ORIENTED_EDGE ( 'NONE', *, *, #10420, .F. ) ;
#3341 = VECTOR ( 'NONE', #330, 1000.000000000000000 ) ;
#3342 = ORIENTED_EDGE ( 'NONE', *, *, #9040, .F. ) ;
#3343 = DIRECTION ( 'NONE',  ( 1.000000000000000000, 0.000000000000000000, 0.000000000000000000 ) ) ;
#3344 = CARTESIAN_POINT ( 'NONE',  ( -0.6287759193777697764, 0.2454910247048571748, -4.370000000000000107 ) ) ;
#3345 = CARTESIAN_POINT ( 'NONE',  ( 1.813444263257000255, -2.226691244029999961, -8.143814424140000341 ) ) ;
#3346 = CARTESIAN_POINT ( 'NONE',  ( 0.2715115008446769007, -0.6088855764286544847, -4.169991741848314781 ) ) ;
#3347 = ORIENTED_EDGE ( 'NONE', *, *, #10427, .F. ) ;
#3348 = FACE_OUTER_BOUND ( 'NONE', #1656, .T. ) ;
#3349 = DIRECTION ( 'NONE',  ( 0.000000000000000000, 0.000000000000000000, 1.000000000000000000 ) ) ;
#3350 = EDGE_CURVE ( 'NONE', #7674, #5942, #3866, .T. ) ;
#3351 = AXIS2_PLACEMENT_3D ( 'NONE', #3539, #1266, #2749 ) ;
#3352 = AXIS2_PLACEMENT_3D ( 'NONE', #5487, #8737, #9549 ) ;
#3353 = ORIENTED_EDGE ( 'NONE', *, *, #3769, .F. ) ;
#3354 = ORIENTED_EDGE ( 'NONE', *, *, #4119, .F. ) ;
#3355 = VERTEX_POINT ( 'NONE', #5355 ) ;
#3356 = CARTESIAN_POINT ( 'NONE',  ( -0.5365831629365255262, -1.996643987170046319, -7.170000000000000817 ) ) ;
#3357 = AXIS2_PLACEMENT_3D ( 'NONE', #970, #4207, #7464 ) ;
#3358 = CARTESIAN_POINT ( 'NONE',  ( -1.192136348253999945, -2.515324506659000203, -4.723546356275999614 ) ) ;
#3359 = DIRECTION ( 'NONE',  ( 0.8660254037844387076, -0.4999999999999999445, 0.000000000000000000 ) ) ;
#3360 = AXIS2_PLACEMENT_3D ( 'NONE', #7234, #10493, #1713 ) ;
#3361 = DIRECTION ( 'NONE',  ( 0.000000000000000000, 0.000000000000000000, 1.000000000000000000 ) ) ;
#3362 = CARTESIAN_POINT ( 'NONE',  ( -3.064165693018999992, 0.7796220720640999469, -6.547351350456000141 ) ) ;
#3363 = ORIENTED_EDGE ( 'NONE', *, *, #3580, .F. ) ;
#3364 = MECHANICAL_DESIGN_GEOMETRIC_PRESENTATION_REPRESENTATION (  '', ( #7791 ), #2511 ) ;
#3365 = DIRECTION ( 'NONE',  ( -0.000000000000000000, -0.000000000000000000, -1.000000000000000000 ) ) ;
#3366 = AXIS2_PLACEMENT_3D ( 'NONE', #9035, #8014, #5782 ) ;
#3367 = CARTESIAN_POINT ( 'NONE',  ( -2.435791204389257114, -1.941148852799575941, -7.342898671876171512 ) ) ;
#3368 = CARTESIAN_POINT ( 'NONE',  ( -1.270742167957999991, -2.712288398891999908, -5.957753017826999731 ) ) ;
#3369 = DIRECTION ( 'NONE',  ( 0.000000000000000000, -1.000000000000000000, -0.000000000000000000 ) ) ;
#3370 = CARTESIAN_POINT ( 'NONE',  ( -0.3370667117812254365, -2.574999999922056748, -9.100000000046296833 ) ) ;
#3371 = CYLINDRICAL_SURFACE ( 'NONE', #127, 0.6750000000000000444 ) ;
#3372 = PLANE ( 'NONE',  #3753 ) ;
#3373 = VERTEX_POINT ( 'NONE', #8612 ) ;
#3374 = CIRCLE ( 'NONE', #4219, 0.6750000000000000444 ) ;
#3375 = EDGE_CURVE ( 'NONE', #4290, #279, #4556, .T. ) ;
#3376 = CARTESIAN_POINT ( 'NONE',  ( 0.4020945224431149989, 0.5107053896536076776, -3.919999999999999929 ) ) ;
#3377 = CARTESIAN_POINT ( 'NONE',  ( 0.000000000000000000, 0.000000000000000000, -7.086186982385999755 ) ) ;
#3378 = CARTESIAN_POINT ( 'NONE',  ( -0.7648249690638786458, 2.851096440960882550, -8.048372481777199994 ) ) ;
#3379 = DIRECTION ( 'NONE',  ( 1.000000000000000000, 0.000000000000000000, 0.000000000000000000 ) ) ;
#3380 = VECTOR ( 'NONE', #9684, 1000.000000000000114 ) ;
#3381 = CARTESIAN_POINT ( 'NONE',  ( -0.3251505474397206052, 0.5724484814368485663, -4.119991299149684316 ) ) ;
#3382 = CARTESIAN_POINT ( 'NONE',  ( -2.955840654024691538, 1.003951251225407626, -6.749905734885368602 ) ) ;
#3383 = EDGE_CURVE ( 'NONE', #2765, #4832, #5572, .T. ) ;
#3384 = ADVANCED_FACE ( 'NONE', ( #3020 ), #9472, .F. ) ;
#3385 = CARTESIAN_POINT ( 'NONE',  ( -1.544316308453804742, 2.218051569801024581, -7.166699405546208546 ) ) ;
#3386 = ORIENTED_EDGE ( 'NONE', *, *, #1632, .T. ) ;
#3387 = CARTESIAN_POINT ( 'NONE',  ( 2.056464683421549200, -2.325521256729044417, -7.877056168741185971 ) ) ;
#3388 = CIRCLE ( 'NONE', #6970, 2.324999999984811438 ) ;
#3389 = CARTESIAN_POINT ( 'NONE',  ( 0.06672418922078006409, 0.6716940394054645713, -4.219999999999999751 ) ) ;
#3390 = FACE_OUTER_BOUND ( 'NONE', #6292, .T. ) ;
#3391 = B_SPLINE_CURVE_WITH_KNOTS ( 'NONE', 3,
 ( #9028, #1854, #4278, #7532 ),
 .UNSPECIFIED., .F., .F.,
 ( 4, 4 ),
 ( 0.000000000000000000, 1.000000000000000000 ),
 .UNSPECIFIED. ) ;
#3392 = CARTESIAN_POINT ( 'NONE',  ( -2.096751086634999872, 1.878593375804000098, -5.701814216443000127 ) ) ;
#3393 = AXIS2_PLACEMENT_3D ( 'NONE', #6496, #9744, #2449 ) ;
#3394 = VERTEX_POINT ( 'NONE', #2278 ) ;
#3395 = VERTEX_POINT ( 'NONE', #10280 ) ;
#3396 = EDGE_CURVE ( 'NONE', #5877, #2851, #4607, .T. ) ;
#3397 = CARTESIAN_POINT ( 'NONE',  ( -0.6099637295171164153, -0.2245979712142789353, -4.370000000000000107 ) ) ;
#3398 = CARTESIAN_POINT ( 'NONE',  ( 2.118931991674180448, -1.221276027350512106, -9.099999999932608219 ) ) ;
#3399 = CARTESIAN_POINT ( 'NONE',  ( -2.694266588254000006, -0.9938576882401000123, -7.698252452759000164 ) ) ;
#3400 = PLANE ( 'NONE',  #3050 ) ;
#3401 = ORIENTED_EDGE ( 'NONE', *, *, #6319, .T. ) ;
#3402 = CARTESIAN_POINT ( 'NONE',  ( -1.037595319528228810, -2.481523719531966155, -6.187077558873880889 ) ) ;
#3403 = DIRECTION ( 'NONE',  ( -0.4999999999999909517, -0.8660254037844439257, 0.000000000000000000 ) ) ;
#3404 = VECTOR ( 'NONE', #4026, 1000.000000000000114 ) ;
#3405 = ORIENTED_EDGE ( 'NONE', *, *, #10014, .T. ) ;
#3406 = CARTESIAN_POINT ( 'NONE',  ( 0.000000000000000000, 0.000000000000000000, -4.370000000000000107 ) ) ;
#3407 = DIRECTION ( 'NONE',  ( -0.000000000000000000, -0.000000000000000000, 1.000000000000000000 ) ) ;
#3408 = ORIENTED_EDGE ( 'NONE', *, *, #5849, .T. ) ;
#3409 = CARTESIAN_POINT ( 'NONE',  ( 0.4770359960578690606, -0.4415163173259586404, -3.919999999999999929 ) ) ;
#3410 = CIRCLE ( 'NONE', #2388, 0.6350000000000000089 ) ;
#3411 = EDGE_CURVE ( 'NONE', #4041, #7753, #3077, .T. ) ;
#3412 = CARTESIAN_POINT ( 'NONE',  ( 0.1569746058375000031, -3.098756655479999900, -4.491159745692000271 ) ) ;
#3413 = LINE ( 'NONE', #8362, #8868 ) ;
#3414 = CARTESIAN_POINT ( 'NONE',  ( 3.039999999999999591, -2.040000000000000036, 4.400000000000000355 ) ) ;
#3415 = CARTESIAN_POINT ( 'NONE',  ( -2.992715277223000125, -0.1882745237303999897, -7.129522793480999709 ) ) ;
#3416 = ORIENTED_EDGE ( 'NONE', *, *, #408, .F. ) ;
#3417 = AXIS2_PLACEMENT_3D ( 'NONE', #121, #875, #5764 ) ;
#3418 = CARTESIAN_POINT ( 'NONE',  ( -0.7378260915232308648, -3.026202143331071515, -7.860284820380715409 ) ) ;
#3419 = CARTESIAN_POINT ( 'NONE',  ( -2.018015797000401790, -2.376540774473794304, -7.321566178181520002 ) ) ;
#3420 = CARTESIAN_POINT ( 'NONE',  ( -2.346282324910894612, 2.058997655052245523, -6.087311283177283094 ) ) ;
#3421 = CARTESIAN_POINT ( 'NONE',  ( 0.000000000000000000, 0.000000000000000000, 2.299999999999999822 ) ) ;
#3422 = DIRECTION ( 'NONE',  ( 0.000000000000000000, 0.000000000000000000, 1.000000000000000000 ) ) ;
#3423 = CARTESIAN_POINT ( 'NONE',  ( 0.000000000000000000, 0.000000000000000000, -4.370000000000000107 ) ) ;
#3424 = EDGE_CURVE ( 'NONE', #8113, #5716, #8295, .T. ) ;
#3425 = CARTESIAN_POINT ( 'NONE',  ( 3.478445380721962188, 3.404397331752656797, -1.300000000000000266 ) ) ;
#3426 = DIRECTION ( 'NONE',  ( -0.000000000000000000, -0.000000000000000000, -1.000000000000000000 ) ) ;
#3427 = VECTOR ( 'NONE', #2803, 1000.000000000000000 ) ;
#3428 = ORIENTED_EDGE ( 'NONE', *, *, #2308, .F. ) ;
#3429 = VECTOR ( 'NONE', #3585, 1000.000000000000000 ) ;
#3430 = DIRECTION ( 'NONE',  ( -0.000000000000000000, -0.000000000000000000, -1.000000000000000000 ) ) ;
#3431 = DIRECTION ( 'NONE',  ( 0.000000000000000000, 0.000000000000000000, 1.000000000000000000 ) ) ;
#3432 = CIRCLE ( 'NONE', #8539, 0.6350000000000000089 ) ;
#3433 = CARTESIAN_POINT ( 'NONE',  ( -1.815831916538056312, 2.364190064839812866, -8.020441342196974688 ) ) ;
#3434 = VERTEX_POINT ( 'NONE', #6096 ) ;
#3435 = DIRECTION ( 'NONE',  ( 0.000000000000000000, 0.000000000000000000, -1.000000000000000000 ) ) ;
#3436 = AXIS2_PLACEMENT_3D ( 'NONE', #543, #8024, #588 ) ;
#3437 = CARTESIAN_POINT ( 'NONE',  ( -0.5681916233596429056, -0.3643944005386663965, -4.370000000000000107 ) ) ;
#3438 = CARTESIAN_POINT ( 'NONE',  ( 0.2010262461778500320, 3.115135851274646317, -6.896759620535749313 ) ) ;
#3439 = ADVANCED_FACE ( 'NONE', ( #3687 ), #1150, .T. ) ;
#3440 = CARTESIAN_POINT ( 'NONE',  ( 0.1825870832694999890, -3.175967324012999971, -8.020062241934999392 ) ) ;
#3441 = ORIENTED_EDGE ( 'NONE', *, *, #2183, .F. ) ;
#3442 = VECTOR ( 'NONE', #5717, 1000.000000000000000 ) ;
#3443 = DIRECTION ( 'NONE',  ( -0.5144957554275252365, 0.000000000000000000, -0.8574929257125449844 ) ) ;
#3444 = FACE_OUTER_BOUND ( 'NONE', #3490, .T. ) ;
#3445 = CARTESIAN_POINT ( 'NONE',  ( -0.9772389561283000292, -2.518684353257000019, -6.144078206959000532 ) ) ;
#3446 = ORIENTED_EDGE ( 'NONE', *, *, #9001, .T. ) ;
#3447 = VERTEX_POINT ( 'NONE', #6035 ) ;
#3448 = CARTESIAN_POINT ( 'NONE',  ( 1.490275795879454579, -1.939192092737911599, -9.099999999932606443 ) ) ;
#3449 = CARTESIAN_POINT ( 'NONE',  ( 0.09959317480592999594, -2.870001176559000111, -7.510713313333000407 ) ) ;
#3450 = CARTESIAN_POINT ( 'NONE',  ( 1.573755509965000021, 2.402107008934000199, -7.906032952331070618 ) ) ;
#3451 = ORIENTED_EDGE ( 'NONE', *, *, #1315, .T. ) ;
#3452 = DIRECTION ( 'NONE',  ( -1.000000000000000000, 0.000000000000000000, 0.000000000000000000 ) ) ;
#3453 = CARTESIAN_POINT ( 'NONE',  ( 0.2724947409330398806, -0.5901242379057441978, -3.919999999999999929 ) ) ;
#3454 = CARTESIAN_POINT ( 'NONE',  ( -0.1441063982437017499, 0.6594379015382936249, -3.919999999999999929 ) ) ;
#3455 = EDGE_CURVE ( 'NONE', #9592, #8456, #2569, .T. ) ;
#3456 = ORIENTED_EDGE ( 'NONE', *, *, #3320, .T. ) ;
#3457 = CARTESIAN_POINT ( 'NONE',  ( -0.1768241090289877915, -0.6254863983062337596, -4.370000000000000107 ) ) ;
#3458 = ORIENTED_EDGE ( 'NONE', *, *, #3060, .F. ) ;
#3459 = FACE_OUTER_BOUND ( 'NONE', #9225, .T. ) ;
#3460 = CARTESIAN_POINT ( 'NONE',  ( -2.613425797851000265, 0.9581502801483000598, -4.889800874638999595 ) ) ;
#3461 = CARTESIAN_POINT ( 'NONE',  ( -0.2454910247048595062, 0.6287759193777688882, -4.370000000000000107 ) ) ;
#3462 = CARTESIAN_POINT ( 'NONE',  ( 3.115000000000000213, -0.2057730073816649297, -6.366736046304376728 ) ) ;
#3463 = CARTESIAN_POINT ( 'NONE',  ( -2.240077960298000104, -1.738353854991999903, -6.973653989960999944 ) ) ;
#3464 = ORIENTED_EDGE ( 'NONE', *, *, #8467, .F. ) ;
#3465 = CARTESIAN_POINT ( 'NONE',  ( 3.056131830282000195, -0.6183238448139000143, -6.188868031645999856 ) ) ;
#3466 = CARTESIAN_POINT ( 'NONE',  ( -2.980113767454796392, -0.9091077522751720430, -7.385752353676322102 ) ) ;
#3467 = CARTESIAN_POINT ( 'NONE',  ( -0.1168371002678000037, 2.689356106343999908, -4.426072890729000342 ) ) ;
#3468 = CARTESIAN_POINT ( 'NONE',  ( -2.040000000000000036, -2.770000000000000018, 0.5000000000000000000 ) ) ;
#3469 = CARTESIAN_POINT ( 'NONE',  ( -1.582457803887529435, -2.059142119112985281, -9.100000000046298609 ) ) ;
#3470 = LINE ( 'NONE', #7414, #3014 ) ;
#3471 = CARTESIAN_POINT ( 'NONE',  ( 0.6576705912447016189, 0.02982508694955725292, -4.119991299149685204 ) ) ;
#3472 = VERTEX_POINT ( 'NONE', #9298 ) ;
#3473 = CARTESIAN_POINT ( 'NONE',  ( 2.668242870390999943, 0.8396232318319000187, -5.249180216876999872 ) ) ;
#3474 = VERTEX_POINT ( 'NONE', #9410 ) ;
#3475 = EDGE_CURVE ( 'NONE', #9057, #3524, #10265, .T. ) ;
#3476 = CARTESIAN_POINT ( 'NONE',  ( 1.221276027350491900, 2.118931991674200876, -9.099999999932609995 ) ) ;
#3477 = CARTESIAN_POINT ( 'NONE',  ( 0.7575475780519201896, 2.813677122273836151, -8.085614001217388491 ) ) ;
#3478 = ORIENTED_EDGE ( 'NONE', *, *, #4871, .T. ) ;
#3479 = DIRECTION ( 'NONE',  ( 0.000000000000000000, 0.000000000000000000, -1.000000000000000000 ) ) ;
#3480 = CARTESIAN_POINT ( 'NONE',  ( 3.478445380721962188, -3.404397331752656797, -1.300000000000000266 ) ) ;
#3481 = ORIENTED_EDGE ( 'NONE', *, *, #3350, .F. ) ;
#3482 = FACE_OUTER_BOUND ( 'NONE', #5693, .T. ) ;
#3483 = DIRECTION ( 'NONE',  ( -1.000000000000000000, 0.000000000000000000, 0.000000000000000000 ) ) ;
#3484 = CARTESIAN_POINT ( 'NONE',  ( -0.2487329540582000065, -2.742091444315000182, -6.112399233191999848 ) ) ;
#3485 = VERTEX_POINT ( 'NONE', #3586 ) ;
#3486 = VERTEX_POINT ( 'NONE', #6846 ) ;
#3487 = CARTESIAN_POINT ( 'NONE',  ( 1.762367194043999996, -2.267352514819000131, -7.487218749155999831 ) ) ;
#3488 = AXIS2_PLACEMENT_3D ( 'NONE', #613, #10423, #3117 ) ;
#3489 = CARTESIAN_POINT ( 'NONE',  ( -3.040000000000000036, -3.040000000000000036, 2.450000000000000178 ) ) ;
#3490 = EDGE_LOOP ( 'NONE', ( #6860, #7970, #3441, #5266, #8474, #628 ) ) ;
#3491 = CARTESIAN_POINT ( 'NONE',  ( -0.2106524454974443294, -3.149526683243396796, -6.428959075617835417 ) ) ;
#3492 = CARTESIAN_POINT ( 'NONE',  ( -0.000000000000000000, 0.000000000000000000, -4.370000000000000107 ) ) ;
#3493 = CARTESIAN_POINT ( 'NONE',  ( -0.4439538136245901323, 0.4861328560875994298, -4.119991299149684316 ) ) ;
#3494 = EDGE_CURVE ( 'NONE', #3308, #2226, #795, .T. ) ;
#3495 = VECTOR ( 'NONE', #10167, 1000.000000000000000 ) ;
#3496 = ORIENTED_EDGE ( 'NONE', *, *, #2032, .F. ) ;
#3497 = DIRECTION ( 'NONE',  ( -1.000000000000000000, 0.000000000000000000, 0.000000000000000000 ) ) ;
#3498 = ORIENTED_EDGE ( 'NONE', *, *, #2119, .T. ) ;
#3499 = CARTESIAN_POINT ( 'NONE',  ( 3.250000000000000444, 0.000000000000000000, -3.136000000000000121 ) ) ;
#3500 = CARTESIAN_POINT ( 'NONE',  ( 0.1408255571223999969, -2.779966416060999812, -4.668128183489000271 ) ) ;
#3501 = CARTESIAN_POINT ( 'NONE',  ( 3.006927532830548255, -0.9393362989532195728, -7.690723898867884323 ) ) ;
#3502 = DIRECTION ( 'NONE',  ( 0.000000000000000000, 0.000000000000000000, 1.000000000000000000 ) ) ;
#3503 = EDGE_CURVE ( 'NONE', #7142, #585, #1699, .T. ) ;
#3504 = EDGE_CURVE ( 'NONE', #2176, #4752, #7741, .T. ) ;
#3505 = AXIS2_PLACEMENT_3D ( 'NONE', #5810, #10508, #965 ) ;
#3506 = LINE ( 'NONE', #5210, #3061 ) ;
#3507 = B_SPLINE_CURVE_WITH_KNOTS ( 'NONE', 3,
 ( #1465, #5657, #6513, #2369 ),
 .UNSPECIFIED., .F., .F.,
 ( 4, 4 ),
 ( 2.034489221240999808E-07, 0.0001528154345942864679 ),
 .UNSPECIFIED. ) ;
#3508 = VERTEX_POINT ( 'NONE', #7802 ) ;
#3509 = CARTESIAN_POINT ( 'NONE',  ( 1.052800613502999916, -3.104852770111000027, -6.394705161486999856 ) ) ;
#3510 = VECTOR ( 'NONE', #9520, 1000.000000000000000 ) ;
#3511 = CARTESIAN_POINT ( 'NONE',  ( -0.8094030452727649649, 3.014981482868215767, -6.153311464251046914 ) ) ;
#3512 = CARTESIAN_POINT ( 'NONE',  ( 0.1739084733880000011, 2.696019786946000085, -4.438195806900999685 ) ) ;
#3513 = FACE_OUTER_BOUND ( 'NONE', #1401, .T. ) ;
#3514 = CARTESIAN_POINT ( 'NONE',  ( 3.115000000000001101, 0.4077526722111769475, -6.230002138717765092 ) ) ;
#3515 = VERTEX_POINT ( 'NONE', #10093 ) ;
#3516 = CARTESIAN_POINT ( 'NONE',  ( 0.000000000000000000, 0.000000000000000000, -4.070000000000005613 ) ) ;
#3517 = CARTESIAN_POINT ( 'NONE',  ( 2.325000000000000178, -1.898202538678397705E-16, -7.169999999999999929 ) ) ;
#3518 = VERTEX_POINT ( 'NONE', #3747 ) ;
#3519 = EDGE_CURVE ( 'NONE', #2401, #8321, #5339, .T. ) ;
#3520 = CARTESIAN_POINT ( 'NONE',  ( 0.000000000000000000, 0.000000000000000000, -4.370000000000000107 ) ) ;
#3521 = VECTOR ( 'NONE', #916, 1000.000000000000000 ) ;
#3522 = VECTOR ( 'NONE', #4397, 1000.000000000000000 ) ;
#3523 = CARTESIAN_POINT ( 'NONE',  ( 0.8042529771901999469, -2.679116335993000586, -4.721166661788999797 ) ) ;
#3524 = VERTEX_POINT ( 'NONE', #2953 ) ;
#3525 = CARTESIAN_POINT ( 'NONE',  ( -3.500000000000000000, 2.040000000000000036, 2.200000000000000178 ) ) ;
#3526 = DIRECTION ( 'NONE',  ( -0.7071067811865473507, 8.659560562354931626E-17, 0.7071067811865477948 ) ) ;
#3527 = CARTESIAN_POINT ( 'NONE',  ( 0.6529864083220315862, -0.1709788014541365753, -4.219999999999999751 ) ) ;
#3528 = DIRECTION ( 'NONE',  ( -0.4067366430757973217, -0.9135454576426021989, 0.000000000000000000 ) ) ;
#3529 = FACE_OUTER_BOUND ( 'NONE', #6160, .T. ) ;
#3530 = VECTOR ( 'NONE', #5089, 1000.000000000000000 ) ;
#3531 = CARTESIAN_POINT ( 'NONE',  ( -0.1264134477687045288, -0.6375889273060103557, -4.070000000000004725 ) ) ;
#3532 = B_SPLINE_CURVE_WITH_KNOTS ( 'NONE', 3,
 ( #791, #4934, #2494, #1763, #4022, #10549, #3241, #8237, #3295, #2344 ),
 .UNSPECIFIED., .F., .F.,
 ( 4, 2, 2, 2, 4 ),
 ( 0.000000000000000000, 0.2500000000000000000, 0.5000000000000000000, 0.7500000000000000000, 1.000000000000000000 ),
 .UNSPECIFIED. ) ;
#3533 = CARTESIAN_POINT ( 'NONE',  ( 3.040000000000000036, 2.540000000000000036, 2.450000000000000178 ) ) ;
#3534 = ORIENTED_EDGE ( 'NONE', *, *, #3908, .F. ) ;
#3535 = ADVANCED_FACE ( 'NONE', ( #1912 ), #293, .T. ) ;
#3536 = ORIENTED_EDGE ( 'NONE', *, *, #4177, .T. ) ;
#3537 = FACE_OUTER_BOUND ( 'NONE', #2115, .T. ) ;
#3538 = VECTOR ( 'NONE', #7135, 1000.000000000000000 ) ;
#3539 = CARTESIAN_POINT ( 'NONE',  ( -2.268666516965999936E-14, 0.000000000000000000, -9.000000000128238753 ) ) ;
#3540 = ORIENTED_EDGE ( 'NONE', *, *, #7250, .F. ) ;
#3541 = CARTESIAN_POINT ( 'NONE',  ( -1.887820988559000268, -2.088446813353999953, -5.432354348318000348 ) ) ;
#3542 = ORIENTED_EDGE ( 'NONE', *, *, #3857, .T. ) ;
#3543 = VECTOR ( 'NONE', #7395, 1000.000000000000000 ) ;
#3544 = CARTESIAN_POINT ( 'NONE',  ( 1.573755509965000021, 2.402107008934000199, -7.979630724228999661 ) ) ;
#3545 = CARTESIAN_POINT ( 'NONE',  ( -2.694266588254000006, -0.9938576882401000123, -7.624654680861699951 ) ) ;
#3546 = VERTEX_POINT ( 'NONE', #1207 ) ;
#3547 = FACE_OUTER_BOUND ( 'NONE', #9273, .T. ) ;
#3548 = CYLINDRICAL_SURFACE ( 'NONE', #9692, 2.325000000000000178 ) ;
#3549 = PRODUCT ( 'RP SMA29 JACK Pin_д╛хо', 'RP SMA29 JACK Pin_д╛хо', '', ( #8724 ) ) ;
#3550 = LINE ( 'NONE', #6756, #5055 ) ;
#3551 = ORIENTED_EDGE ( 'NONE', *, *, #9637, .F. ) ;
#3552 = VECTOR ( 'NONE', #5930, 1000.000000000000000 ) ;
#3553 = ORIENTED_EDGE ( 'NONE', *, *, #1502, .F. ) ;
#3554 = CARTESIAN_POINT ( 'NONE',  ( -1.144310340928100958E-15, 0.6199999999999965539, -3.469446951953614189E-15 ) ) ;
#3555 = CARTESIAN_POINT ( 'NONE',  ( 0.1441063982437062463, -0.6594379015382921816, -4.219999999999999751 ) ) ;
#3556 = ORIENTED_EDGE ( 'NONE', *, *, #10153, .T. ) ;
#3557 = FACE_OUTER_BOUND ( 'NONE', #7493, .T. ) ;
#3558 = CARTESIAN_POINT ( 'NONE',  ( -1.471267197420446537, 2.266845421922679016, -7.876346745330160104 ) ) ;
#3559 = DIRECTION ( 'NONE',  ( -1.000000000000000000, 0.000000000000000000, 0.000000000000000000 ) ) ;
#3560 = EDGE_CURVE ( 'NONE', #5942, #9593, #9164, .T. ) ;
#3561 = DIRECTION ( 'NONE',  ( -0.9945218953682724017, -0.1045284632676623249, 0.000000000000000000 ) ) ;
#3562 = VECTOR ( 'NONE', #5157, 1000.000000000000000 ) ;
#3563 = CARTESIAN_POINT ( 'NONE',  ( 0.000000000000000000, 0.000000000000000000, -3.919999999999999929 ) ) ;
#3564 = ORIENTED_EDGE ( 'NONE', *, *, #189, .F. ) ;
#3565 = CARTESIAN_POINT ( 'NONE',  ( -1.073762658793999902, -2.792253134432999939, -6.384181305398000106 ) ) ;
#3566 = EDGE_CURVE ( 'NONE', #2294, #8184, #1260, .T. ) ;
#3567 = VECTOR ( 'NONE', #9670, 999.9999999999998863 ) ;
#3568 = CYLINDRICAL_SURFACE ( 'NONE', #3162, 0.6750000000000000444 ) ;
#3569 = CARTESIAN_POINT ( 'NONE',  ( 1.536037890117823324, -2.665048484457202438, -3.300000000024283509 ) ) ;
#3570 = VERTEX_POINT ( 'NONE', #4730 ) ;
#3571 = LINE ( 'NONE', #6241, #3860 ) ;
#3572 = CARTESIAN_POINT ( 'NONE',  ( 2.970616663812407854, 0.7983310472888295317, -3.300000000024283953 ) ) ;
#3573 = ORIENTED_EDGE ( 'NONE', *, *, #8124, .T. ) ;
#3574 = DIRECTION ( 'NONE',  ( 0.000000000000000000, 0.000000000000000000, 1.000000000000000000 ) ) ;
#3575 = VECTOR ( 'NONE', #5284, 1000.000000000000114 ) ;
#3576 = CARTESIAN_POINT ( 'NONE',  ( 3.040000000000000036, 3.040000000000000036, 4.400000000000000355 ) ) ;
#3577 = CARTESIAN_POINT ( 'NONE',  ( 2.899147144061092529, -1.140409063750710050, -7.108049116101813780 ) ) ;
#3578 =( NAMED_UNIT ( * ) SI_UNIT ( $, .STERADIAN. ) SOLID_ANGLE_UNIT ( ) );
#3579 = EDGE_CURVE ( 'NONE', #4851, #528, #7987, .T. ) ;
#3580 = EDGE_CURVE ( 'NONE', #6761, #4983, #501, .T. ) ;
#3581 = CARTESIAN_POINT ( 'NONE',  ( -0.2245979712142722462, -0.6099637295171187468, -3.919999999999999929 ) ) ;
#3582 = CARTESIAN_POINT ( 'NONE',  ( 3.114920185941516984, -3.288210596454419226E-06, -4.947994892930606348 ) ) ;
#3584 = CARTESIAN_POINT ( 'NONE',  ( 0.6594379015382918485, 0.1441063982437089663, -3.919999999999999929 ) ) ;
#3583 = CIRCLE ( 'NONE', #701, 0.4500000000000000111 ) ;
#3585 = DIRECTION ( 'NONE',  ( -0.000000000000000000, -0.000000000000000000, -1.000000000000000000 ) ) ;
#3586 = CARTESIAN_POINT ( 'NONE',  ( 0.6500000000000000222, 7.960204194457795477E-17, -4.070000000000005613 ) ) ;
#3587 = EDGE_LOOP ( 'NONE', ( #10499, #4491, #734, #6616 ) ) ;
#3588 = CARTESIAN_POINT ( 'NONE',  ( 3.231380297383000144, -0.8640708758734000350, -7.790801399974999875 ) ) ;
#3589 = ORIENTED_EDGE ( 'NONE', *, *, #2956, .T. ) ;
#3590 = CARTESIAN_POINT ( 'NONE',  ( 0.008214020249530853274, -2.906133007542987201, -8.068793777937159462 ) ) ;
#3591 = CARTESIAN_POINT ( 'NONE',  ( 3.299999999999999822, -3.500000000000000000, 0.4999999999999750755 ) ) ;
#3592 = AXIS2_PLACEMENT_3D ( 'NONE', #9739, #7495, #8929 ) ;
#3593 = VECTOR ( 'NONE', #8147, 1000.000000000000000 ) ;
#3594 = CARTESIAN_POINT ( 'NONE',  ( 0.000000000000000000, -3.500000000000000000, 0.000000000000000000 ) ) ;
#3595 = EDGE_LOOP ( 'NONE', ( #2814, #9364, #365, #7855 ) ) ;
#3596 = EDGE_CURVE ( 'NONE', #629, #6648, #10291, .T. ) ;
#3597 = ADVANCED_FACE ( 'NONE', ( #4582, #56 ), #4785, .F. ) ;
#3598 = CARTESIAN_POINT ( 'NONE',  ( -2.677850387814999955, -0.8686745524344999803, -5.537750195985999824 ) ) ;
#3599 = ORIENTED_EDGE ( 'NONE', *, *, #7879, .F. ) ;
#3600 = EDGE_LOOP ( 'NONE', ( #7022, #6494, #4575, #7091 ) ) ;
#3601 = CARTESIAN_POINT ( 'NONE',  ( -1.600956317492000069, -2.384064684799000133, -7.581057881200999660 ) ) ;
#3602 = CARTESIAN_POINT ( 'NONE',  ( -0.5221405368133797964, -0.4277782834789953803, -4.219999999999999751 ) ) ;
#3603 = ORIENTED_EDGE ( 'NONE', *, *, #1804, .F. ) ;
#3604 = CARTESIAN_POINT ( 'NONE',  ( 3.299999999999999822, 3.500000000000000000, -1.300000000000000266 ) ) ;
#3605 = FACE_OUTER_BOUND ( 'NONE', #1061, .T. ) ;
#3606 = DIRECTION ( 'NONE',  ( 0.5877852522924769119, -0.8090169943749445647, 0.000000000000000000 ) ) ;
#3607 = ORIENTED_EDGE ( 'NONE', *, *, #10107, .T. ) ;
#3608 = ADVANCED_FACE ( 'NONE', ( #913 ), #6553, .T. ) ;
#3609 = ORIENTED_EDGE ( 'NONE', *, *, #6091, .T. ) ;
#3610 = DIRECTION ( 'NONE',  ( 0.000000000000000000, 0.000000000000000000, -1.000000000000000000 ) ) ;
#3611 = ORIENTED_EDGE ( 'NONE', *, *, #5720, .T. ) ;
#3612 = CARTESIAN_POINT ( 'NONE',  ( -1.331957077789892585, -2.370849572085358403, -8.284851455570105827 ) ) ;
#3613 = CARTESIAN_POINT ( 'NONE',  ( -2.049269968261860697, -1.814643418479087611, -7.682806561752928864 ) ) ;
#3614 = CARTESIAN_POINT ( 'NONE',  ( 3.114999999999999325, -0.4698306825075718729, -7.673781346403441006 ) ) ;
#3615 = ORIENTED_EDGE ( 'NONE', *, *, #7486, .T. ) ;
#3616 = CARTESIAN_POINT ( 'NONE',  ( -0.2896588691879000144, -3.193300476546999889, -6.441340542236000388 ) ) ;
#3617 = DIRECTION ( 'NONE',  ( -0.9945218953682728458, -0.1045284632676583558, 0.000000000000000000 ) ) ;
#3618 = CARTESIAN_POINT ( 'NONE',  ( -2.959669075155363593, 2.377313183749128806E-06, -4.684650336745185939 ) ) ;
#3619 = ORIENTED_EDGE ( 'NONE', *, *, #6776, .T. ) ;
#3620 = CARTESIAN_POINT ( 'NONE',  ( -0.3172521472106179519, 0.5673192003539562212, -4.070000000000005613 ) ) ;
#3621 = CARTESIAN_POINT ( 'NONE',  ( 3.115000000000001101, 0.4077523862377735453, -7.642122682580500204 ) ) ;
#3622 = B_SPLINE_CURVE_WITH_KNOTS ( 'NONE', 3,
 ( #3029, #9323, #6283, #2036, #9481, #9537, #7036, #425, #1437, #8726, #5257, #7765, #2241, #6117 ),
 .UNSPECIFIED., .F., .F.,
 ( 4, 2, 2, 2, 2, 2, 4 ),
 ( 0.000000000000000000, 0.0009101738470498883619, 0.001365260770574833193, 0.001820347694099778242, 0.002275434617624723290, 0.002730521541149668122, 0.003640695388199559086 ),
 .UNSPECIFIED. ) ;
#3623 = VERTEX_POINT ( 'NONE', #3414 ) ;
#3624 = DIRECTION ( 'NONE',  ( -1.000000000000000000, 0.000000000000000000, 0.000000000000000000 ) ) ;
#3625 = CARTESIAN_POINT ( 'NONE',  ( 2.337378588847661920, 1.347180772492114986, -3.299999999999999822 ) ) ;
#3626 = CARTESIAN_POINT ( 'NONE',  ( -2.131364252452000230, -2.275860674367999881, -5.015504575898000361 ) ) ;
#3627 = ORIENTED_EDGE ( 'NONE', *, *, #2092, .F. ) ;
#3628 = CARTESIAN_POINT ( 'NONE',  ( 0.5221405368133766878, 0.4277782834789994881, -3.919999999999999929 ) ) ;
#3629 = EDGE_CURVE ( 'NONE', #5201, #3308, #9659, .T. ) ;
#3630 = COLOUR_RGB ( '',1.000000000000000000, 0.8078431372549019773, 0.4980392156862745168 ) ;
#3631 = CARTESIAN_POINT ( 'NONE',  ( 2.499308824428190690, -1.858781851855845879, -7.137378359546249662 ) ) ;
#3632 = CARTESIAN_POINT ( 'NONE',  ( 0.3251505474397249351, -0.5724484814368460128, -4.119991299149684316 ) ) ;
#3633 = DIRECTION ( 'NONE',  ( -0.000000000000000000, -0.000000000000000000, -1.000000000000000000 ) ) ;
#3634 = CARTESIAN_POINT ( 'NONE',  ( 2.955580020467388991, 1.004752408890990267, -7.029382706352058641 ) ) ;
#3635 = DIRECTION ( 'NONE',  ( -0.000000000000000000, -0.000000000000000000, -1.000000000000000000 ) ) ;
#3636 = EDGE_LOOP ( 'NONE', ( #9089, #8568, #5324, #4489 ) ) ;
#3637 = EDGE_LOOP ( 'NONE', ( #2792, #7916, #583, #2689 ) ) ;
#3638 = EDGE_CURVE ( 'NONE', #3724, #2391, #5756, .T. ) ;
#3639 = EDGE_CURVE ( 'NONE', #9629, #6904, #8814, .T. ) ;
#3640 = CARTESIAN_POINT ( 'NONE',  ( 7.515449860883536442E-05, -2.905389506823560897, -8.069532911492895977 ) ) ;
#3641 = FACE_OUTER_BOUND ( 'NONE', #5124, .T. ) ;
#3642 = LINE ( 'NONE', #2071, #6755 ) ;
#3643 = ORIENTED_EDGE ( 'NONE', *, *, #4231, .T. ) ;
#3644 = VECTOR ( 'NONE', #633, 1000.000000000000114 ) ;
#3645 = CARTESIAN_POINT ( 'NONE',  ( 1.906165913473000018, 2.071716604022999952, -5.127072986474000338 ) ) ;
#3646 = ORIENTED_EDGE ( 'NONE', *, *, #7735, .F. ) ;
#3647 = CARTESIAN_POINT ( 'NONE',  ( 2.677134188761127742, 0.5206302886219822401, -4.565745275702021821 ) ) ;
#3648 = CARTESIAN_POINT ( 'NONE',  ( 0.03433023273111000112, -2.871523461191999971, -6.760417630965000590 ) ) ;
#3649 = DIRECTION ( 'NONE',  ( 0.6293203910498323950, 0.7771459614569750096, -0.000000000000000000 ) ) ;
#3650 = ORIENTED_EDGE ( 'NONE', *, *, #1505, .F. ) ;
#3651 = EDGE_CURVE ( 'NONE', #10389, #3658, #9152, .T. ) ;
#3652 = CYLINDRICAL_SURFACE ( 'NONE', #5058, 0.6750000000000000444 ) ;
#3653 = DIRECTION ( 'NONE',  ( -0.4999999999999998890, -0.8660254037844385966, 0.000000000000000000 ) ) ;
#3654 = CARTESIAN_POINT ( 'NONE',  ( -0.4487928534307999429, 0.5041923985042227052, -3.919999999999999929 ) ) ;
#3655 = CARTESIAN_POINT ( 'NONE',  ( -3.299999999999999822, 3.500000000000000000, -1.300000000000000266 ) ) ;
#3656 = VERTEX_POINT ( 'NONE', #9753 ) ;
#3657 = DIRECTION ( 'NONE',  ( 0.000000000000000000, -0.000000000000000000, 1.000000000000000000 ) ) ;
#3658 = VERTEX_POINT ( 'NONE', #1668 ) ;
#3659 = CARTESIAN_POINT ( 'NONE',  ( -0.6254863983062332045, 0.1768241090289901785, -3.919999999999999929 ) ) ;
#3660 = CARTESIAN_POINT ( 'NONE',  ( 0.8146492648008119009, -2.613795470250861008, -7.553779772701530781 ) ) ;
#3661 = PLANE ( 'NONE',  #6429 ) ;
#3662 = EDGE_CURVE ( 'NONE', #4770, #10389, #4092, .T. ) ;
#3663 = DIRECTION ( 'NONE',  ( 1.000000000000000000, 0.000000000000000000, 0.000000000000000000 ) ) ;
#3664 = AXIS2_PLACEMENT_3D ( 'NONE', #3176, #10482, #6589 ) ;
#3665 = ORIENTED_EDGE ( 'NONE', *, *, #19, .F. ) ;
#3666 = CARTESIAN_POINT ( 'NONE',  ( 2.653018490891000170, 0.8865544140990001543, -5.953198290327000208 ) ) ;
#3667 = EDGE_LOOP ( 'NONE', ( #4298, #5781, #6847, #1383 ) ) ;
#3668 = LINE ( 'NONE', #2934, #1820 ) ;
#3669 = DIRECTION ( 'NONE',  ( 0.000000000000000000, 0.000000000000000000, -1.000000000000000000 ) ) ;
#3670 = VERTEX_POINT ( 'NONE', #5002 ) ;
#3671 = AXIS2_PLACEMENT_3D ( 'NONE', #1331, #3766, #7032 ) ;
#3672 = DIRECTION ( 'NONE',  ( -0.000000000000000000, -0.000000000000000000, -1.000000000000000000 ) ) ;
#3673 = CARTESIAN_POINT ( 'NONE',  ( -0.6454470077100784575, 0.07679948071508034546, -3.919999999999999929 ) ) ;
#3674 = ORIENTED_EDGE ( 'NONE', *, *, #7128, .T. ) ;
#3675 = CARTESIAN_POINT ( 'NONE',  ( -2.424999999953100893, -2.055269133141599186E-16, -9.099999999982301802 ) ) ;
#3676 = CARTESIAN_POINT ( 'NONE',  ( 0.9002050567803000503, -2.817316108071000524, -5.513685519505999721 ) ) ;
#3677 = DIRECTION ( 'NONE',  ( -0.9986295347545736112, -0.05233595624294807430, 0.000000000000000000 ) ) ;
#3678 = ORIENTED_EDGE ( 'NONE', *, *, #105, .T. ) ;
#3679 = CARTESIAN_POINT ( 'NONE',  ( 0.2724947409330398806, -0.5901242379057441978, -4.070000000000004725 ) ) ;
#3680 = CARTESIAN_POINT ( 'NONE',  ( 2.142427264707119861, -2.261134287316047597, -7.157208008175588887 ) ) ;
#3681 = CARTESIAN_POINT ( 'NONE',  ( 3.020361805235999952, 0.9985508733571001327, -6.402137180980999709 ) ) ;
#3682 = CARTESIAN_POINT ( 'NONE',  ( 2.675000000010640644, 0.000000000000000000, -4.399999999918691174 ) ) ;
#3683 = DIRECTION ( 'NONE',  ( 0.2588190451025292882, -0.9659258262890659807, 0.000000000000000000 ) ) ;
#3684 = CARTESIAN_POINT ( 'NONE',  ( 0.5826313872945242389, 0.3408308473997891941, -4.219999999999999751 ) ) ;
#3685 = CYLINDRICAL_SURFACE ( 'NONE', #7254, 0.6350000000000000089 ) ;
#3686 = CARTESIAN_POINT ( 'NONE',  ( 0.000000000000000000, 0.000000000000000000, -4.070000000000005613 ) ) ;
#3687 = FACE_OUTER_BOUND ( 'NONE', #5710, .T. ) ;
#3688 = ORIENTED_EDGE ( 'NONE', *, *, #8213, .F. ) ;
#3689 = CARTESIAN_POINT ( 'NONE',  ( 3.124845337603999962, 1.193213238413000088, -7.720456832106999734 ) ) ;
#3690 = VECTOR ( 'NONE', #8037, 1000.000000000000000 ) ;
#3691 = VECTOR ( 'NONE', #8228, 1000.000000000000000 ) ;
#3692 = EDGE_CURVE ( 'NONE', #9415, #2116, #6240, .T. ) ;
#3693 = DIRECTION ( 'NONE',  ( 0.9986295347545744994, -0.05233595624293242016, 0.000000000000000000 ) ) ;
#3694 = ORIENTED_EDGE ( 'NONE', *, *, #7541, .T. ) ;
#3695 = VECTOR ( 'NONE', #836, 1000.000000000000000 ) ;
#3696 = AXIS2_PLACEMENT_3D ( 'NONE', #1399, #10444, #589 ) ;
#3697 = CARTESIAN_POINT ( 'NONE',  ( 1.906165913473000018, 2.071716604022999952, -5.080345311592999735 ) ) ;
#3698 = EDGE_CURVE ( 'NONE', #4290, #5877, #7614, .T. ) ;
#3699 = ADVANCED_FACE ( 'NONE', ( #7351 ), #6872, .T. ) ;
#3700 = ORIENTED_EDGE ( 'NONE', *, *, #1880, .T. ) ;
#3701 = ORIENTED_EDGE ( 'NONE', *, *, #3204, .F. ) ;
#3702 = CARTESIAN_POINT ( 'NONE',  ( -2.403873413757597000, -1.287471081208015455, -4.885397308350909462 ) ) ;
#3703 = CARTESIAN_POINT ( 'NONE',  ( 0.03433023273111000112, -2.871523461191999971, -6.807267634656000155 ) ) ;
#3704 = EDGE_LOOP ( 'NONE', ( #722, #3456, #3130, #3215 ) ) ;
#3705 = DIRECTION ( 'NONE',  ( 0.4067366430758022622, -0.9135454576425998674, -0.000000000000000000 ) ) ;
#3706 = VECTOR ( 'NONE', #5523, 1000.000000000000000 ) ;
#3707 = CARTESIAN_POINT ( 'NONE',  ( 1.568537711483294794, 2.721465694339865848, -5.421211418668984372 ) ) ;
#3708 = LINE ( 'NONE', #2185, #7953 ) ;
#3709 = DIRECTION ( 'NONE',  ( 0.9335804264972058508, -0.3583679495452896102, 0.000000000000000000 ) ) ;
#3710 = VERTEX_POINT ( 'NONE', #4459 ) ;
#3711 = EDGE_CURVE ( 'NONE', #1705, #2962, #10015, .T. ) ;
#3712 = EDGE_CURVE ( 'NONE', #7311, #5221, #9133, .T. ) ;
#3713 = AXIS2_PLACEMENT_3D ( 'NONE', #10114, #7082, #4561 ) ;
#3714 = CARTESIAN_POINT ( 'NONE',  ( 2.175148761691349186, -0.8214394615465205884, -7.170000000000000817 ) ) ;
#3715 = VERTEX_POINT ( 'NONE', #377 ) ;
#3716 = CARTESIAN_POINT ( 'NONE',  ( -0.2315967326876721966, 0.6162654426528384466, -4.119991299149685204 ) ) ;
#3717 = DIRECTION ( 'NONE',  ( -0.000000000000000000, -0.000000000000000000, -1.000000000000000000 ) ) ;
#3718 = DIRECTION ( 'NONE',  ( 0.000000000000000000, 0.000000000000000000, -1.000000000000000000 ) ) ;
#3719 = CARTESIAN_POINT ( 'NONE',  ( 3.115000000000000213, -0.5105577260334254186, -5.672461659357083796 ) ) ;
#3720 = LINE ( 'NONE', #6989, #2221 ) ;
#3721 = VECTOR ( 'NONE', #8075, 1000.000000000000000 ) ;
#3722 = ORIENTED_EDGE ( 'NONE', *, *, #7858, .F. ) ;
#3723 = CARTESIAN_POINT ( 'NONE',  ( -0.6248090233015000106, -2.890891364509000194, -5.572353692293000371 ) ) ;
#3724 = VERTEX_POINT ( 'NONE', #5208 ) ;
#3725 = ADVANCED_FACE ( 'NONE', ( #430 ), #3661, .T. ) ;
#3726 = ADVANCED_FACE ( 'NONE', ( #8410 ), #7613, .F. ) ;
#3727 = CYLINDRICAL_SURFACE ( 'NONE', #1308, 3.115000000000000213 ) ;
#3728 = CARTESIAN_POINT ( 'NONE',  ( 0.6088855764286592587, -0.2715115008446660205, -4.169991741848313893 ) ) ;
#3729 = CARTESIAN_POINT ( 'NONE',  ( -1.922238086848286898, 2.466497280127984304, -7.521388156164612759 ) ) ;
#3730 = CARTESIAN_POINT ( 'NONE',  ( 0.6529864083220319193, -0.1709788014541365198, -4.370000000000000107 ) ) ;
#3731 = CARTESIAN_POINT ( 'NONE',  ( -0.6182000847280649802, -0.2710233481495893382, -3.919999999999999929 ) ) ;
#3732 = ORIENTED_EDGE ( 'NONE', *, *, #6399, .T. ) ;
#3733 = CARTESIAN_POINT ( 'NONE',  ( 2.104084233568912055, -1.752753431421472996, -7.489266378175879701 ) ) ;
#3734 = CARTESIAN_POINT ( 'NONE',  ( -2.118931991674221305, 1.221276027350512106, -9.099999999932608219 ) ) ;
#3735 = DIRECTION ( 'NONE',  ( -1.000000000000000000, 0.000000000000000000, 0.000000000000000000 ) ) ;
#3736 = EDGE_LOOP ( 'NONE', ( #7067, #5998, #2172, #10267 ) ) ;
#3737 = VECTOR ( 'NONE', #6471, 1000.000000000000000 ) ;
#3738 = CARTESIAN_POINT ( 'NONE',  ( 0.03450974848226968233, -0.6657846630356352158, -4.169991741848313893 ) ) ;
#3739 = DIRECTION ( 'NONE',  ( -1.000000000000000000, 0.000000000000000000, 0.000000000000000000 ) ) ;
#3740 = SURFACE_SIDE_STYLE ('',( #4533 ) ) ;
#3741 = ADVANCED_FACE ( 'NONE', ( #4408 ), #6122, .T. ) ;
#3742 = CARTESIAN_POINT ( 'NONE',  ( 1.894659081149000057, -2.555377799652000181, -6.542826316715999901 ) ) ;
#3743 = DIRECTION ( 'NONE',  ( -0.7431448254773898032, -0.6691306063588631226, 0.000000000000000000 ) ) ;
#3744 = FACE_OUTER_BOUND ( 'NONE', #6856, .T. ) ;
#3745 = CARTESIAN_POINT ( 'NONE',  ( -0.6594379015382928477, -0.1441063982437038871, -4.219999999999999751 ) ) ;
#3746 = CARTESIAN_POINT ( 'NONE',  ( 0.03917339399606812461, 0.6738623340140247331, -3.919999999999999929 ) ) ;
#3747 = CARTESIAN_POINT ( 'NONE',  ( -0.6529864083220304760, 0.1709788014541409884, -4.219999999999999751 ) ) ;
#3748 = EDGE_LOOP ( 'NONE', ( #9466, #9324, #1323, #6077 ) ) ;
#3749 = AXIS2_PLACEMENT_3D ( 'NONE', #3423, #5821, #2519 ) ;
#3750 = CARTESIAN_POINT ( 'NONE',  ( 0.2710233481495782915, 0.6182000847280699762, -4.370000000000000107 ) ) ;
#3751 = DIRECTION ( 'NONE',  ( -1.000000000000000000, 0.000000000000000000, 0.000000000000000000 ) ) ;
#3752 = ORIENTED_EDGE ( 'NONE', *, *, #19, .T. ) ;
#3753 = AXIS2_PLACEMENT_3D ( 'NONE', #8320, #8372, #5824 ) ;
#3754 = EDGE_CURVE ( 'NONE', #5518, #107, #2280, .T. ) ;
#3755 = CARTESIAN_POINT ( 'NONE',  ( 2.685407225028999978, 0.8450243859295000215, -5.139013484380000385 ) ) ;
#3756 = ORIENTED_EDGE ( 'NONE', *, *, #22, .T. ) ;
#3757 = ORIENTED_EDGE ( 'NONE', *, *, #1868, .T. ) ;
#3758 = CARTESIAN_POINT ( 'NONE',  ( -0.5901242379057470844, 0.2724947409330335524, -4.070000000000004725 ) ) ;
#3759 = CARTESIAN_POINT ( 'NONE',  ( -0.8310590062181999471, -2.559778706507000123, -6.091028233035999939 ) ) ;
#3760 = B_SPLINE_CURVE_WITH_KNOTS ( 'NONE', 3,
 ( #4836, #4999, #4782, #9060, #8247, #8083 ),
 .UNSPECIFIED., .F., .F.,
 ( 4, 2, 4 ),
 ( 0.000000000000000000, 0.5000000000000000000, 1.000000000000000000 ),
 .UNSPECIFIED. ) ;
#3761 = ORIENTED_EDGE ( 'NONE', *, *, #3662, .T. ) ;
#3762 = CIRCLE ( 'NONE', #3436, 0.6750000000000000444 ) ;
#3763 = CARTESIAN_POINT ( 'NONE',  ( -0.6594379015382928477, -0.1441063982437038871, -4.219999999999999751 ) ) ;
#3764 = LINE ( 'NONE', #2277, #678 ) ;
#3765 = B_SPLINE_CURVE_WITH_KNOTS ( 'NONE', 3,
 ( #9183, #5117, #2680, #4267 ),
 .UNSPECIFIED., .F., .F.,
 ( 4, 4 ),
 ( 2.034489219669594607E-07, 0.0001528154345933398781 ),
 .UNSPECIFIED. ) ;
#3766 = DIRECTION ( 'NONE',  ( 0.3583679495452964381, 0.9335804264972032973, -0.000000000000000000 ) ) ;
#3767 = DIRECTION ( 'NONE',  ( -0.5000000000000106581, 0.8660254037844324904, 0.000000000000000000 ) ) ;
#3768 = EDGE_LOOP ( 'NONE', ( #82, #8546 ) ) ;
#3769 = EDGE_CURVE ( 'NONE', #9067, #4770, #6223, .T. ) ;
#3770 = CARTESIAN_POINT ( 'NONE',  ( -0.5041923985042210399, -0.4487928534308017192, -4.220000000000000639 ) ) ;
#3771 = ORIENTED_EDGE ( 'NONE', *, *, #7510, .F. ) ;
#3772 = DIRECTION ( 'NONE',  ( 0.000000000000000000, 0.000000000000000000, -1.000000000000000000 ) ) ;
#3773 = ORIENTED_EDGE ( 'NONE', *, *, #6778, .F. ) ;
#3774 = CARTESIAN_POINT ( 'NONE',  ( -0.2454910247048590621, 0.6287759193777686662, -4.219999999999999751 ) ) ;
#3775 = CARTESIAN_POINT ( 'NONE',  ( 2.188169573536999923, 1.552548634170999975, -4.427983133990999853 ) ) ;
#3776 = FACE_OUTER_BOUND ( 'NONE', #9859, .T. ) ;
#3777 = DIRECTION ( 'NONE',  ( 0.000000000000000000, -1.000000000000000000, -0.000000000000000000 ) ) ;
#3778 = AXIS2_PLACEMENT_3D ( 'NONE', #2528, #3435, #5774 ) ;
#3779 = EDGE_CURVE ( 'NONE', #7872, #10060, #5368, .T. ) ;
#3780 = EDGE_CURVE ( 'NONE', #7103, #3178, #9383, .T. ) ;
#3781 = ORIENTED_EDGE ( 'NONE', *, *, #5993, .T. ) ;
#3782 = B_SPLINE_CURVE_WITH_KNOTS ( 'NONE', 3,
 ( #3418, #6666, #9920, #2617, #5863, #5114, #221, #270, #6072, #7560 ),
 .UNSPECIFIED., .F., .F.,
 ( 4, 2, 2, 2, 4 ),
 ( 0.000000000000000000, 0.2499999999999998890, 0.4999999999999998890, 0.7500000000000000000, 1.000000000000000000 ),
 .UNSPECIFIED. ) ;
#3783 = EDGE_LOOP ( 'NONE', ( #426, #7817 ) ) ;
#3784 = DIRECTION ( 'NONE',  ( 0.000000000000000000, 0.000000000000000000, -1.000000000000000000 ) ) ;
#3785 = ORIENTED_EDGE ( 'NONE', *, *, #6778, .T. ) ;
#3786 = B_SPLINE_CURVE_WITH_KNOTS ( 'NONE', 3,
 ( #789, #2289, #4773, #8729 ),
 .UNSPECIFIED., .F., .F.,
 ( 4, 4 ),
 ( 1.182502168369732142E-06, 0.0001537944878401166493 ),
 .UNSPECIFIED. ) ;
#3787 = CARTESIAN_POINT ( 'NONE',  ( -0.4020945224431224929, 0.5107053896536019044, -3.919999999999999929 ) ) ;
#3788 = DIRECTION ( 'NONE',  ( 1.000000000000000000, 0.000000000000000000, 0.000000000000000000 ) ) ;
#3789 = ORIENTED_EDGE ( 'NONE', *, *, #6374, .T. ) ;
#3790 = CARTESIAN_POINT ( 'NONE',  ( -0.6521892349848632531, 0.1382365438067763852, -4.169991741848314781 ) ) ;
#3791 = CARTESIAN_POINT ( 'NONE',  ( 0.3501566811814889046, 2.674999999999982503, -3.300000000000000266 ) ) ;
#3792 = CARTESIAN_POINT ( 'NONE',  ( 0.1807776426294999961, 2.677687408660999857, -4.408516598422999699 ) ) ;
#3793 = ORIENTED_EDGE ( 'NONE', *, *, #8200, .T. ) ;
#3794 = CARTESIAN_POINT ( 'NONE',  ( -0.8432876305485841328, -2.589303008480928092, -4.699298212013770737 ) ) ;
#3795 = CARTESIAN_POINT ( 'NONE',  ( 0.07335240030992105920, -3.114272581245102423, -7.239950150903264436 ) ) ;
#3796 = FILL_AREA_STYLE_COLOUR ( '', #5483 ) ;
#3797 = CARTESIAN_POINT ( 'NONE',  ( 2.709389507879000014, 0.8957414488222000815, -6.579280593434999602 ) ) ;
#3798 = DIRECTION ( 'NONE',  ( 0.4067366430758123097, -0.9135454576425955375, 0.000000000000000000 ) ) ;
#3799 = LINE ( 'NONE', #8486, #461 ) ;
#3800 = DIRECTION ( 'NONE',  ( -0.000000000000000000, -0.000000000000000000, -1.000000000000000000 ) ) ;
#3801 = ORIENTED_EDGE ( 'NONE', *, *, #10154, .F. ) ;
#3802 = EDGE_CURVE ( 'NONE', #1050, #2720, #9860, .T. ) ;
#3803 = CARTESIAN_POINT ( 'NONE',  ( -2.674999999968370901, 3.275930187680408181E-16, -9.000000000000001776 ) ) ;
#3804 = CARTESIAN_POINT ( 'NONE',  ( 0.4770359960578690606, -0.4415163173259586404, -4.370000000000000107 ) ) ;
#3805 = ORIENTED_EDGE ( 'NONE', *, *, #8933, .F. ) ;
#3806 = ORIENTED_EDGE ( 'NONE', *, *, #3638, .T. ) ;
#3807 = CARTESIAN_POINT ( 'NONE',  ( 2.218034493352912584, 1.587083169431435570, -5.223852401745212148 ) ) ;
#3808 = CARTESIAN_POINT ( 'NONE',  ( -0.7247808835750999545, -2.589618726813000205, -6.086418607305000172 ) ) ;
#3809 = CARTESIAN_POINT ( 'NONE',  ( 0.5041923985042271461, -0.4487928534307946138, -4.219999999999999751 ) ) ;
#3810 = EDGE_LOOP ( 'NONE', ( #9146, #5495, #8787, #2598, #2698, #8227 ) ) ;
#3811 = DIRECTION ( 'NONE',  ( -0.000000000000000000, -0.000000000000000000, -1.000000000000000000 ) ) ;
#3812 = PRODUCT_DEFINITION_SHAPE ( 'NONE', 'NONE',  #10555 ) ;
#3813 = CARTESIAN_POINT ( 'NONE',  ( 0.07679948071507344820, 0.6454470077100792347, -4.070000000000005613 ) ) ;
#3814 = CARTESIAN_POINT ( 'NONE',  ( -0.5145359387602949086, -0.4106980766010061568, -4.119991299149684316 ) ) ;
#3815 = EDGE_LOOP ( 'NONE', ( #3347, #9936, #2771 ) ) ;
#3816 = EDGE_LOOP ( 'NONE', ( #7373, #8763, #9882, #285 ) ) ;
#3817 = CARTESIAN_POINT ( 'NONE',  ( 2.245079339568718968, -0.6131342774893031589, -7.170000000000000817 ) ) ;
#3818 = B_SPLINE_CURVE_WITH_KNOTS ( 'NONE', 3,
 ( #8524, #2880, #7837, #549 ),
 .UNSPECIFIED., .F., .F.,
 ( 4, 4 ),
 ( 1.081755672164007486E-06, 0.0001536937413444415307 ),
 .UNSPECIFIED. ) ;
#3819 = EDGE_LOOP ( 'NONE', ( #7024, #4946, #4346, #5872 ) ) ;
#3820 = LINE ( 'NONE', #3659, #3883 ) ;
#3821 = DIRECTION ( 'NONE',  ( -1.000000000000000000, 0.000000000000000000, 0.000000000000000000 ) ) ;
#3822 = CARTESIAN_POINT ( 'NONE',  ( -0.6629862630698564185, 0.07006679138115931571, -4.169991741848314781 ) ) ;
#3823 = CARTESIAN_POINT ( 'NONE',  ( -0.7306261413651029546, -3.070843472592890588, -5.856467478867916299 ) ) ;
#3824 = CIRCLE ( 'NONE', #1286, 0.6499999999999999112 ) ;
#3825 = DIRECTION ( 'NONE',  ( 0.000000000000000000, 0.000000000000000000, 1.000000000000000000 ) ) ;
#3826 = EDGE_CURVE ( 'NONE', #10100, #4502, #8616, .T. ) ;
#3827 = ORIENTED_EDGE ( 'NONE', *, *, #6638, .T. ) ;
#3828 = CONICAL_SURFACE ( 'NONE', #7233, 3.249999999979991117, 0.7853981633974482790 ) ;
#3829 = ORIENTED_EDGE ( 'NONE', *, *, #8124, .F. ) ;
#3830 = CARTESIAN_POINT ( 'NONE',  ( -0.5826313872945287908, 0.3408308473997812560, -4.220000000000000639 ) ) ;
#3831 = ADVANCED_FACE ( 'NONE', ( #10290 ), #2982, .F. ) ;
#3832 = EDGE_CURVE ( 'NONE', #3623, #1597, #7876, .T. ) ;
#3833 = CARTESIAN_POINT ( 'NONE',  ( -0.3420265623157000001, -3.179938640159000407, -5.832181642525999798 ) ) ;
#3834 = LINE ( 'NONE', #9702, #7014 ) ;
#3835 = VERTEX_POINT ( 'NONE', #9590 ) ;
#3836 = CARTESIAN_POINT ( 'NONE',  ( -3.083988243823000186, 0.6971572287013999558, -7.956337275676998999 ) ) ;
#3837 = AXIS2_PLACEMENT_3D ( 'NONE', #9982, #7424, #2527 ) ;
#3838 = CARTESIAN_POINT ( 'NONE',  ( -0.2011445806482000109, 2.664926990677999985, -4.392468661139999675 ) ) ;
#3839 = ORIENTED_EDGE ( 'NONE', *, *, #8664, .T. ) ;
#3840 = CARTESIAN_POINT ( 'NONE',  ( -0.2139841950264805004, -2.714568821278682265, -6.084849687605149882 ) ) ;
#3841 = CARTESIAN_POINT ( 'NONE',  ( 2.016379617279899339, -2.374880177991649521, -7.163448215650046969 ) ) ;
#3842 = PRESENTATION_STYLE_ASSIGNMENT (( #7945 ) ) ;
#3843 = CARTESIAN_POINT ( 'NONE',  ( -1.824556712462999997, 2.403245860055000183, -6.983120862282000019 ) ) ;
#3844 = VECTOR ( 'NONE', #8017, 1000.000000000000000 ) ;
#3845 = CARTESIAN_POINT ( 'NONE',  ( -0.02511620569689576241, -0.6495145696682955716, -4.070000000000005613 ) ) ;
#3846 = CARTESIAN_POINT ( 'NONE',  ( -3.299999999999999822, -3.500000000000000000, 0.5000000000000000000 ) ) ;
#3847 = ADVANCED_FACE ( 'NONE', ( #3087 ), #7138, .F. ) ;
#3848 = DIRECTION ( 'NONE',  ( -1.000000000000000000, 0.000000000000000000, 0.000000000000000000 ) ) ;
#3849 = ORIENTED_EDGE ( 'NONE', *, *, #715, .T. ) ;
#3850 = AXIS2_PLACEMENT_3D ( 'NONE', #10472, #773, #84 ) ;
#3851 = AXIS2_PLACEMENT_3D ( 'NONE', #9912, #3301, #9108 ) ;
#3852 = DIRECTION ( 'NONE',  ( -0.000000000000000000, -0.000000000000000000, -1.000000000000000000 ) ) ;
#3853 = DIRECTION ( 'NONE',  ( 0.000000000000000000, 0.000000000000000000, -1.000000000000000000 ) ) ;
#3854 = CARTESIAN_POINT ( 'NONE',  ( -0.2724947409330356618, 0.5901242379057460852, -4.370000000000000107 ) ) ;
#3855 = ORIENTED_EDGE ( 'NONE', *, *, #6185, .T. ) ;
#3856 = ADVANCED_FACE ( 'NONE', ( #1285 ), #2139, .F. ) ;
#3857 = EDGE_CURVE ( 'NONE', #6966, #4545, #1642, .T. ) ;
#3858 = CIRCLE ( 'NONE', #1152, 0.6750000000000000444 ) ;
#3859 = EDGE_LOOP ( 'NONE', ( #9683, #7384, #9344, #3354 ) ) ;
#3860 = VECTOR ( 'NONE', #10251, 1000.000000000000114 ) ;
#3861 = CARTESIAN_POINT ( 'NONE',  ( 0.03586470894126495695, -2.726958101298129655, -5.468292191418456127 ) ) ;
#3862 = CARTESIAN_POINT ( 'NONE',  ( -2.736715364825999863, -0.8703763703022999731, -6.197661088022999643 ) ) ;
#3863 = VERTEX_POINT ( 'NONE', #7975 ) ;
#3864 = CARTESIAN_POINT ( 'NONE',  ( 0.4951829272113478786, 0.4463787728736491878, -4.169991741848314781 ) ) ;
#3865 = DIRECTION ( 'NONE',  ( 0.9986295347545736112, 0.05233595624294806736, 0.000000000000000000 ) ) ;
#3866 = LINE ( 'NONE', #6275, #4859 ) ;
#3867 = AXIS2_PLACEMENT_3D ( 'NONE', #8508, #1278, #475 ) ;
#3868 = CARTESIAN_POINT ( 'NONE',  ( -0.000000000000000000, 0.000000000000000000, -4.370000000000000107 ) ) ;
#3869 = AXIS2_PLACEMENT_3D ( 'NONE', #4705, #9529, #7964 ) ;
#3870 = B_SPLINE_CURVE_WITH_KNOTS ( 'NONE', 3,
 ( #7027, #2025, #1219, #4493, #414, #7754, #3647, #5297, #2858, #5244, #1381, #2177, #469, #10275, #10325, #3015, #8500, #3702, #6969, #5349, #8607, #2964, #6905, #5408, #1324, #4601, #6215, #9467, #6269, #3807, #7068, #9523, #2230, #8714, #1428, #4651, #616, #3861, #7429, #6684, #6738, #83, #2641, #3329, #6796, #8334, #2745, #7535, #9202, #137, #6578, #9891, #2697, #1802, #4228, #9836, #1859, #1914, #9143, #9251, #938, #1048, #240, #9986, #4975 ),
 .UNSPECIFIED., .F., .F.,
 ( 4, 2, 2, 2, 2, 2, 2, 2, 2, 2, 2, 2, 2, 2, 2, 2, 1, 2, 2, 2, 2, 2, 2, 2, 2, 2, 2, 2, 2, 2, 2, 2, 4 ),
 ( 0.000000000000000000, 0.03125000000000000000, 0.06250000000000000000, 0.09375000000000000000, 0.1250000000000000000, 0.1562500000000000000, 0.1875000000000000000, 0.2187500000000000000, 0.2500000000000000000, 0.2812500000000000000, 0.3125000000000000000, 0.3437500000000000000, 0.3750000000000000000, 0.4062500000000000000, 0.4375000000000000000, 0.4687500000000000000, 0.5000000000000000000, 0.5312500000000000000, 0.5625000000000000000, 0.5937500000000000000, 0.6250000000000000000, 0.6562500000000000000, 0.6875000000000000000, 0.7187500000000000000, 0.7500000000000000000, 0.7812500000000000000, 0.8125000000000000000, 0.8437500000000000000, 0.8750000000000000000, 0.9062500000000000000, 0.9375000000000000000, 0.9687500000000000000, 1.000000000000000000 ),
 .UNSPECIFIED. ) ;
#3871 = DIRECTION ( 'NONE',  ( -1.000000000000000000, 0.000000000000000000, 0.000000000000000000 ) ) ;
#3872 = EDGE_LOOP ( 'NONE', ( #320, #8246, #7625, #4380 ) ) ;
#3873 = ORIENTED_EDGE ( 'NONE', *, *, #5663, .F. ) ;
#3874 = DIRECTION ( 'NONE',  ( -1.000000000000000000, 0.000000000000000000, 0.000000000000000000 ) ) ;
#3875 = ORIENTED_EDGE ( 'NONE', *, *, #8298, .T. ) ;
#3876 = DIRECTION ( 'NONE',  ( -0.000000000000000000, -0.000000000000000000, -1.000000000000000000 ) ) ;
#3877 = VECTOR ( 'NONE', #2122, 1000.000000000000000 ) ;
#3878 = CARTESIAN_POINT ( 'NONE',  ( 0.5402312602579569800, 0.3614556479571172654, -4.370000000000000107 ) ) ;
#3879 = LINE ( 'NONE', #10289, #5293 ) ;
#3880 = CARTESIAN_POINT ( 'NONE',  ( 3.040000000000000036, -2.040000000000000036, 2.200000000000000178 ) ) ;
#3881 = CARTESIAN_POINT ( 'NONE',  ( -0.7034684785789783179, 2.645295527963910764, -6.500060995444614242 ) ) ;
#3882 = EDGE_LOOP ( 'NONE', ( #5721, #8019, #7568, #370 ) ) ;
#3883 = VECTOR ( 'NONE', #10339, 1000.000000000000000 ) ;
#3884 = ORIENTED_EDGE ( 'NONE', *, *, #1867, .F. ) ;
#3885 = EDGE_CURVE ( 'NONE', #1126, #654, #3932, .T. ) ;
#3886 = DIRECTION ( 'NONE',  ( 0.000000000000000000, 0.000000000000000000, -1.000000000000000000 ) ) ;
#3887 = ORIENTED_EDGE ( 'NONE', *, *, #6203, .F. ) ;
#3888 = PLANE ( 'NONE',  #9176 ) ;
#3889 = CARTESIAN_POINT ( 'NONE',  ( 3.043515949920000629, 0.6032781276829000117, -5.710359547016000015 ) ) ;
#3890 = CARTESIAN_POINT ( 'NONE',  ( -0.6287759193777677780, -0.2454910247048614491, -4.219999999999999751 ) ) ;
#3891 = VECTOR ( 'NONE', #3311, 1000.000000000000000 ) ;
#3892 = CARTESIAN_POINT ( 'NONE',  ( 3.089873957637999879, -1.228072346093999956, -7.709638671990999725 ) ) ;
#3893 = PLANE ( 'NONE',  #6766 ) ;
#3894 = CARTESIAN_POINT ( 'NONE',  ( 3.144151900867000027, 0.9287593512591000300, -4.810664496228000075 ) ) ;
#3895 = ADVANCED_FACE ( 'NONE', ( #3034 ), #5315, .F. ) ;
#3896 = ORIENTED_EDGE ( 'NONE', *, *, #4656, .F. ) ;
#3897 = CARTESIAN_POINT ( 'NONE',  ( 2.521442209727386974, -1.028585337527505805, -5.942741843955647418 ) ) ;
#3898 = CARTESIAN_POINT ( 'NONE',  ( 0.1076605169013735569, -3.113239646273266104, -7.238710312779243594 ) ) ;
#3899 = CIRCLE ( 'NONE', #4914, 0.6750000000000000444 ) ;
#3900 = CARTESIAN_POINT ( 'NONE',  ( -0.07418134916837000603, 3.180280779083000109, -6.964893723923000657 ) ) ;
#3901 = CARTESIAN_POINT ( 'NONE',  ( 2.737908709625000103, -0.6552425489598999730, -4.587118933481000305 ) ) ;
#3902 = LINE ( 'NONE', #7110, #7561 ) ;
#3903 = CARTESIAN_POINT ( 'NONE',  ( -1.914168386248727316, 2.490993765823097839, -5.403978558865078163 ) ) ;
#3904 = CARTESIAN_POINT ( 'NONE',  ( -0.3408308473997834209, 0.5826313872945276806, -4.370000000000000107 ) ) ;
#3905 = CARTESIAN_POINT ( 'NONE',  ( -2.674999999999999822, 3.275930187719169848E-16, -9.020088802850999343 ) ) ;
#3906 = VERTEX_POINT ( 'NONE', #6175 ) ;
#3907 = VECTOR ( 'NONE', #7377, 999.9999999999998863 ) ;
#3908 = EDGE_CURVE ( 'NONE', #8622, #4911, #1595, .T. ) ;
#3909 = CARTESIAN_POINT ( 'NONE',  ( -0.2195329661705398006, -3.152626042305080478, -7.860096307751973654 ) ) ;
#3910 = EDGE_CURVE ( 'NONE', #6648, #3999, #486, .T. ) ;
#3911 = EDGE_CURVE ( 'NONE', #7699, #8637, #5573, .T. ) ;
#3912 = FACE_OUTER_BOUND ( 'NONE', #1982, .T. ) ;
#3913 = CARTESIAN_POINT ( 'NONE',  ( 2.477642070404468377, -1.925788627576983325, -7.845617669882967604 ) ) ;
#3914 = ORIENTED_EDGE ( 'NONE', *, *, #8526, .F. ) ;
#3915 = VECTOR ( 'NONE', #5947, 1000.000000000000000 ) ;
#3916 = ORIENTED_EDGE ( 'NONE', *, *, #7408, .T. ) ;
#3917 = DIRECTION ( 'NONE',  ( -0.000000000000000000, -0.000000000000000000, -1.000000000000000000 ) ) ;
#3918 = VERTEX_POINT ( 'NONE', #7281 ) ;
#3919 = PLANE ( 'NONE',  #1374 ) ;
#3920 = AXIS2_PLACEMENT_3D ( 'NONE', #10205, #400, #512 ) ;
#3921 = EDGE_CURVE ( 'NONE', #9357, #5554, #9688, .T. ) ;
#3922 =( LENGTH_UNIT ( ) NAMED_UNIT ( * ) SI_UNIT ( .MILLI., .METRE. ) );
#3923 = CARTESIAN_POINT ( 'NONE',  ( -0.6099637295171179696, 0.2245979712142745777, -4.070000000000005613 ) ) ;
#3924 = ORIENTED_EDGE ( 'NONE', *, *, #2198, .T. ) ;
#3925 = EDGE_LOOP ( 'NONE', ( #1555, #3849, #672, #8556 ) ) ;
#3926 = CARTESIAN_POINT ( 'NONE',  ( 0.000000000000000000, 0.000000000000000000, -7.086186982385999755 ) ) ;
#3927 = VERTEX_POINT ( 'NONE', #8025 ) ;
#3928 = DIRECTION ( 'NONE',  ( 0.000000000000000000, 0.000000000000000000, 1.000000000000000000 ) ) ;
#3929 = CIRCLE ( 'NONE', #7326, 0.6500000000000000222 ) ;
#3930 = CARTESIAN_POINT ( 'NONE',  ( 0.000000000000000000, 0.000000000000000000, -3.919999999999999929 ) ) ;
#3931 = DIRECTION ( 'NONE',  ( -1.000000000000000000, 0.000000000000000000, 0.000000000000000000 ) ) ;
#3932 = LINE ( 'NONE', #687, #4521 ) ;
#3933 = EDGE_CURVE ( 'NONE', #5518, #6316, #4825, .T. ) ;
#3934 = ORIENTED_EDGE ( 'NONE', *, *, #8850, .T. ) ;
#3935 = EDGE_LOOP ( 'NONE', ( #8734, #2012, #4127, #4396 ) ) ;
#3936 = LINE ( 'NONE', #7193, #5725 ) ;
#3937 = CARTESIAN_POINT ( 'NONE',  ( -1.646812967107914583, 2.559093911774826147, -4.755760921824554899 ) ) ;
#3938 = ORIENTED_EDGE ( 'NONE', *, *, #3060, .T. ) ;
#3939 = CARTESIAN_POINT ( 'NONE',  ( 3.119001477888000196, -0.9563655318349000289, -5.677293500904999846 ) ) ;
#3940 = DIRECTION ( 'NONE',  ( 0.000000000000000000, 0.000000000000000000, -1.000000000000000000 ) ) ;
#3941 = CARTESIAN_POINT ( 'NONE',  ( 2.726772257962000623, 1.600544202218999956, -8.224715547146999484 ) ) ;
#3942 = PRODUCT_RELATED_PRODUCT_CATEGORY ( 'part', '', ( #6975 ) ) ;
#3943 = CARTESIAN_POINT ( 'NONE',  ( -0.5826313872945265704, -0.3408308473997855859, -4.370000000000000107 ) ) ;
#3944 = ORIENTED_EDGE ( 'NONE', *, *, #2957, .F. ) ;
#3945 = CARTESIAN_POINT ( 'NONE',  ( 2.436771704601970789, -1.216220638210443239, -4.539426887907026753 ) ) ;
#3946 = AXIS2_PLACEMENT_3D ( 'NONE', #2785, #2739, #4375 ) ;
#3947 = CARTESIAN_POINT ( 'NONE',  ( -1.093928771863494021, -2.916272406181111165, -7.282401812973068544 ) ) ;
#3948 = CARTESIAN_POINT ( 'NONE',  ( -0.7861248413393999712, -2.713943605779999935, -6.028759628716000130 ) ) ;
#3949 = CARTESIAN_POINT ( 'NONE',  ( -1.924362569741000062, -2.054825256007999812, -4.728336274868000011 ) ) ;
#3950 = CARTESIAN_POINT ( 'NONE',  ( 2.770000000000000018, 2.770000000000000018, 0.5000000000000000000 ) ) ;
#3951 = CARTESIAN_POINT ( 'NONE',  ( -2.490542328783130532, 1.913924663208995680, -5.374572824990796249 ) ) ;
#3952 = CARTESIAN_POINT ( 'NONE',  ( 0.000000000000000000, 0.000000000000000000, -11.36999999999999922 ) ) ;
#3953 = CARTESIAN_POINT ( 'NONE',  ( -2.169155300308598378, 0.8371466128651657845, -7.169999999999998153 ) ) ;
#3954 = ORIENTED_EDGE ( 'NONE', *, *, #9733, .T. ) ;
#3955 = EDGE_CURVE ( 'NONE', #9057, #379, #5546, .T. ) ;
#3956 = DIRECTION ( 'NONE',  ( 0.000000000000000000, 0.000000000000000000, 1.000000000000000000 ) ) ;
#3957 = DIRECTION ( 'NONE',  ( -0.7431448254773853623, -0.6691306063588681186, -0.000000000000000000 ) ) ;
#3958 = CARTESIAN_POINT ( 'NONE',  ( 3.064955785000636812, -0.5943413053288739700, -7.793327560763999351 ) ) ;
#3959 = ORIENTED_EDGE ( 'NONE', *, *, #7950, .T. ) ;
#3960 = EDGE_CURVE ( 'NONE', #9402, #7236, #3532, .T. ) ;
#3961 = ADVANCED_FACE ( 'NONE', ( #6492 ), #7336, .F. ) ;
#3962 = DIRECTION ( 'NONE',  ( -1.000000000000000000, 0.000000000000000000, 0.000000000000000000 ) ) ;
#3963 = ORIENTED_EDGE ( 'NONE', *, *, #10498, .T. ) ;
#3964 = CARTESIAN_POINT ( 'NONE',  ( 0.1160033368605000031, -3.342896879851999792, -7.228044857035000881 ) ) ;
#3965 = CARTESIAN_POINT ( 'NONE',  ( -3.500000000000000000, 3.299999999999999822, -0.4000000000000000222 ) ) ;
#3966 = DIRECTION ( 'NONE',  ( 0.000000000000000000, 0.000000000000000000, 1.000000000000000000 ) ) ;
#3967 = CARTESIAN_POINT ( 'NONE',  ( 0.6375889273060109108, -0.1264134477687020308, -4.070000000000005613 ) ) ;
#3968 = DIRECTION ( 'NONE',  ( -0.000000000000000000, -0.000000000000000000, -1.000000000000000000 ) ) ;
#3969 = ORIENTED_EDGE ( 'NONE', *, *, #1743, .T. ) ;
#3970 = CARTESIAN_POINT ( 'NONE',  ( -2.131199112842562471, -0.9296718538266393050, -7.170000000000002593 ) ) ;
#3971 = ORIENTED_EDGE ( 'NONE', *, *, #8795, .T. ) ;
#3972 = ADVANCED_FACE ( 'NONE', ( #738 ), #5940, .T. ) ;
#3973 = PLANE ( 'NONE',  #6894 ) ;
#3974 = CARTESIAN_POINT ( 'NONE',  ( 0.1441063982437063573, -0.6594379015382925147, -4.370000000000000107 ) ) ;
#3975 = CARTESIAN_POINT ( 'NONE',  ( -1.195517069874999949, -2.511375151578000509, -8.270078382471000467 ) ) ;
#3976 = CARTESIAN_POINT ( 'NONE',  ( 0.000000000000000000, 0.000000000000000000, -4.070000000000005613 ) ) ;
#3977 = VECTOR ( 'NONE', #8592, 1000.000000000000000 ) ;
#3978 = ORIENTED_EDGE ( 'NONE', *, *, #4737, .F. ) ;
#3979 = FACE_OUTER_BOUND ( 'NONE', #4485, .T. ) ;
#3980 = ORIENTED_EDGE ( 'NONE', *, *, #8614, .T. ) ;
#3981 = CARTESIAN_POINT ( 'NONE',  ( 2.049999999999999822, -1.004210375300829378E-16, -7.169999999999999929 ) ) ;
#3982 = EDGE_CURVE ( 'NONE', #5877, #333, #10494, .T. ) ;
#3983 = EDGE_CURVE ( 'NONE', #4194, #8253, #5620, .T. ) ;
#3984 = CARTESIAN_POINT ( 'NONE',  ( -1.504586898979000109, -2.341850681363999875, -5.443982602513999680 ) ) ;
#3985 = FACE_OUTER_BOUND ( 'NONE', #3237, .T. ) ;
#3986 = CARTESIAN_POINT ( 'NONE',  ( -0.3172521472106138996, -0.5673192003539585526, -4.070000000000005613 ) ) ;
#3987 = CARTESIAN_POINT ( 'NONE',  ( 2.166428089532999923, 2.302954873496999788, -7.486675300604001215 ) ) ;
#3988 = VECTOR ( 'NONE', #6490, 1000.000000000000114 ) ;
#3989 = DIRECTION ( 'NONE',  ( -1.000000000000000000, 0.000000000000000000, 0.000000000000000000 ) ) ;
#3990 = EDGE_LOOP ( 'NONE', ( #6488, #9258, #3243, #8916 ) ) ;
#3991 = CARTESIAN_POINT ( 'NONE',  ( 0.05072327238872195720, 2.722628529087991911, -5.019040860227531375 ) ) ;
#3992 = CARTESIAN_POINT ( 'NONE',  ( 1.672723304370358210, -2.627692755082622789, -7.178755379622955957 ) ) ;
#3993 =( NAMED_UNIT ( * ) PLANE_ANGLE_UNIT ( ) SI_UNIT ( $, .RADIAN. ) );
#3994 = DIRECTION ( 'NONE',  ( -0.000000000000000000, -0.000000000000000000, -1.000000000000000000 ) ) ;
#3995 = CARTESIAN_POINT ( 'NONE',  ( 0.000000000000000000, 0.000000000000000000, -4.219999999999999751 ) ) ;
#3996 = CARTESIAN_POINT ( 'NONE',  ( 2.721473697988192164, 1.568604687505351869, -5.595115829048022071 ) ) ;
#3997 = DIRECTION ( 'NONE',  ( -0.000000000000000000, -0.000000000000000000, -1.000000000000000000 ) ) ;
#3998 = CARTESIAN_POINT ( 'NONE',  ( -2.175148761691349186, 0.8214394615465205884, -7.170000000000000817 ) ) ;
#3999 = VERTEX_POINT ( 'NONE', #1635 ) ;
#4000 = DIRECTION ( 'NONE',  ( -0.000000000000000000, -0.000000000000000000, -1.000000000000000000 ) ) ;
#4001 = DIRECTION ( 'NONE',  ( -1.000000000000000000, 0.000000000000000000, 0.000000000000000000 ) ) ;
#4002 = CONICAL_SURFACE ( 'NONE', #5714, 0.6750000000000000444, 0.1651486774146336267 ) ;
#4003 = LINE ( 'NONE', #8816, #7075 ) ;
#4004 = ORIENTED_EDGE ( 'NONE', *, *, #4903, .F. ) ;
#4005 = VERTEX_POINT ( 'NONE', #889 ) ;
#4006 = VECTOR ( 'NONE', #402, 1000.000000000000000 ) ;
#4007 = AXIS2_PLACEMENT_3D ( 'NONE', #6309, #6408, #2471 ) ;
#4008 = ORIENTED_EDGE ( 'NONE', *, *, #9712, .T. ) ;
#4009 = CARTESIAN_POINT ( 'NONE',  ( 0.7231082921183319412, -2.881470855156772704, -8.003811439554180396 ) ) ;
#4010 = FILL_AREA_STYLE ('',( #8063 ) ) ;
#4011 = EDGE_CURVE ( 'NONE', #4502, #10100, #5379, .T. ) ;
#4012 = VECTOR ( 'NONE', #6479, 1000.000000000000000 ) ;
#4013 = VECTOR ( 'NONE', #4466, 1000.000000000000000 ) ;
#4014 = CARTESIAN_POINT ( 'NONE',  ( 2.040000000000000036, -2.770000000000000018, 0.5000000000000000000 ) ) ;
#4015 = ORIENTED_EDGE ( 'NONE', *, *, #1170, .F. ) ;
#4016 = ORIENTED_EDGE ( 'NONE', *, *, #7867, .F. ) ;
#4017 = CARTESIAN_POINT ( 'NONE',  ( -2.046589589804743703, -1.108970980405645124, -7.169999999999999929 ) ) ;
#4018 = VERTEX_POINT ( 'NONE', #7322 ) ;
#4019 = CARTESIAN_POINT ( 'NONE',  ( 2.049999999999999822, 0.000000000000000000, 0.000000000000000000 ) ) ;
#4020 = DIRECTION ( 'NONE',  ( -0.000000000000000000, -0.000000000000000000, -1.000000000000000000 ) ) ;
#4021 = FACE_OUTER_BOUND ( 'NONE', #8174, .T. ) ;
#4022 = CARTESIAN_POINT ( 'NONE',  ( 2.253781581634220377, -1.615666024727164141, -8.222936677133438010 ) ) ;
#4023 = ORIENTED_EDGE ( 'NONE', *, *, #3335, .F. ) ;
#4024 = CARTESIAN_POINT ( 'NONE',  ( -0.6454470077100784575, 0.07679948071508034546, -3.919999999999999929 ) ) ;
#4025 = VECTOR ( 'NONE', #4844, 1000.000000000000000 ) ;
#4026 = DIRECTION ( 'NONE',  ( -0.7071067811865474617, 8.659560562354932858E-17, 0.7071067811865474617 ) ) ;
#4027 = CIRCLE ( 'NONE', #3366, 0.6750000000000000444 ) ;
#4028 = ORIENTED_EDGE ( 'NONE', *, *, #8614, .F. ) ;
#4029 = ADVANCED_FACE ( 'NONE', ( #2383, #4120 ), #2431, .T. ) ;
#4030 = CIRCLE ( 'NONE', #10004, 0.6500000000000000222 ) ;
#4031 = CARTESIAN_POINT ( 'NONE',  ( 3.094371149572578528, 0.4116736368874053809, -6.344696763559038999 ) ) ;
#4032 = LINE ( 'NONE', #2202, #4181 ) ;
#4033 = ORIENTED_EDGE ( 'NONE', *, *, #6839, .F. ) ;
#4034 = CARTESIAN_POINT ( 'NONE',  ( 1.639317026916268683, -1.259820775948575777, -7.170000000000000817 ) ) ;
#4035 = CARTESIAN_POINT ( 'NONE',  ( 1.115419813623000023, 2.723574405949999999, -5.688007420339999953 ) ) ;
#4036 = CARTESIAN_POINT ( 'NONE',  ( -0.1499999999999982181, 0.000000000000000000, 2.299999999999999822 ) ) ;
#4037 = CARTESIAN_POINT ( 'NONE',  ( -1.914316081620249577, 2.490959907442790833, -6.700705696806005918 ) ) ;
#4038 = CARTESIAN_POINT ( 'NONE',  ( -2.924830735532999881, 0.6611785547759000403, -7.867563040024999843 ) ) ;
#4039 = AXIS2_PLACEMENT_3D ( 'NONE', #1983, #6870, #7609 ) ;
#4040 = DIRECTION ( 'NONE',  ( -0.000000000000000000, 0.000000000000000000, 1.000000000000000000 ) ) ;
#4041 = VERTEX_POINT ( 'NONE', #4809 ) ;
#4042 = ADVANCED_FACE ( 'NONE', ( #1694 ), #8117, .T. ) ;
#4043 = EDGE_CURVE ( 'NONE', #2962, #5978, #9776, .T. ) ;
#4044 = CARTESIAN_POINT ( 'NONE',  ( -0.6495145696682954606, -0.02511620569689803142, -4.370000000000000107 ) ) ;
#4045 = CARTESIAN_POINT ( 'NONE',  ( -1.896989904742248489, -2.471223024745190511, -7.316100744817718216 ) ) ;
#4046 = FACE_OUTER_BOUND ( 'NONE', #6919, .T. ) ;
#4047 = CARTESIAN_POINT ( 'NONE',  ( 2.046319111109000666, -1.933405004274000305, -4.645787106268000066 ) ) ;
#4048 = DIRECTION ( 'NONE',  ( -0.000000000000000000, -0.000000000000000000, -1.000000000000000000 ) ) ;
#4049 = DIRECTION ( 'NONE',  ( 1.000000000000000000, 0.000000000000000000, 0.000000000000000000 ) ) ;
#4050 = VECTOR ( 'NONE', #373, 1000.000000000000000 ) ;
#4051 = DIRECTION ( 'NONE',  ( 0.8386705679454169449, 0.5446390350150380755, 0.000000000000000000 ) ) ;
#4052 = CARTESIAN_POINT ( 'NONE',  ( 3.040000000000000036, -2.540000000000000036, 4.400000000000000355 ) ) ;
#4053 = ORIENTED_EDGE ( 'NONE', *, *, #1529, .F. ) ;
#4054 = CARTESIAN_POINT ( 'NONE',  ( 2.490962323276952439, -1.914312882813555161, -7.024208733557918194 ) ) ;
#4055 = AXIS2_PLACEMENT_3D ( 'NONE', #125, #178, #7474 ) ;
#4056 = EDGE_CURVE ( 'NONE', #3927, #1160, #802, .T. ) ;
#4057 = LINE ( 'NONE', #9025, #6418 ) ;
#4058 = CARTESIAN_POINT ( 'NONE',  ( 0.000000000000000000, 0.000000000000000000, -4.219999999999999751 ) ) ;
#4059 = VERTEX_POINT ( 'NONE', #4860 ) ;
#4060 = DIRECTION ( 'NONE',  ( 0.000000000000000000, 0.000000000000000000, -1.000000000000000000 ) ) ;
#4061 = EDGE_LOOP ( 'NONE', ( #5340, #10544, #775, #5682 ) ) ;
#4062 = ORIENTED_EDGE ( 'NONE', *, *, #6456, .T. ) ;
#4063 = VECTOR ( 'NONE', #8450, 1000.000000000000000 ) ;
#4064 = CARTESIAN_POINT ( 'NONE',  ( 3.500000000000000000, 3.299999999999999822, 0.5000000000000000000 ) ) ;
#4065 = ORIENTED_EDGE ( 'NONE', *, *, #7701, .T. ) ;
#4066 = CARTESIAN_POINT ( 'NONE',  ( 0.5901242379057433096, 0.2724947409330416570, -4.070000000000004725 ) ) ;
#4067 = CARTESIAN_POINT ( 'NONE',  ( -0.2720018533266513883, 0.5995290936948521887, -4.119991299149684316 ) ) ;
#4068 = LINE ( 'NONE', #7327, #4546 ) ;
#4069 = EDGE_CURVE ( 'NONE', #4626, #5944, #7374, .T. ) ;
#4070 = AXIS2_PLACEMENT_3D ( 'NONE', #407, #7644, #8494 ) ;
#4071 = DIRECTION ( 'NONE',  ( 0.000000000000000000, 0.000000000000000000, -1.000000000000000000 ) ) ;
#4072 = VERTEX_POINT ( 'NONE', #7217 ) ;
#4073 = ORIENTED_EDGE ( 'NONE', *, *, #3175, .T. ) ;
#4074 = DIRECTION ( 'NONE',  ( -0.000000000000000000, -0.000000000000000000, -1.000000000000000000 ) ) ;
#4075 = VERTEX_POINT ( 'NONE', #832 ) ;
#4076 = DIRECTION ( 'NONE',  ( -1.000000000000000000, 0.000000000000000000, 0.000000000000000000 ) ) ;
#4077 = CYLINDRICAL_SURFACE ( 'NONE', #1739, 0.6750000000000000444 ) ;
#4078 = DIRECTION ( 'NONE',  ( -1.000000000000000000, 0.000000000000000000, 0.000000000000000000 ) ) ;
#4079 = PLANE ( 'NONE',  #5595 ) ;
#4080 = VERTEX_POINT ( 'NONE', #1581 ) ;
#4081 = VECTOR ( 'NONE', #4376, 1000.000000000000000 ) ;
#4082 = FACE_OUTER_BOUND ( 'NONE', #7150, .T. ) ;
#4083 = EDGE_CURVE ( 'NONE', #3355, #1218, #3173, .T. ) ;
#4084 = ORIENTED_EDGE ( 'NONE', *, *, #3268, .F. ) ;
#4085 = ORIENTED_EDGE ( 'NONE', *, *, #7314, .T. ) ;
#4086 = VECTOR ( 'NONE', #6467, 1000.000000000000227 ) ;
#4087 = PLANE ( 'NONE',  #3851 ) ;
#4088 = ORIENTED_EDGE ( 'NONE', *, *, #1316, .T. ) ;
#4089 = CYLINDRICAL_SURFACE ( 'NONE', #7125, 0.6500000000000000222 ) ;
#4090 = CARTESIAN_POINT ( 'NONE',  ( -3.071590710108000000, -0.4384813006170000249, -4.657414264054000164 ) ) ;
#4091 = DIRECTION ( 'NONE',  ( 0.7771459614569798946, -0.6293203910498265108, 0.000000000000000000 ) ) ;
#4092 = LINE ( 'NONE', #4895, #460 ) ;
#4093 = EDGE_CURVE ( 'NONE', #7276, #3518, #7933, .T. ) ;
#4094 = EDGE_CURVE ( 'NONE', #3095, #4983, #7483, .T. ) ;
#4095 = CARTESIAN_POINT ( 'NONE',  ( 2.563784828094000101, -2.117189208950000179, -7.038692993314000113 ) ) ;
#4096 = AXIS2_PLACEMENT_3D ( 'NONE', #2456, #3359, #4256 ) ;
#4097 = ORIENTED_EDGE ( 'NONE', *, *, #9626, .T. ) ;
#4098 = LINE ( 'NONE', #170, #7438 ) ;
#4099 = CARTESIAN_POINT ( 'NONE',  ( -3.012664160379460387, -0.8059125391236485747, -7.389565322639791489 ) ) ;
#4100 =( NAMED_UNIT ( * ) PLANE_ANGLE_UNIT ( ) SI_UNIT ( $, .RADIAN. ) );
#4101 = DIRECTION ( 'NONE',  ( -0.000000000000000000, -0.000000000000000000, -1.000000000000000000 ) ) ;
#4102 = DIRECTION ( 'NONE',  ( -1.000000000000000000, 0.000000000000000000, 0.000000000000000000 ) ) ;
#4103 = DIRECTION ( 'NONE',  ( 0.2079116908177585654, 0.9781476007338057999, 0.000000000000000000 ) ) ;
#4104 = DIRECTION ( 'NONE',  ( -1.000000000000000000, 0.000000000000000000, 0.000000000000000000 ) ) ;
#4105 = AXIS2_PLACEMENT_3D ( 'NONE', #9901, #5844, #9097 ) ;
#4106 = DIRECTION ( 'NONE',  ( -1.000000000000000000, 0.000000000000000000, 0.000000000000000000 ) ) ;
#4107 = CARTESIAN_POINT ( 'NONE',  ( 0.7869742874000770216, 2.187886496405834880, -7.170000000000000817 ) ) ;
#4108 = ORIENTED_EDGE ( 'NONE', *, *, #3779, .F. ) ;
#4109 = EDGE_CURVE ( 'NONE', #8468, #3715, #9489, .T. ) ;
#4110 = EDGE_CURVE ( 'NONE', #5668, #214, #9838, .T. ) ;
#4111 = AXIS2_PLACEMENT_3D ( 'NONE', #8220, #1909, #7531 ) ;
#4112 = CARTESIAN_POINT ( 'NONE',  ( 3.500000000000000000, 0.000000000000000000, -0.4000000000000000222 ) ) ;
#4113 = CARTESIAN_POINT ( 'NONE',  ( 0.000000000000000000, 0.000000000000000000, -3.919999999999999929 ) ) ;
#4114 = CARTESIAN_POINT ( 'NONE',  ( 0.000000000000000000, 0.000000000000000000, -4.370000000000000107 ) ) ;
#4115 = CARTESIAN_POINT ( 'NONE',  ( 0.000000000000000000, -0.000000000000000000, -4.370000000000000107 ) ) ;
#4116 = LINE ( 'NONE', #5775, #8848 ) ;
#4117 = CARTESIAN_POINT ( 'NONE',  ( 0.1731876257854000067, -3.012470710236999860, -8.108633948162001559 ) ) ;
#4118 = EDGE_CURVE ( 'NONE', #5621, #8144, #2534, .T. ) ;
#4119 = EDGE_CURVE ( 'NONE', #4140, #3835, #1532, .T. ) ;
#4120 = FACE_OUTER_BOUND ( 'NONE', #2603, .T. ) ;
#4121 = VERTEX_POINT ( 'NONE', #2327 ) ;
#4122 = DIRECTION ( 'NONE',  ( 0.9335804264971987454, 0.3583679495453081509, -0.000000000000000000 ) ) ;
#4123 = FACE_OUTER_BOUND ( 'NONE', #5616, .T. ) ;
#4124 = FACE_OUTER_BOUND ( 'NONE', #2, .T. ) ;
#4125 = CYLINDRICAL_SURFACE ( 'NONE', #3664, 0.6750000000000000444 ) ;
#4126 = VERTEX_POINT ( 'NONE', #5565 ) ;
#4127 = ORIENTED_EDGE ( 'NONE', *, *, #5914, .T. ) ;
#4128 = B_SPLINE_CURVE_WITH_KNOTS ( 'NONE', 3,
 ( #2243, #9380, #9429, #2135 ),
 .UNSPECIFIED., .F., .F.,
 ( 4, 4 ),
 ( 2.034489219220365125E-07, 0.0001528154345930491222 ),
 .UNSPECIFIED. ) ;
#4129 = ORIENTED_EDGE ( 'NONE', *, *, #7225, .T. ) ;
#4130 = DIRECTION ( 'NONE',  ( 0.000000000000000000, 0.000000000000000000, 1.000000000000000000 ) ) ;
#4131 = CYLINDRICAL_SURFACE ( 'NONE', #193, 0.6750000000000000444 ) ;
#4132 = CARTESIAN_POINT ( 'NONE',  ( -2.093915658759000209, -1.690752291766000059, -8.320791846993001784 ) ) ;
#4133 = LINE ( 'NONE', #10492, #7968 ) ;
#4134 = VERTEX_POINT ( 'NONE', #10046 ) ;
#4135 = CARTESIAN_POINT ( 'NONE',  ( 0.1709788014541342160, 0.6529864083220325854, -4.370000000000000107 ) ) ;
#4136 = LINE ( 'NONE', #6653, #8803 ) ;
#4137 = AXIS2_PLACEMENT_3D ( 'NONE', #2417, #9014, #1784 ) ;
#4138 = CARTESIAN_POINT ( 'NONE',  ( 3.014547908007779498, 0.8106225415945120805, -6.330522991081064532 ) ) ;
#4139 = CARTESIAN_POINT ( 'NONE',  ( 0.3172521472106099583, 0.5673192003539606620, -4.370000000000000107 ) ) ;
#4140 = VERTEX_POINT ( 'NONE', #6800 ) ;
#4141 = DIRECTION ( 'NONE',  ( 0.000000000000000000, 0.000000000000000000, 1.000000000000000000 ) ) ;
#4142 = CARTESIAN_POINT ( 'NONE',  ( -2.913592963474000097, -0.4159265190783000277, -4.745898482952999764 ) ) ;
#4143 = FACE_OUTER_BOUND ( 'NONE', #1267, .T. ) ;
#4144 = EDGE_CURVE ( 'NONE', #1326, #6333, #6101, .T. ) ;
#4145 = CARTESIAN_POINT ( 'NONE',  ( 0.000000000000000000, -0.000000000000000000, -4.370000000000000107 ) ) ;
#4146 = VECTOR ( 'NONE', #3968, 1000.000000000000000 ) ;
#4147 = CARTESIAN_POINT ( 'NONE',  ( -0.4224864292744999750, 3.298027720143999808, -6.770314721843000427 ) ) ;
#4148 = LINE ( 'NONE', #12, #6931 ) ;
#4149 = AXIS2_PLACEMENT_3D ( 'NONE', #5763, #6622, #9877 ) ;
#4150 = EDGE_CURVE ( 'NONE', #8027, #6293, #2171, .T. ) ;
#4151 = CARTESIAN_POINT ( 'NONE',  ( -2.440785387393765493, -1.934873429662209654, -7.343181600872062731 ) ) ;
#4152 = DIRECTION ( 'NONE',  ( 1.000000000000000000, 0.000000000000000000, 0.000000000000000000 ) ) ;
#4153 = ADVANCED_FACE ( 'NONE', ( #2117 ), #4359, .T. ) ;
#4154 = LINE ( 'NONE', #63, #3891 ) ;
#4155 = DIRECTION ( 'NONE',  ( -0.9781476007338080203, 0.2079116908177481848, -0.000000000000000000 ) ) ;
#4156 = PLANE ( 'NONE',  #4149 ) ;
#4157 = DIRECTION ( 'NONE',  ( 0.000000000000000000, 1.000000000000000000, -0.000000000000000000 ) ) ;
#4158 = DIRECTION ( 'NONE',  ( -0.000000000000000000, 1.000000000000000000, 0.000000000000000000 ) ) ;
#4159 = LINE ( 'NONE', #6726, #8522 ) ;
#4160 = ORIENTED_EDGE ( 'NONE', *, *, #1211, .F. ) ;
#4161 = AXIS2_PLACEMENT_3D ( 'NONE', #3032, #4020, #8680 ) ;
#4162 = DIRECTION ( 'NONE',  ( 0.000000000000000000, 0.000000000000000000, 1.000000000000000000 ) ) ;
#4163 = DIRECTION ( 'NONE',  ( -0.000000000000000000, -0.000000000000000000, -1.000000000000000000 ) ) ;
#4164 = ADVANCED_FACE ( 'NONE', ( #356 ), #7749, .F. ) ;
#4165 = CYLINDRICAL_SURFACE ( 'NONE', #3837, 2.674999999999999822 ) ;
#4166 = VERTEX_POINT ( 'NONE', #9361 ) ;
#4167 = DIRECTION ( 'NONE',  ( -0.1564344650402420822, 0.9876883405951358830, 0.000000000000000000 ) ) ;
#4168 = EDGE_CURVE ( 'NONE', #5850, #2432, #2959, .T. ) ;
#4169 = CARTESIAN_POINT ( 'NONE',  ( -2.043591244077000077E-14, 0.000000000000000000, -9.099999999875763024 ) ) ;
#4170 = VERTEX_POINT ( 'NONE', #2797 ) ;
#4171 = CARTESIAN_POINT ( 'NONE',  ( 1.781274731157764579, 2.555365989631950718, -4.839913058324501804 ) ) ;
#4172 = CARTESIAN_POINT ( 'NONE',  ( -1.256160156471000100, -2.638750281759000060, -8.164553593514000340 ) ) ;
#4173 = ORIENTED_EDGE ( 'NONE', *, *, #6444, .F. ) ;
#4174 = LINE ( 'NONE', #3965, #10516 ) ;
#4175 = VECTOR ( 'NONE', #894, 1000.000000000000114 ) ;
#4176 = CARTESIAN_POINT ( 'NONE',  ( -0.2454910247048547323, -0.6287759193777705535, -4.220000000000000639 ) ) ;
#4177 = EDGE_CURVE ( 'NONE', #8987, #10437, #6900, .T. ) ;
#4178 = EDGE_CURVE ( 'NONE', #3656, #4281, #9305, .T. ) ;
#4179 = CARTESIAN_POINT ( 'NONE',  ( 0.5704320967256000241, 2.756825256507999811, -5.725695212255000222 ) ) ;
#4180 = VERTEX_POINT ( 'NONE', #1319 ) ;
#4181 = VECTOR ( 'NONE', #3094, 1000.000000000000000 ) ;
#4182 = ORIENTED_EDGE ( 'NONE', *, *, #2296, .F. ) ;
#4183 = CARTESIAN_POINT ( 'NONE',  ( 0.000000000000000000, 0.000000000000000000, -4.370000000000000107 ) ) ;
#4184 = CARTESIAN_POINT ( 'NONE',  ( -2.271612929159317197E-14, -2.574999999961028241, -9.100000000023147351 ) ) ;
#4185 = CARTESIAN_POINT ( 'NONE',  ( 2.992891226499378110, 0.9985605771432902733, -4.911919827696439533 ) ) ;
#4186 = CARTESIAN_POINT ( 'NONE',  ( 0.000000000000000000, 0.000000000000000000, -3.919999999999999929 ) ) ;
#4187 = VERTEX_POINT ( 'NONE', #6208 ) ;
#4188 = CARTESIAN_POINT ( 'NONE',  ( 3.115000000000000213, 0.000000000000000000, -7.086186982385999755 ) ) ;
#4189 = DIRECTION ( 'NONE',  ( -0.000000000000000000, -0.000000000000000000, -1.000000000000000000 ) ) ;
#4190 = AXIS2_PLACEMENT_3D ( 'NONE', #1473, #719, #7117 ) ;
#4191 = CIRCLE ( 'NONE', #8794, 0.6500000000000000222 ) ;
#4192 = ORIENTED_EDGE ( 'NONE', *, *, #7850, .F. ) ;
#4193 = EDGE_CURVE ( 'NONE', #6993, #9846, #5344, .T. ) ;
#4194 = VERTEX_POINT ( 'NONE', #7645 ) ;
#4195 = CARTESIAN_POINT ( 'NONE',  ( -0.5402312602579596446, -0.3614556479571132686, -4.370000000000000107 ) ) ;
#4196 = B_SPLINE_CURVE_WITH_KNOTS ( 'NONE', 3,
 ( #6443, #9690, #3402, #1818 ),
 .UNSPECIFIED., .F., .F.,
 ( 4, 4 ),
 ( 0.000000000000000000, 1.000000000000000000 ),
 .UNSPECIFIED. ) ;
#4197 = DIRECTION ( 'NONE',  ( 0.8090169943749507819, -0.5877852522924684742, 0.000000000000000000 ) ) ;
#4198 = ORIENTED_EDGE ( 'NONE', *, *, #10384, .F. ) ;
#4199 = FACE_BOUND ( 'NONE', #7728, .T. ) ;
#4200 = VECTOR ( 'NONE', #8376, 1000.000000000000000 ) ;
#4201 = CARTESIAN_POINT ( 'NONE',  ( 2.533718932887000008, -1.497416614285999925, -4.468807619015000121 ) ) ;
#4202 = DIRECTION ( 'NONE',  ( -0.7071067812322229251, 0.000000000000000000, -0.7071067811408721093 ) ) ;
#4203 = CIRCLE ( 'NONE', #9833, 0.6750000000000000444 ) ;
#4204 = CARTESIAN_POINT ( 'NONE',  ( 0.4106980766009969974, 0.5145359387603023471, -4.119991299149685204 ) ) ;
#4205 = CARTESIAN_POINT ( 'NONE',  ( 2.482941990153999967, 1.369241686247000045, -6.638181150621999649 ) ) ;
#4206 = AXIS2_PLACEMENT_3D ( 'NONE', #257, #6913, #10164 ) ;
#4207 = DIRECTION ( 'NONE',  ( 0.000000000000000000, 0.000000000000000000, 1.000000000000000000 ) ) ;
#4208 = VECTOR ( 'NONE', #3777, 1000.000000000000000 ) ;
#4209 = EDGE_CURVE ( 'NONE', #7657, #7019, #4694, .T. ) ;
#4210 = CARTESIAN_POINT ( 'NONE',  ( -3.114667032586175388, -0.08846415560862967709, -7.415295237692437702 ) ) ;
#4211 =( NAMED_UNIT ( * ) SI_UNIT ( $, .STERADIAN. ) SOLID_ANGLE_UNIT ( ) );
#4212 = CARTESIAN_POINT ( 'NONE',  ( -0.07342445647675048537, 0.6542392464464339419, -4.119991299149685204 ) ) ;
#4213 = CARTESIAN_POINT ( 'NONE',  ( 0.4349999999999996092, 0.000000000000000000, -11.36999999999999922 ) ) ;
#4214 = PLANE ( 'NONE',  #9775 ) ;
#4215 = CARTESIAN_POINT ( 'NONE',  ( 0.000000000000000000, 0.000000000000000000, -4.070000000000005613 ) ) ;
#4216 = DIRECTION ( 'NONE',  ( -0.000000000000000000, -0.000000000000000000, -1.000000000000000000 ) ) ;
#4217 = CARTESIAN_POINT ( 'NONE',  ( 2.270585933323383543, 0.5807474691576207659, -7.169999999999999929 ) ) ;
#4218 = EDGE_LOOP ( 'NONE', ( #9426, #8834, #4648, #6102 ) ) ;
#4219 = AXIS2_PLACEMENT_3D ( 'NONE', #5645, #1556, #8890 ) ;
#4220 = CARTESIAN_POINT ( 'NONE',  ( 0.2164811447863026483, -2.681334694486222858, -8.285036700701009948 ) ) ;
#4221 = CYLINDRICAL_SURFACE ( 'NONE', #6302, 0.2000000000000000944 ) ;
#4222 = DIRECTION ( 'NONE',  ( -1.000000000000000000, 0.000000000000000000, 0.000000000000000000 ) ) ;
#4223 = CARTESIAN_POINT ( 'NONE',  ( -2.605335635139494954, 1.502817238868404015, -7.992510202616643689 ) ) ;
#4224 = CARTESIAN_POINT ( 'NONE',  ( 0.000000000000000000, 0.000000000000000000, -4.370000000000000107 ) ) ;
#4225 = VECTOR ( 'NONE', #8459, 1000.000000000000000 ) ;
#4226 = CARTESIAN_POINT ( 'NONE',  ( -0.5673192003539572204, 0.3172521472106159535, -4.370000000000000107 ) ) ;
#4227 = CARTESIAN_POINT ( 'NONE',  ( -0.4073043956684336830, 3.095052463419564415, -6.874630714308195500 ) ) ;
#4228 = CARTESIAN_POINT ( 'NONE',  ( 2.535365316517924850, 1.005315154308749737, -5.957171770765175012 ) ) ;
#4229 = ORIENTED_EDGE ( 'NONE', *, *, #314, .F. ) ;
#4230 = ADVANCED_FACE ( 'NONE', ( #2905 ), #7021, .F. ) ;
#4231 = EDGE_CURVE ( 'NONE', #4539, #1629, #1965, .T. ) ;
#4232 = CARTESIAN_POINT ( 'NONE',  ( -1.062159939555746169, -2.593312989999291496, -8.172463638913427530 ) ) ;
#4233 = CIRCLE ( 'NONE', #3221, 0.6750000000000000444 ) ;
#4234 = CARTESIAN_POINT ( 'NONE',  ( 0.07679948071507344820, 0.6454470077100792347, -4.070000000000005613 ) ) ;
#4235 = CARTESIAN_POINT ( 'NONE',  ( -0.6099637295171164153, -0.2245979712142789353, -3.919999999999999929 ) ) ;
#4236 = CARTESIAN_POINT ( 'NONE',  ( -2.096751086634999872, 1.878593375804000098, -5.608358866680000610 ) ) ;
#4237 = CARTESIAN_POINT ( 'NONE',  ( 0.000000000000000000, 0.000000000000000000, -3.919999999999999929 ) ) ;
#4238 = CIRCLE ( 'NONE', #1715, 0.6500000000000001332 ) ;
#4239 = ORIENTED_EDGE ( 'NONE', *, *, #89, .F. ) ;
#4240 = ORIENTED_EDGE ( 'NONE', *, *, #2231, .F. ) ;
#4241 = DIRECTION ( 'NONE',  ( -0.000000000000000000, -0.000000000000000000, -1.000000000000000000 ) ) ;
#4242 = CARTESIAN_POINT ( 'NONE',  ( -1.600956317492000069, -2.384064684799000133, -7.674757888581999588 ) ) ;
#4243 = DIRECTION ( 'NONE',  ( -0.000000000000000000, -0.000000000000000000, -1.000000000000000000 ) ) ;
#4244 = ORIENTED_EDGE ( 'NONE', *, *, #854, .T. ) ;
#4245 = EDGE_CURVE ( 'NONE', #5688, #9379, #5405, .T. ) ;
#4246 = LINE ( 'NONE', #7599, #6420 ) ;
#4247 = DIRECTION ( 'NONE',  ( -1.000000000000000000, 0.000000000000000000, 0.000000000000000000 ) ) ;
#4248 = AXIS2_PLACEMENT_3D ( 'NONE', #185, #4972, #5833 ) ;
#4249 = CARTESIAN_POINT ( 'NONE',  ( -0.1264134477687045288, -0.6375889273060103557, -3.919999999999999929 ) ) ;
#4250 = EDGE_LOOP ( 'NONE', ( #7584, #7037 ) ) ;
#4251 = VERTEX_POINT ( 'NONE', #5187 ) ;
#4252 = DIRECTION ( 'NONE',  ( -1.000000000000000000, 0.000000000000000000, 0.000000000000000000 ) ) ;
#4253 = ORIENTED_EDGE ( 'NONE', *, *, #8068, .F. ) ;
#4254 = DIRECTION ( 'NONE',  ( -0.000000000000000000, -0.000000000000000000, -1.000000000000000000 ) ) ;
#4255 = CARTESIAN_POINT ( 'NONE',  ( -0.6426493560938000282, 2.708329403167999860, -5.000637220214000145 ) ) ;
#4256 = DIRECTION ( 'NONE',  ( 0.4999999999999998890, 0.8660254037844385966, 0.000000000000000000 ) ) ;
#4257 = CARTESIAN_POINT ( 'NONE',  ( 0.000000000000000000, 0.000000000000000000, -3.919999999999999929 ) ) ;
#4258 = EDGE_CURVE ( 'NONE', #4603, #3710, #1157, .T. ) ;
#4259 = CARTESIAN_POINT ( 'NONE',  ( -1.026103720769000027, -3.162687767546000117, -7.172882129050001332 ) ) ;
#4260 = ORIENTED_EDGE ( 'NONE', *, *, #7889, .T. ) ;
#4261 = MECHANICAL_DESIGN_GEOMETRIC_PRESENTATION_REPRESENTATION (  '', ( #8858 ), #10236 ) ;
#4262 = CARTESIAN_POINT ( 'NONE',  ( -0.1441063982436970592, -0.6594379015382944020, -4.220000000000000639 ) ) ;
#4263 = CARTESIAN_POINT ( 'NONE',  ( -2.576663634821342974, -1.750648673840208502, -7.351489169190722706 ) ) ;
#4264 = CARTESIAN_POINT ( 'NONE',  ( 2.055571442367707391, 2.349487246325633105, -6.264158379486643113 ) ) ;
#4265 = LINE ( 'NONE', #7563, #8777 ) ;
#4266 = CARTESIAN_POINT ( 'NONE',  ( 2.770000000000000018, -2.770000000000000018, 0.5000000000000000000 ) ) ;
#4267 = CARTESIAN_POINT ( 'NONE',  ( -0.6495145696682954606, -0.02511620569689803142, -4.070000000000004725 ) ) ;
#4268 = CARTESIAN_POINT ( 'NONE',  ( 0.000000000000000000, 0.000000000000000000, -4.070000000000005613 ) ) ;
#4269 = DIRECTION ( 'NONE',  ( -1.000000000000000000, 0.000000000000000000, 0.000000000000000000 ) ) ;
#4270 = ORIENTED_EDGE ( 'NONE', *, *, #1779, .T. ) ;
#4271 = CARTESIAN_POINT ( 'NONE',  ( -2.402804077628000190, 2.230441320020999818, -5.280009878527001099 ) ) ;
#4272 = CARTESIAN_POINT ( 'NONE',  ( 3.115000000000001101, -0.4077524200308440538, -5.553423712922875843 ) ) ;
#4273 = EDGE_LOOP ( 'NONE', ( #5825, #10042, #2579, #1076 ) ) ;
#4274 = CARTESIAN_POINT ( 'NONE',  ( -0.4277782834789938815, 0.5221405368133814617, -3.919999999999999929 ) ) ;
#4275 = CARTESIAN_POINT ( 'NONE',  ( -2.377002691562220438, 1.828442507959091801, -8.001820582476772969 ) ) ;
#4276 = DIRECTION ( 'NONE',  ( 0.000000000000000000, 0.000000000000000000, 1.000000000000000000 ) ) ;
#4277 = AXIS2_PLACEMENT_3D ( 'NONE', #2652, #202, #1814 ) ;
#4278 = CARTESIAN_POINT ( 'NONE',  ( -1.092234451389094030, -2.612229514966530441, -6.302365062534835971 ) ) ;
#4279 = DIRECTION ( 'NONE',  ( -0.7431448254773960205, 0.6691306063588562392, 0.000000000000000000 ) ) ;
#4280 = B_SPLINE_CURVE_WITH_KNOTS ( 'NONE', 3,
 ( #4366, #2777, #3572, #1298, #6833, #10080, #388, #6024, #5272, #1996 ),
 .UNSPECIFIED., .F., .F.,
 ( 4, 2, 2, 2, 4 ),
 ( 0.000000000000000000, 0.2500000000000000000, 0.5000000000000000000, 0.7500000000000000000, 1.000000000000000000 ),
 .UNSPECIFIED. ) ;
#4281 = VERTEX_POINT ( 'NONE', #2850 ) ;
#4282 = EDGE_CURVE ( 'NONE', #7215, #8939, #5294, .T. ) ;
#4283 = ORIENTED_EDGE ( 'NONE', *, *, #2867, .T. ) ;
#4284 = CIRCLE ( 'NONE', #1929, 0.6500000000000000222 ) ;
#4285 = PLANE ( 'NONE',  #9883 ) ;
#4286 = DIRECTION ( 'NONE',  ( 0.000000000000000000, 0.000000000000000000, -1.000000000000000000 ) ) ;
#4287 = CARTESIAN_POINT ( 'NONE',  ( -1.887820988559000268, -2.088446813353999953, -5.525809698080999866 ) ) ;
#4288 = EDGE_CURVE ( 'NONE', #9586, #9726, #1214, .T. ) ;
#4289 = EDGE_CURVE ( 'NONE', #5831, #3091, #3642, .T. ) ;
#4290 = VERTEX_POINT ( 'NONE', #301 ) ;
#4291 = ORIENTED_EDGE ( 'NONE', *, *, #6655, .F. ) ;
#4292 = CARTESIAN_POINT ( 'NONE',  ( -0.06696603032266000566, 2.870947771042999808, -7.252690481375999809 ) ) ;
#4293 = CARTESIAN_POINT ( 'NONE',  ( -1.788024291503000240, 2.247174795014999837, -7.765343816596701920 ) ) ;
#4294 = ORIENTED_EDGE ( 'NONE', *, *, #10512, .T. ) ;
#4295 = CARTESIAN_POINT ( 'NONE',  ( -0.5402312602579620870, 0.3614556479571094383, -4.070000000000004725 ) ) ;
#4296 = DIRECTION ( 'NONE',  ( -0.8660254037844387076, 0.4999999999999999445, 0.000000000000000000 ) ) ;
#4297 = FACE_OUTER_BOUND ( 'NONE', #6486, .T. ) ;
#4298 = ORIENTED_EDGE ( 'NONE', *, *, #8225, .F. ) ;
#4299 = EDGE_CURVE ( 'NONE', #2510, #7473, #2334, .T. ) ;
#4300 = CARTESIAN_POINT ( 'NONE',  ( 1.804961424576764006, 2.249675813414759862, -4.585115464148509012 ) ) ;
#4301 = ORIENTED_EDGE ( 'NONE', *, *, #60, .F. ) ;
#4302 = DIRECTION ( 'NONE',  ( 1.000000000000000000, 0.000000000000000000, 0.000000000000000000 ) ) ;
#4303 = CARTESIAN_POINT ( 'NONE',  ( -2.626408121008000141, -1.935142462019000087, -4.513511872368000333 ) ) ;
#4304 = FACE_OUTER_BOUND ( 'NONE', #7268, .T. ) ;
#4305 = CARTESIAN_POINT ( 'NONE',  ( -0.3602858137323999843, 2.812475190899999866, -6.503992014887000295 ) ) ;
#4306 = ORIENTED_EDGE ( 'NONE', *, *, #5802, .F. ) ;
#4307 = CARTESIAN_POINT ( 'NONE',  ( -3.207498383718999868, 0.6784467782138000613, -5.925359779187999720 ) ) ;
#4308 = EDGE_CURVE ( 'NONE', #9106, #9142, #4805, .T. ) ;
#4309 = DIRECTION ( 'NONE',  ( 0.9781476007338080203, -0.2079116908177482403, 0.000000000000000000 ) ) ;
#4310 = CARTESIAN_POINT ( 'NONE',  ( -2.040000000000000036, 2.770000000000000018, 4.400000000000000355 ) ) ;
#4311 = LINE ( 'NONE', #226, #2140 ) ;
#4312 = CARTESIAN_POINT ( 'NONE',  ( 0.5107053896536062343, -0.4020945224431168308, -4.070000000000005613 ) ) ;
#4313 = LINE ( 'NONE', #7523, #2837 ) ;
#4314 = CARTESIAN_POINT ( 'NONE',  ( 0.000000000000000000, 0.000000000000000000, -4.421999999999999709 ) ) ;
#4315 = ORIENTED_EDGE ( 'NONE', *, *, #9259, .F. ) ;
#4316 = VECTOR ( 'NONE', #6843, 1000.000000000000000 ) ;
#4317 = CARTESIAN_POINT ( 'NONE',  ( 0.9426171799867000267, -3.140033244640000110, -4.986669014590000337 ) ) ;
#4318 = LINE ( 'NONE', #1949, #3552 ) ;
#4319 = ORIENTED_EDGE ( 'NONE', *, *, #8493, .T. ) ;
#4320 = CARTESIAN_POINT ( 'NONE',  ( 2.598917237794085899, 1.997276839918474156, -1.300000000000000044 ) ) ;
#4321 = CARTESIAN_POINT ( 'NONE',  ( -2.923584536008478452, 0.7866146757419172353, -7.973889442896401114 ) ) ;
#4322 = CARTESIAN_POINT ( 'NONE',  ( 3.097505413130030583, 9.785816076085511206E-06, -4.822720476537607048 ) ) ;
#4323 = CARTESIAN_POINT ( 'NONE',  ( -0.3408308473997831434, 0.5826313872945275696, -4.219999999999999751 ) ) ;
#4324 = CARTESIAN_POINT ( 'NONE',  ( 0.5107053896536062343, -0.4020945224431168308, -4.370000000000000107 ) ) ;
#4325 = CARTESIAN_POINT ( 'NONE',  ( 0.000000000000000000, 0.000000000000000000, 0.000000000000000000 ) ) ;
#4326 = CARTESIAN_POINT ( 'NONE',  ( -0.1709788014541385182, -0.6529864083220310311, -4.219999999999999751 ) ) ;
#4327 = ORIENTED_EDGE ( 'NONE', *, *, #332, .F. ) ;
#4328 = CARTESIAN_POINT ( 'NONE',  ( -1.392511976421000108, -2.925177455441000163, -7.987410181059998671 ) ) ;
#4329 = VERTEX_POINT ( 'NONE', #10321 ) ;
#4330 = DIRECTION ( 'NONE',  ( 0.000000000000000000, -0.000000000000000000, 1.000000000000000000 ) ) ;
#4331 = CARTESIAN_POINT ( 'NONE',  ( -0.2315967326876677557, -0.6162654426528400009, -4.119991299149684316 ) ) ;
#4332 = VECTOR ( 'NONE', #1544, 1000.000000000000000 ) ;
#4333 = EDGE_CURVE ( 'NONE', #7714, #5668, #8791, .T. ) ;
#4334 = CARTESIAN_POINT ( 'NONE',  ( 2.670084909673000162, 0.8922574685466001521, -5.983214582473999954 ) ) ;
#4335 = EDGE_LOOP ( 'NONE', ( #7552, #1759, #10008, #7862 ) ) ;
#4336 = CARTESIAN_POINT ( 'NONE',  ( -2.765647453554000545, 0.7733173587900999957, -7.674897013245000288 ) ) ;
#4337 = AXIS2_PLACEMENT_3D ( 'NONE', #2632, #9136, #5126 ) ;
#4338 = CARTESIAN_POINT ( 'NONE',  ( 0.000000000000000000, 0.000000000000000000, -4.219999999999999751 ) ) ;
#4339 = VERTEX_POINT ( 'NONE', #5614 ) ;
#4340 = CARTESIAN_POINT ( 'NONE',  ( -1.201589648309383307, -2.873756120790651014, -6.465891603755387962 ) ) ;
#4341 = DIRECTION ( 'NONE',  ( 0.4067366430757942686, 0.9135454576426035311, 0.000000000000000000 ) ) ;
#4342 = EDGE_CURVE ( 'NONE', #2834, #5716, #7903, .T. ) ;
#4343 = FACE_OUTER_BOUND ( 'NONE', #1750, .T. ) ;
#4344 = EDGE_LOOP ( 'NONE', ( #3980, #6567, #4023, #9871 ) ) ;
#4345 = VECTOR ( 'NONE', #6995, 1000.000000000000000 ) ;
#4346 = ORIENTED_EDGE ( 'NONE', *, *, #579, .T. ) ;
#4347 = DIRECTION ( 'NONE',  ( 0.000000000000000000, 0.000000000000000000, -1.000000000000000000 ) ) ;
#4348 = EDGE_LOOP ( 'NONE', ( #4887, #3615, #9749, #620 ) ) ;
#4349 = CARTESIAN_POINT ( 'NONE',  ( -0.5856869629377328135, -2.654127925687129075, -8.284891516447400406 ) ) ;
#4350 = CARTESIAN_POINT ( 'NONE',  ( 2.129318011630000118, 1.860741307459000016, -4.328132714751999899 ) ) ;
#4351 = CARTESIAN_POINT ( 'NONE',  ( 2.058921738277546876, -2.346348942533766468, -6.455515181863431984 ) ) ;
#4352 = AXIS2_PLACEMENT_3D ( 'NONE', #636, #5481, #4719 ) ;
#4353 = FACE_OUTER_BOUND ( 'NONE', #6172, .T. ) ;
#4354 = VECTOR ( 'NONE', #10403, 1000.000000000000114 ) ;
#4355 = ADVANCED_FACE ( 'NONE', ( #2270 ), #612, .T. ) ;
#4356 = EDGE_CURVE ( 'NONE', #1845, #5053, #3222, .T. ) ;
#4357 = VERTEX_POINT ( 'NONE', #1577 ) ;
#4358 = CARTESIAN_POINT ( 'NONE',  ( -3.050558406301000502, 0.6452509946736999513, -5.836858994922000221 ) ) ;
#4359 = CONICAL_SURFACE ( 'NONE', #3351, 2.674999999840110831, 0.7853981633974482790 ) ;
#4360 = CARTESIAN_POINT ( 'NONE',  ( 1.560582816016319097, 2.703516997456148374, -6.242237889206394108 ) ) ;
#4361 = AXIS2_PLACEMENT_3D ( 'NONE', #10294, #7391, #2499 ) ;
#4362 = LINE ( 'NONE', #10124, #3341 ) ;
#4363 = CARTESIAN_POINT ( 'NONE',  ( 3.114928773163351483, 4.397341674889164788E-06, -6.244792586669255741 ) ) ;
#4364 = ORIENTED_EDGE ( 'NONE', *, *, #470, .F. ) ;
#4365 = DIRECTION ( 'NONE',  ( 0.000000000000000000, 0.000000000000000000, -1.000000000000000000 ) ) ;
#4366 = CARTESIAN_POINT ( 'NONE',  ( 3.049999999984011279, -2.361430832935120434E-16, -3.300000000014570389 ) ) ;
#4367 = ORIENTED_EDGE ( 'NONE', *, *, #649, .F. ) ;
#4368 = ADVANCED_FACE ( 'NONE', ( #1526 ), #8761, .F. ) ;
#4369 = AXIS2_PLACEMENT_3D ( 'NONE', #7053, #9449, #1301 ) ;
#4370 = CIRCLE ( 'NONE', #2513, 0.6500000000000000222 ) ;
#4371 = CARTESIAN_POINT ( 'NONE',  ( 2.149839578568999876, -2.031213302472000048, -4.750999273268999623 ) ) ;
#4372 = ORIENTED_EDGE ( 'NONE', *, *, #8225, .T. ) ;
#4373 = CARTESIAN_POINT ( 'NONE',  ( 0.5673192003539530015, 0.3172521472106237805, -3.919999999999999929 ) ) ;
#4374 = LINE ( 'NONE', #346, #3158 ) ;
#4375 = DIRECTION ( 'NONE',  ( -1.000000000000000000, 0.000000000000000000, 0.000000000000000000 ) ) ;
#4376 = DIRECTION ( 'NONE',  ( -0.000000000000000000, -0.000000000000000000, -1.000000000000000000 ) ) ;
#4377 = AXIS2_PLACEMENT_3D ( 'NONE', #7820, #8615, #2033 ) ;
#4378 = CARTESIAN_POINT ( 'NONE',  ( -0.6738623340140248441, 0.03917339399606577233, -4.370000000000000107 ) ) ;
#4379 = DIRECTION ( 'NONE',  ( -1.000000000000000000, 0.000000000000000000, 0.000000000000000000 ) ) ;
#4380 = ORIENTED_EDGE ( 'NONE', *, *, #2628, .F. ) ;
#4381 = ORIENTED_EDGE ( 'NONE', *, *, #5486, .F. ) ;
#4382 = CARTESIAN_POINT ( 'NONE',  ( 0.02731786761274081210, -2.907796979445895325, -8.067059092906006867 ) ) ;
#4383 = ADVANCED_FACE ( 'NONE', ( #5559 ), #8627, .T. ) ;
#4384 = DIRECTION ( 'NONE',  ( -0.9659258262890719759, 0.2588190451025073058, 0.000000000000000000 ) ) ;
#4385 = VECTOR ( 'NONE', #4563, 1000.000000000000000 ) ;
#4386 = CARTESIAN_POINT ( 'NONE',  ( -3.500000000000000000, 0.000000000000000000, 0.5000000000000000000 ) ) ;
#4387 = B_SPLINE_CURVE_WITH_KNOTS ( 'NONE', 3,
 ( #1985, #2137, #8517, #8464 ),
 .UNSPECIFIED., .F., .F.,
 ( 4, 4 ),
 ( 2.034489219669594872E-07, 0.0001528154345933389565 ),
 .UNSPECIFIED. ) ;
#4388 = ORIENTED_EDGE ( 'NONE', *, *, #7475, .T. ) ;
#4389 = CARTESIAN_POINT ( 'NONE',  ( -0.8804744069440001430, 2.673993820349000128, -5.713754714349001063 ) ) ;
#4390 = ORIENTED_EDGE ( 'NONE', *, *, #6669, .T. ) ;
#4391 = ORIENTED_EDGE ( 'NONE', *, *, #3375, .F. ) ;
#4392 = VECTOR ( 'NONE', #1120, 1000.000000000000000 ) ;
#4393 = LINE ( 'NONE', #10103, #3427 ) ;
#4394 = CARTESIAN_POINT ( 'NONE',  ( 1.627950411608000136, 2.365714059351999854, -7.276185045553999586 ) ) ;
#4395 = DIRECTION ( 'NONE',  ( 0.000000000000000000, 0.000000000000000000, -1.000000000000000000 ) ) ;
#4396 = ORIENTED_EDGE ( 'NONE', *, *, #853, .T. ) ;
#4397 = DIRECTION ( 'NONE',  ( -0.000000000000000000, -0.000000000000000000, -1.000000000000000000 ) ) ;
#4398 = CARTESIAN_POINT ( 'NONE',  ( 0.5041923985042179313, 0.4487928534308051609, -4.220000000000000639 ) ) ;
#4399 = PLANE ( 'NONE',  #3194 ) ;
#4400 = VERTEX_POINT ( 'NONE', #10373 ) ;
#4401 = CIRCLE ( 'NONE', #8318, 0.6750000000000000444 ) ;
#4402 = EDGE_LOOP ( 'NONE', ( #183, #6343, #8293, #957, #7427, #5167, #8233, #2877 ) ) ;
#4403 =( NAMED_UNIT ( * ) SI_UNIT ( $, .STERADIAN. ) SOLID_ANGLE_UNIT ( ) );
#4404 = FACE_OUTER_BOUND ( 'NONE', #3882, .T. ) ;
#4405 = VERTEX_POINT ( 'NONE', #9718 ) ;
#4406 = DIRECTION ( 'NONE',  ( 0.000000000000000000, 0.000000000000000000, 1.000000000000000000 ) ) ;
#4407 = CARTESIAN_POINT ( 'NONE',  ( 0.2315967326876637311, 0.6162654426528416662, -4.119991299149685204 ) ) ;
#4408 = FACE_OUTER_BOUND ( 'NONE', #2165, .T. ) ;
#4409 = CARTESIAN_POINT ( 'NONE',  ( -0.3172521472106179519, 0.5673192003539562212, -4.370000000000000107 ) ) ;
#4410 = ADVANCED_FACE ( 'NONE', ( #3912 ), #7956, .F. ) ;
#4411 = CARTESIAN_POINT ( 'NONE',  ( -1.424964285564999988, -2.791841934669000214, -6.484467579496000056 ) ) ;
#4412 = VECTOR ( 'NONE', #9568, 1000.000000000000000 ) ;
#4413 = FACE_OUTER_BOUND ( 'NONE', #2318, .T. ) ;
#4414 = CARTESIAN_POINT ( 'NONE',  ( 2.665048484457201106, -1.536037890117823768, -3.300000000024283509 ) ) ;
#4415 = EDGE_CURVE ( 'NONE', #2424, #1597, #4750, .T. ) ;
#4416 = ORIENTED_EDGE ( 'NONE', *, *, #10202, .T. ) ;
#4417 = EDGE_CURVE ( 'NONE', #4559, #4357, #2426, .T. ) ;
#4418 = CARTESIAN_POINT ( 'NONE',  ( 0.6287759193777713307, -0.2454910247048528171, -4.220000000000000639 ) ) ;
#4419 = CARTESIAN_POINT ( 'NONE',  ( 2.674999999999999822, -1.310372075087667988E-16, -3.299999999999999822 ) ) ;
#4420 = ORIENTED_EDGE ( 'NONE', *, *, #5949, .F. ) ;
#4421 = DIRECTION ( 'NONE',  ( 0.000000000000000000, 0.000000000000000000, 1.000000000000000000 ) ) ;
#4422 = AXIS2_PLACEMENT_3D ( 'NONE', #7469, #2576, #5012 ) ;
#4423 = CARTESIAN_POINT ( 'NONE',  ( 3.032422705542000330, -0.7257263093214001426, -4.780831884748001137 ) ) ;
#4424 = VERTEX_POINT ( 'NONE', #4597 ) ;
#4425 = CARTESIAN_POINT ( 'NONE',  ( -1.636761686205423283, 2.839805762151339508, -1.300000000000000266 ) ) ;
#4426 = CARTESIAN_POINT ( 'NONE',  ( 2.516888517572825279, -1.834811428358142260, -7.136296177118152784 ) ) ;
#4427 = CARTESIAN_POINT ( 'NONE',  ( 0.000000000000000000, 0.000000000000000000, 0.000000000000000000 ) ) ;
#4428 = DIRECTION ( 'NONE',  ( 0.9781476007338065770, -0.2079116908177550127, -0.000000000000000000 ) ) ;
#4429 = CARTESIAN_POINT ( 'NONE',  ( -3.115000000000000213, 3.814774779344005545E-16, -7.086186982385999755 ) ) ;
#4430 = VECTOR ( 'NONE', #2600, 1000.000000000000000 ) ;
#4431 = CIRCLE ( 'NONE', #2580, 0.6350000000000000089 ) ;
#4432 = ADVANCED_FACE ( 'NONE', ( #8860 ), #9616, .T. ) ;
#4433 = DIRECTION ( 'NONE',  ( 0.000000000000000000, 0.000000000000000000, 1.000000000000000000 ) ) ;
#4434 = CARTESIAN_POINT ( 'NONE',  ( 0.000000000000000000, 0.000000000000000000, -3.919999999999999929 ) ) ;
#4435 = UNCERTAINTY_MEASURE_WITH_UNIT (LENGTH_MEASURE( 1.000000000000000082E-05 ), #2108, 'distance_accuracy_value', 'NONE');
#4436 = VERTEX_POINT ( 'NONE', #3804 ) ;
#4437 = CARTESIAN_POINT ( 'NONE',  ( -0.1539915697590000243, 3.341362529658999936, -7.579767696372999630 ) ) ;
#4438 = ORIENTED_EDGE ( 'NONE', *, *, #10313, .F. ) ;
#4439 = DIRECTION ( 'NONE',  ( 0.9876883405951387696, -0.1564344650402244019, 0.000000000000000000 ) ) ;
#4440 = CARTESIAN_POINT ( 'NONE',  ( -0.4020945224431188292, -0.5107053896536045690, -4.370000000000000107 ) ) ;
#4441 = ORIENTED_EDGE ( 'NONE', *, *, #8962, .F. ) ;
#4442 = CARTESIAN_POINT ( 'NONE',  ( 2.685407225028999978, 0.8450243859295000215, -5.185741159261000099 ) ) ;
#4443 = EDGE_CURVE ( 'NONE', #4126, #5096, #10422, .T. ) ;
#4444 = EDGE_LOOP ( 'NONE', ( #5842, #7823, #9777, #4198 ) ) ;
#4445 = CARTESIAN_POINT ( 'NONE',  ( 0.5901242379057490828, -0.2724947409330293335, -3.919999999999999929 ) ) ;
#4446 = CARTESIAN_POINT ( 'NONE',  ( 2.756679201198000140, -0.8047020162675000421, -7.416874181288999779 ) ) ;
#4447 = CARTESIAN_POINT ( 'NONE',  ( 1.627950411608000136, 2.365714059351999854, -7.202587273656070543 ) ) ;
#4448 = VERTEX_POINT ( 'NONE', #8709 ) ;
#4449 = CARTESIAN_POINT ( 'NONE',  ( 0.5221405368133860136, -0.4277782834789880528, -4.220000000000000639 ) ) ;
#4450 = FACE_OUTER_BOUND ( 'NONE', #4273, .T. ) ;
#4451 = DIRECTION ( 'NONE',  ( -0.000000000000000000, -0.000000000000000000, -1.000000000000000000 ) ) ;
#4452 = DIRECTION ( 'NONE',  ( -0.000000000000000000, -0.000000000000000000, -1.000000000000000000 ) ) ;
#4453 = EDGE_LOOP ( 'NONE', ( #1729, #5273, #354, #8548, #2882 ) ) ;
#4454 = CARTESIAN_POINT ( 'NONE',  ( 0.5107053896535974635, 0.4020945224431279330, -4.370000000000000107 ) ) ;
#4455 = ORIENTED_EDGE ( 'NONE', *, *, #7410, .F. ) ;
#4456 = CARTESIAN_POINT ( 'NONE',  ( 1.416674032354297230, -2.455399883219494317, -4.535484082128589556 ) ) ;
#4457 = CARTESIAN_POINT ( 'NONE',  ( 2.360930811378134653, -1.386160753735009132, -8.177409253116337595 ) ) ;
#4458 = CARTESIAN_POINT ( 'NONE',  ( 0.000000000000000000, 0.000000000000000000, -3.919999999999999929 ) ) ;
#4459 = CARTESIAN_POINT ( 'NONE',  ( -3.500000000000000000, -3.299999999999999822, -1.300000000000000266 ) ) ;
#4460 = CARTESIAN_POINT ( 'NONE',  ( -1.325157259712000046, -2.855709681881999806, -6.480456681238999650 ) ) ;
#4461 = VERTEX_POINT ( 'NONE', #768 ) ;
#4462 = CARTESIAN_POINT ( 'NONE',  ( -0.9751861243143000735, 2.961632558016999983, -5.954195340496999833 ) ) ;
#4463 = EDGE_CURVE ( 'NONE', #2823, #1160, #3116, .T. ) ;
#4464 = DIRECTION ( 'NONE',  ( 0.000000000000000000, 0.000000000000000000, 1.000000000000000000 ) ) ;
#4465 = CARTESIAN_POINT ( 'NONE',  ( -3.115000394940848683, 0.4077496550749173942, -5.906421354504539423 ) ) ;
#4466 = DIRECTION ( 'NONE',  ( -0.000000000000000000, -0.000000000000000000, -1.000000000000000000 ) ) ;
#4467 = FACE_OUTER_BOUND ( 'NONE', #6206, .T. ) ;
#4468 = ORIENTED_EDGE ( 'NONE', *, *, #8554, .T. ) ;
#4469 = CARTESIAN_POINT ( 'NONE',  ( -2.279491096100049852, 1.493818886924938250, -7.123690475862093585 ) ) ;
#4470 = CARTESIAN_POINT ( 'NONE',  ( 0.1035209413652777577, 2.687936592171744188, -4.415212791317230767 ) ) ;
#4471 = EDGE_CURVE ( 'NONE', #2413, #2384, #10527, .T. ) ;
#4472 = CARTESIAN_POINT ( 'NONE',  ( 0.2710233481495915031, -0.6182000847280640921, -4.220000000000000639 ) ) ;
#4473 = ORIENTED_EDGE ( 'NONE', *, *, #2222, .F. ) ;
#4474 = ADVANCED_FACE ( 'NONE', ( #2224 ), #5457, .T. ) ;
#4475 = CARTESIAN_POINT ( 'NONE',  ( 0.5183467857718302430, -0.4192573791286163809, -4.169991741848314781 ) ) ;
#4476 = CARTESIAN_POINT ( 'NONE',  ( 2.770000000000000018, 2.040000000000000036, 0.5000000000000000000 ) ) ;
#4477 = LINE ( 'NONE', #9453, #2597 ) ;
#4478 = DIRECTION ( 'NONE',  ( -0.9335804264972058508, 0.3583679495452896102, -0.000000000000000000 ) ) ;
#4479 = LINE ( 'NONE', #9456, #3575 ) ;
#4480 = CARTESIAN_POINT ( 'NONE',  ( 3.500000000000000000, 3.299999999999999822, -1.300000000000000266 ) ) ;
#4481 = FACE_OUTER_BOUND ( 'NONE', #1812, .T. ) ;
#4482 = CYLINDRICAL_SURFACE ( 'NONE', #3084, 0.6500000000000000222 ) ;
#4483 = CARTESIAN_POINT ( 'NONE',  ( -0.5012766596032711686, -3.100333711206527454, -5.027434679774321680 ) ) ;
#4484 = ORIENTED_EDGE ( 'NONE', *, *, #7153, .F. ) ;
#4485 = EDGE_LOOP ( 'NONE', ( #5964, #7782, #154, #1848 ) ) ;
#4486 = LINE ( 'NONE', #8387, #3915 ) ;
#4487 = ADVANCED_FACE ( 'NONE', ( #2631 ), #9134, .F. ) ;
#4488 = DIRECTION ( 'NONE',  ( 1.000000000000000000, 0.000000000000000000, 0.000000000000000000 ) ) ;
#4489 = ORIENTED_EDGE ( 'NONE', *, *, #5142, .F. ) ;
#4490 = AXIS2_PLACEMENT_3D ( 'NONE', #4848, #3265, #2314 ) ;
#4491 = ORIENTED_EDGE ( 'NONE', *, *, #6188, .T. ) ;
#4492 = ORIENTED_EDGE ( 'NONE', *, *, #2824, .F. ) ;
#4493 = CARTESIAN_POINT ( 'NONE',  ( 1.770359933199536551, 2.074905479344717474, -4.490533032726022000 ) ) ;
#4494 = CARTESIAN_POINT ( 'NONE',  ( 2.737675457149999936, -0.8671554172573000541, -6.760278506300999801 ) ) ;
#4495 = VERTEX_POINT ( 'NONE', #3275 ) ;
#4496 = CARTESIAN_POINT ( 'NONE',  ( -3.039999999999999591, 3.039999999999999591, 4.400000000000000355 ) ) ;
#4497 = CARTESIAN_POINT ( 'NONE',  ( 3.034593860003476085, 0.8156277141201804248, -5.509470489643807589 ) ) ;
#4498 = ADVANCED_FACE ( 'NONE', ( #3323 ), #72, .T. ) ;
#4499 = EDGE_CURVE ( 'NONE', #1672, #6109, #4968, .T. ) ;
#4500 = CARTESIAN_POINT ( 'NONE',  ( 3.114837034915598046, -1.548345376096572942E-05, -7.771674872001586465 ) ) ;
#4501 = CARTESIAN_POINT ( 'NONE',  ( -0.6716940394054641272, 0.06672418922078703074, -3.919999999999999929 ) ) ;
#4502 = VERTEX_POINT ( 'NONE', #5878 ) ;
#4503 = FACE_OUTER_BOUND ( 'NONE', #827, .T. ) ;
#4504 = VECTOR ( 'NONE', #5008, 1000.000000000000114 ) ;
#4505 = ORIENTED_EDGE ( 'NONE', *, *, #1969, .T. ) ;
#4506 = CARTESIAN_POINT ( 'NONE',  ( -1.777641905171535086, -2.315074525525381066, -4.619361923353367594 ) ) ;
#4507 = CARTESIAN_POINT ( 'NONE',  ( 2.734820105945457325, 0.1181911222691258700, -8.112895858590990272 ) ) ;
#4508 = CYLINDRICAL_SURFACE ( 'NONE', #5813, 0.6750000000000000444 ) ;
#4509 = CARTESIAN_POINT ( 'NONE',  ( -0.4073254698949977937, -3.094963098030611093, -6.550878687580385495 ) ) ;
#4510 = CARTESIAN_POINT ( 'NONE',  ( -3.500000000000000000, -2.040000000000000036, 0.000000000000000000 ) ) ;
#4511 = ADVANCED_FACE ( 'NONE', ( #2526 ), #4915, .T. ) ;
#4512 = CIRCLE ( 'NONE', #8090, 0.6500000000000000222 ) ;
#4513 = ORIENTED_EDGE ( 'NONE', *, *, #5251, .F. ) ;
#4514 = CARTESIAN_POINT ( 'NONE',  ( 2.099724964587999843, -1.848135620757000108, -6.070534635901999820 ) ) ;
#4515 = ORIENTED_EDGE ( 'NONE', *, *, #8416, .F. ) ;
#4516 = B_SPLINE_CURVE_WITH_KNOTS ( 'NONE', 3,
 ( #5884, #1956, #5834, #9935, #3382, #5177, #8432, #1857, #8223, #936, #7428, #6635, #9889, #9086, #2587, #4227, #7482, #3438, #6683, #2637, #1206, #9409, #6845, #8594, #567, #1311, #7061, #7801, #2164, #3634, #10092, #2842, #6204, #5287 ),
 .UNSPECIFIED., .F., .F.,
 ( 4, 2, 2, 2, 2, 2, 2, 2, 2, 2, 2, 2, 2, 2, 2, 2, 4 ),
 ( 0.02312709269168145010, 0.02373604084171924630, 0.02434498899175703904, 0.02495393714179483524, 0.02556288529183262798, 0.02617183344187042418, 0.02678078159190822038, 0.02738972974194601312, 0.02799867789198380932, 0.02860762604202160553, 0.02921657419205939826, 0.02982552234209719447, 0.03043447049213499067, 0.03104341864217278341, 0.03165236679221057614, 0.03226131494224837581, 0.03287026309228616855 ),
 .UNSPECIFIED. ) ;
#4517 = PLANE ( 'NONE',  #10486 ) ;
#4518 = CARTESIAN_POINT ( 'NONE',  ( 1.914312340652641664, 2.490962766506228387, -6.141752833932338618 ) ) ;
#4519 = VERTEX_POINT ( 'NONE', #1796 ) ;
#4520 = CARTESIAN_POINT ( 'NONE',  ( -2.930647641103006684, 1.055945582137119754, -7.457820129757482874 ) ) ;
#4521 = VECTOR ( 'NONE', #7189, 1000.000000000000000 ) ;
#4522 = LINE ( 'NONE', #8692, #2335 ) ;
#4523 = CARTESIAN_POINT ( 'NONE',  ( -2.490960327984650391, 1.914315452815759544, -7.377232678127485954 ) ) ;
#4524 = AXIS2_PLACEMENT_3D ( 'NONE', #1823, #8302, #7291 ) ;
#4525 = ORIENTED_EDGE ( 'NONE', *, *, #1769, .F. ) ;
#4526 = CARTESIAN_POINT ( 'NONE',  ( 0.6495145696682956826, -0.02511620569688895882, -4.070000000000004725 ) ) ;
#4527 = CARTESIAN_POINT ( 'NONE',  ( -1.939192092737932027, 1.490275795879474785, -9.099999999932604666 ) ) ;
#4528 = ADVANCED_FACE ( 'NONE', ( #7316 ), #5772, .T. ) ;
#4529 = CARTESIAN_POINT ( 'NONE',  ( -0.2357496245082000008, 3.123402755173000145, -4.657971013941000216 ) ) ;
#4530 = AXIS2_PLACEMENT_3D ( 'NONE', #3330, #8865, #9033 ) ;
#4531 = DIRECTION ( 'NONE',  ( 0.000000000000000000, -0.000000000000000000, 1.000000000000000000 ) ) ;
#4532 = AXIS2_PLACEMENT_3D ( 'NONE', #2988, #5219, #5438 ) ;
#4533 = SURFACE_STYLE_FILL_AREA ( #5333 ) ;
#4534 = CARTESIAN_POINT ( 'NONE',  ( 2.842606030925999949, 1.012022140950000093, -7.194154565886000441 ) ) ;
#4535 = DIRECTION ( 'NONE',  ( 0.05233595624293545939, 0.9986295347545742773, -0.000000000000000000 ) ) ;
#4536 = CARTESIAN_POINT ( 'NONE',  ( 0.000000000000000000, 0.000000000000000000, -3.919999999999999929 ) ) ;
#4537 = DIRECTION ( 'NONE',  ( -1.000000000000000000, 0.000000000000000000, 0.000000000000000000 ) ) ;
#4538 = CARTESIAN_POINT ( 'NONE',  ( -2.737585659861237808, -1.538327483928074280, -5.128246908326313580 ) ) ;
#4539 = VERTEX_POINT ( 'NONE', #5022 ) ;
#4540 = AXIS2_PLACEMENT_3D ( 'NONE', #4955, #8204, #1673 ) ;
#4541 = AXIS2_PLACEMENT_3D ( 'NONE', #8821, #5568, #1583 ) ;
#4542 = ORIENTED_EDGE ( 'NONE', *, *, #334, .T. ) ;
#4543 = EDGE_CURVE ( 'NONE', #2380, #5850, #4057, .T. ) ;
#4544 = CARTESIAN_POINT ( 'NONE',  ( -0.2454910247048595062, 0.6287759193777688882, -3.919999999999999929 ) ) ;
#4545 = VERTEX_POINT ( 'NONE', #1744 ) ;
#4546 = VECTOR ( 'NONE', #6687, 1000.000000000000000 ) ;
#4547 = VECTOR ( 'NONE', #7786, 1000.000000000000000 ) ;
#4548 = CARTESIAN_POINT ( 'NONE',  ( 2.749038035952999781, -0.6068509322266001371, -5.291137006930999753 ) ) ;
#4549 = ADVANCED_FACE ( 'NONE', ( #5077 ), #8217, .F. ) ;
#4550 = ORIENTED_EDGE ( 'NONE', *, *, #8543, .T. ) ;
#4551 = LINE ( 'NONE', #9365, #7959 ) ;
#4552 = EDGE_CURVE ( 'NONE', #7141, #3291, #6732, .T. ) ;
#4553 = CARTESIAN_POINT ( 'NONE',  ( -1.140027393769000197, -2.452483574887000195, -6.245210881724999830 ) ) ;
#4554 = ORIENTED_EDGE ( 'NONE', *, *, #1648, .F. ) ;
#4555 = CARTESIAN_POINT ( 'NONE',  ( 0.6099637295171147500, 0.2245979712142831819, -3.919999999999999929 ) ) ;
#4556 = LINE ( 'NONE', #5469, #9639 ) ;
#4557 = PLANE ( 'NONE',  #2020 ) ;
#4558 = DIRECTION ( 'NONE',  ( 0.000000000000000000, 0.000000000000000000, -1.000000000000000000 ) ) ;
#4559 = VERTEX_POINT ( 'NONE', #1627 ) ;
#4560 = AXIS2_PLACEMENT_3D ( 'NONE', #10300, #7094, #6295 ) ;
#4561 = DIRECTION ( 'NONE',  ( -1.000000000000000000, 0.000000000000000000, 0.000000000000000000 ) ) ;
#4562 = ORIENTED_EDGE ( 'NONE', *, *, #9080, .F. ) ;
#4563 = DIRECTION ( 'NONE',  ( -0.000000000000000000, 1.000000000000000000, 0.000000000000000000 ) ) ;
#4564 = EDGE_CURVE ( 'NONE', #7390, #10152, #5304, .T. ) ;
#4565 = CARTESIAN_POINT ( 'NONE',  ( 2.499972553801481201, 1.120422584067648275, -8.069886928907273216 ) ) ;
#4566 = CARTESIAN_POINT ( 'NONE',  ( 2.596105547558940518, -1.784433203053346073, -7.724609003796762963 ) ) ;
#4567 = CARTESIAN_POINT ( 'NONE',  ( -0.8068742867561321530, -3.015570344390625657, -6.565168733579530347 ) ) ;
#4568 = CARTESIAN_POINT ( 'NONE',  ( -2.694792822424389112, 0.1859355088826124269, -6.360281973971258829 ) ) ;
#4569 = CARTESIAN_POINT ( 'NONE',  ( 0.4415163173259569751, 0.4770359960578705594, -4.370000000000000107 ) ) ;
#4570 = AXIS2_PLACEMENT_3D ( 'NONE', #153, #6597, #5794 ) ;
#4571 = VERTEX_POINT ( 'NONE', #7478 ) ;
#4572 = B_SPLINE_CURVE_WITH_KNOTS ( 'NONE', 3,
 ( #1975, #1225, #9314, #5248 ),
 .UNSPECIFIED., .F., .F.,
 ( 4, 4 ),
 ( 2.034489220894522569E-07, 0.0001528154345938346266 ),
 .UNSPECIFIED. ) ;
#4573 = EDGE_LOOP ( 'NONE', ( #10552, #1970, #5611, #5092 ) ) ;
#4574 = LINE ( 'NONE', #10075, #5033 ) ;
#4575 = ORIENTED_EDGE ( 'NONE', *, *, #408, .T. ) ;
#4576 = CARTESIAN_POINT ( 'NONE',  ( -3.111948595670363193, 0.1709024512512467842, -7.424752821047752249 ) ) ;
#4577 = VECTOR ( 'NONE', #2747, 1000.000000000000000 ) ;
#4578 = ADVANCED_FACE ( 'NONE', ( #9770 ), #129, .T. ) ;
#4579 = EDGE_CURVE ( 'NONE', #3863, #953, #10531, .T. ) ;
#4580 = CARTESIAN_POINT ( 'NONE',  ( 0.000000000000000000, 0.000000000000000000, -11.36999999999999922 ) ) ;
#4581 = CARTESIAN_POINT ( 'NONE',  ( 1.914313914967014973, 2.490961509828334641, -7.553826014429495750 ) ) ;
#4582 = FACE_BOUND ( 'NONE', #3768, .T. ) ;
#4583 = ORIENTED_EDGE ( 'NONE', *, *, #7050, .T. ) ;
#4584 = CARTESIAN_POINT ( 'NONE',  ( 0.6738623340140251772, -0.03917339399606106082, -4.220000000000000639 ) ) ;
#4585 = DIRECTION ( 'NONE',  ( -1.000000000000000000, 0.000000000000000000, -0.000000000000000000 ) ) ;
#4586 = CARTESIAN_POINT ( 'NONE',  ( -0.2126795952681999891, 2.817752245509999920, -4.480969445407000151 ) ) ;
#4587 = ORIENTED_EDGE ( 'NONE', *, *, #393, .T. ) ;
#4588 = VECTOR ( 'NONE', #3326, 1000.000000000000000 ) ;
#4589 = CARTESIAN_POINT ( 'NONE',  ( -2.595343910268069099, -0.8241729232379458869, -4.805879094751674963 ) ) ;
#4590 = DIRECTION ( 'NONE',  ( 0.000000000000000000, 0.000000000000000000, -1.000000000000000000 ) ) ;
#4591 = CARTESIAN_POINT ( 'NONE',  ( 0.03411374472431000227, -2.853415503952000165, -6.790314297037999935 ) ) ;
#4592 = CARTESIAN_POINT ( 'NONE',  ( 0.6099637295171195239, -0.2245979712142704143, -3.919999999999999929 ) ) ;
#4593 = CARTESIAN_POINT ( 'NONE',  ( 0.5901242379057433096, 0.2724947409330416570, -4.370000000000000107 ) ) ;
#4594 = FACE_OUTER_BOUND ( 'NONE', #572, .T. ) ;
#4595 = VERTEX_POINT ( 'NONE', #3679 ) ;
#4596 = FACE_OUTER_BOUND ( 'NONE', #7191, .T. ) ;
#4597 = CARTESIAN_POINT ( 'NONE',  ( -0.03917339399606819400, 0.6738623340140248441, -4.370000000000000107 ) ) ;
#4598 = ORIENTED_EDGE ( 'NONE', *, *, #10184, .T. ) ;
#4599 = ORIENTED_EDGE ( 'NONE', *, *, #5189, .F. ) ;
#4600 = EDGE_CURVE ( 'NONE', #3447, #2176, #8091, .T. ) ;
#4601 = CARTESIAN_POINT ( 'NONE',  ( -0.1481646323135341337, 2.723078916390454740, -5.111034037280169251 ) ) ;
#4602 = CARTESIAN_POINT ( 'NONE',  ( -0.8310590062181999471, -2.559778706507000123, -6.137878236726000303 ) ) ;
#4603 = VERTEX_POINT ( 'NONE', #287 ) ;
#4604 = AXIS2_PLACEMENT_3D ( 'NONE', #7875, #10490, #3931 ) ;
#4605 = CARTESIAN_POINT ( 'NONE',  ( 0.6438629409820419980, -0.1729180543024335381, -4.169991741848313893 ) ) ;
#4606 = CARTESIAN_POINT ( 'NONE',  ( -1.259820775948575111, 1.639317026916268905, -7.169999999999999929 ) ) ;
#4607 = LINE ( 'NONE', #623, #1858 ) ;
#4608 = CARTESIAN_POINT ( 'NONE',  ( 0.6287759193777663347, 0.2454910247048661120, -3.919999999999999929 ) ) ;
#4609 = EDGE_CURVE ( 'NONE', #3091, #947, #9244, .T. ) ;
#4610 = EDGE_CURVE ( 'NONE', #714, #2174, #7462, .T. ) ;
#4611 = CARTESIAN_POINT ( 'NONE',  ( -0.4951829272113509317, -0.4463787728736457461, -4.169991741848314781 ) ) ;
#4612 = ORIENTED_EDGE ( 'NONE', *, *, #4299, .T. ) ;
#4613 = VERTEX_POINT ( 'NONE', #10258 ) ;
#4614 = DIRECTION ( 'NONE',  ( -1.000000000000000000, 0.000000000000000000, 0.000000000000000000 ) ) ;
#4615 = ORIENTED_EDGE ( 'NONE', *, *, #4828, .T. ) ;
#4616 = CARTESIAN_POINT ( 'NONE',  ( 0.6254863983062306509, 0.1768241090289989770, -4.070000000000005613 ) ) ;
#4617 = CARTESIAN_POINT ( 'NONE',  ( 0.000000000000000000, 0.000000000000000000, -7.169999999999999929 ) ) ;
#4618 = DIRECTION ( 'NONE',  ( -0.000000000000000000, -1.000000000000000000, 0.000000000000000000 ) ) ;
#4619 = CARTESIAN_POINT ( 'NONE',  ( -2.638368243112470868, -0.5853427405010125373, -6.328025276708303615 ) ) ;
#4620 = B_SPLINE_CURVE_WITH_KNOTS ( 'NONE', 3,
 ( #5983, #9929, #342, #2629 ),
 .UNSPECIFIED., .F., .F.,
 ( 4, 4 ),
 ( 2.034489225205992533E-07, 0.0001528154345947972355 ),
 .UNSPECIFIED. ) ;
#4621 = VECTOR ( 'NONE', #1852, 1000.000000000000000 ) ;
#4622 = ORIENTED_EDGE ( 'NONE', *, *, #8071, .F. ) ;
#4623 = EDGE_CURVE ( 'NONE', #7103, #3623, #1951, .T. ) ;
#4624 = VERTEX_POINT ( 'NONE', #8538 ) ;
#4625 = LINE ( 'NONE', #8688, #4354 ) ;
#4626 = VERTEX_POINT ( 'NONE', #396 ) ;
#4627 = CARTESIAN_POINT ( 'NONE',  ( -2.893839764127000613, 1.506149834032000090, -5.344784464181000061 ) ) ;
#4628 = DIRECTION ( 'NONE',  ( 0.000000000000000000, 0.000000000000000000, 1.000000000000000000 ) ) ;
#4629 = EDGE_LOOP ( 'NONE', ( #3609, #9156, #7764, #3793 ) ) ;
#4630 = CARTESIAN_POINT ( 'NONE',  ( -2.725297401056918201, 0.01640130401526396914, -7.059177081335985982 ) ) ;
#4631 = CARTESIAN_POINT ( 'NONE',  ( -0.4857249510521999825, 3.124273088589999858, -8.090526411412000130 ) ) ;
#4632 = CARTESIAN_POINT ( 'NONE',  ( 2.139108803415166182, 1.643912475932849837, -3.300000000000000266 ) ) ;
#4633 = CARTESIAN_POINT ( 'NONE',  ( 2.151378959900000165, 2.256983008353000031, -4.663495539172999749 ) ) ;
#4634 = EDGE_LOOP ( 'NONE', ( #6445, #9522, #2024, #8949, #5433, #4550, #8887, #4810, #9765, #4004 ) ) ;
#4635 = EDGE_CURVE ( 'NONE', #6814, #9593, #6948, .T. ) ;
#4636 = EDGE_CURVE ( 'NONE', #9105, #404, #5280, .T. ) ;
#4637 = CARTESIAN_POINT ( 'NONE',  ( 2.640384585024130981, 0.6671601708488448246, -5.871687922130162995 ) ) ;
#4638 = CARTESIAN_POINT ( 'NONE',  ( 0.002372090756763175004, -3.114982120618811301, -7.242493350432502197 ) ) ;
#4639 =( LENGTH_UNIT ( ) NAMED_UNIT ( * ) SI_UNIT ( .MILLI., .METRE. ) );
#4640 = CARTESIAN_POINT ( 'NONE',  ( -2.710425208228000038, 0.8925517165019000165, -6.297902321964000016 ) ) ;
#4641 = CARTESIAN_POINT ( 'NONE',  ( -3.480106704934706308, -3.402368927062183079, 0.5000000000000000000 ) ) ;
#4642 = VERTEX_POINT ( 'NONE', #6088 ) ;
#4643 = DIRECTION ( 'NONE',  ( -1.000000000000000000, 0.000000000000000000, 0.000000000000000000 ) ) ;
#4644 = STYLED_ITEM ( 'NONE', ( #3842 ), #5017 ) ;
#4645 = DIRECTION ( 'NONE',  ( 1.000000000000000000, 0.000000000000000000, 0.000000000000000000 ) ) ;
#4646 = CARTESIAN_POINT ( 'NONE',  ( 0.000000000000000000, 0.000000000000000000, 2.299999999999999822 ) ) ;
#4647 = PLANE ( 'NONE',  #3488 ) ;
#4648 = ORIENTED_EDGE ( 'NONE', *, *, #212, .T. ) ;
#4649 = ORIENTED_EDGE ( 'NONE', *, *, #10170, .F. ) ;
#4650 = CIRCLE ( 'NONE', #70, 0.6500000000000000222 ) ;
#4651 = CARTESIAN_POINT ( 'NONE',  ( 1.343764763890794800, -2.373333967525309340, -5.411883009186104765 ) ) ;
#4652 = CARTESIAN_POINT ( 'NONE',  ( 0.03433023273111000112, -2.871523461191999971, -6.900967642037000083 ) ) ;
#4653 = EDGE_LOOP ( 'NONE', ( #839, #6759, #5997, #7278 ) ) ;
#4654 = LINE ( 'NONE', #4555, #1847 ) ;
#4655 = CARTESIAN_POINT ( 'NONE',  ( -0.4020945224431224929, 0.5107053896536019044, -4.070000000000005613 ) ) ;
#4656 = EDGE_CURVE ( 'NONE', #9746, #294, #8588, .T. ) ;
#4657 = B_SPLINE_CURVE_WITH_KNOTS ( 'NONE', 3,
 ( #9686, #8780, #7874, #1490 ),
 .UNSPECIFIED., .F., .F.,
 ( 4, 4 ),
 ( 1.453632650572456634E-06, 0.0001540656183206031836 ),
 .UNSPECIFIED. ) ;
#4658 = FACE_OUTER_BOUND ( 'NONE', #32, .T. ) ;
#4659 = ORIENTED_EDGE ( 'NONE', *, *, #6015, .F. ) ;
#4660 = VERTEX_POINT ( 'NONE', #3576 ) ;
#4661 = DIRECTION ( 'NONE',  ( -0.5446390350150351889, 0.8386705679454187212, -0.000000000000000000 ) ) ;
#4662 = ORIENTED_EDGE ( 'NONE', *, *, #1969, .F. ) ;
#4663 = CARTESIAN_POINT ( 'NONE',  ( 2.682818161660782685, -0.7197040513059452804, -4.479565521312070864 ) ) ;
#4664 = DIRECTION ( 'NONE',  ( -0.000000000000000000, -0.000000000000000000, -1.000000000000000000 ) ) ;
#4665 = DIRECTION ( 'NONE',  ( -0.000000000000000000, -0.000000000000000000, -1.000000000000000000 ) ) ;
#4666 = CARTESIAN_POINT ( 'NONE',  ( -2.701469494532857674, -1.564113734643771680, -6.653493531092983027 ) ) ;
#4667 = EDGE_CURVE ( 'NONE', #2384, #10437, #345, .T. ) ;
#4668 = DIRECTION ( 'NONE',  ( 0.3583679495453150343, -0.9335804264971960809, 0.000000000000000000 ) ) ;
#4669 = APPLICATION_CONTEXT ( 'automotive_design' ) ;
#4670 = ORIENTED_EDGE ( 'NONE', *, *, #6792, .F. ) ;
#4671 = ORIENTED_EDGE ( 'NONE', *, *, #1193, .F. ) ;
#4672 = DIRECTION ( 'NONE',  ( 0.8386705679454227180, 0.5446390350150291937, -0.000000000000000000 ) ) ;
#4673 = ORIENTED_EDGE ( 'NONE', *, *, #5860, .T. ) ;
#4674 = CARTESIAN_POINT ( 'NONE',  ( -1.033426184422718830, 2.953779523836824517, -7.557045642230562521 ) ) ;
#4675 = CARTESIAN_POINT ( 'NONE',  ( 3.200069575490000151, 0.6343097962104000676, -5.621875328117999615 ) ) ;
#4676 = CARTESIAN_POINT ( 'NONE',  ( 0.5673192003539595518, -0.3172521472106119567, -3.919999999999999929 ) ) ;
#4677 = EDGE_CURVE ( 'NONE', #6017, #2556, #9193, .T. ) ;
#4678 = CARTESIAN_POINT ( 'NONE',  ( 2.362578687342999917, -1.846700139753999936, -8.270130447229000481 ) ) ;
#4679 = CIRCLE ( 'NONE', #1997, 0.6750000000000000444 ) ;
#4680 = CARTESIAN_POINT ( 'NONE',  ( 3.299999999999999822, -3.299999999999999822, -1.336000000000000076 ) ) ;
#4681 = DIRECTION ( 'NONE',  ( 0.000000000000000000, 0.000000000000000000, 1.000000000000000000 ) ) ;
#4682 = CARTESIAN_POINT ( 'NONE',  ( 2.490962590961892431, -1.914312515361434874, -5.612256656134373856 ) ) ;
#4683 = ORIENTED_EDGE ( 'NONE', *, *, #2282, .T. ) ;
#4684 = CARTESIAN_POINT ( 'NONE',  ( 2.712819424003755309, 0.2363593512301926380, -5.889451402586522555 ) ) ;
#4685 = CARTESIAN_POINT ( 'NONE',  ( 0.4301771765609437304, -3.085051298934690323, -7.226846838041910637 ) ) ;
#4686 = CARTESIAN_POINT ( 'NONE',  ( -1.927387972892000034, -2.733787102647000200, -6.594943746225999881 ) ) ;
#4687 = MECHANICAL_DESIGN_GEOMETRIC_PRESENTATION_REPRESENTATION (  '', ( #6057 ), #8271 ) ;
#4688 = CARTESIAN_POINT ( 'NONE',  ( 0.8094266004282000271, -2.696350637794000082, -4.610999929293000399 ) ) ;
#4689 = CARTESIAN_POINT ( 'NONE',  ( -0.3408308473997831434, 0.5826313872945275696, -4.219999999999999751 ) ) ;
#4690 = CARTESIAN_POINT ( 'NONE',  ( -0.2454910247048547323, -0.6287759193777705535, -4.220000000000000639 ) ) ;
#4691 = PRESENTATION_STYLE_ASSIGNMENT (( #2472 ) ) ;
#4692 = EDGE_LOOP ( 'NONE', ( #7958, #9990, #5898, #9571 ) ) ;
#4693 = EDGE_CURVE ( 'NONE', #10307, #6158, #1251, .T. ) ;
#4694 = CIRCLE ( 'NONE', #3012, 0.6499999999999999112 ) ;
#4695 = AXIS2_PLACEMENT_3D ( 'NONE', #5234, #2163, #9352 ) ;
#4696 = DIRECTION ( 'NONE',  ( -1.000000000000000000, 0.000000000000000000, 0.000000000000000000 ) ) ;
#4697 = CARTESIAN_POINT ( 'NONE',  ( 2.915080292984099763, -1.098211813470822085, -7.812385723069031229 ) ) ;
#4698 = ORIENTED_EDGE ( 'NONE', *, *, #679, .T. ) ;
#4699 = B_SPLINE_CURVE_WITH_KNOTS ( 'NONE', 3,
 ( #6671, #8635, #6020, #9281, #2773, #1353, #10186, #9232, #1992, #2048 ),
 .UNSPECIFIED., .F., .F.,
 ( 4, 2, 2, 2, 4 ),
 ( 0.000000000000000000, 0.2500000000000000555, 0.5000000000000002220, 0.7500000000000002220, 1.000000000000000000 ),
 .UNSPECIFIED. ) ;
#4700 = CIRCLE ( 'NONE', #10347, 0.6500000000000000222 ) ;
#4701 = AXIS2_PLACEMENT_3D ( 'NONE', #4580, #10302, #7624 ) ;
#4702 = EDGE_CURVE ( 'NONE', #6109, #3546, #8452, .T. ) ;
#4703 = CARTESIAN_POINT ( 'NONE',  ( -0.001688802477108999976, 2.871728159633000654, -6.455544795317000428 ) ) ;
#4704 = ORIENTED_EDGE ( 'NONE', *, *, #1505, .T. ) ;
#4705 = CARTESIAN_POINT ( 'NONE',  ( 0.000000000000000000, 0.000000000000000000, -4.370000000000000107 ) ) ;
#4706 = CARTESIAN_POINT ( 'NONE',  ( 1.032418909760343784, 1.791262096126228665, -7.169999999999999929 ) ) ;
#4707 = VECTOR ( 'NONE', #1053, 1000.000000000000000 ) ;
#4708 = DIRECTION ( 'NONE',  ( -0.000000000000000000, -0.000000000000000000, -1.000000000000000000 ) ) ;
#4709 = CIRCLE ( 'NONE', #7779, 0.1499999999999982181 ) ;
#4710 = DIRECTION ( 'NONE',  ( 0.3090169943749516146, -0.9510565162951523099, 0.000000000000000000 ) ) ;
#4711 = LINE ( 'NONE', #681, #4146 ) ;
#4712 = ORIENTED_EDGE ( 'NONE', *, *, #5455, .F. ) ;
#4713 = LINE ( 'NONE', #8877, #3380 ) ;
#4714 = EDGE_LOOP ( 'NONE', ( #10470, #2908, #2963, #6265 ) ) ;
#4715 = FACE_OUTER_BOUND ( 'NONE', #3637, .T. ) ;
#4716 = CIRCLE ( 'NONE', #2529, 0.6350000000000000089 ) ;
#4717 = CARTESIAN_POINT ( 'NONE',  ( 0.2454910247048505967, 0.6287759193777722189, -4.220000000000000639 ) ) ;
#4718 = PLANE ( 'NONE',  #4778 ) ;
#4719 = DIRECTION ( 'NONE',  ( -0.1045284632676385800, -0.9945218953682749552, 0.000000000000000000 ) ) ;
#4720 = CARTESIAN_POINT ( 'NONE',  ( -0.1188303600397338511, -2.736979143890716504, -6.887141362600687877 ) ) ;
#4721 = EDGE_LOOP ( 'NONE', ( #833, #4725, #9944, #8685 ) ) ;
#4722 = ORIENTED_EDGE ( 'NONE', *, *, #9259, .T. ) ;
#4723 = LINE ( 'NONE', #4944, #7289 ) ;
#4724 = CARTESIAN_POINT ( 'NONE',  ( 0.000000000000000000, 0.000000000000000000, -4.070000000000005613 ) ) ;
#4725 = ORIENTED_EDGE ( 'NONE', *, *, #2032, .T. ) ;
#4726 = CARTESIAN_POINT ( 'NONE',  ( -2.921749144109072827, 1.080021962707754524, -7.458755829598496589 ) ) ;
#4727 = CARTESIAN_POINT ( 'NONE',  ( -2.469122960752000218, 1.285098499110000070, -5.610237120875999572 ) ) ;
#4728 = CARTESIAN_POINT ( 'NONE',  ( -2.959669075155363593, 2.377313183749128806E-06, -4.684650336745185939 ) ) ;
#4729 = ADVANCED_FACE ( 'NONE', ( #6840 ), #10085, .F. ) ;
#4730 = CARTESIAN_POINT ( 'NONE',  ( -0.6182000847280649802, -0.2710233481495893382, -4.220000000000000639 ) ) ;
#4731 = AXIS2_PLACEMENT_3D ( 'NONE', #8476, #2055, #2779 ) ;
#4732 = CARTESIAN_POINT ( 'NONE',  ( 1.590164038487000164, -2.347594880741000090, -7.510410532903001091 ) ) ;
#4733 = CARTESIAN_POINT ( 'NONE',  ( 0.5107053896535974635, 0.4020945224431279330, -4.070000000000005613 ) ) ;
#4734 = DIRECTION ( 'NONE',  ( -0.000000000000000000, -0.000000000000000000, -1.000000000000000000 ) ) ;
#4735 = ORIENTED_EDGE ( 'NONE', *, *, #9518, .F. ) ;
#4736 = CARTESIAN_POINT ( 'NONE',  ( 0.4322104056101981340, -2.688722128385797383, -4.646007770644918544 ) ) ;
#4737 = EDGE_CURVE ( 'NONE', #8988, #2750, #3137, .T. ) ;
#4738 = CARTESIAN_POINT ( 'NONE',  ( 0.7731009931671077862, -3.017444092228642294, -7.213934004188189419 ) ) ;
#4739 =( NAMED_UNIT ( * ) SI_UNIT ( $, .STERADIAN. ) SOLID_ANGLE_UNIT ( ) );
#4740 = EDGE_CURVE ( 'NONE', #243, #7515, #1247, .T. ) ;
#4741 = AXIS2_PLACEMENT_3D ( 'NONE', #1276, #8506, #4341 ) ;
#4742 = CARTESIAN_POINT ( 'NONE',  ( -3.043371175668999840, 0.9260564741243999531, -6.824204588187999576 ) ) ;
#4743 = CARTESIAN_POINT ( 'NONE',  ( -1.924362569741000062, -2.054825256007999812, -4.821791624630000328 ) ) ;
#4744 = LINE ( 'NONE', #8807, #5864 ) ;
#4745 = CARTESIAN_POINT ( 'NONE',  ( -1.568781807501710590, 2.721671032681186819, -5.418681425802284402 ) ) ;
#4746 = FACE_OUTER_BOUND ( 'NONE', #5971, .T. ) ;
#4747 = CARTESIAN_POINT ( 'NONE',  ( -2.245079339568718968, 0.6131342774893031589, -7.170000000000000817 ) ) ;
#4748 = ORIENTED_EDGE ( 'NONE', *, *, #5189, .T. ) ;
#4749 = VECTOR ( 'NONE', #5026, 1000.000000000000114 ) ;
#4750 = LINE ( 'NONE', #8909, #625 ) ;
#4751 = CYLINDRICAL_SURFACE ( 'NONE', #601, 3.115000000000000213 ) ;
#4752 = VERTEX_POINT ( 'NONE', #8154 ) ;
#4753 = EDGE_CURVE ( 'NONE', #1040, #5518, #3858, .T. ) ;
#4754 = AXIS2_PLACEMENT_3D ( 'NONE', #9934, #5882, #990 ) ;
#4755 = ORIENTED_EDGE ( 'NONE', *, *, #10217, .T. ) ;
#4756 = CARTESIAN_POINT ( 'NONE',  ( 0.5901242379057490828, -0.2724947409330293335, -3.919999999999999929 ) ) ;
#4757 = EDGE_LOOP ( 'NONE', ( #1549, #7029, #3446, #2093 ) ) ;
#4758 = CARTESIAN_POINT ( 'NONE',  ( 0.1103239364823000029, -3.179232192873000074, -7.316616563262000383 ) ) ;
#4759 = CARTESIAN_POINT ( 'NONE',  ( -0.07679948071507823604, -0.6454470077100785685, -3.919999999999999929 ) ) ;
#4760 = CARTESIAN_POINT ( 'NONE',  ( 1.259820775948575777, 1.639317026916269127, -7.170000000000000817 ) ) ;
#4761 = B_SPLINE_CURVE_WITH_KNOTS ( 'NONE', 3,
 ( #7663, #3614, #3501, #4566, #6765, #5968, #9687, #1545, #3086, #7974 ),
 .UNSPECIFIED., .F., .F.,
 ( 4, 2, 2, 2, 4 ),
 ( 0.000000000000000000, 0.2499993866657554409, 0.4999987733315108818, 0.7499981599972662671, 0.9999975466630217635 ),
 .UNSPECIFIED. ) ;
#4762 = VECTOR ( 'NONE', #8485, 1000.000000000000000 ) ;
#4763 = CARTESIAN_POINT ( 'NONE',  ( 0.07679948071508724272, -0.6454470077100775693, -4.070000000000005613 ) ) ;
#4764 = EDGE_CURVE ( 'NONE', #3999, #1988, #9129, .T. ) ;
#4765 = EDGE_CURVE ( 'NONE', #1523, #459, #4098, .T. ) ;
#4766 = CARTESIAN_POINT ( 'NONE',  ( -0.6495145696682955716, 0.02511620569689349686, -3.919999999999999929 ) ) ;
#4767 = ORIENTED_EDGE ( 'NONE', *, *, #7484, .T. ) ;
#4768 = ORIENTED_EDGE ( 'NONE', *, *, #7604, .T. ) ;
#4769 = CYLINDRICAL_SURFACE ( 'NONE', #5080, 0.6750000000000000444 ) ;
#4770 = VERTEX_POINT ( 'NONE', #9117 ) ;
#4771 = LINE ( 'NONE', #7229, #144 ) ;
#4772 = CIRCLE ( 'NONE', #7004, 0.6750000000000000444 ) ;
#4773 = CARTESIAN_POINT ( 'NONE',  ( -0.5183467857718271343, 0.4192573791286202112, -4.169991741848314781 ) ) ;
#4774 = DIRECTION ( 'NONE',  ( 0.000000000000000000, 0.000000000000000000, 1.000000000000000000 ) ) ;
#4775 = CARTESIAN_POINT ( 'NONE',  ( -1.195517069874999949, -2.511375151578000509, -8.316928386161000830 ) ) ;
#4776 = CARTESIAN_POINT ( 'NONE',  ( -1.399788848772386407, 2.311394115320025922, -6.467804298181516032 ) ) ;
#4777 = ORIENTED_EDGE ( 'NONE', *, *, #7340, .F. ) ;
#4778 = AXIS2_PLACEMENT_3D ( 'NONE', #6231, #2343, #2247 ) ;
#4779 = DIRECTION ( 'NONE',  ( -0.000000000000000000, 1.000000000000000000, 0.000000000000000000 ) ) ;
#4780 = CARTESIAN_POINT ( 'NONE',  ( 2.040000000000000036, 3.040000000000000036, 4.400000000000000355 ) ) ;
#4781 = ORIENTED_EDGE ( 'NONE', *, *, #3911, .T. ) ;
#4782 = CARTESIAN_POINT ( 'NONE',  ( 1.603809411476498470, 2.196270792742566424, -4.415091938112873038 ) ) ;
#4783 = CARTESIAN_POINT ( 'NONE',  ( -1.424860936603999928, -2.791895686775999863, -5.873387147738999836 ) ) ;
#4784 = CARTESIAN_POINT ( 'NONE',  ( 0.000000000000000000, 0.000000000000000000, -4.370000000000000107 ) ) ;
#4785 = PLANE ( 'NONE',  #2326 ) ;
#4786 = STYLED_ITEM ( 'NONE', ( #5448 ), #5521 ) ;
#4787 = CARTESIAN_POINT ( 'NONE',  ( 1.285063774754000132, 2.709317662810999838, -8.068846743627000606 ) ) ;
#4788 = LINE ( 'NONE', #8036, #7592 ) ;
#4789 = DIRECTION ( 'NONE',  ( 0.000000000000000000, 0.000000000000000000, -1.000000000000000000 ) ) ;
#4790 = ORIENTED_EDGE ( 'NONE', *, *, #10349, .T. ) ;
#4791 = CARTESIAN_POINT ( 'NONE',  ( 0.1665225825343787380, 2.717860111514220023, -5.729580078480236871 ) ) ;
#4792 = EDGE_CURVE ( 'NONE', #7991, #8746, #8311, .T. ) ;
#4793 = CARTESIAN_POINT ( 'NONE',  ( 0.8836694399334819039, -2.986696924246893925, -7.209722434669915359 ) ) ;
#4794 = CARTESIAN_POINT ( 'NONE',  ( -2.015804355894000199, -2.116001142591000583, -6.083066863772000232 ) ) ;
#4795 = CARTESIAN_POINT ( 'NONE',  ( 0.9287636233528999696, 2.591974479687999988, -4.376419430904999963 ) ) ;
#4796 = DIRECTION ( 'NONE',  ( -0.000000000000000000, -0.000000000000000000, 1.000000000000000000 ) ) ;
#4797 = CARTESIAN_POINT ( 'NONE',  ( 0.5107053896536062343, -0.4020945224431168308, -3.919999999999999929 ) ) ;
#4798 = CARTESIAN_POINT ( 'NONE',  ( 0.000000000000000000, 0.000000000000000000, -3.919999999999999929 ) ) ;
#4799 = CARTESIAN_POINT ( 'NONE',  ( -3.299999999999999822, 3.299999999999999822, -1.336000000000000076 ) ) ;
#4800 = ORIENTED_EDGE ( 'NONE', *, *, #739, .T. ) ;
#4801 = PLANE ( 'NONE',  #9869 ) ;
#4802 = EDGE_CURVE ( 'NONE', #3178, #10166, #4900, .T. ) ;
#4803 = EDGE_CURVE ( 'NONE', #582, #4059, #981, .T. ) ;
#4804 = DIRECTION ( 'NONE',  ( -0.05233595624295873244, 0.9986295347545730561, 0.000000000000000000 ) ) ;
#4805 = LINE ( 'NONE', #8005, #6250 ) ;
#4806 = CARTESIAN_POINT ( 'NONE',  ( 3.114674069952620972, -0.3300014255840759136, -7.783603358706975506 ) ) ;
#4807 = ORIENTED_EDGE ( 'NONE', *, *, #76, .F. ) ;
#4808 = EDGE_LOOP ( 'NONE', ( #10147, #6155, #1192, #2983 ) ) ;
#4809 = CARTESIAN_POINT ( 'NONE',  ( -1.986970650850877740E-14, -2.424999999979854604, -9.099999999994725641 ) ) ;
#4810 = ORIENTED_EDGE ( 'NONE', *, *, #3960, .F. ) ;
#4811 = CARTESIAN_POINT ( 'NONE',  ( -2.677276420896999909, -0.9875903765616000918, -7.634449111451000469 ) ) ;
#4812 = EDGE_CURVE ( 'NONE', #5328, #9309, #1613, .T. ) ;
#4813 = EDGE_CURVE ( 'NONE', #3066, #7703, #9378, .T. ) ;
#4814 = CARTESIAN_POINT ( 'NONE',  ( -0.6500000000000000222, 0.000000000000000000, -3.919999999999999929 ) ) ;
#4815 = DIRECTION ( 'NONE',  ( 0.2079116908177515988, 0.9781476007338072431, -0.000000000000000000 ) ) ;
#4816 = CARTESIAN_POINT ( 'NONE',  ( 0.000000000000000000, 0.000000000000000000, -11.36999999999999922 ) ) ;
#4817 = PLANE ( 'NONE',  #6743 ) ;
#4818 = ORIENTED_EDGE ( 'NONE', *, *, #444, .F. ) ;
#4819 = ORIENTED_EDGE ( 'NONE', *, *, #1220, .T. ) ;
#4820 = CARTESIAN_POINT ( 'NONE',  ( -1.154597589590177886, -2.043397794555179114, -7.169999999999999929 ) ) ;
#4821 = EDGE_LOOP ( 'NONE', ( #2967, #10051, #1175, #3008 ) ) ;
#4822 = CARTESIAN_POINT ( 'NONE',  ( -0.6594379015382929587, -0.1441063982437040814, -4.370000000000000107 ) ) ;
#4823 = FACE_OUTER_BOUND ( 'NONE', #6854, .T. ) ;
#4824 = DIRECTION ( 'NONE',  ( 1.000000000000000000, 0.000000000000000000, -0.000000000000000000 ) ) ;
#4825 = LINE ( 'NONE', #7445, #8784 ) ;
#4826 = DIRECTION ( 'NONE',  ( 0.7071067811865474617, 0.000000000000000000, 0.7071067811865474617 ) ) ;
#4827 = ORIENTED_EDGE ( 'NONE', *, *, #10268, .T. ) ;
#4828 = EDGE_CURVE ( 'NONE', #9677, #2432, #1026, .T. ) ;
#4829 = DIRECTION ( 'NONE',  ( 1.000000000000000000, 0.000000000000000000, 0.000000000000000000 ) ) ;
#4830 = VECTOR ( 'NONE', #2840, 1000.000000000000000 ) ;
#4831 = EDGE_LOOP ( 'NONE', ( #3103, #5432, #2545, #4554 ) ) ;
#4832 = VERTEX_POINT ( 'NONE', #7355 ) ;
#4833 = VECTOR ( 'NONE', #4796, 1000.000000000000000 ) ;
#4834 = LINE ( 'NONE', #8080, #5548 ) ;
#4835 = ORIENTED_EDGE ( 'NONE', *, *, #6668, .T. ) ;
#4836 = CARTESIAN_POINT ( 'NONE',  ( 2.153813928001945044, 1.611424428162308464, -4.415099465223208952 ) ) ;
#4837 = CARTESIAN_POINT ( 'NONE',  ( 2.395167494435999966, 1.972335713989000316, -5.654941374228999784 ) ) ;
#4838 = DIRECTION ( 'NONE',  ( -1.000000000000000000, 0.000000000000000000, 0.000000000000000000 ) ) ;
#4839 = CARTESIAN_POINT ( 'NONE',  ( 0.000000000000000000, 0.000000000000000000, -6.950000000000000178 ) ) ;
#4840 = EDGE_CURVE ( 'NONE', #10335, #6758, #7405, .T. ) ;
#4841 = CARTESIAN_POINT ( 'NONE',  ( 2.278232438113999780, 2.421805053972000632, -7.575449536256000371 ) ) ;
#4842 = CARTESIAN_POINT ( 'NONE',  ( 2.574999999953220264, -2.128747941071996155E-16, -9.100000000027776537 ) ) ;
#4843 = VERTEX_POINT ( 'NONE', #4044 ) ;
#4844 = DIRECTION ( 'NONE',  ( 0.000000000000000000, 0.000000000000000000, -1.000000000000000000 ) ) ;
#4845 = CARTESIAN_POINT ( 'NONE',  ( -1.559105841427537609, -2.698983569225237744, -7.301237091605572438 ) ) ;
#4846 = SURFACE_STYLE_FILL_AREA ( #8096 ) ;
#4847 = CARTESIAN_POINT ( 'NONE',  ( 0.5724484814368451246, 0.3251505474397266005, -4.119991299149684316 ) ) ;
#4848 = CARTESIAN_POINT ( 'NONE',  ( 0.000000000000000000, 0.000000000000000000, -3.919999999999999929 ) ) ;
#4849 = LINE ( 'NONE', #4797, #5107 ) ;
#4850 = CARTESIAN_POINT ( 'NONE',  ( -0.07679948071507823604, -0.6454470077100785685, -4.070000000000005613 ) ) ;
#4851 = VERTEX_POINT ( 'NONE', #4262 ) ;
#4852 = EDGE_CURVE ( 'NONE', #4405, #9321, #7301, .T. ) ;
#4853 = LINE ( 'NONE', #2425, #5268 ) ;
#4854 = CARTESIAN_POINT ( 'NONE',  ( 0.3174317576937332186, 2.424999999902865966, -9.099999999932606443 ) ) ;
#4855 = AXIS2_PLACEMENT_3D ( 'NONE', #627, #1388, #3871 ) ;
#4856 = CARTESIAN_POINT ( 'NONE',  ( 2.987592965554783042, -0.8888513098877199869, -7.804395796417866293 ) ) ;
#4857 = ORIENTED_EDGE ( 'NONE', *, *, #2483, .F. ) ;
#4858 = ORIENTED_EDGE ( 'NONE', *, *, #7541, .F. ) ;
#4859 = VECTOR ( 'NONE', #6221, 1000.000000000000000 ) ;
#4860 = CARTESIAN_POINT ( 'NONE',  ( -0.6254863983062319832, -0.1768241090289946471, -4.070000000000005613 ) ) ;
#4861 = AXIS2_PLACEMENT_3D ( 'NONE', #7951, #2266, #5502 ) ;
#4862 = EDGE_CURVE ( 'NONE', #9666, #2116, #4148, .T. ) ;
#4863 = VERTEX_POINT ( 'NONE', #2414 ) ;
#4864 = CARTESIAN_POINT ( 'NONE',  ( -1.864749019011999964, -2.776891682573999987, -7.298389424903000133 ) ) ;
#4865 = FACE_OUTER_BOUND ( 'NONE', #7453, .T. ) ;
#4866 = CARTESIAN_POINT ( 'NONE',  ( 2.049999999999999822, -1.004210375300829378E-16, -7.169999999999999929 ) ) ;
#4867 = AXIS2_PLACEMENT_3D ( 'NONE', #8168, #6572, #9931 ) ;
#4868 = VECTOR ( 'NONE', #4365, 1000.000000000000000 ) ;
#4869 = CARTESIAN_POINT ( 'NONE',  ( -1.333833985544000011, -2.335690768356000646, -6.254256022138999782 ) ) ;
#4870 = ORIENTED_EDGE ( 'NONE', *, *, #9308, .F. ) ;
#4871 = EDGE_CURVE ( 'NONE', #5053, #2904, #5652, .T. ) ;
#4872 = ADVANCED_FACE ( 'NONE', ( #5062 ), #2462, .F. ) ;
#4873 = EDGE_LOOP ( 'NONE', ( #764, #362, #6981, #5788, #6361, #424, #9786 ) ) ;
#4874 = PLANE ( 'NONE',  #3042 ) ;
#4875 = ORIENTED_EDGE ( 'NONE', *, *, #1835, .T. ) ;
#4876 = CARTESIAN_POINT ( 'NONE',  ( 0.1768241090289836837, 0.6254863983062348698, -4.370000000000000107 ) ) ;
#4877 = DIRECTION ( 'NONE',  ( 0.000000000000000000, 0.000000000000000000, 1.000000000000000000 ) ) ;
#4878 = DIRECTION ( 'NONE',  ( 0.1564344650402347270, -0.9876883405951371042, 0.000000000000000000 ) ) ;
#4879 = CARTESIAN_POINT ( 'NONE',  ( -1.883315541280000005, -1.940994774748999951, -8.260309205685999245 ) ) ;
#4880 = FACE_OUTER_BOUND ( 'NONE', #1165, .T. ) ;
#4881 = ORIENTED_EDGE ( 'NONE', *, *, #7345, .F. ) ;
#4882 = CARTESIAN_POINT ( 'NONE',  ( -0.07006679138115710914, -0.6629862630698566406, -4.169991741848313893 ) ) ;
#4883 = VECTOR ( 'NONE', #4681, 1000.000000000000000 ) ;
#4884 = DIRECTION ( 'NONE',  ( -0.2588190451025293437, 0.9659258262890660918, -0.000000000000000000 ) ) ;
#4885 = VECTOR ( 'NONE', #1638, 1000.000000000000000 ) ;
#4886 = ORIENTED_EDGE ( 'NONE', *, *, #141, .T. ) ;
#4887 = ORIENTED_EDGE ( 'NONE', *, *, #3218, .F. ) ;
#4888 = EDGE_CURVE ( 'NONE', #9501, #4843, #8255, .T. ) ;
#4889 = EDGE_CURVE ( 'NONE', #8219, #1672, #2014, .T. ) ;
#4890 = AXIS2_PLACEMENT_3D ( 'NONE', #6642, #2592, #5839 ) ;
#4891 = ORIENTED_EDGE ( 'NONE', *, *, #9443, .F. ) ;
#4892 = FACE_OUTER_BOUND ( 'NONE', #1875, .T. ) ;
#4893 = CARTESIAN_POINT ( 'NONE',  ( 2.638561866714999926, 0.8865876301398000203, -5.166891738576000925 ) ) ;
#4894 = PLANE ( 'NONE',  #3258 ) ;
#4895 = CARTESIAN_POINT ( 'NONE',  ( -3.115000000000000213, 3.814774779344005545E-16, -7.086186982385999755 ) ) ;
#4896 = CARTESIAN_POINT ( 'NONE',  ( -2.440277057802000105, 1.443908333019999990, -7.107843125696000186 ) ) ;
#4897 = VECTOR ( 'NONE', #9737, 999.9999999999998863 ) ;
#4898 = LINE ( 'NONE', #5959, #474 ) ;
#4899 = ORIENTED_EDGE ( 'NONE', *, *, #6003, .F. ) ;
#4900 = LINE ( 'NONE', #1834, #5562 ) ;
#4901 = CARTESIAN_POINT ( 'NONE',  ( 0.02511620569689576241, -0.6495145696682955716, -4.370000000000000107 ) ) ;
#4902 =( NAMED_UNIT ( * ) PLANE_ANGLE_UNIT ( ) SI_UNIT ( $, .RADIAN. ) );
#4903 = EDGE_CURVE ( 'NONE', #7480, #2479, #3782, .T. ) ;
#4904 = CARTESIAN_POINT ( 'NONE',  ( -0.9375979787891000061, -2.829640416374000100, -5.944459067399000318 ) ) ;
#4905 = CARTESIAN_POINT ( 'NONE',  ( -0.4487928534307962791, -0.5041923985042254808, -4.219999999999999751 ) ) ;
#4906 = CARTESIAN_POINT ( 'NONE',  ( 0.03917339399606812461, 0.6738623340140247331, -4.220000000000000639 ) ) ;
#4907 = CARTESIAN_POINT ( 'NONE',  ( -3.404397331752656797, 3.478445380721962188, 0.5000000000000000000 ) ) ;
#4908 = CIRCLE ( 'NONE', #8999, 0.6750000000000000444 ) ;
#4909 = CARTESIAN_POINT ( 'NONE',  ( -0.6287759193777681110, -0.2454910247048617822, -4.370000000000000107 ) ) ;
#4910 = CARTESIAN_POINT ( 'NONE',  ( 1.907529582639053034, 1.346616281344062971, -7.169999999999999929 ) ) ;
#4911 = VERTEX_POINT ( 'NONE', #2674 ) ;
#4912 = FACE_OUTER_BOUND ( 'NONE', #3198, .T. ) ;
#4913 = CARTESIAN_POINT ( 'NONE',  ( -2.721844226195679450, -1.568773762406961092, -7.244821799786667960 ) ) ;
#4914 = AXIS2_PLACEMENT_3D ( 'NONE', #4338, #7597, #9262 ) ;
#4915 = CYLINDRICAL_SURFACE ( 'NONE', #5744, 0.6500000000000000222 ) ;
#4916 = DIRECTION ( 'NONE',  ( 0.000000000000000000, 0.000000000000000000, -1.000000000000000000 ) ) ;
#4917 = LINE ( 'NONE', #2634, #1573 ) ;
#4918 = DIRECTION ( 'NONE',  ( -1.000000000000000000, 0.000000000000000000, 0.000000000000000000 ) ) ;
#4919 = ORIENTED_EDGE ( 'NONE', *, *, #5655, .F. ) ;
#4920 = VECTOR ( 'NONE', #10382, 1000.000000000000000 ) ;
#4921 = CARTESIAN_POINT ( 'NONE',  ( 3.500000000000000444, 3.352359877559829560, 0.5000000000000000000 ) ) ;
#4922 = ORIENTED_EDGE ( 'NONE', *, *, #3071, .F. ) ;
#4923 = DIRECTION ( 'NONE',  ( -0.3583679495453081509, 0.9335804264971987454, 0.000000000000000000 ) ) ;
#4924 = LINE ( 'NONE', #143, #3907 ) ;
#4925 = CARTESIAN_POINT ( 'NONE',  ( 3.033825281195936086, -0.8151391649781133397, -4.977375514448982408 ) ) ;
#4926 = AXIS2_PLACEMENT_3D ( 'NONE', #5994, #8708, #4643 ) ;
#4927 = ADVANCED_FACE ( 'NONE', ( #8413 ), #10073, .T. ) ;
#4928 = CARTESIAN_POINT ( 'NONE',  ( -1.238159443884000011, -2.390240231911000102, -6.156201123130999875 ) ) ;
#4929 = EDGE_LOOP ( 'NONE', ( #10173, #7100, #781, #3141 ) ) ;
#4930 = ORIENTED_EDGE ( 'NONE', *, *, #1804, .T. ) ;
#4931 = EDGE_LOOP ( 'NONE', ( #10197, #3252, #4748, #6507, #3773 ) ) ;
#4932 = DIRECTION ( 'NONE',  ( 0.05233595624295179355, -0.9986295347545735002, 0.000000000000000000 ) ) ;
#4933 = CARTESIAN_POINT ( 'NONE',  ( -1.986970650850877740E-14, -2.424999999979854604, -9.099999999994725641 ) ) ;
#4934 = CARTESIAN_POINT ( 'NONE',  ( 2.787476362646164496, -0.3472660491877154754, -8.187523637384211739 ) ) ;
#4935 = CARTESIAN_POINT ( 'NONE',  ( 0.2720018533266556626, -0.5995290936948501903, -4.119991299149684316 ) ) ;
#4936 = ORIENTED_EDGE ( 'NONE', *, *, #10049, .T. ) ;
#4937 = CIRCLE ( 'NONE', #8687, 2.675000000067484507 ) ;
#4938 = DIRECTION ( 'NONE',  ( -0.000000000000000000, -0.000000000000000000, -1.000000000000000000 ) ) ;
#4939 = CARTESIAN_POINT ( 'NONE',  ( -0.02511620569689576241, -0.6495145696682955716, -4.370000000000000107 ) ) ;
#4940 = ADVANCED_FACE ( 'NONE', ( #6128 ), #5159, .T. ) ;
#4941 = EDGE_CURVE ( 'NONE', #528, #2861, #5398, .T. ) ;
#4942 = ORIENTED_EDGE ( 'NONE', *, *, #9180, .T. ) ;
#4943 = CIRCLE ( 'NONE', #8180, 0.6500000000000000222 ) ;
#4944 = CARTESIAN_POINT ( 'NONE',  ( -3.040000000000000036, 2.540000000000000036, 0.5000000000000000000 ) ) ;
#4945 = CARTESIAN_POINT ( 'NONE',  ( 0.000000000000000000, 0.000000000000000000, -4.219999999999999751 ) ) ;
#4946 = ORIENTED_EDGE ( 'NONE', *, *, #5618, .T. ) ;
#4947 = LINE ( 'NONE', #8031, #6782 ) ;
#4948 = CARTESIAN_POINT ( 'NONE',  ( 2.231910295999000038, 2.379363851383000217, -4.846020909093000206 ) ) ;
#4949 = CARTESIAN_POINT ( 'NONE',  ( 0.1264134477686998104, 0.6375889273060113549, -3.919999999999999929 ) ) ;
#4950 = DIRECTION ( 'NONE',  ( 0.000000000000000000, 0.000000000000000000, 1.000000000000000000 ) ) ;
#4951 = CARTESIAN_POINT ( 'NONE',  ( 2.186331297284000108, -1.805485772059999938, -6.772370286358000868 ) ) ;
#4952 = CIRCLE ( 'NONE', #372, 0.6750000000000000444 ) ;
#4953 = EDGE_CURVE ( 'NONE', #9059, #7991, #1846, .T. ) ;
#4954 = VERTEX_POINT ( 'NONE', #3943 ) ;
#4955 = CARTESIAN_POINT ( 'NONE',  ( 0.000000000000000000, 0.000000000000000000, -4.070000000000005613 ) ) ;
#4956 = FACE_BOUND ( 'NONE', #8560, .T. ) ;
#4957 = DIRECTION ( 'NONE',  ( -0.000000000000000000, -0.000000000000000000, -1.000000000000000000 ) ) ;
#4958 = CARTESIAN_POINT ( 'NONE',  ( -0.03917339399606812461, -0.6738623340140247331, -3.919999999999999929 ) ) ;
#4959 = PLANE ( 'NONE',  #1902 ) ;
#4960 = DIRECTION ( 'NONE',  ( -0.1045284632676459352, -0.9945218953682740670, 0.000000000000000000 ) ) ;
#4961 = CARTESIAN_POINT ( 'NONE',  ( 0.000000000000000000, 0.000000000000000000, -3.919999999999999929 ) ) ;
#4962 = ORIENTED_EDGE ( 'NONE', *, *, #5711, .F. ) ;
#4963 = DIRECTION ( 'NONE',  ( -0.000000000000000000, -0.000000000000000000, -1.000000000000000000 ) ) ;
#4964 = ADVANCED_FACE ( 'NONE', ( #505 ), #702, .T. ) ;
#4965 = EDGE_CURVE ( 'NONE', #468, #6058, #8634, .T. ) ;
#4966 = CIRCLE ( 'NONE', #7696, 0.6500000000000000222 ) ;
#4967 = CARTESIAN_POINT ( 'NONE',  ( 0.1709788014541342438, 0.6529864083220323634, -4.219999999999999751 ) ) ;
#4968 = LINE ( 'NONE', #9825, #2173 ) ;
#4969 = CYLINDRICAL_SURFACE ( 'NONE', #5025, 2.049999999999999822 ) ;
#4970 = EDGE_LOOP ( 'NONE', ( #9978, #7346, #5806, #6367 ) ) ;
#4971 = LINE ( 'NONE', #6633, #9396 ) ;
#4972 = DIRECTION ( 'NONE',  ( -0.000000000000000000, -0.000000000000000000, -1.000000000000000000 ) ) ;
#4973 = ORIENTED_EDGE ( 'NONE', *, *, #4802, .T. ) ;
#4974 = CARTESIAN_POINT ( 'NONE',  ( 3.299999999999999822, -3.500000000000000000, -1.300000000000000266 ) ) ;
#4975 = CARTESIAN_POINT ( 'NONE',  ( -1.037504401265376686, -2.481314831961899170, -6.220488523715757445 ) ) ;
#4976 = CARTESIAN_POINT ( 'NONE',  ( 2.462366302745499613, 1.201022372705066177, -7.360239589124018877 ) ) ;
#4977 = ORIENTED_EDGE ( 'NONE', *, *, #2170, .T. ) ;
#4978 = CARTESIAN_POINT ( 'NONE',  ( 1.055828372079592459, -2.810668495476431161, -7.973374920593409243 ) ) ;
#4979 = EDGE_CURVE ( 'NONE', #10215, #4571, #9494, .T. ) ;
#4980 = CARTESIAN_POINT ( 'NONE',  ( 0.4487928534307929485, 0.5041923985042289225, -4.370000000000000107 ) ) ;
#4981 = CARTESIAN_POINT ( 'NONE',  ( 3.115140677690199311, -0.4078133134950747696, -4.962662651910067169 ) ) ;
#4982 = CARTESIAN_POINT ( 'NONE',  ( 2.670084909673000162, 0.8922574685466001521, -5.843031557829000633 ) ) ;
#4983 = VERTEX_POINT ( 'NONE', #10411 ) ;
#4984 = VERTEX_POINT ( 'NONE', #7201 ) ;
#4985 = CARTESIAN_POINT ( 'NONE',  ( 0.000000000000000000, 0.000000000000000000, -6.950000000000000178 ) ) ;
#4986 = CARTESIAN_POINT ( 'NONE',  ( 0.2245979712142810447, -0.6099637295171156381, -3.919999999999999929 ) ) ;
#4987 = CARTESIAN_POINT ( 'NONE',  ( 3.114920185941516984, -3.288210596454419226E-06, -4.947994892930606348 ) ) ;
#4988 = DIRECTION ( 'NONE',  ( 0.7431448254773853623, 0.6691306063588681186, 0.000000000000000000 ) ) ;
#4989 = VERTEX_POINT ( 'NONE', #3147 ) ;
#4990 = CYLINDRICAL_SURFACE ( 'NONE', #1153, 3.250000000000000444 ) ;
#4991 = EDGE_CURVE ( 'NONE', #8995, #1377, #4700, .T. ) ;
#4992 = DIRECTION ( 'NONE',  ( 0.8660254037844438146, -0.4999999999999908962, 0.000000000000000000 ) ) ;
#4993 =( GEOMETRIC_REPRESENTATION_CONTEXT ( 3 ) GLOBAL_UNCERTAINTY_ASSIGNED_CONTEXT ( ( #2844 ) ) GLOBAL_UNIT_ASSIGNED_CONTEXT ( ( #10518, #2466, #4403 ) ) REPRESENTATION_CONTEXT ( 'NONE', 'WORKASPACE' ) );
#4994 = ORIENTED_EDGE ( 'NONE', *, *, #4667, .F. ) ;
#4995 = ORIENTED_EDGE ( 'NONE', *, *, #2760, .F. ) ;
#4996 = CARTESIAN_POINT ( 'NONE',  ( 0.1035209413652777577, 2.687936592171744188, -4.415212791317230767 ) ) ;
#4997 = CARTESIAN_POINT ( 'NONE',  ( 0.000000000000000000, 0.000000000000000000, -3.919999999999999929 ) ) ;
#4998 = ORIENTED_EDGE ( 'NONE', *, *, #837, .T. ) ;
#4999 = CARTESIAN_POINT ( 'NONE',  ( 1.914919996888951204, 1.931022300806596093, -4.415084213532783686 ) ) ;
#5000 = CARTESIAN_POINT ( 'NONE',  ( 2.396320920527999832, -1.416215000403999946, -4.557291837913999721 ) ) ;
#5001 = LINE ( 'NONE', #9867, #10418 ) ;
#5002 = CARTESIAN_POINT ( 'NONE',  ( -0.4415163173259603613, -0.4770359960578675618, -4.070000000000005613 ) ) ;
#5003 = AXIS2_PLACEMENT_3D ( 'NONE', #730, #1588, #2390 ) ;
#5004 = CARTESIAN_POINT ( 'NONE',  ( -2.188813492178999898, -2.374906640440999972, -6.515695695124000153 ) ) ;
#5005 = ORIENTED_EDGE ( 'NONE', *, *, #1718, .F. ) ;
#5006 = CARTESIAN_POINT ( 'NONE',  ( 0.4487928534307929485, 0.5041923985042287004, -4.219999999999999751 ) ) ;
#5007 = VECTOR ( 'NONE', #5976, 1000.000000000000000 ) ;
#5008 = DIRECTION ( 'NONE',  ( 0.5000000000000015543, -0.8660254037844377084, 0.000000000000000000 ) ) ;
#5009 = CARTESIAN_POINT ( 'NONE',  ( -2.955841716901169480, 1.003947757891853643, -6.043952102699673645 ) ) ;
#5010 = CARTESIAN_POINT ( 'NONE',  ( -0.1768241090289877915, -0.6254863983062337596, -3.919999999999999929 ) ) ;
#5011 = LINE ( 'NONE', #975, #5007 ) ;
#5012 = DIRECTION ( 'NONE',  ( -0.9781476007338065770, 0.2079116908177550127, 0.000000000000000000 ) ) ;
#5013 = EDGE_CURVE ( 'NONE', #4134, #8677, #1158, .T. ) ;
#5014 = EDGE_CURVE ( 'NONE', #5835, #8423, #8645, .T. ) ;
#5015 = DIRECTION ( 'NONE',  ( -1.000000000000000000, 0.000000000000000000, 0.000000000000000000 ) ) ;
#5016 = FACE_OUTER_BOUND ( 'NONE', #8707, .T. ) ;
#5017 = ADVANCED_BREP_SHAPE_REPRESENTATION ( '', ( #5471, #9235 ), #3273 ) ;
#5018 = ORIENTED_EDGE ( 'NONE', *, *, #4765, .T. ) ;
#5019 = DIRECTION ( 'NONE',  ( -1.000000000000000000, 0.000000000000000000, 0.000000000000000000 ) ) ;
#5020 = AXIS2_PLACEMENT_3D ( 'NONE', #6594, #8132, #4076 ) ;
#5021 = LINE ( 'NONE', #5712, #9700 ) ;
#5022 = CARTESIAN_POINT ( 'NONE',  ( -0.1264134477687089697, 0.6375889273060096896, -4.370000000000000107 ) ) ;
#5023 = FACE_OUTER_BOUND ( 'NONE', #5644, .T. ) ;
#5024 = DIRECTION ( 'NONE',  ( 1.000000000000000000, 0.000000000000000000, 0.000000000000000000 ) ) ;
#5025 = AXIS2_PLACEMENT_3D ( 'NONE', #7577, #6733, #5078 ) ;
#5026 = DIRECTION ( 'NONE',  ( -0.9945218953682719576, -0.1045284632676657249, -0.000000000000000000 ) ) ;
#5027 = EDGE_CURVE ( 'NONE', #9336, #8537, #10306, .T. ) ;
#5028 = EDGE_CURVE ( 'NONE', #6958, #3658, #3045, .T. ) ;
#5029 = DIRECTION ( 'NONE',  ( 1.000000000000000000, 0.000000000000000000, -0.000000000000000000 ) ) ;
#5030 = CARTESIAN_POINT ( 'NONE',  ( -2.131649644633000218, -1.611362426402999981, -8.307433463122000816 ) ) ;
#5031 = ORIENTED_EDGE ( 'NONE', *, *, #1268, .T. ) ;
#5032 = LINE ( 'NONE', #6641, #3226 ) ;
#5033 = VECTOR ( 'NONE', #6829, 1000.000000000000000 ) ;
#5034 = DIRECTION ( 'NONE',  ( -0.000000000000000000, -0.000000000000000000, -1.000000000000000000 ) ) ;
#5035 = ORIENTED_EDGE ( 'NONE', *, *, #6522, .T. ) ;
#5036 = CARTESIAN_POINT ( 'NONE',  ( -2.677850387814999955, -0.8686745524344999803, -5.491022521105000109 ) ) ;
#5037 = ORIENTED_EDGE ( 'NONE', *, *, #5849, .F. ) ;
#5038 = AXIS2_PLACEMENT_3D ( 'NONE', #4945, #9003, #8358 ) ;
#5039 = ORIENTED_EDGE ( 'NONE', *, *, #2628, .T. ) ;
#5040 = CARTESIAN_POINT ( 'NONE',  ( 2.424999999953075580, 2.055269133127676531E-16, -9.099999999982301802 ) ) ;
#5041 = CARTESIAN_POINT ( 'NONE',  ( 1.627950411608000136, 2.365714059351999854, -7.182485038172000458 ) ) ;
#5042 = B_SPLINE_CURVE_WITH_KNOTS ( 'NONE', 3,
 ( #7873, #1439, #4663, #1283, #3083, #1396, #4456, #7085, #2924, #7919, #586, #6173, #4506, #1233, #2288, #427, #7766, #8514 ),
 .UNSPECIFIED., .F., .F.,
 ( 4, 2, 2, 2, 2, 2, 2, 2, 4 ),
 ( 3.780234412337906568E-07, 0.1250003307705111200, 0.2500002835175809679, 0.3750002362646507326, 0.5000001890117206083, 0.6250001417587903729, 0.7500000945058602486, 0.8750000472529301243, 1.000000000000000000 ),
 .UNSPECIFIED. ) ;
#5043 = LINE ( 'NONE', #5687, #3721 ) ;
#5044 = ORIENTED_EDGE ( 'NONE', *, *, #9399, .T. ) ;
#5045 = CYLINDRICAL_SURFACE ( 'NONE', #476, 0.6500000000000000222 ) ;
#5046 = CARTESIAN_POINT ( 'NONE',  ( 0.000000000000000000, 0.000000000000000000, -3.919999999999999929 ) ) ;
#5047 = VECTOR ( 'NONE', #7066, 1000.000000000000000 ) ;
#5048 = CIRCLE ( 'NONE', #6412, 0.6500000000000000222 ) ;
#5049 = EDGE_LOOP ( 'NONE', ( #406, #6376, #1352, #5485, #7756, #8631, #8811, #3289, #6301 ) ) ;
#5050 = ORIENTED_EDGE ( 'NONE', *, *, #1327, .F. ) ;
#5051 = CARTESIAN_POINT ( 'NONE',  ( 0.1729180543024448624, -0.6438629409820391114, -4.169991741848314781 ) ) ;
#5052 = CARTESIAN_POINT ( 'NONE',  ( -2.930903174171166192, -1.218607996477067523, -6.553788798602332655 ) ) ;
#5053 = VERTEX_POINT ( 'NONE', #653 ) ;
#5054 = CARTESIAN_POINT ( 'NONE',  ( -1.671675491902481436, -2.144567717005482432, -8.284831425131896410 ) ) ;
#5055 = VECTOR ( 'NONE', #10, 1000.000000000000000 ) ;
#5056 = CARTESIAN_POINT ( 'NONE',  ( -0.7163446140345000046, 3.018904730218999966, -4.823668782417000145 ) ) ;
#5057 = DIRECTION ( 'NONE',  ( -1.000000000000000000, 0.000000000000000000, 0.000000000000000000 ) ) ;
#5058 = AXIS2_PLACEMENT_3D ( 'NONE', #7546, #2708, #1113 ) ;
#5059 = CARTESIAN_POINT ( 'NONE',  ( 2.437966984491000133, -2.013288063320000099, -6.949918757662000068 ) ) ;
#5060 = VERTEX_POINT ( 'NONE', #5494 ) ;
#5061 = VECTOR ( 'NONE', #3966, 1000.000000000000000 ) ;
#5062 = FACE_OUTER_BOUND ( 'NONE', #5416, .T. ) ;
#5063 = AXIS2_PLACEMENT_3D ( 'NONE', #8769, #10226, #5131 ) ;
#5064 = CARTESIAN_POINT ( 'NONE',  ( -2.517999833296293399, -1.834020008599349882, -7.347759896968851123 ) ) ;
#5065 = CARTESIAN_POINT ( 'NONE',  ( -1.561711331574709760, 2.703001677633362743, -6.124583466842293156 ) ) ;
#5066 = EDGE_CURVE ( 'NONE', #1488, #1629, #7939, .T. ) ;
#5067 = CARTESIAN_POINT ( 'NONE',  ( -3.299999999999999822, -3.500000000000000000, 0.5000000000000000000 ) ) ;
#5068 = CARTESIAN_POINT ( 'NONE',  ( 0.02511620569689576241, 0.6495145696682955716, -4.070000000000005613 ) ) ;
#5069 = DIRECTION ( 'NONE',  ( -1.000000000000000000, 0.000000000000000000, 0.000000000000000000 ) ) ;
#5070 = DIRECTION ( 'NONE',  ( -1.000000000000000000, 0.000000000000000000, 0.000000000000000000 ) ) ;
#5071 = FACE_OUTER_BOUND ( 'NONE', #2960, .T. ) ;
#5072 = VERTEX_POINT ( 'NONE', #7602 ) ;
#5073 = VECTOR ( 'NONE', #5463, 1000.000000000000000 ) ;
#5074 = EDGE_CURVE ( 'NONE', #1688, #4495, #8477, .T. ) ;
#5075 = EDGE_LOOP ( 'NONE', ( #8973, #1122, #5535, #9918 ) ) ;
#5076 = ADVANCED_FACE ( 'NONE', ( #10059 ), #208, .F. ) ;
#5077 = FACE_OUTER_BOUND ( 'NONE', #492, .T. ) ;
#5078 = DIRECTION ( 'NONE',  ( 1.000000000000000000, 0.000000000000000000, 0.000000000000000000 ) ) ;
#5079 = CARTESIAN_POINT ( 'NONE',  ( 0.6738623340140242890, 0.03917339399607511902, -4.219999999999999751 ) ) ;
#5080 = AXIS2_PLACEMENT_3D ( 'NONE', #3179, #8020, #6434 ) ;
#5081 = LINE ( 'NONE', #6682, #4749 ) ;
#5082 = CARTESIAN_POINT ( 'NONE',  ( 0.000000000000000000, 0.000000000000000000, -9.036599999999999966 ) ) ;
#5083 = VERTEX_POINT ( 'NONE', #6506 ) ;
#5084 = ORIENTED_EDGE ( 'NONE', *, *, #141, .F. ) ;
#5085 = CARTESIAN_POINT ( 'NONE',  ( -0.9345977433682981506, -2.655728048717364675, -8.159003057491780453 ) ) ;
#5086 = CIRCLE ( 'NONE', #8492, 0.4500000000000000111 ) ;
#5087 = DIRECTION ( 'NONE',  ( -1.000000000000000000, 0.000000000000000000, 0.000000000000000000 ) ) ;
#5088 = ADVANCED_FACE ( 'NONE', ( #2659 ), #2761, .T. ) ;
#5089 = DIRECTION ( 'NONE',  ( 1.000000000000000000, -0.000000000000000000, 0.000000000000000000 ) ) ;
#5090 = CARTESIAN_POINT ( 'NONE',  ( -2.754283040609000199, 0.5825831322872999651, -5.689873718537000968 ) ) ;
#5091 = CIRCLE ( 'NONE', #6637, 0.6500000000000000222 ) ;
#5092 = ORIENTED_EDGE ( 'NONE', *, *, #9260, .T. ) ;
#5093 = ORIENTED_EDGE ( 'NONE', *, *, #4178, .T. ) ;
#5094 = CARTESIAN_POINT ( 'NONE',  ( 2.756679201198000140, -0.8047020162675000421, -7.463724184979000142 ) ) ;
#5095 = CARTESIAN_POINT ( 'NONE',  ( -2.727625739909000036, 0.8982159067642055961, -6.288107891374071556 ) ) ;
#5096 = VERTEX_POINT ( 'NONE', #5903 ) ;
#5097 = CARTESIAN_POINT ( 'NONE',  ( 3.115000000000000657, -0.5105563448398326987, -6.263135228125584320 ) ) ;
#5098 = CARTESIAN_POINT ( 'NONE',  ( 2.721662774561771414, 1.568617581689936369, -5.480050799318845201 ) ) ;
#5099 = CIRCLE ( 'NONE', #1724, 0.4500000000000000111 ) ;
#5100 = ADVANCED_FACE ( 'NONE', ( #9221 ), #808, .T. ) ;
#5101 = CARTESIAN_POINT ( 'NONE',  ( -0.07679948071508269081, 0.6454470077100782355, -4.070000000000005613 ) ) ;
#5102 = ORIENTED_EDGE ( 'NONE', *, *, #7757, .T. ) ;
#5103 = EDGE_LOOP ( 'NONE', ( #915, #2848 ) ) ;
#5104 = CARTESIAN_POINT ( 'NONE',  ( 2.365844717552216370, 1.763976417389276463, -4.653033333908020985 ) ) ;
#5105 = ORIENTED_EDGE ( 'NONE', *, *, #5828, .T. ) ;
#5106 = CARTESIAN_POINT ( 'NONE',  ( -2.040000000000000036, -3.500000000000000000, 0.000000000000000000 ) ) ;
#5107 = VECTOR ( 'NONE', #8102, 1000.000000000000000 ) ;
#5108 = CARTESIAN_POINT ( 'NONE',  ( 0.8393985186568999612, 3.152492035429999895, -4.790602736305999976 ) ) ;
#5109 = CARTESIAN_POINT ( 'NONE',  ( 0.000000000000000000, 0.000000000000000000, -11.36999999999999922 ) ) ;
#5110 = DIRECTION ( 'NONE',  ( 0.000000000000000000, 1.000000000000000000, -0.000000000000000000 ) ) ;
#5111 = CARTESIAN_POINT ( 'NONE',  ( -2.829863765592000036, -0.1780293824681999926, -7.040748557828999665 ) ) ;
#5112 = VERTEX_POINT ( 'NONE', #1878 ) ;
#5113 = AXIS2_PLACEMENT_3D ( 'NONE', #7885, #10408, #8693 ) ;
#5114 = CARTESIAN_POINT ( 'NONE',  ( -2.616324155675498364, -1.622215154123292313, -7.915447138249950498 ) ) ;
#5115 = DIRECTION ( 'NONE',  ( 0.7071067811865473507, 0.000000000000000000, 0.7071067811865477948 ) ) ;
#5116 = DIRECTION ( 'NONE',  ( -0.000000000000000000, 1.000000000000000000, 0.000000000000000000 ) ) ;
#5117 = CARTESIAN_POINT ( 'NONE',  ( -0.6657846630356351048, -0.03450974848227200686, -4.169991741848313893 ) ) ;
#5118 = DIRECTION ( 'NONE',  ( -1.000000000000000000, 0.000000000000000000, 0.000000000000000000 ) ) ;
#5119 = CYLINDRICAL_SURFACE ( 'NONE', #5460, 2.674999999999999822 ) ;
#5120 = VERTEX_POINT ( 'NONE', #753 ) ;
#5121 = CIRCLE ( 'NONE', #2411, 2.049999999999999822 ) ;
#5122 = EDGE_CURVE ( 'NONE', #8874, #1229, #3550, .T. ) ;
#5123 = CARTESIAN_POINT ( 'NONE',  ( -0.6757003350882999637, -2.879421531985999927, -4.868335618843000034 ) ) ;
#5124 = EDGE_LOOP ( 'NONE', ( #4827, #8212, #537, #1550 ) ) ;
#5125 = CARTESIAN_POINT ( 'NONE',  ( 2.770000000000000018, -2.040000000000000036, 4.400000000000000355 ) ) ;
#5126 = DIRECTION ( 'NONE',  ( -0.9659258262890669799, -0.2588190451025259575, 0.000000000000000000 ) ) ;
#5127 = ORIENTED_EDGE ( 'NONE', *, *, #2594, .T. ) ;
#5128 = CARTESIAN_POINT ( 'NONE',  ( 0.6750000000000000444, 8.266365894244634333E-17, -4.219999999999999751 ) ) ;
#5129 = LINE ( 'NONE', #8221, #7312 ) ;
#5130 = CARTESIAN_POINT ( 'NONE',  ( 2.540000000000000036, -3.040000000000000036, 2.450000000000000178 ) ) ;
#5131 = DIRECTION ( 'NONE',  ( -1.000000000000000000, 0.000000000000000000, 0.000000000000000000 ) ) ;
#5132 = VERTEX_POINT ( 'NONE', #5101 ) ;
#5133 = CARTESIAN_POINT ( 'NONE',  ( -1.324336066445999993, -2.781963868600000112, -8.075981887286999950 ) ) ;
#5134 = CARTESIAN_POINT ( 'NONE',  ( -1.936149859024048014, 1.884668988260448819, -7.145194940704146624 ) ) ;
#5135 = VERTEX_POINT ( 'NONE', #3260 ) ;
#5136 = MECHANICAL_DESIGN_GEOMETRIC_PRESENTATION_REPRESENTATION (  '', ( #4786 ), #7352 ) ;
#5137 = CARTESIAN_POINT ( 'NONE',  ( 0.5402312602579648626, -0.3614556479571054970, -3.919999999999999929 ) ) ;
#5138 = LINE ( 'NONE', #8981, #6770 ) ;
#5139 = CARTESIAN_POINT ( 'NONE',  ( 2.759315164274000143, -0.5582711925323999846, -5.901699730616999595 ) ) ;
#5140 = ORIENTED_EDGE ( 'NONE', *, *, #1960, .F. ) ;
#5141 = ORIENTED_EDGE ( 'NONE', *, *, #8528, .T. ) ;
#5142 = EDGE_CURVE ( 'NONE', #4400, #7891, #4898, .T. ) ;
#5143 = CARTESIAN_POINT ( 'NONE',  ( -2.694266588254000006, -0.9938576882401000123, -7.604552445378000236 ) ) ;
#5144 = CARTESIAN_POINT ( 'NONE',  ( 2.774260047115999939, -0.7418369514553999622, -8.046722088066070810 ) ) ;
#5145 = ORIENTED_EDGE ( 'NONE', *, *, #7867, .T. ) ;
#5146 = DIRECTION ( 'NONE',  ( 0.8660254037844359321, 0.5000000000000046629, 0.000000000000000000 ) ) ;
#5147 = CARTESIAN_POINT ( 'NONE',  ( -2.721438915800991953, 1.568518778843835504, -5.244693276720139075 ) ) ;
#5148 = CARTESIAN_POINT ( 'NONE',  ( -2.540000000000000036, 2.540000000000000036, 4.400000000000000355 ) ) ;
#5149 = VERTEX_POINT ( 'NONE', #1928 ) ;
#5150 = VERTEX_POINT ( 'NONE', #1671 ) ;
#5151 = DIRECTION ( 'NONE',  ( -0.000000000000000000, -0.000000000000000000, -1.000000000000000000 ) ) ;
#5152 = EDGE_LOOP ( 'NONE', ( #3082, #3408, #5846, #1476, #1938 ) ) ;
#5153 = DIRECTION ( 'NONE',  ( 1.000000000000000000, 0.000000000000000000, -0.000000000000000000 ) ) ;
#5154 = EDGE_CURVE ( 'NONE', #9586, #6333, #7778, .T. ) ;
#5155 = CARTESIAN_POINT ( 'NONE',  ( -2.466131252674722774, 1.104041526915922278, -7.811833350804623599 ) ) ;
#5156 = CARTESIAN_POINT ( 'NONE',  ( 2.346283518578759164, -2.058996293082345996, -6.440351183626168208 ) ) ;
#5157 = DIRECTION ( 'NONE',  ( -0.8386705679454256046, 0.5446390350150246418, 0.000000000000000000 ) ) ;
#5158 = ORIENTED_EDGE ( 'NONE', *, *, #4693, .T. ) ;
#5159 = B_SPLINE_SURFACE_WITH_KNOTS ( 'NONE', 3, 3, ( 
 ( #380, #2094, #8575, #9389 ),
 ( #4411, #435, #8523, #1240 ),
 ( #5318, #3565, #1291, #6827 ),
 ( #3616, #5918, #2820, #1077 ),
 ( #3509, #10019, #2879, #2721 ),
 ( #9280, #9231, #1939, #4514 ),
 ( #7721, #3465, #5160, #7669 ),
 ( #6718, #1989, #9967, #3666 ),
 ( #9178, #6875, #5267, #6771 ),
 ( #5972, #9332, #1129, #7620 ),
 ( #8469, #4462, #5214, #1891 ),
 ( #10122, #8367, #6019, #1184 ),
 ( #4307, #4358, #328, #2772 ),
 ( #2144, #5373, #8632, #9436 ),
 ( #491, #7776, #10246, #1350 ),
 ( #2932, #6181, #3723, #6992 ),
 ( #2688, #6887, #3676, #7681 ),
 ( #2104, #6731, #2890, #6142 ),
 ( #6784, #9401, #341, #2832 ),
 ( #5278, #8535, #283, #3473 ),
 ( #9343, #8479, #5171, #9289 ),
 ( #10132, #6946, #392, #1087 ),
 ( #5929, #5327, #8585, #1948 ),
 ( #4271, #6836, #6085, #10030 ),
 ( #10083, #2001, #2781, #10196 ),
 ( #8426, #7526, #2056, #7731 ),
 ( #1248, #3626, #445, #231 ),
 ( #9188, #1196, #5123, #8374 ),
 ( #4317, #7571, #1138, #3523 ),
 ( #2733, #5982, #4371, #7629 ),
 ( #6028, #4423, #5225, #9654 ),
 ( #3894, #7845, #2259, #1511 ),
 ( #6396, #4633, #2363, #7890 ),
 ( #1459, #7005, #7149, #2156 ),
 ( #1363, #556, #7990, #3792 ),
 ( #1412, #602, #10456, #3102 ),
 ( #4529, #2994, #4586, #3838 ) ),
 .UNSPECIFIED., .F., .F., .F.,
 ( 4, 1, 1, 1, 1, 1, 1, 1, 1, 1, 1, 1, 1, 1, 1, 1, 1, 1, 1, 1, 1, 1, 1, 1, 1, 1, 1, 1, 1, 1, 1, 1, 1, 1, 4 ),
 ( 4, 4 ),
 ( -0.007083301541280000169, 0.000000000000000000, 0.01250275797204999928, 0.04500256182963999901, 0.07750236568722000674, 0.1100021695447999937, 0.1425019734023000029, 0.1750017772599999910, 0.2075015811176000036, 0.2400013849751000128, 0.2725011888328000009, 0.3050009926903000101, 0.3375007965478999949, 0.3700006004054000042, 0.4025004042631000201, 0.4350002081205999738, 0.4675000119782000141, 0.4999998158357999989, 0.5324996196933999837, 0.5649994235509999685, 0.5974992274085000332, 0.6299990312661000180, 0.6624988351237000028, 0.6949986389812999876, 0.7274984428388000524, 0.7599982466964000372, 0.7924980505540000220, 0.8249978544116000068, 0.8574976582691999916, 0.8899974621267999764, 0.9224972659843999612, 0.9549970698419000259, 0.9874968736995000107, 1.000000000000000000, 1.007083302822999960 ),
 ( 1.787597847524999975E-13, 1.000000060417999936 ),
 .UNSPECIFIED. ) ;
#5160 = CARTESIAN_POINT ( 'NONE',  ( 2.898905120759000198, -0.5865133638077000278, -6.100367247380001245 ) ) ;
#5161 = DIRECTION ( 'NONE',  ( 0.000000000000000000, 0.000000000000000000, -1.000000000000000000 ) ) ;
#5162 = DIRECTION ( 'NONE',  ( 0.000000000000000000, 0.000000000000000000, 1.000000000000000000 ) ) ;
#5163 = ORIENTED_EDGE ( 'NONE', *, *, #5474, .F. ) ;
#5164 = EDGE_CURVE ( 'NONE', #2985, #10524, #2412, .T. ) ;
#5165 = DIRECTION ( 'NONE',  ( -0.000000000000000000, -0.000000000000000000, -1.000000000000000000 ) ) ;
#5166 = LINE ( 'NONE', #3731, #5624 ) ;
#5167 = ORIENTED_EDGE ( 'NONE', *, *, #4258, .F. ) ;
#5168 = CARTESIAN_POINT ( 'NONE',  ( 0.01282475454360999974, -2.826685175120000171, -8.371577708825000741 ) ) ;
#5169 = B_SPLINE_CURVE_WITH_KNOTS ( 'NONE', 3,
 ( #9349, #2949, #5450, #9294 ),
 .UNSPECIFIED., .F., .F.,
 ( 4, 4 ),
 ( 1.182502168370620256E-06, 0.0001537944878401166222 ),
 .UNSPECIFIED. ) ;
#5170 = AXIS2_PLACEMENT_3D ( 'NONE', #2420, #7948, #662 ) ;
#5171 = CARTESIAN_POINT ( 'NONE',  ( 2.002596223558000599, 2.176521895695000097, -5.279012828355999609 ) ) ;
#5172 = ORIENTED_EDGE ( 'NONE', *, *, #5074, .T. ) ;
#5173 = CARTESIAN_POINT ( 'NONE',  ( -0.6495145696682955716, 0.02511620569689349686, -4.370000000000000107 ) ) ;
#5174 = DIRECTION ( 'NONE',  ( 0.000000000000000000, -1.000000000000000000, -0.000000000000000000 ) ) ;
#5175 = DIRECTION ( 'NONE',  ( -0.8386705679454312667, 0.5446390350150159820, 0.000000000000000000 ) ) ;
#5176 = CARTESIAN_POINT ( 'NONE',  ( 0.1264134477687134384, -0.6375889273060085793, -3.919999999999999929 ) ) ;
#5177 = CARTESIAN_POINT ( 'NONE',  ( -2.799505555824851832, 1.381188158698144486, -6.764164067393585889 ) ) ;
#5178 = EDGE_CURVE ( 'NONE', #1541, #5418, #10514, .T. ) ;
#5179 = VECTOR ( 'NONE', #2575, 1000.000000000000000 ) ;
#5180 = CARTESIAN_POINT ( 'NONE',  ( 2.978521443780843381, -0.9955063498899210384, -4.869015463479001937 ) ) ;
#5181 = PRODUCT_DEFINITION_CONTEXT ( 'detailed design', #4669, 'design' ) ;
#5182 = ORIENTED_EDGE ( 'NONE', *, *, #10420, .T. ) ;
#5183 = CARTESIAN_POINT ( 'NONE',  ( -2.253980521239999923, -1.703835117049000258, -8.218861756895000426 ) ) ;
#5184 = VERTEX_POINT ( 'NONE', #8948 ) ;
#5185 = CARTESIAN_POINT ( 'NONE',  ( -1.434833639850011222, -2.390181017087580351, -8.212857829775947138 ) ) ;
#5186 = DIRECTION ( 'NONE',  ( 0.9659258262890709767, -0.2588190451025105809, 0.000000000000000000 ) ) ;
#5187 = CARTESIAN_POINT ( 'NONE',  ( 3.500000000000000000, 2.040000000000000036, 0.5000000000000000000 ) ) ;
#5188 = CARTESIAN_POINT ( 'NONE',  ( 0.8568577999815000235, -2.681654878555999932, -5.408473352506000253 ) ) ;
#5189 = EDGE_CURVE ( 'NONE', #10220, #6017, #6179, .T. ) ;
#5190 = ORIENTED_EDGE ( 'NONE', *, *, #4094, .F. ) ;
#5191 = CARTESIAN_POINT ( 'NONE',  ( 2.705388832218000417, 0.9631701925333000514, -7.393379617111000002 ) ) ;
#5192 = DIRECTION ( 'NONE',  ( 0.9945218953682741780, -0.1045284632676459491, 0.000000000000000000 ) ) ;
#5193 = ORIENTED_EDGE ( 'NONE', *, *, #7888, .T. ) ;
#5194 = CARTESIAN_POINT ( 'NONE',  ( -0.5221405368133797964, -0.4277782834789956579, -3.919999999999999929 ) ) ;
#5195 = DIRECTION ( 'NONE',  ( -0.000000000000000000, -0.000000000000000000, -1.000000000000000000 ) ) ;
#5196 = LINE ( 'NONE', #4608, #6944 ) ;
#5197 = ADVANCED_FACE ( 'NONE', ( #4343 ), #5699, .F. ) ;
#5198 = ORIENTED_EDGE ( 'NONE', *, *, #8115, .T. ) ;
#5199 = ADVANCED_FACE ( 'NONE', ( #4297 ), #7548, .T. ) ;
#5200 = CIRCLE ( 'NONE', #5539, 0.6350000000000000089 ) ;
#5201 = VERTEX_POINT ( 'NONE', #2810 ) ;
#5202 = SHAPE_DEFINITION_REPRESENTATION ( #6018, #3217 ) ;
#5203 = CARTESIAN_POINT ( 'NONE',  ( 0.6254863983062343147, -0.1768241090289858763, -3.919999999999999929 ) ) ;
#5204 = ORIENTED_EDGE ( 'NONE', *, *, #8555, .F. ) ;
#5205 = CARTESIAN_POINT ( 'NONE',  ( 0.6099637295171147500, 0.2245979712142831819, -4.070000000000004725 ) ) ;
#5206 = CARTESIAN_POINT ( 'NONE',  ( 0.2454910247048505967, 0.6287759193777722189, -4.220000000000000639 ) ) ;
#5207 = CARTESIAN_POINT ( 'NONE',  ( 0.3172521472106220597, -0.5673192003539538897, -4.370000000000000107 ) ) ;
#5208 = CARTESIAN_POINT ( 'NONE',  ( 0.6254863983062343147, -0.1768241090289858763, -4.370000000000000107 ) ) ;
#5209 = AXIS2_PLACEMENT_3D ( 'NONE', #6853, #7698, #3751 ) ;
#5210 = CARTESIAN_POINT ( 'NONE',  ( -2.674999999999999822, 3.275930187719169848E-16, -4.421999999999999709 ) ) ;
#5211 = AXIS2_PLACEMENT_3D ( 'NONE', #3952, #8809, #9713 ) ;
#5212 = ORIENTED_EDGE ( 'NONE', *, *, #4299, .F. ) ;
#5213 = ADVANCED_FACE ( 'NONE', ( #2865 ), #369, .F. ) ;
#5214 = CARTESIAN_POINT ( 'NONE',  ( -0.9250163953846000098, 2.809267487473000369, -5.865694556231001222 ) ) ;
#5215 = VECTOR ( 'NONE', #811, 1000.000000000000000 ) ;
#5216 = FACE_OUTER_BOUND ( 'NONE', #1771, .T. ) ;
#5217 = CYLINDRICAL_SURFACE ( 'NONE', #8173, 0.6750000000000000444 ) ;
#5218 = ORIENTED_EDGE ( 'NONE', *, *, #314, .T. ) ;
#5219 = DIRECTION ( 'NONE',  ( -0.6691306063588562392, -0.7431448254773960205, 0.000000000000000000 ) ) ;
#5220 = CARTESIAN_POINT ( 'NONE',  ( -0.4277782834789901067, -0.5221405368133842373, -4.370000000000000107 ) ) ;
#5221 = VERTEX_POINT ( 'NONE', #7077 ) ;
#5222 = CARTESIAN_POINT ( 'NONE',  ( 0.000000000000000000, 0.000000000000000000, -3.100000000017644197 ) ) ;
#5223 = VECTOR ( 'NONE', #8921, 1000.000000000000114 ) ;
#5224 = AXIS2_PLACEMENT_3D ( 'NONE', #6810, #2757, #6004 ) ;
#5225 = CARTESIAN_POINT ( 'NONE',  ( 2.876415743030000360, -0.6883903676925999804, -4.692331100480999773 ) ) ;
#5226 = EDGE_LOOP ( 'NONE', ( #9243, #8827, #106, #6186 ) ) ;
#5227 = EDGE_CURVE ( 'NONE', #2955, #8746, #5196, .T. ) ;
#5228 = ADVANCED_FACE ( 'NONE', ( #5356 ), #9423, .T. ) ;
#5229 = CARTESIAN_POINT ( 'NONE',  ( -0.8506806241676603264, 3.165411199172026624, -1.300000000000000044 ) ) ;
#5230 = CARTESIAN_POINT ( 'NONE',  ( 2.761045100957297826, -1.441735896390148319, -7.119735600276317022 ) ) ;
#5231 = CARTESIAN_POINT ( 'NONE',  ( -0.6254863983062319832, -0.1768241090289946471, -4.370000000000000107 ) ) ;
#5232 = LINE ( 'NONE', #9350, #9029 ) ;
#5233 = VECTOR ( 'NONE', #7509, 1000.000000000000000 ) ;
#5234 = CARTESIAN_POINT ( 'NONE',  ( 0.000000000000000000, 0.000000000000000000, -4.070000000000005613 ) ) ;
#5235 = LINE ( 'NONE', #8487, #7170 ) ;
#5236 = DIRECTION ( 'NONE',  ( 1.000000000000000000, -0.000000000000000000, 0.000000000000000000 ) ) ;
#5237 = VERTEX_POINT ( 'NONE', #7866 ) ;
#5238 = ORIENTED_EDGE ( 'NONE', *, *, #9582, .T. ) ;
#5239 = LINE ( 'NONE', #10045, #3067 ) ;
#5240 = AXIS2_PLACEMENT_3D ( 'NONE', #5130, #7533, #10091 ) ;
#5241 = CARTESIAN_POINT ( 'NONE',  ( -3.500000000000000000, 0.000000000000000000, -1.300000000000000266 ) ) ;
#5242 = EDGE_LOOP ( 'NONE', ( #1262, #2439, #3386, #844 ) ) ;
#5243 = ORIENTED_EDGE ( 'NONE', *, *, #3114, .F. ) ;
#5244 = CARTESIAN_POINT ( 'NONE',  ( 2.184653240713713362, -1.632421505806555428, -4.659760579422434823 ) ) ;
#5245 = CARTESIAN_POINT ( 'NONE',  ( -1.736482403809000097, 2.287237288643999999, -7.041795902436000176 ) ) ;
#5246 = CARTESIAN_POINT ( 'NONE',  ( -1.797813307497325708, -2.011900422772701535, -8.275801815439876918 ) ) ;
#5247 = ORIENTED_EDGE ( 'NONE', *, *, #705, .F. ) ;
#5248 = CARTESIAN_POINT ( 'NONE',  ( 0.5107053896535974635, 0.4020945224431279330, -4.070000000000005613 ) ) ;
#5249 = CARTESIAN_POINT ( 'NONE',  ( 3.114631846588581165, 0.4078762325293707747, -5.524180334806189308 ) ) ;
#5250 = LINE ( 'NONE', #3654, #8813 ) ;
#5251 = EDGE_CURVE ( 'NONE', #7631, #5096, #9267, .T. ) ;
#5252 = VERTEX_POINT ( 'NONE', #7710 ) ;
#5253 = VECTOR ( 'NONE', #3649, 1000.000000000000114 ) ;
#5254 = CARTESIAN_POINT ( 'NONE',  ( -3.060183885747969068, -0.5823047567462973362, -7.397619321640433121 ) ) ;
#5255 = ORIENTED_EDGE ( 'NONE', *, *, #3560, .F. ) ;
#5256 = APPLICATION_PROTOCOL_DEFINITION ( 'draft international standard', 'automotive_design', 1998, #4669 ) ;
#5257 = CARTESIAN_POINT ( 'NONE',  ( -2.936595181156372636, -1.050069371704207111, -5.968532557276799544 ) ) ;
#5258 = ORIENTED_EDGE ( 'NONE', *, *, #5164, .F. ) ;
#5259 = LINE ( 'NONE', #1885, #5928 ) ;
#5260 = CARTESIAN_POINT ( 'NONE',  ( 2.564559247636000183, 1.819604387765000109, -4.162530477295000253 ) ) ;
#5261 = CARTESIAN_POINT ( 'NONE',  ( 0.2052269321674023428, -3.114861800560317473, -6.529229927186330329 ) ) ;
#5262 = EDGE_CURVE ( 'NONE', #4495, #8280, #5250, .T. ) ;
#5263 = EDGE_CURVE ( 'NONE', #10299, #8253, #5917, .T. ) ;
#5264 = AXIS2_PLACEMENT_3D ( 'NONE', #835, #1807, #8920 ) ;
#5265 = CARTESIAN_POINT ( 'NONE',  ( -0.7433231758550999935, -2.565521044135000039, -6.196991269628999710 ) ) ;
#5266 = ORIENTED_EDGE ( 'NONE', *, *, #3780, .F. ) ;
#5267 = CARTESIAN_POINT ( 'NONE',  ( 1.963896125143999916, 2.211504287513000211, -5.983030901805999946 ) ) ;
#5268 = VECTOR ( 'NONE', #9081, 1000.000000000000000 ) ;
#5269 = DIRECTION ( 'NONE',  ( -0.000000000000000000, -0.000000000000000000, -1.000000000000000000 ) ) ;
#5270 = CARTESIAN_POINT ( 'NONE',  ( 1.874367495907113490, -2.438983869293140483, -3.300000000024284397 ) ) ;
#5271 = CARTESIAN_POINT ( 'NONE',  ( 2.325000000000000178, -1.898202538678397705E-16, -7.169999999999999929 ) ) ;
#5272 = CARTESIAN_POINT ( 'NONE',  ( 0.3992440663902149245, 3.049999999973351805, -3.300000000024283953 ) ) ;
#5273 = ORIENTED_EDGE ( 'NONE', *, *, #5529, .F. ) ;
#5274 = EDGE_CURVE ( 'NONE', #1229, #2823, #9830, .T. ) ;
#5275 = EDGE_CURVE ( 'NONE', #4166, #3282, #1227, .T. ) ;
#5276 = CARTESIAN_POINT ( 'NONE',  ( -0.6594379015382941800, 0.1441063982436992519, -4.220000000000000639 ) ) ;
#5277 = VECTOR ( 'NONE', #9972, 1000.000000000000000 ) ;
#5278 = CARTESIAN_POINT ( 'NONE',  ( 3.127289100977999947, 0.9840725561307999136, -5.514682569677001212 ) ) ;
#5279 = VERTEX_POINT ( 'NONE', #422 ) ;
#5280 = LINE ( 'NONE', #5173, #126 ) ;
#5281 = CARTESIAN_POINT ( 'NONE',  ( 2.782738108810843602, -1.399392123089723050, -7.118059118380007710 ) ) ;
#5282 = LINE ( 'NONE', #10037, #9907 ) ;
#5283 = CYLINDRICAL_SURFACE ( 'NONE', #247, 0.6750000000000000444 ) ;
#5284 = DIRECTION ( 'NONE',  ( -0.8660254037844360431, -0.5000000000000045519, 0.000000000000000000 ) ) ;
#5285 = VECTOR ( 'NONE', #1570, 1000.000000000000000 ) ;
#5286 = CARTESIAN_POINT ( 'NONE',  ( 0.6454470077100789016, -0.07679948071507571028, -4.370000000000000107 ) ) ;
#5287 = CARTESIAN_POINT ( 'NONE',  ( 3.114830957396320876, -1.063753449706756729E-05, -7.065707961520873326 ) ) ;
#5288 = CARTESIAN_POINT ( 'NONE',  ( -0.1768241090289877915, -0.6254863983062337596, -4.070000000000004725 ) ) ;
#5289 = ORIENTED_EDGE ( 'NONE', *, *, #7574, .T. ) ;
#5290 = ADVANCED_FACE ( 'NONE', ( #533 ), #4557, .F. ) ;
#5291 = EDGE_CURVE ( 'NONE', #598, #8746, #10175, .T. ) ;
#5292 = CARTESIAN_POINT ( 'NONE',  ( 3.478445380721962188, -3.404397331752656797, 0.4999999999999000244 ) ) ;
#5293 = VECTOR ( 'NONE', #6337, 1000.000000000000000 ) ;
#5294 = LINE ( 'NONE', #10151, #9988 ) ;
#5295 = ORIENTED_EDGE ( 'NONE', *, *, #3424, .T. ) ;
#5296 = ORIENTED_EDGE ( 'NONE', *, *, #9345, .F. ) ;
#5297 = CARTESIAN_POINT ( 'NONE',  ( 2.700726706616394246, -0.3796922843821570193, -4.603351397189988425 ) ) ;
#5298 = EDGE_CURVE ( 'NONE', #6433, #1591, #6083, .T. ) ;
#5299 = CARTESIAN_POINT ( 'NONE',  ( -2.727625739909000036, 0.8982159067642999650, -6.408555666962000075 ) ) ;
#5300 = CARTESIAN_POINT ( 'NONE',  ( -0.06696603032266000566, 2.870947771042999808, -7.132242705788070403 ) ) ;
#5301 = EDGE_LOOP ( 'NONE', ( #9236, #2685, #8775, #2630 ) ) ;
#5302 = CARTESIAN_POINT ( 'NONE',  ( 3.040000000000000036, 3.040000000000000036, 0.5000000000000000000 ) ) ;
#5303 = FACE_OUTER_BOUND ( 'NONE', #10145, .T. ) ;
#5304 = B_SPLINE_CURVE_WITH_KNOTS ( 'NONE', 3,
 ( #5932, #4854, #929, #3476, #233, #7422, #8270, #9980, #2690, #6518 ),
 .UNSPECIFIED., .F., .F.,
 ( 4, 2, 2, 2, 4 ),
 ( 0.000000000000000000, 0.2500000000000000555, 0.5000000000000001110, 0.7500000000000002220, 1.000000000000000000 ),
 .UNSPECIFIED. ) ;
#5305 = FACE_OUTER_BOUND ( 'NONE', #7787, .T. ) ;
#5306 = ORIENTED_EDGE ( 'NONE', *, *, #2939, .T. ) ;
#5307 = CARTESIAN_POINT ( 'NONE',  ( 0.000000000000000000, 6.462348535570528710E-24, 0.000000000000000000 ) ) ;
#5308 = ORIENTED_EDGE ( 'NONE', *, *, #9879, .T. ) ;
#5309 = CARTESIAN_POINT ( 'NONE',  ( 2.187902058568680808, -0.7869350036709796825, -7.169999999999998153 ) ) ;
#5310 = VERTEX_POINT ( 'NONE', #3813 ) ;
#5311 = CARTESIAN_POINT ( 'NONE',  ( -2.040000000000000036, 2.770000000000000018, 2.200000000000000178 ) ) ;
#5312 = CYLINDRICAL_SURFACE ( 'NONE', #10344, 0.6500000000000000222 ) ;
#5313 = FACE_OUTER_BOUND ( 'NONE', #2931, .T. ) ;
#5314 = ADVANCED_FACE ( 'NONE', ( #5305 ), #4399, .F. ) ;
#5315 = PLANE ( 'NONE',  #3166 ) ;
#5316 = CARTESIAN_POINT ( 'NONE',  ( -1.130060822176000013, -2.435277479221999997, -6.214133974282000317 ) ) ;
#5317 = ORIENTED_EDGE ( 'NONE', *, *, #3933, .T. ) ;
#5318 = CARTESIAN_POINT ( 'NONE',  ( -1.129003786803999931, -2.935904258423999824, -6.472682089663999605 ) ) ;
#5319 = ORIENTED_EDGE ( 'NONE', *, *, #8733, .T. ) ;
#5320 = CARTESIAN_POINT ( 'NONE',  ( 0.000000000000000000, 0.000000000000000000, -3.919999999999999929 ) ) ;
#5321 = LINE ( 'NONE', #7781, #9209 ) ;
#5322 = FACE_OUTER_BOUND ( 'NONE', #10286, .T. ) ;
#5323 = CARTESIAN_POINT ( 'NONE',  ( -3.114886153072971897, -6.396986291916474662E-06, -5.185764591058683592 ) ) ;
#5324 = ORIENTED_EDGE ( 'NONE', *, *, #7163, .T. ) ;
#5325 = CARTESIAN_POINT ( 'NONE',  ( 0.01352262603133999944, -2.980501997314000118, -8.460351944478000874 ) ) ;
#5326 = CARTESIAN_POINT ( 'NONE',  ( 0.000000000000000000, 0.000000000000000000, 0.000000000000000000 ) ) ;
#5327 = CARTESIAN_POINT ( 'NONE',  ( -0.9227982603237999681, 2.978371838959000595, -5.250177267047999585 ) ) ;
#5328 = VERTEX_POINT ( 'NONE', #4500 ) ;
#5329 = DIRECTION ( 'NONE',  ( 1.000000000000000000, -0.000000000000000000, 0.000000000000000000 ) ) ;
#5330 = PRESENTATION_LAYER_ASSIGNMENT (  '', '', ( #4644 ) ) ;
#5331 = EDGE_CURVE ( 'NONE', #8403, #4424, #3708, .T. ) ;
#5332 = CARTESIAN_POINT ( 'NONE',  ( 2.124640396448886026, -2.277858408122684253, -7.158109769503957942 ) ) ;
#5333 = FILL_AREA_STYLE ('',( #7737 ) ) ;
#5334 = EDGE_CURVE ( 'NONE', #459, #1705, #10228, .T. ) ;
#5335 = CARTESIAN_POINT ( 'NONE',  ( -0.07800015400469001436, 3.343999446559999811, -6.876322017697001243 ) ) ;
#5336 = DIRECTION ( 'NONE',  ( 0.000000000000000000, 0.000000000000000000, 1.000000000000000000 ) ) ;
#5337 = CARTESIAN_POINT ( 'NONE',  ( 3.500000000000000000, 0.000000000000000000, 0.5000000000000000000 ) ) ;
#5338 = DIRECTION ( 'NONE',  ( 1.000000000000000000, 0.000000000000000000, 0.000000000000000000 ) ) ;
#5339 = LINE ( 'NONE', #6794, #3004 ) ;
#5340 = ORIENTED_EDGE ( 'NONE', *, *, #7164, .T. ) ;
#5341 = AXIS2_PLACEMENT_3D ( 'NONE', #4237, #197, #9154 ) ;
#5342 = ORIENTED_EDGE ( 'NONE', *, *, #89, .T. ) ;
#5343 = CARTESIAN_POINT ( 'NONE',  ( 2.475487671851833049, 1.129807758760634107, -4.430363655303347414 ) ) ;
#5344 = LINE ( 'NONE', #4544, #1321 ) ;
#5345 = ORIENTED_EDGE ( 'NONE', *, *, #9330, .F. ) ;
#5346 = AXIS2_PLACEMENT_3D ( 'NONE', #3950, #9561, #5706 ) ;
#5347 = CARTESIAN_POINT ( 'NONE',  ( -2.063290991665999830, 1.915282867169999959, -5.044523817874000393 ) ) ;
#5348 = VERTEX_POINT ( 'NONE', #10281 ) ;
#5349 = CARTESIAN_POINT ( 'NONE',  ( -2.726792150800026349, 0.02817040294215898341, -4.941806490583260825 ) ) ;
#5350 = CARTESIAN_POINT ( 'NONE',  ( -1.654734186740000057, -2.347057801388999998, -6.830762198832999843 ) ) ;
#5351 = ORIENTED_EDGE ( 'NONE', *, *, #2112, .F. ) ;
#5352 = CARTESIAN_POINT ( 'NONE',  ( -0.5041923985042210399, -0.4487928534308017192, -3.919999999999999929 ) ) ;
#5353 = CARTESIAN_POINT ( 'NONE',  ( -2.049999999999999822, 1.506315562951244314E-16, -7.169999999999999929 ) ) ;
#5354 = VECTOR ( 'NONE', #7086, 1000.000000000000000 ) ;
#5355 = CARTESIAN_POINT ( 'NONE',  ( 0.6350000000000000089, 0.000000000000000000, -4.370000000000000107 ) ) ;
#5356 = FACE_OUTER_BOUND ( 'NONE', #8480, .T. ) ;
#5357 = ADVANCED_FACE ( 'NONE', ( #2971 ), #5414, .T. ) ;
#5358 = EDGE_CURVE ( 'NONE', #4121, #7753, #727, .T. ) ;
#5359 = CARTESIAN_POINT ( 'NONE',  ( -3.352359877559829116, 3.500000000000000000, -1.300000000000000044 ) ) ;
#5360 = ORIENTED_EDGE ( 'NONE', *, *, #10074, .F. ) ;
#5361 = ORIENTED_EDGE ( 'NONE', *, *, #8657, .F. ) ;
#5362 = CYLINDRICAL_SURFACE ( 'NONE', #3713, 0.6750000000000000444 ) ;
#5363 = ORIENTED_EDGE ( 'NONE', *, *, #7361, .F. ) ;
#5364 = LINE ( 'NONE', #1339, #4385 ) ;
#5365 = CARTESIAN_POINT ( 'NONE',  ( 2.167325073366999977, 2.043876687177000218, -4.235388453520999796 ) ) ;
#5366 = DIRECTION ( 'NONE',  ( -1.000000000000000000, 0.000000000000000000, 0.000000000000000000 ) ) ;
#5367 = B_SPLINE_CURVE_WITH_KNOTS ( 'NONE', 3,
 ( #6583, #3387, #8061, #7220, #10475, #7324, #33, #3170, #6640, #3283, #6425, #2330, #9678, #2385, #4978, #2484, #777, #86, #4009, #7269, #6527, #8979, #9778, #1696, #8178, #3332, #9840, #2536, #1755, #9253, #1102, #4382, #3590, #3640, #5890, #1806, #2644, #2590, #9147, #9205, #1155, #8437, #1963, #995, #1863, #5085, #8340, #4232, #5185, #191, #6740 ),
 .UNSPECIFIED., .F., .F.,
 ( 4, 2, 2, 1, 1, 1, 1, 2, 2, 2, 2, 2, 1, 1, 2, 2, 2, 2, 1, 1, 1, 2, 2, 2, 2, 1, 2, 2, 1, 2, 4 ),
 ( 0.000000000000000000, 0.1250000000000083267, 0.1875000000000125455, 0.2187500000000146827, 0.2343750000000157374, 0.2421875000000161815, 0.2460937500000164868, 0.2480468750000164868, 0.2500000000000164868, 0.3125000000000163758, 0.3437500000000163203, 0.3593750000000163203, 0.3671875000000163758, 0.3710937500000163203, 0.3730468750000163758, 0.3750000000000163758, 0.4375000000000145994, 0.4687500000000137113, 0.4843750000000133227, 0.4921875000000131561, 0.4960937500000129341, 0.4980468750000128786, 0.5000000000000127676, 0.6250000000000069944, 0.6875000000000039968, 0.6953125000000036637, 0.6992187500000037748, 0.7031250000000037748, 0.7187500000000035527, 0.7500000000000032196, 1.000000000000000000 ),
 .UNSPECIFIED. ) ;
#5368 = LINE ( 'NONE', #544, #4208 ) ;
#5369 = CARTESIAN_POINT ( 'NONE',  ( -2.533360333592241442, 0.9416764021274507401, -6.392538671234324177 ) ) ;
#5370 = DIRECTION ( 'NONE',  ( -1.000000000000000000, 0.000000000000000000, 0.000000000000000000 ) ) ;
#5371 = AXIS2_PLACEMENT_3D ( 'NONE', #644, #3886, #3140 ) ;
#5372 = ORIENTED_EDGE ( 'NONE', *, *, #4150, .F. ) ;
#5373 = CARTESIAN_POINT ( 'NONE',  ( -2.965903972439000391, -0.9621169717131000665, -5.778190822134999571 ) ) ;
#5374 = ORIENTED_EDGE ( 'NONE', *, *, #6444, .T. ) ;
#5375 = CARTESIAN_POINT ( 'NONE',  ( 0.000000000000000000, 0.000000000000000000, -7.086186982385999755 ) ) ;
#5376 = CARTESIAN_POINT ( 'NONE',  ( 0.1709788014541479273, -0.6529864083220289217, -3.919999999999999929 ) ) ;
#5377 = ORIENTED_EDGE ( 'NONE', *, *, #7250, .T. ) ;
#5378 = CARTESIAN_POINT ( 'NONE',  ( 3.056978313076560649, 0.6314621392787487242, -7.748866813376928953 ) ) ;
#5379 = CIRCLE ( 'NONE', #9814, 0.6350000000000000089 ) ;
#5380 = DIRECTION ( 'NONE',  ( 0.000000000000000000, 0.000000000000000000, 1.000000000000000000 ) ) ;
#5381 = CARTESIAN_POINT ( 'NONE',  ( 0.8153462126339169336, 3.033924448964761211, -7.509677680353992635 ) ) ;
#5382 = ORIENTED_EDGE ( 'NONE', *, *, #2759, .T. ) ;
#5383 = FACE_OUTER_BOUND ( 'NONE', #1151, .T. ) ;
#5384 = DIRECTION ( 'NONE',  ( -0.000000000000000000, -0.000000000000000000, -1.000000000000000000 ) ) ;
#5385 = ORIENTED_EDGE ( 'NONE', *, *, #6060, .T. ) ;
#5386 = AXIS2_PLACEMENT_3D ( 'NONE', #2377, #8815, #8051 ) ;
#5387 = CARTESIAN_POINT ( 'NONE',  ( -2.111234404060707170, 1.719645897415880587, -5.622999195742379719 ) ) ;
#5388 = CIRCLE ( 'NONE', #9145, 0.6750000000000000444 ) ;
#5389 = ADVANCED_FACE ( 'NONE', ( #5514 ), #1641, .F. ) ;
#5390 = CARTESIAN_POINT ( 'NONE',  ( 2.970142524053790201, -0.9390591273256267968, -7.100497519962924997 ) ) ;
#5391 = SURFACE_STYLE_USAGE ( .BOTH. , #3740 ) ;
#5392 = CARTESIAN_POINT ( 'NONE',  ( 3.032648912511000105, -0.9605879054417999496, -6.472481748848999850 ) ) ;
#5393 = DIRECTION ( 'NONE',  ( 1.000000000000000000, 0.000000000000000000, 0.000000000000000000 ) ) ;
#5394 = FILL_AREA_STYLE ('',( #2951 ) ) ;
#5395 = CARTESIAN_POINT ( 'NONE',  ( -0.1709788014541432921, 0.6529864083220301429, -3.919999999999999929 ) ) ;
#5396 = PRODUCT_DEFINITION_CONTEXT ( 'detailed design', #1626, 'design' ) ;
#5397 = ORIENTED_EDGE ( 'NONE', *, *, #6015, .T. ) ;
#5398 = CIRCLE ( 'NONE', #2346, 0.6750000000000000444 ) ;
#5399 = AXIS2_PLACEMENT_3D ( 'NONE', #651, #10455, #103 ) ;
#5400 = ORIENTED_EDGE ( 'NONE', *, *, #10368, .F. ) ;
#5401 = ADVANCED_FACE ( 'NONE', ( #10478 ), #2435, .T. ) ;
#5402 = EDGE_CURVE ( 'NONE', #8764, #2626, #8016, .T. ) ;
#5403 = B_SPLINE_CURVE_WITH_KNOTS ( 'NONE', 3,
 ( #9969, #1029, #2677, #7671, #5009, #6876, #6670, #1895, #3420, #9922, #2619, #5065, #1940, #1078, #3511, #7562, #6772, #381, #7518, #5866, #9119, #8417, #4360, #8314, #4264, #7237, #8836, #798, #2351, #743, #4138, #4031, #10500, #1499 ),
 .UNSPECIFIED., .F., .F.,
 ( 4, 2, 2, 2, 2, 2, 2, 2, 2, 2, 2, 2, 2, 2, 2, 2, 4 ),
 ( 0.003640695388199559086, 0.004249646520311118128, 0.004858597652422677604, 0.005467548784534237080, 0.006076499916645796556, 0.006685451048757356032, 0.007294402180868915508, 0.007903353312980474984, 0.008512304445092034461, 0.009121255577203593937, 0.009730206709315153413, 0.01033915784142671289, 0.01094810897353827063, 0.01155706010564983011, 0.01216601123776138958, 0.01277496236987294906, 0.01338391350198450853 ),
 .UNSPECIFIED. ) ;
#5404 = CARTESIAN_POINT ( 'NONE',  ( -1.037504401265376686, -2.481314831961899170, -6.220488523715757445 ) ) ;
#5405 = LINE ( 'NONE', #2018, #1142 ) ;
#5406 = ORIENTED_EDGE ( 'NONE', *, *, #8405, .F. ) ;
#5407 = CARTESIAN_POINT ( 'NONE',  ( -2.743579212594999817, 0.6310715316248000084, -4.985855645085999654 ) ) ;
#5408 = CARTESIAN_POINT ( 'NONE',  ( -1.440214189513244314, 2.315692073861504330, -5.054624855047834764 ) ) ;
#5409 = CARTESIAN_POINT ( 'NONE',  ( -1.684047657120000041, 2.326117873220999943, -6.385200227449000288 ) ) ;
#5410 = EDGE_LOOP ( 'NONE', ( #7081, #8412, #4936, #3428 ) ) ;
#5411 = ADVANCED_FACE ( 'NONE', ( #3122 ), #1167, .T. ) ;
#5412 = CARTESIAN_POINT ( 'NONE',  ( 0.6629862630698555304, 0.07006679138116896077, -4.169991741848314781 ) ) ;
#5413 = DIRECTION ( 'NONE',  ( -0.5877852522924829071, 0.8090169943749403458, 0.000000000000000000 ) ) ;
#5414 = CYLINDRICAL_SURFACE ( 'NONE', #7449, 2.674999999999999822 ) ;
#5415 = DIRECTION ( 'NONE',  ( 0.000000000000000000, 0.000000000000000000, -1.000000000000000000 ) ) ;
#5416 = EDGE_LOOP ( 'NONE', ( #2503, #5628, #6524, #3177 ) ) ;
#5417 = VECTOR ( 'NONE', #1394, 1000.000000000000000 ) ;
#5418 = VERTEX_POINT ( 'NONE', #3172 ) ;
#5419 = CARTESIAN_POINT ( 'NONE',  ( 0.8730228873063730077, -2.154951831332171164, -7.170000000000000817 ) ) ;
#5420 = ORIENTED_EDGE ( 'NONE', *, *, #3638, .F. ) ;
#5421 = CARTESIAN_POINT ( 'NONE',  ( 0.5901242379057490828, -0.2724947409330293335, -4.370000000000000107 ) ) ;
#5422 = LINE ( 'NONE', #7279, #4332 ) ;
#5423 = CARTESIAN_POINT ( 'NONE',  ( 0.3614556479571035541, 0.5402312602579660838, -4.070000000000004725 ) ) ;
#5424 = DIRECTION ( 'NONE',  ( 1.000000000000000000, 0.000000000000000000, 0.000000000000000000 ) ) ;
#5425 = EDGE_CURVE ( 'NONE', #7872, #2746, #1483, .T. ) ;
#5426 = EDGE_CURVE ( 'NONE', #9299, #5252, #6428, .T. ) ;
#5427 = CARTESIAN_POINT ( 'NONE',  ( 0.000000000000000000, 0.000000000000000000, -4.370000000000000107 ) ) ;
#5428 = PLANE ( 'NONE',  #7477 ) ;
#5429 = VECTOR ( 'NONE', #3677, 1000.000000000000114 ) ;
#5430 = ORIENTED_EDGE ( 'NONE', *, *, #6531, .T. ) ;
#5431 = PRODUCT_DEFINITION_SHAPE ( 'NONE', 'NONE',  #2854 ) ;
#5432 = ORIENTED_EDGE ( 'NONE', *, *, #9977, .T. ) ;
#5433 = ORIENTED_EDGE ( 'NONE', *, *, #1880, .F. ) ;
#5434 = CARTESIAN_POINT ( 'NONE',  ( -0.5673192003539572204, 0.3172521472106159535, -4.070000000000004725 ) ) ;
#5435 = CARTESIAN_POINT ( 'NONE',  ( -0.9032381620022928992, 2.927058925254875099, -4.775168379329598700 ) ) ;
#5436 = ORIENTED_EDGE ( 'NONE', *, *, #9308, .T. ) ;
#5437 = CARTESIAN_POINT ( 'NONE',  ( -2.856785762725982281, 1.252945102421107348, -7.465430457585211066 ) ) ;
#5438 = DIRECTION ( 'NONE',  ( 0.7431448254773960205, -0.6691306063588562392, 0.000000000000000000 ) ) ;
#5439 = DIRECTION ( 'NONE',  ( -0.4067366430758022622, 0.9135454576425998674, 0.000000000000000000 ) ) ;
#5440 = ORIENTED_EDGE ( 'NONE', *, *, #2997, .F. ) ;
#5441 = CARTESIAN_POINT ( 'NONE',  ( 1.277981543137999942, -2.792695227370999955, -8.412239595979999152 ) ) ;
#5442 = CARTESIAN_POINT ( 'NONE',  ( -2.605376910087676467, 0.7001755906613204017, -3.300000000000000266 ) ) ;
#5443 = DIRECTION ( 'NONE',  ( -0.6691306063588653430, 0.7431448254773878048, -0.000000000000000000 ) ) ;
#5444 = ORIENTED_EDGE ( 'NONE', *, *, #4471, .F. ) ;
#5445 = CIRCLE ( 'NONE', #8165, 0.6500000000000000222 ) ;
#5446 = CARTESIAN_POINT ( 'NONE',  ( -2.663560738758516955, 0.5657850849936105764, -5.569708754373425386 ) ) ;
#5447 = CARTESIAN_POINT ( 'NONE',  ( 0.03578492321932046083, -3.114817137433228744, -7.241299041702326633 ) ) ;
#5448 = PRESENTATION_STYLE_ASSIGNMENT (( #5391 ) ) ;
#5449 = CARTESIAN_POINT ( 'NONE',  ( 0.03607146056800000083, -3.017167000735000659, -6.701742590811001321 ) ) ;
#5450 = CARTESIAN_POINT ( 'NONE',  ( -0.4192573791286184348, -0.5183467857718284666, -4.169991741848314781 ) ) ;
#5451 = DIRECTION ( 'NONE',  ( -0.000000000000000000, -0.000000000000000000, 1.000000000000000000 ) ) ;
#5452 = DIRECTION ( 'NONE',  ( -1.000000000000000000, 0.000000000000000000, 0.000000000000000000 ) ) ;
#5453 = ORIENTED_EDGE ( 'NONE', *, *, #4965, .F. ) ;
#5454 = CIRCLE ( 'NONE', #8001, 2.674999999999999822 ) ;
#5455 = EDGE_CURVE ( 'NONE', #3331, #5747, #2523, .T. ) ;
#5456 = CARTESIAN_POINT ( 'NONE',  ( -0.2724947409330313874, -0.5901242379057481946, -3.919999999999999929 ) ) ;
#5457 = CYLINDRICAL_SURFACE ( 'NONE', #8278, 0.6750000000000000444 ) ;
#5458 = CARTESIAN_POINT ( 'NONE',  ( 2.714967664215382381, -1.586079717136469336, -7.830950119495949657 ) ) ;
#5459 = ORIENTED_EDGE ( 'NONE', *, *, #2605, .T. ) ;
#5460 = AXIS2_PLACEMENT_3D ( 'NONE', #4314, #6999, #3788 ) ;
#5461 = EDGE_CURVE ( 'NONE', #9093, #2297, #10434, .T. ) ;
#5462 = ORIENTED_EDGE ( 'NONE', *, *, #837, .F. ) ;
#5463 = DIRECTION ( 'NONE',  ( -0.000000000000000000, -0.000000000000000000, 1.000000000000000000 ) ) ;
#5464 = CARTESIAN_POINT ( 'NONE',  ( -2.747354809272999798, 0.8359827181592001111, -6.971451334568000036 ) ) ;
#5465 = CARTESIAN_POINT ( 'NONE',  ( 0.4770359960578690606, -0.4415163173259586404, -4.070000000000004725 ) ) ;
#5466 = ORIENTED_EDGE ( 'NONE', *, *, #6211, .T. ) ;
#5467 = CARTESIAN_POINT ( 'NONE',  ( 0.5826313872945242389, 0.3408308473997893606, -4.370000000000000107 ) ) ;
#5468 = PLANE ( 'NONE',  #9533 ) ;
#5469 = CARTESIAN_POINT ( 'NONE',  ( -0.3172521472106138996, -0.5673192003539585526, -3.919999999999999929 ) ) ;
#5470 = DIRECTION ( 'NONE',  ( 1.000000000000000000, 0.000000000000000000, 0.000000000000000000 ) ) ;
#5471 = MANIFOLD_SOLID_BREP ( 'Boss-Extrude1', #7722 ) ;
#5472 = CARTESIAN_POINT ( 'NONE',  ( -0.6287759193777697764, 0.2454910247048571748, -4.220000000000000639 ) ) ;
#5473 = ORIENTED_EDGE ( 'NONE', *, *, #5873, .T. ) ;
#5474 = EDGE_CURVE ( 'NONE', #404, #9095, #8462, .T. ) ;
#5475 = ORIENTED_EDGE ( 'NONE', *, *, #2802, .F. ) ;
#5476 = CARTESIAN_POINT ( 'NONE',  ( 0.5673192003539595518, -0.3172521472106119567, -4.370000000000000107 ) ) ;
#5477 = ORIENTED_EDGE ( 'NONE', *, *, #2254, .T. ) ;
#5478 = DIRECTION ( 'NONE',  ( -1.000000000000000000, 0.000000000000000000, 0.000000000000000000 ) ) ;
#5479 = CARTESIAN_POINT ( 'NONE',  ( 0.000000000000000000, 0.000000000000000000, -4.219999999999999751 ) ) ;
#5480 = CARTESIAN_POINT ( 'NONE',  ( 0.3624400721992031005, 0.5495974312748743706, -4.119991299149684316 ) ) ;
#5481 = DIRECTION ( 'NONE',  ( -0.9945218953682749552, 0.1045284632676385800, 0.000000000000000000 ) ) ;
#5482 = CARTESIAN_POINT ( 'NONE',  ( -0.6488628991997998918, -2.659212418336994954, -6.908645827442757792 ) ) ;
#5483 = COLOUR_RGB ( '',1.000000000000000000, 1.000000000000000000, 1.000000000000000000 ) ;
#5484 = ORIENTED_EDGE ( 'NONE', *, *, #5529, .T. ) ;
#5485 = ORIENTED_EDGE ( 'NONE', *, *, #5691, .T. ) ;
#5486 = EDGE_CURVE ( 'NONE', #10192, #2253, #8980, .T. ) ;
#5487 = CARTESIAN_POINT ( 'NONE',  ( 0.000000000000000000, 0.000000000000000000, -7.857346494176908891 ) ) ;
#5488 = EDGE_LOOP ( 'NONE', ( #5319, #4244, #1132, #3128 ) ) ;
#5489 = CARTESIAN_POINT ( 'NONE',  ( -3.056907074361768117, 0.6046229476477382736, -7.440708030502902304 ) ) ;
#5490 = CARTESIAN_POINT ( 'NONE',  ( 1.236393346517000058, 3.018961321231000472, -5.511038982542999953 ) ) ;
#5491 = DIRECTION ( 'NONE',  ( -1.000000000000000000, 0.000000000000000000, 0.000000000000000000 ) ) ;
#5492 = CARTESIAN_POINT ( 'NONE',  ( -0.005828310728038000287, -3.324973502384000135, -7.843827807727000945 ) ) ;
#5493 = CARTESIAN_POINT ( 'NONE',  ( 2.040000000000000036, -3.039999999999999591, 4.400000000000000355 ) ) ;
#5494 = CARTESIAN_POINT ( 'NONE',  ( -0.1768241090289877915, -0.6254863983062337596, -4.370000000000000107 ) ) ;
#5495 = ORIENTED_EDGE ( 'NONE', *, *, #483, .F. ) ;
#5496 = CARTESIAN_POINT ( 'NONE',  ( 2.461009996504260666, 1.167501543106051365, -5.143385223421673480 ) ) ;
#5497 = CARTESIAN_POINT ( 'NONE',  ( 0.4454726795713232490, -3.082871281206953640, -7.226275560647317242 ) ) ;
#5498 = EDGE_CURVE ( 'NONE', #7354, #4863, #8871, .T. ) ;
#5499 = CARTESIAN_POINT ( 'NONE',  ( 1.896190982780000089, 2.755517388699999959, -6.946666585564000407 ) ) ;
#5500 = CARTESIAN_POINT ( 'NONE',  ( -0.02982508694955043546, -0.6576705912447020630, -4.119991299149685204 ) ) ;
#5501 = CARTESIAN_POINT ( 'NONE',  ( 0.5681916233596401300, 0.3643944005386706708, -4.220000000000000639 ) ) ;
#5502 = DIRECTION ( 'NONE',  ( 0.4067366430758090345, -0.9135454576425969808, 0.000000000000000000 ) ) ;
#5503 = ORIENTED_EDGE ( 'NONE', *, *, #8312, .F. ) ;
#5504 = DIRECTION ( 'NONE',  ( -0.000000000000000000, -0.000000000000000000, 1.000000000000000000 ) ) ;
#5505 = CARTESIAN_POINT ( 'NONE',  ( -0.06672418922078952874, 0.6716940394054636831, -4.220000000000000639 ) ) ;
#5506 = EDGE_LOOP ( 'NONE', ( #9745, #5768, #2441, #8065 ) ) ;
#5507 = EDGE_LOOP ( 'NONE', ( #5700, #4542, #6968, #2201 ) ) ;
#5508 = VECTOR ( 'NONE', #819, 1000.000000000000000 ) ;
#5509 = CARTESIAN_POINT ( 'NONE',  ( -2.716161560210000214, -0.9323582641634000634, -7.041656777772001163 ) ) ;
#5510 = VERTEX_POINT ( 'NONE', #4763 ) ;
#5511 = LINE ( 'NONE', #529, #2847 ) ;
#5512 = LINE ( 'NONE', #8669, #2381 ) ;
#5513 = CARTESIAN_POINT ( 'NONE',  ( -0.3174317576937737972, -2.424999999902865966, -9.099999999932604666 ) ) ;
#5514 = FACE_OUTER_BOUND ( 'NONE', #988, .T. ) ;
#5515 = PRODUCT_RELATED_PRODUCT_CATEGORY ( 'part', '', ( #2127 ) ) ;
#5516 = EDGE_CURVE ( 'NONE', #10166, #5135, #4068, .T. ) ;
#5517 = CARTESIAN_POINT ( 'NONE',  ( -0.4277782834789934374, 0.5221405368133812397, -4.219999999999999751 ) ) ;
#5518 = VERTEX_POINT ( 'NONE', #6585 ) ;
#5519 = EDGE_LOOP ( 'NONE', ( #4108, #6022, #169, #4372 ) ) ;
#5520 = LINE ( 'NONE', #1487, #8484 ) ;
#5521 = ADVANCED_BREP_SHAPE_REPRESENTATION ( '', ( #9334, #9235 ), #10077 ) ;
#5522 = ORIENTED_EDGE ( 'NONE', *, *, #5618, .F. ) ;
#5523 = DIRECTION ( 'NONE',  ( -0.000000000000000000, 1.000000000000000000, 0.000000000000000000 ) ) ;
#5524 = DIRECTION ( 'NONE',  ( -0.000000000000000000, -0.000000000000000000, -1.000000000000000000 ) ) ;
#5525 = CARTESIAN_POINT ( 'NONE',  ( -0.5107053896536032367, 0.4020945224431206055, -3.919999999999999929 ) ) ;
#5526 = CARTESIAN_POINT ( 'NONE',  ( -3.014548510878481746, -0.8106202662046503304, -6.683481561237159418 ) ) ;
#5527 = CARTESIAN_POINT ( 'NONE',  ( -3.500000000000000000, -3.299999999999999822, -0.4000000000000000222 ) ) ;
#5528 = ADVANCED_FACE ( 'NONE', ( #4124 ), #6529, .T. ) ;
#5529 = EDGE_CURVE ( 'NONE', #8637, #1703, #6962, .T. ) ;
#5530 = B_SPLINE_CURVE_WITH_KNOTS ( 'NONE', 3,
 ( #5750, #9002, #5051, #8301 ),
 .UNSPECIFIED., .F., .F.,
 ( 4, 4 ),
 ( 1.104406263092004425E-06, 0.0001537163919352552231 ),
 .UNSPECIFIED. ) ;
#5531 = EDGE_LOOP ( 'NONE', ( #3247, #2350, #9954, #2287, #2633, #6888, #7218, #6930, #10328, #8053 ) ) ;
#5532 = AXIS2_PLACEMENT_3D ( 'NONE', #7263, #7214, #9719 ) ;
#5533 = VERTEX_POINT ( 'NONE', #942 ) ;
#5534 = CARTESIAN_POINT ( 'NONE',  ( 0.000000000000000000, 0.000000000000000000, -4.070000000000005613 ) ) ;
#5535 = ORIENTED_EDGE ( 'NONE', *, *, #8071, .T. ) ;
#5536 = CARTESIAN_POINT ( 'NONE',  ( -2.942869801362000270, -0.03919425466971999950, -5.466334729189999742 ) ) ;
#5537 = CARTESIAN_POINT ( 'NONE',  ( 2.674999999999999822, 0.000000000000000000, -9.020088802850999343 ) ) ;
#5538 = CARTESIAN_POINT ( 'NONE',  ( -3.243145752114000135, 0.7331359026270000134, -8.045111511329000820 ) ) ;
#5539 = AXIS2_PLACEMENT_3D ( 'NONE', #8673, #7868, #581 ) ;
#5540 = CARTESIAN_POINT ( 'NONE',  ( 0.06672418922077985592, 0.6716940394054647934, -3.919999999999999929 ) ) ;
#5541 = ADVANCED_FACE ( 'NONE', ( #5948 ), #8388, .T. ) ;
#5542 = DIRECTION ( 'NONE',  ( -1.000000000000000000, 0.000000000000000000, 0.000000000000000000 ) ) ;
#5543 = ORIENTED_EDGE ( 'NONE', *, *, #1518, .T. ) ;
#5544 = CARTESIAN_POINT ( 'NONE',  ( -2.182558845125381009, 1.628304046762522272, -4.912459977489590734 ) ) ;
#5545 = CARTESIAN_POINT ( 'NONE',  ( -1.020168444971367050, -2.942984022051363890, -7.279601821150201602 ) ) ;
#5546 = CIRCLE ( 'NONE', #966, 0.6750000000000000444 ) ;
#5547 = CARTESIAN_POINT ( 'NONE',  ( -0.001678152810293000044, 2.853618911554999915, -6.438591457699001097 ) ) ;
#5548 = VECTOR ( 'NONE', #799, 1000.000000000000000 ) ;
#5549 = CARTESIAN_POINT ( 'NONE',  ( 1.942433415121999962, 2.037781020683000044, -4.423054913024000001 ) ) ;
#5550 = DIRECTION ( 'NONE',  ( -0.000000000000000000, -0.000000000000000000, -1.000000000000000000 ) ) ;
#5551 = CARTESIAN_POINT ( 'NONE',  ( -0.3643944005386605123, -0.5681916233596465693, -4.219999999999999751 ) ) ;
#5552 = DIRECTION ( 'NONE',  ( -1.000000000000000000, 0.000000000000000000, 0.000000000000000000 ) ) ;
#5553 = LINE ( 'NONE', #10523, #5285 ) ;
#5554 = VERTEX_POINT ( 'NONE', #9994 ) ;
#5555 = EDGE_CURVE ( 'NONE', #8622, #8757, #1881, .T. ) ;
#5556 = VECTOR ( 'NONE', #7262, 1000.000000000000114 ) ;
#5557 = CIRCLE ( 'NONE', #8107, 0.6500000000000000222 ) ;
#5558 = CARTESIAN_POINT ( 'NONE',  ( 0.000000000000000000, 0.000000000000000000, -4.219999999999999751 ) ) ;
#5559 = FACE_OUTER_BOUND ( 'NONE', #5075, .T. ) ;
#5560 = CARTESIAN_POINT ( 'NONE',  ( 2.796316674088652476, 4.358663009364172337E-07, -8.178693102334808174 ) ) ;
#5561 = EDGE_LOOP ( 'NONE', ( #4704, #3959, #689, #640 ) ) ;
#5562 = VECTOR ( 'NONE', #5759, 1000.000000000000000 ) ;
#5563 = ORIENTED_EDGE ( 'NONE', *, *, #8602, .T. ) ;
#5564 = AXIS2_PLACEMENT_3D ( 'NONE', #1876, #418, #7653 ) ;
#5565 = CARTESIAN_POINT ( 'NONE',  ( 3.500000000000000000, 2.040000000000000036, 0.000000000000000000 ) ) ;
#5566 = ORIENTED_EDGE ( 'NONE', *, *, #3692, .T. ) ;
#5567 = CARTESIAN_POINT ( 'NONE',  ( -2.984562913607000656, -1.100941833535000081, -7.457305698996999688 ) ) ;
#5568 = DIRECTION ( 'NONE',  ( 0.9986295347545739443, -0.05233595624294268972, 0.000000000000000000 ) ) ;
#5569 = CARTESIAN_POINT ( 'NONE',  ( 1.781274731157764579, 2.555365989631950718, -4.839913058324501804 ) ) ;
#5570 = AXIS2_PLACEMENT_3D ( 'NONE', #6278, #4708, #6328 ) ;
#5571 = DIRECTION ( 'NONE',  ( -1.000000000000000000, 0.000000000000000000, 0.000000000000000000 ) ) ;
#5572 = CIRCLE ( 'NONE', #286, 0.6750000000000000444 ) ;
#5573 = B_SPLINE_CURVE_WITH_KNOTS ( 'NONE', 3,
 ( #5793, #9793, #6440, #4185, #8833, #4987 ),
 .UNSPECIFIED., .F., .F.,
 ( 4, 2, 4 ),
 ( 0.000000000000000000, 0.5000000000000000000, 1.000000000000000000 ),
 .UNSPECIFIED. ) ;
#5574 = CARTESIAN_POINT ( 'NONE',  ( -0.4192573791286219875, 0.5183467857718255800, -4.169991741848313893 ) ) ;
#5575 = CARTESIAN_POINT ( 'NONE',  ( -0.6542392464464336088, -0.07342445647675274745, -4.119991299149684316 ) ) ;
#5576 = ORIENTED_EDGE ( 'NONE', *, *, #4765, .F. ) ;
#5577 = CARTESIAN_POINT ( 'NONE',  ( -0.3659786317995751825, -2.304535641530546020, -7.169999999999999041 ) ) ;
#5578 = ORIENTED_EDGE ( 'NONE', *, *, #7889, .F. ) ;
#5579 = CARTESIAN_POINT ( 'NONE',  ( 2.574999999922034100, 0.3370667117812022329, -9.100000000046293280 ) ) ;
#5580 = CIRCLE ( 'NONE', #9849, 0.6500000000000000222 ) ;
#5581 = CARTESIAN_POINT ( 'NONE',  ( 0.000000000000000000, 0.000000000000000000, -4.370000000000000107 ) ) ;
#5582 = CARTESIAN_POINT ( 'NONE',  ( -2.040000000000000036, -3.039999999999999591, 4.400000000000000355 ) ) ;
#5583 = CARTESIAN_POINT ( 'NONE',  ( -2.159756683692999779, -1.602149664264999940, -8.278551469031999233 ) ) ;
#5584 = CARTESIAN_POINT ( 'NONE',  ( -1.351916683075052417, -2.339648620229959786, -6.940902524705708565 ) ) ;
#5585 = EDGE_CURVE ( 'NONE', #3373, #1962, #5138, .T. ) ;
#5586 = ORIENTED_EDGE ( 'NONE', *, *, #9987, .T. ) ;
#5587 = AXIS2_PLACEMENT_3D ( 'NONE', #8512, #3772, #7715 ) ;
#5588 = VERTEX_POINT ( 'NONE', #1920 ) ;
#5589 = CYLINDRICAL_SURFACE ( 'NONE', #5371, 0.6750000000000000444 ) ;
#5590 = EDGE_CURVE ( 'NONE', #9095, #4843, #4030, .T. ) ;
#5591 = ORIENTED_EDGE ( 'NONE', *, *, #4178, .F. ) ;
#5592 = EDGE_CURVE ( 'NONE', #1523, #3095, #35, .T. ) ;
#5593 = CARTESIAN_POINT ( 'NONE',  ( -2.852701499529000095, -1.582684447751000034, -5.233948118606000399 ) ) ;
#5594 = CARTESIAN_POINT ( 'NONE',  ( 0.000000000000000000, 0.000000000000000000, -7.086186982385999755 ) ) ;
#5595 = AXIS2_PLACEMENT_3D ( 'NONE', #45, #3296, #7446 ) ;
#5596 = CARTESIAN_POINT ( 'NONE',  ( 1.146074193327000001, -2.504446129992000447, -8.234691124675000751 ) ) ;
#5597 = CARTESIAN_POINT ( 'NONE',  ( 0.000000000000000000, 0.000000000000000000, -4.219999999999999751 ) ) ;
#5598 = B_SPLINE_CURVE_WITH_KNOTS ( 'NONE', 3,
 ( #10224, #6164, #9422, #7072 ),
 .UNSPECIFIED., .F., .F.,
 ( 4, 4 ),
 ( 1.104406263092004425E-06, 0.0001537163919352552502 ),
 .UNSPECIFIED. ) ;
#5599 = DIRECTION ( 'NONE',  ( -0.3090169943749582759, 0.9510565162951500895, 0.000000000000000000 ) ) ;
#5600 = ORIENTED_EDGE ( 'NONE', *, *, #7616, .F. ) ;
#5601 = CARTESIAN_POINT ( 'NONE',  ( 0.3173914231281869669, -2.704787068800809546, -5.356546988897546768 ) ) ;
#5602 = CARTESIAN_POINT ( 'NONE',  ( 0.8635385185618070780, -2.992587463930608926, -7.210488183560718412 ) ) ;
#5603 = SHAPE_REPRESENTATION_RELATIONSHIP ( 'NONE' , 'NONE' ,  #9355, #5017 ) ;
#5604 = CONICAL_SURFACE ( 'NONE', #1021, 3.249999999979991117, 0.7853981633974482790 ) ;
#5605 = DIRECTION ( 'NONE',  ( -1.000000000000000000, 0.000000000000000000, 0.000000000000000000 ) ) ;
#5606 = CARTESIAN_POINT ( 'NONE',  ( 0.9287636233528999696, 2.591974479687999988, -4.423147105785999678 ) ) ;
#5607 = CARTESIAN_POINT ( 'NONE',  ( 2.040000000000000036, 3.500000000000000000, 2.200000000000000178 ) ) ;
#5608 = DIRECTION ( 'NONE',  ( 0.000000000000000000, 0.000000000000000000, -1.000000000000000000 ) ) ;
#5609 = ADVANCED_FACE ( 'NONE', ( #3390 ), #2702, .T. ) ;
#5610 = CARTESIAN_POINT ( 'NONE',  ( 0.06672418922079427495, -0.6716940394054631280, -4.220000000000000639 ) ) ;
#5611 = ORIENTED_EDGE ( 'NONE', *, *, #8392, .T. ) ;
#5612 = AXIS2_PLACEMENT_3D ( 'NONE', #237, #2635, #8971 ) ;
#5613 = CARTESIAN_POINT ( 'NONE',  ( 1.914313234453141055, -2.490962053040713275, -7.053623809055084237 ) ) ;
#5614 = CARTESIAN_POINT ( 'NONE',  ( 0.2454910247048636140, -0.6287759193777671118, -4.219999999999999751 ) ) ;
#5615 = DIRECTION ( 'NONE',  ( 1.000000000000000000, 0.000000000000000000, 0.000000000000000000 ) ) ;
#5616 = EDGE_LOOP ( 'NONE', ( #7247, #6311, #1389, #5803 ) ) ;
#5617 = VECTOR ( 'NONE', #9138, 1000.000000000000000 ) ;
#5618 = EDGE_CURVE ( 'NONE', #9437, #7393, #1809, .T. ) ;
#5619 = EDGE_CURVE ( 'NONE', #582, #800, #8282, .T. ) ;
#5620 = LINE ( 'NONE', #5780, #9979 ) ;
#5621 = VERTEX_POINT ( 'NONE', #7489 ) ;
#5622 = CARTESIAN_POINT ( 'NONE',  ( -3.063634778371000067, 0.8566391757854000533, -7.527650266863999740 ) ) ;
#5623 = PLANE ( 'NONE',  #7450 ) ;
#5624 = VECTOR ( 'NONE', #6190, 1000.000000000000000 ) ;
#5625 = CARTESIAN_POINT ( 'NONE',  ( -0.4020945224431224929, 0.5107053896536019044, -4.070000000000005613 ) ) ;
#5626 = ORIENTED_EDGE ( 'NONE', *, *, #5859, .F. ) ;
#5627 = ADVANCED_FACE ( 'NONE', ( #3444 ), #9940, .F. ) ;
#5628 = ORIENTED_EDGE ( 'NONE', *, *, #7640, .T. ) ;
#5629 = FACE_OUTER_BOUND ( 'NONE', #1579, .T. ) ;
#5630 = VERTEX_POINT ( 'NONE', #7538 ) ;
#5631 = DIRECTION ( 'NONE',  ( 0.000000000000000000, 0.000000000000000000, -1.000000000000000000 ) ) ;
#5632 = AXIS2_PLACEMENT_3D ( 'NONE', #6552, #912, #9806 ) ;
#5633 = CARTESIAN_POINT ( 'NONE',  ( 0.4463787728736474669, -0.4951829272113494329, -4.169991741848314781 ) ) ;
#5634 = CARTESIAN_POINT ( 'NONE',  ( -0.6542392464464343860, 0.07342445647674805675, -4.119991299149685204 ) ) ;
#5635 = CARTESIAN_POINT ( 'NONE',  ( 0.6495145696682956826, -0.02511620569688895882, -3.919999999999999929 ) ) ;
#5636 = CARTESIAN_POINT ( 'NONE',  ( -3.114999602692948955, -0.4077554552225972628, -5.877004900586125125 ) ) ;
#5637 = ORIENTED_EDGE ( 'NONE', *, *, #2182, .F. ) ;
#5638 = DIRECTION ( 'NONE',  ( 0.000000000000000000, 0.000000000000000000, 1.000000000000000000 ) ) ;
#5639 = ORIENTED_EDGE ( 'NONE', *, *, #4552, .F. ) ;
#5640 = ORIENTED_EDGE ( 'NONE', *, *, #8056, .T. ) ;
#5641 = ADVANCED_FACE ( 'NONE', ( #2406 ), #4089, .T. ) ;
#5642 = CYLINDRICAL_SURFACE ( 'NONE', #6915, 0.6750000000000000444 ) ;
#5643 = CARTESIAN_POINT ( 'NONE',  ( -2.428384324817737916, 1.790296788345238310, -4.729884311817772691 ) ) ;
#5644 = EDGE_LOOP ( 'NONE', ( #2735, #6388, #8195, #7226 ) ) ;
#5645 = CARTESIAN_POINT ( 'NONE',  ( 0.000000000000000000, 0.000000000000000000, -4.219999999999999751 ) ) ;
#5646 = CARTESIAN_POINT ( 'NONE',  ( 2.069980509799000057, -2.092168453221999957, -5.909680111490000165 ) ) ;
#5647 = CARTESIAN_POINT ( 'NONE',  ( -0.5107053896536032367, 0.4020945224431206055, -3.919999999999999929 ) ) ;
#5648 = B_SPLINE_CURVE_WITH_KNOTS ( 'NONE', 3,
 ( #10405, #2883, #4576, #6239, #9551, #5489, #8739, #10189, #1296, #2203, #9498, #4520, #4726, #5437, #496, #8790, #7783, #3729, #9598, #4674, #2936, #6187, #7931, #2300, #646, #2150, #7984, #1504, #5378, #7839, #3096, #8638 ),
 .UNSPECIFIED., .F., .F.,
 ( 4, 1, 1, 1, 1, 1, 1, 1, 1, 1, 1, 1, 1, 1, 1, 1, 1, 1, 1, 1, 1, 1, 1, 1, 1, 1, 1, 1, 1, 4 ),
 ( 0.000000000000000000, 0.01800322664141019990, 0.03446499623992217709, 0.04938539067392700571, 0.06276557567915166946, 0.07460718700961649352, 0.08491181303281462867, 0.09368064957420857430, 0.1009142757625741682, 0.1066127236627918140, 0.1107757941899798759, 0.1134032491916741603, 0.1144949062676400287, 0.1675019889287495956, 0.2002697538434908553, 0.2431640080478547350, 0.2860602193040427399, 0.3396574737862927407, 0.3932518459696371926, 0.4468467801555993102, 0.5004443711143901075, 0.6248490685552648971, 0.6839652291112559013, 0.7498603595805666266, 0.8123605542687987180, 0.8748629851791345224, 0.8964147948518407238, 0.9374349353650316408, 0.9713945163314005038, 1.000000000000000000 ),
 .UNSPECIFIED. ) ;
#5649 = CARTESIAN_POINT ( 'NONE',  ( 2.992023594542000176, -0.1987612235782000025, -8.203035879361999960 ) ) ;
#5650 = CARTESIAN_POINT ( 'NONE',  ( 2.059142119112962188, -1.582457803887506564, -9.100000000046298609 ) ) ;
#5651 = ORIENTED_EDGE ( 'NONE', *, *, #9594, .F. ) ;
#5652 = LINE ( 'NONE', #3309, #3521 ) ;
#5653 = CARTESIAN_POINT ( 'NONE',  ( 1.033891035206518483, -2.939488067243501312, -7.204021066066974122 ) ) ;
#5654 = CARTESIAN_POINT ( 'NONE',  ( -3.031585374130000066, -0.9641559031294000270, -6.050414341641999982 ) ) ;
#5655 = EDGE_CURVE ( 'NONE', #10210, #7173, #8067, .T. ) ;
#5656 = CARTESIAN_POINT ( 'NONE',  ( 0.8094266004282000271, -2.696350637794000082, -4.657727604174000113 ) ) ;
#5657 = CARTESIAN_POINT ( 'NONE',  ( -0.6438629409820407767, 0.1729180543024379790, -4.169991741848313893 ) ) ;
#5658 = DIRECTION ( 'NONE',  ( 0.4067366430757904383, 0.9135454576426051965, -0.000000000000000000 ) ) ;
#5659 = DIRECTION ( 'NONE',  ( -0.000000000000000000, -0.000000000000000000, -1.000000000000000000 ) ) ;
#5660 = LINE ( 'NONE', #6310, #6151 ) ;
#5661 = B_SPLINE_CURVE_WITH_KNOTS ( 'NONE', 3,
 ( #6612, #5696, #964, #1777, #8943, #6709 ),
 .UNSPECIFIED., .F., .F.,
 ( 4, 2, 4 ),
 ( 0.000000000000000000, 0.5000000000000000000, 1.000000000000000000 ),
 .UNSPECIFIED. ) ;
#5662 = ORIENTED_EDGE ( 'NONE', *, *, #7604, .F. ) ;
#5663 = EDGE_CURVE ( 'NONE', #7372, #465, #829, .T. ) ;
#5664 = CARTESIAN_POINT ( 'NONE',  ( 3.114962827267454770, 2.258192777909024101E-06, -6.950713963934820327 ) ) ;
#5665 = EDGE_CURVE ( 'NONE', #7703, #2955, #3374, .T. ) ;
#5666 = CARTESIAN_POINT ( 'NONE',  ( 0.000000000000000000, 0.000000000000000000, -4.070000000000005613 ) ) ;
#5667 = CARTESIAN_POINT ( 'NONE',  ( -0.8506806241676624358, -3.165411199172026180, -1.300000000000000266 ) ) ;
#5668 = VERTEX_POINT ( 'NONE', #8839 ) ;
#5669 = B_SPLINE_CURVE_WITH_KNOTS ( 'NONE', 3,
 ( #3001, #8754, #1568, #2315 ),
 .UNSPECIFIED., .F., .F.,
 ( 4, 4 ),
 ( 2.034489218097485046E-07, 0.0001528154345922795826 ),
 .UNSPECIFIED. ) ;
#5670 = ORIENTED_EDGE ( 'NONE', *, *, #361, .T. ) ;
#5671 = VERTEX_POINT ( 'NONE', #7293 ) ;
#5672 = DIRECTION ( 'NONE',  ( -0.000000000000000000, -0.000000000000000000, -1.000000000000000000 ) ) ;
#5673 = ORIENTED_EDGE ( 'NONE', *, *, #558, .T. ) ;
#5674 = CARTESIAN_POINT ( 'NONE',  ( -1.590860614312000099, -2.369030664719999901, -7.564104543583000329 ) ) ;
#5675 = DIRECTION ( 'NONE',  ( 0.000000000000000000, 0.000000000000000000, -1.000000000000000000 ) ) ;
#5676 = CARTESIAN_POINT ( 'NONE',  ( 0.6350000000000000089, 0.000000000000000000, -3.980000000000009752 ) ) ;
#5677 = EDGE_CURVE ( 'NONE', #5747, #3331, #9841, .T. ) ;
#5678 = DIRECTION ( 'NONE',  ( 0.000000000000000000, 0.000000000000000000, -1.000000000000000000 ) ) ;
#5679 = DIRECTION ( 'NONE',  ( -1.000000000000000000, 0.000000000000000000, 0.000000000000000000 ) ) ;
#5680 = ORIENTED_EDGE ( 'NONE', *, *, #3089, .F. ) ;
#5681 = FACE_OUTER_BOUND ( 'NONE', #2712, .T. ) ;
#5682 = ORIENTED_EDGE ( 'NONE', *, *, #6456, .F. ) ;
#5683 = FACE_OUTER_BOUND ( 'NONE', #5885, .T. ) ;
#5684 = LINE ( 'NONE', #42, #2809 ) ;
#5685 = CARTESIAN_POINT ( 'NONE',  ( 0.000000000000000000, 0.000000000000000000, -11.36999999999999922 ) ) ;
#5686 = CARTESIAN_POINT ( 'NONE',  ( -1.883315541280000005, -1.940994774748999951, -8.354009213068000150 ) ) ;
#5687 = CARTESIAN_POINT ( 'NONE',  ( -0.02511620569689576241, -0.6495145696682955716, -4.370000000000000107 ) ) ;
#5688 = VERTEX_POINT ( 'NONE', #10450 ) ;
#5689 = DIRECTION ( 'NONE',  ( 1.000000000000000000, 0.000000000000000000, 0.000000000000000000 ) ) ;
#5690 = LINE ( 'NONE', #1714, #2554 ) ;
#5691 = EDGE_CURVE ( 'NONE', #7515, #7323, #3760, .T. ) ;
#5692 = ORIENTED_EDGE ( 'NONE', *, *, #9722, .F. ) ;
#5693 = EDGE_LOOP ( 'NONE', ( #7463, #797, #516, #1530 ) ) ;
#5694 = DIRECTION ( 'NONE',  ( 0.000000000000000000, 0.000000000000000000, -1.000000000000000000 ) ) ;
#5695 = CARTESIAN_POINT ( 'NONE',  ( -1.083688339961000002, -2.787425084166999856, -5.950504976161999693 ) ) ;
#5696 = CARTESIAN_POINT ( 'NONE',  ( -3.500000000000000000, -3.352359877559829116, -1.300000000000000044 ) ) ;
#5697 = DIRECTION ( 'NONE',  ( 1.000000000000000000, 0.000000000000000000, 0.000000000000000000 ) ) ;
#5698 = CIRCLE ( 'NONE', #3319, 0.6750000000000000444 ) ;
#5699 = PLANE ( 'NONE',  #7619 ) ;
#5700 = ORIENTED_EDGE ( 'NONE', *, *, #10097, .T. ) ;
#5701 = CARTESIAN_POINT ( 'NONE',  ( 0.4463787728736369753, 0.4951829272113586478, -4.169991741848313893 ) ) ;
#5702 = CARTESIAN_POINT ( 'NONE',  ( -2.722849340920840966, -1.514232723411287784, -7.361739392097939927 ) ) ;
#5703 = DIRECTION ( 'NONE',  ( 0.000000000000000000, 0.000000000000000000, 1.000000000000000000 ) ) ;
#5704 = CARTESIAN_POINT ( 'NONE',  ( -2.125208634948000608, -2.230843428155000030, -5.994495157545000730 ) ) ;
#5705 = CARTESIAN_POINT ( 'NONE',  ( 0.3614556479571154335, -0.5402312602579583123, -4.070000000000005613 ) ) ;
#5706 = DIRECTION ( 'NONE',  ( 1.000000000000000000, 0.000000000000000000, -0.000000000000000000 ) ) ;
#5707 = CARTESIAN_POINT ( 'NONE',  ( -2.249999949944131217, -1.296818874415811784, -9.100000000046293280 ) ) ;
#5708 = PLANE ( 'NONE',  #626 ) ;
#5709 =( NAMED_UNIT ( * ) PLANE_ANGLE_UNIT ( ) SI_UNIT ( $, .RADIAN. ) );
#5710 = EDGE_LOOP ( 'NONE', ( #6680, #3607, #9204, #4301 ) ) ;
#5711 = EDGE_CURVE ( 'NONE', #4502, #9480, #1723, .T. ) ;
#5712 = CARTESIAN_POINT ( 'NONE',  ( -0.4415163173259636364, 0.4770359960578644531, -3.919999999999999929 ) ) ;
#5713 = CARTESIAN_POINT ( 'NONE',  ( -3.250000000000000000, 0.4254240051736183359, -1.300000000000000044 ) ) ;
#5714 = AXIS2_PLACEMENT_3D ( 'NONE', #9730, #2438, #5679 ) ;
#5715 = CARTESIAN_POINT ( 'NONE',  ( -0.02511620569689576241, 0.6495145696682955716, -4.370000000000000107 ) ) ;
#5716 = VERTEX_POINT ( 'NONE', #3253 ) ;
#5717 = DIRECTION ( 'NONE',  ( 0.000000000000000000, 0.000000000000000000, 1.000000000000000000 ) ) ;
#5718 = CARTESIAN_POINT ( 'NONE',  ( -0.3172521472106179519, 0.5673192003539562212, -4.070000000000005613 ) ) ;
#5719 = ORIENTED_EDGE ( 'NONE', *, *, #5860, .F. ) ;
#5720 = EDGE_CURVE ( 'NONE', #2904, #4405, #7195, .T. ) ;
#5721 = ORIENTED_EDGE ( 'NONE', *, *, #9544, .F. ) ;
#5722 = EDGE_CURVE ( 'NONE', #5310, #6632, #4947, .T. ) ;
#5723 = VECTOR ( 'NONE', #9619, 1000.000000000000000 ) ;
#5724 = CARTESIAN_POINT ( 'NONE',  ( 3.299999999999999822, 3.500000000000000000, 0.5000000000000000000 ) ) ;
#5725 = VECTOR ( 'NONE', #9642, 1000.000000000000000 ) ;
#5726 = ORIENTED_EDGE ( 'NONE', *, *, #9518, .T. ) ;
#5727 = DIRECTION ( 'NONE',  ( -0.000000000000000000, -0.000000000000000000, -1.000000000000000000 ) ) ;
#5728 = DIRECTION ( 'NONE',  ( -0.000000000000000000, -0.000000000000000000, -1.000000000000000000 ) ) ;
#5729 = CARTESIAN_POINT ( 'NONE',  ( -1.914078948412229364, -2.490867124324632531, -5.198068452532452532 ) ) ;
#5730 = AXIS2_PLACEMENT_3D ( 'NONE', #569, #9671, #7213 ) ;
#5731 = AXIS2_PLACEMENT_3D ( 'NONE', #9926, #2624, #9125 ) ;
#5732 = CYLINDRICAL_SURFACE ( 'NONE', #2322, 0.6750000000000000444 ) ;
#5733 = CARTESIAN_POINT ( 'NONE',  ( -0.6716940394054633501, -0.06672418922079191572, -4.220000000000000639 ) ) ;
#5734 = ORIENTED_EDGE ( 'NONE', *, *, #3267, .T. ) ;
#5735 = ORIENTED_EDGE ( 'NONE', *, *, #6178, .F. ) ;
#5736 = DIRECTION ( 'NONE',  ( -0.4067366430757873852, -0.9135454576426066398, 0.000000000000000000 ) ) ;
#5737 = ADVANCED_FACE ( 'NONE', ( #4892 ), #2454, .F. ) ;
#5738 = CARTESIAN_POINT ( 'NONE',  ( -0.2724947409330313874, -0.5901242379057481946, -4.370000000000000107 ) ) ;
#5739 = DIRECTION ( 'NONE',  ( 0.3583679495452932739, 0.9335804264972044075, -0.000000000000000000 ) ) ;
#5740 = DIRECTION ( 'NONE',  ( -1.000000000000000000, 0.000000000000000000, 0.000000000000000000 ) ) ;
#5741 = CARTESIAN_POINT ( 'NONE',  ( -0.4077509024348223154, -3.115000198652416952, -5.729922542557375209 ) ) ;
#5742 = ORIENTED_EDGE ( 'NONE', *, *, #5486, .T. ) ;
#5743 = CARTESIAN_POINT ( 'NONE',  ( 0.000000000000000000, 0.000000000000000000, -7.086186982385999755 ) ) ;
#5744 = AXIS2_PLACEMENT_3D ( 'NONE', #8109, #6678, #4222 ) ;
#5745 = FACE_OUTER_BOUND ( 'NONE', #3704, .T. ) ;
#5746 = AXIS2_PLACEMENT_3D ( 'NONE', #2029, #6861, #5146 ) ;
#5747 = VERTEX_POINT ( 'NONE', #8941 ) ;
#5748 = EDGE_LOOP ( 'NONE', ( #5127, #10168, #2664, #4367 ) ) ;
#5749 = VECTOR ( 'NONE', #779, 1000.000000000000000 ) ;
#5750 = CARTESIAN_POINT ( 'NONE',  ( 0.1768241090289968120, -0.6254863983062313171, -4.070000000000005613 ) ) ;
#5751 = ORIENTED_EDGE ( 'NONE', *, *, #8327, .F. ) ;
#5752 = DIRECTION ( 'NONE',  ( 0.3583679495452998798, 0.9335804264972018540, 0.000000000000000000 ) ) ;
#5753 = ADVANCED_FACE ( 'NONE', ( #8145 ), #860, .F. ) ;
#5754 = CARTESIAN_POINT ( 'NONE',  ( -3.229588456742999991, -0.4610360821557000777, -4.568930045155999764 ) ) ;
#5755 = CARTESIAN_POINT ( 'NONE',  ( 3.500000000000000000, -3.299999999999999822, 0.4999999999999750755 ) ) ;
#5756 = LINE ( 'NONE', #806, #6945 ) ;
#5757 = CARTESIAN_POINT ( 'NONE',  ( -1.879299520758000108, 2.123221673389000141, -6.436897447018999685 ) ) ;
#5758 = AXIS2_PLACEMENT_3D ( 'NONE', #8196, #9863, #5694 ) ;
#5759 = DIRECTION ( 'NONE',  ( 1.000000000000000000, 0.000000000000000000, 0.000000000000000000 ) ) ;
#5760 = CARTESIAN_POINT ( 'NONE',  ( 3.040000000000000036, 2.040000000000000036, 2.450000000000000178 ) ) ;
#5761 = FACE_OUTER_BOUND ( 'NONE', #6244, .T. ) ;
#5762 = CARTESIAN_POINT ( 'NONE',  ( -2.970616663812408742, 0.7983310472888297538, -3.300000000024283509 ) ) ;
#5763 = CARTESIAN_POINT ( 'NONE',  ( -0.4020945224431188292, -0.5107053896536045690, -3.919999999999999929 ) ) ;
#5764 = DIRECTION ( 'NONE',  ( 0.9510565162951555296, -0.3090169943749411785, 0.000000000000000000 ) ) ;
#5765 = VECTOR ( 'NONE', #3236, 1000.000000000000000 ) ;
#5766 = CARTESIAN_POINT ( 'NONE',  ( 0.6449079034029727708, -0.1323402377513576145, -4.119991299149685204 ) ) ;
#5767 = CARTESIAN_POINT ( 'NONE',  ( -0.8730228873063730077, 2.154951831332171164, -7.170000000000000817 ) ) ;
#5768 = ORIENTED_EDGE ( 'NONE', *, *, #6178, .T. ) ;
#5769 = CARTESIAN_POINT ( 'NONE',  ( -0.6438629409820396665, -0.1729180543024426142, -4.169991741848314781 ) ) ;
#5770 = CARTESIAN_POINT ( 'NONE',  ( -0.4077520701201736708, -3.115000057560828761, -7.141869035546585032 ) ) ;
#5771 = CIRCLE ( 'NONE', #6290, 0.6500000000000000222 ) ;
#5772 = CYLINDRICAL_SURFACE ( 'NONE', #3021, 0.6500000000000000222 ) ;
#5773 = DIRECTION ( 'NONE',  ( -1.000000000000000000, 0.000000000000000000, 0.000000000000000000 ) ) ;
#5774 = DIRECTION ( 'NONE',  ( -1.000000000000000000, 0.000000000000000000, 0.000000000000000000 ) ) ;
#5775 = CARTESIAN_POINT ( 'NONE',  ( -0.5673192003539572204, 0.3172521472106159535, -3.919999999999999929 ) ) ;
#5776 = ORIENTED_EDGE ( 'NONE', *, *, #590, .T. ) ;
#5777 = LINE ( 'NONE', #9248, #5796 ) ;
#5778 = ADVANCED_FACE ( 'NONE', ( #4199, #3459 ), #10012, .F. ) ;
#5779 = AXIS2_PLACEMENT_3D ( 'NONE', #10109, #5195, #2913 ) ;
#5780 = CARTESIAN_POINT ( 'NONE',  ( -0.5107053896536003501, -0.4020945224431241583, -3.919999999999999929 ) ) ;
#5781 = ORIENTED_EDGE ( 'NONE', *, *, #7108, .F. ) ;
#5782 = DIRECTION ( 'NONE',  ( -1.000000000000000000, 0.000000000000000000, 0.000000000000000000 ) ) ;
#5783 = CARTESIAN_POINT ( 'NONE',  ( 0.6716940394054629060, 0.06672418922079689785, -4.370000000000000107 ) ) ;
#5784 = CARTESIAN_POINT ( 'NONE',  ( -2.490617666241263795, -1.913921254080374945, -5.227494177610352288 ) ) ;
#5785 = EDGE_CURVE ( 'NONE', #5533, #2078, #7660, .T. ) ;
#5786 = CIRCLE ( 'NONE', #4070, 0.6750000000000000444 ) ;
#5787 = CARTESIAN_POINT ( 'NONE',  ( 2.759315164274000143, -0.5582711925323999846, -5.948427405499001175 ) ) ;
#5788 = ORIENTED_EDGE ( 'NONE', *, *, #2382, .T. ) ;
#5789 = VERTEX_POINT ( 'NONE', #6707 ) ;
#5790 = VERTEX_POINT ( 'NONE', #5205 ) ;
#5791 = LINE ( 'NONE', #5738, #2984 ) ;
#5792 = DIRECTION ( 'NONE',  ( 0.000000000000000000, 0.000000000000000000, -1.000000000000000000 ) ) ;
#5793 = CARTESIAN_POINT ( 'NONE',  ( 1.781274731157764579, 2.555365989631950718, -4.839913058324501804 ) ) ;
#5794 = DIRECTION ( 'NONE',  ( 1.000000000000000000, 0.000000000000000000, 0.000000000000000000 ) ) ;
#5795 = ORIENTED_EDGE ( 'NONE', *, *, #3411, .T. ) ;
#5796 = VECTOR ( 'NONE', #5941, 1000.000000000000000 ) ;
#5797 = DIRECTION ( 'NONE',  ( -1.000000000000000000, 0.000000000000000000, 0.000000000000000000 ) ) ;
#5798 = DIRECTION ( 'NONE',  ( 0.000000000000000000, 0.000000000000000000, -1.000000000000000000 ) ) ;
#5799 = ADVANCED_FACE ( 'NONE', ( #163 ), #8408, .F. ) ;
#5800 = EDGE_LOOP ( 'NONE', ( #8725, #5158, #8059, #5931 ) ) ;
#5801 = EDGE_CURVE ( 'NONE', #4613, #4954, #6762, .T. ) ;
#5802 = EDGE_CURVE ( 'NONE', #2985, #4660, #962, .T. ) ;
#5803 = ORIENTED_EDGE ( 'NONE', *, *, #7746, .F. ) ;
#5804 = CIRCLE ( 'NONE', #1224, 0.6350000000000000089 ) ;
#5805 = CARTESIAN_POINT ( 'NONE',  ( 0.2724947409330272796, 0.5901242379057499710, -4.070000000000004725 ) ) ;
#5806 = ORIENTED_EDGE ( 'NONE', *, *, #8713, .T. ) ;
#5807 = CARTESIAN_POINT ( 'NONE',  ( -2.049999999999999822, -0.2683443724941279585, -7.170000000000001705 ) ) ;
#5808 = CARTESIAN_POINT ( 'NONE',  ( 2.320983342318999831, -1.809711353069000106, -5.189243865253000187 ) ) ;
#5809 = CARTESIAN_POINT ( 'NONE',  ( 0.000000000000000000, 0.000000000000000000, -3.919999999999999929 ) ) ;
#5810 = CARTESIAN_POINT ( 'NONE',  ( 0.000000000000000000, 0.000000000000000000, -4.370000000000000107 ) ) ;
#5811 = CARTESIAN_POINT ( 'NONE',  ( -2.655513284981144473, -0.4991191862793578626, -7.037672616494014655 ) ) ;
#5812 = CARTESIAN_POINT ( 'NONE',  ( -2.818959057122000011, -1.022521048350000017, -6.391482546935000286 ) ) ;
#5813 = AXIS2_PLACEMENT_3D ( 'NONE', #1235, #3718, #3559 ) ;
#5814 = ORIENTED_EDGE ( 'NONE', *, *, #1574, .F. ) ;
#5815 = EDGE_CURVE ( 'NONE', #2955, #5790, #9993, .T. ) ;
#5816 = CARTESIAN_POINT ( 'NONE',  ( 2.153813928001945044, 1.611424428162308464, -4.415099465223208952 ) ) ;
#5817 = CARTESIAN_POINT ( 'NONE',  ( -1.831230383336284850, -2.519861963350032763, -7.313187029952543661 ) ) ;
#5818 = CARTESIAN_POINT ( 'NONE',  ( 0.2245979712142810447, -0.6099637295171156381, -4.070000000000005613 ) ) ;
#5819 = PLANE ( 'NONE',  #619 ) ;
#5820 = CARTESIAN_POINT ( 'NONE',  ( 0.000000000000000000, 0.000000000000000000, -4.070000000000005613 ) ) ;
#5821 = DIRECTION ( 'NONE',  ( 0.000000000000000000, 0.000000000000000000, 1.000000000000000000 ) ) ;
#5822 = VECTOR ( 'NONE', #4665, 1000.000000000000000 ) ;
#5823 = CARTESIAN_POINT ( 'NONE',  ( -3.299999999999999822, -3.500000000000000000, -0.4000000000000000222 ) ) ;
#5824 = DIRECTION ( 'NONE',  ( 0.05233595624295873244, -0.9986295347545731671, 0.000000000000000000 ) ) ;
#5825 = ORIENTED_EDGE ( 'NONE', *, *, #9220, .T. ) ;
#5826 = CARTESIAN_POINT ( 'NONE',  ( -0.6529864083220295878, -0.1709788014541456791, -4.220000000000000639 ) ) ;
#5827 = CARTESIAN_POINT ( 'NONE',  ( -3.299999999999999822, -3.299999999999999822, 0.5360000000000000320 ) ) ;
#5828 = EDGE_CURVE ( 'NONE', #5630, #7236, #8348, .T. ) ;
#5829 = CARTESIAN_POINT ( 'NONE',  ( -2.598917237794085899, 1.997276839918473934, -1.300000000000000266 ) ) ;
#5830 = PLANE ( 'NONE',  #268 ) ;
#5831 = VERTEX_POINT ( 'NONE', #2766 ) ;
#5832 = DIRECTION ( 'NONE',  ( -0.000000000000000000, -0.000000000000000000, -1.000000000000000000 ) ) ;
#5833 = DIRECTION ( 'NONE',  ( -1.000000000000000000, 0.000000000000000000, 0.000000000000000000 ) ) ;
#5834 = CARTESIAN_POINT ( 'NONE',  ( -3.094811068767184370, 0.4081005313686296154, -6.727347110287077214 ) ) ;
#5835 = VERTEX_POINT ( 'NONE', #9274 ) ;
#5836 = CARTESIAN_POINT ( 'NONE',  ( -0.5826313872945287908, 0.3408308473997812560, -4.370000000000000107 ) ) ;
#5837 = CARTESIAN_POINT ( 'NONE',  ( -2.501198155706028992, 1.023418197541000163, -7.102186011020052092 ) ) ;
#5838 = EDGE_LOOP ( 'NONE', ( #3496, #4673, #10072, #8975 ) ) ;
#5839 = DIRECTION ( 'NONE',  ( -1.000000000000000000, 0.000000000000000000, 0.000000000000000000 ) ) ;
#5840 = PRODUCT_DEFINITION ( 'UNKNOWN', '', #8907, #5181 ) ;
#5841 = CARTESIAN_POINT ( 'NONE',  ( 1.869329327256999962, 2.105014501059999876, -5.784363385041999983 ) ) ;
#5842 = ORIENTED_EDGE ( 'NONE', *, *, #8872, .T. ) ;
#5843 = ORIENTED_EDGE ( 'NONE', *, *, #2866, .F. ) ;
#5844 = DIRECTION ( 'NONE',  ( -0.6293203910498477160, 0.7771459614569625751, 0.000000000000000000 ) ) ;
#5845 = DIRECTION ( 'NONE',  ( -1.000000000000000000, 0.000000000000000000, 0.000000000000000000 ) ) ;
#5846 = ORIENTED_EDGE ( 'NONE', *, *, #7313, .T. ) ;
#5847 = CARTESIAN_POINT ( 'NONE',  ( -0.6594379015382941800, 0.1441063982436992519, -4.370000000000000107 ) ) ;
#5848 = CARTESIAN_POINT ( 'NONE',  ( -0.4277782834789938815, 0.5221405368133814617, -4.370000000000000107 ) ) ;
#5849 = EDGE_CURVE ( 'NONE', #1589, #4989, #5259, .T. ) ;
#5850 = VERTEX_POINT ( 'NONE', #5106 ) ;
#5851 = ORIENTED_EDGE ( 'NONE', *, *, #7475, .F. ) ;
#5852 = LINE ( 'NONE', #4195, #4050 ) ;
#5853 = DIRECTION ( 'NONE',  ( -0.000000000000000000, -0.000000000000000000, -1.000000000000000000 ) ) ;
#5854 = VERTEX_POINT ( 'NONE', #9325 ) ;
#5855 = CARTESIAN_POINT ( 'NONE',  ( -0.5673192003539549999, -0.3172521472106200613, -4.370000000000000107 ) ) ;
#5856 = CARTESIAN_POINT ( 'NONE',  ( 2.940725186493999832, -0.1193742955003000150, -4.413389446227999890 ) ) ;
#5857 = DIRECTION ( 'NONE',  ( 0.7431448254774006834, -0.6691306063588509101, 0.000000000000000000 ) ) ;
#5858 = CARTESIAN_POINT ( 'NONE',  ( -0.4077554423834222619, 3.114999650087299177, -6.759521072808122533 ) ) ;
#5859 = EDGE_CURVE ( 'NONE', #7703, #598, #8304, .T. ) ;
#5860 = EDGE_CURVE ( 'NONE', #5184, #714, #7627, .T. ) ;
#5861 = CARTESIAN_POINT ( 'NONE',  ( -1.206147830256000031, 2.566131486214000113, -7.174937693563999908 ) ) ;
#5862 = ORIENTED_EDGE ( 'NONE', *, *, #705, .T. ) ;
#5863 = CARTESIAN_POINT ( 'NONE',  ( -2.208224353297548515, -2.167362814290314965, -7.899638885713027747 ) ) ;
#5864 = VECTOR ( 'NONE', #7307, 1000.000000000000000 ) ;
#5865 = CARTESIAN_POINT ( 'NONE',  ( -1.830541782443819709, -2.520363569506082868, -7.313156184620956068 ) ) ;
#5866 = CARTESIAN_POINT ( 'NONE',  ( 0.8068722898448762448, 3.015570902463556191, -6.212190723265346826 ) ) ;
#5867 = CARTESIAN_POINT ( 'NONE',  ( -0.1168371002678000037, 2.689356106343999908, -4.332617540965999936 ) ) ;
#5868 = CARTESIAN_POINT ( 'NONE',  ( -0.6529864083220295878, -0.1709788014541456791, -4.370000000000000107 ) ) ;
#5869 = CARTESIAN_POINT ( 'NONE',  ( -2.271612929159317197E-14, -2.574999999961028241, -9.100000000023147351 ) ) ;
#5870 = DIRECTION ( 'NONE',  ( 0.000000000000000000, 0.000000000000000000, -1.000000000000000000 ) ) ;
#5871 = DIRECTION ( 'NONE',  ( -0.6691306063588602360, 0.7431448254773923567, 0.000000000000000000 ) ) ;
#5872 = ORIENTED_EDGE ( 'NONE', *, *, #5122, .F. ) ;
#5873 = EDGE_CURVE ( 'NONE', #5789, #6163, #6064, .T. ) ;
#5874 = CARTESIAN_POINT ( 'NONE',  ( 0.000000000000000000, 0.000000000000000000, -3.100000000017644197 ) ) ;
#5875 = AXIS2_PLACEMENT_3D ( 'NONE', #4985, #4130, #7443 ) ;
#5876 = CARTESIAN_POINT ( 'NONE',  ( 0.6375889273060080242, 0.1264134477687159364, -4.070000000000004725 ) ) ;
#5877 = VERTEX_POINT ( 'NONE', #321 ) ;
#5878 = CARTESIAN_POINT ( 'NONE',  ( -0.6350000000000000089, 7.776507174585692903E-17, -6.950000000000000178 ) ) ;
#5879 = DIRECTION ( 'NONE',  ( 0.6293203910498348375, 0.7771459614569730112, -0.000000000000000000 ) ) ;
#5880 = CARTESIAN_POINT ( 'NONE',  ( 0.5673192003539530015, 0.3172521472106237805, -4.070000000000005613 ) ) ;
#5881 = AXIS2_PLACEMENT_3D ( 'NONE', #1228, #7913, #3709 ) ;
#5882 = DIRECTION ( 'NONE',  ( -0.000000000000000000, -0.000000000000000000, -1.000000000000000000 ) ) ;
#5883 = CARTESIAN_POINT ( 'NONE',  ( -2.107160169512482639, -0.9843337750354834714, -7.169999999999999041 ) ) ;
#5884 = CARTESIAN_POINT ( 'NONE',  ( -3.114999999999998881, 5.988603365233812565E-15, -6.712309133434341213 ) ) ;
#5885 = EDGE_LOOP ( 'NONE', ( #6781, #2034, #9463, #4391 ) ) ;
#5886 = CARTESIAN_POINT ( 'NONE',  ( 0.1919865407537000024, -3.339463937789000081, -7.931490535709000866 ) ) ;
#5887 = EDGE_CURVE ( 'NONE', #7926, #5554, #8360, .T. ) ;
#5888 = ADVANCED_FACE ( 'NONE', ( #3557 ), #9958, .F. ) ;
#5889 = ORIENTED_EDGE ( 'NONE', *, *, #3629, .T. ) ;
#5890 = CARTESIAN_POINT ( 'NONE',  ( -0.005339973279816118655, -2.904887182917221811, -8.070024710999787132 ) ) ;
#5891 = DIRECTION ( 'NONE',  ( -0.000000000000000000, -0.000000000000000000, -1.000000000000000000 ) ) ;
#5892 = AXIS2_PLACEMENT_3D ( 'NONE', #10230, #7763, #2917 ) ;
#5893 = CARTESIAN_POINT ( 'NONE',  ( 2.040000000000000036, -2.770000000000000018, 2.200000000000000178 ) ) ;
#5894 = CARTESIAN_POINT ( 'NONE',  ( 2.080101932314000202, -1.897011894595000081, -5.396532854599000117 ) ) ;
#5895 = VECTOR ( 'NONE', #1358, 1000.000000000000000 ) ;
#5896 = ORIENTED_EDGE ( 'NONE', *, *, #30, .F. ) ;
#5897 = VECTOR ( 'NONE', #161, 1000.000000000000000 ) ;
#5898 = ORIENTED_EDGE ( 'NONE', *, *, #7924, .T. ) ;
#5899 = FACE_OUTER_BOUND ( 'NONE', #5301, .T. ) ;
#5900 = CARTESIAN_POINT ( 'NONE',  ( 2.705388832218000417, 0.9631701925333000514, -7.252829606038999621 ) ) ;
#5901 = CARTESIAN_POINT ( 'NONE',  ( 2.737675457149999936, -0.8671554172573000541, -6.639830730713072171 ) ) ;
#5902 = VECTOR ( 'NONE', #6157, 1000.000000000000000 ) ;
#5903 = CARTESIAN_POINT ( 'NONE',  ( 3.500000000000000000, -2.040000000000000036, 0.000000000000000000 ) ) ;
#5904 = CIRCLE ( 'NONE', #6070, 0.6750000000000000444 ) ;
#5905 = ORIENTED_EDGE ( 'NONE', *, *, #9798, .F. ) ;
#5906 = DIRECTION ( 'NONE',  ( -1.000000000000000000, 0.000000000000000000, 0.000000000000000000 ) ) ;
#5907 = CARTESIAN_POINT ( 'NONE',  ( -3.114998949698013941, -0.6099019665689967562, -6.575783793376666964 ) ) ;
#5908 = ORIENTED_EDGE ( 'NONE', *, *, #7099, .F. ) ;
#5909 = DIRECTION ( 'NONE',  ( -0.9659258262890709767, 0.2588190451025105809, 0.000000000000000000 ) ) ;
#5910 = AXIS2_PLACEMENT_3D ( 'NONE', #7102, #10256, #5599 ) ;
#5911 = CARTESIAN_POINT ( 'NONE',  ( 3.058503248342999914, -0.5220088652263999984, -5.045341473567000357 ) ) ;
#5912 = CARTESIAN_POINT ( 'NONE',  ( 0.1709788014541479273, -0.6529864083220289217, -4.220000000000000639 ) ) ;
#5913 = AXIS2_PLACEMENT_3D ( 'NONE', #5326, #2155, #4585 ) ;
#5914 = EDGE_CURVE ( 'NONE', #9675, #953, #262, .T. ) ;
#5915 = CARTESIAN_POINT ( 'NONE',  ( -3.125751853065999786, -1.133804002436000102, -6.569031018240000463 ) ) ;
#5916 = EDGE_LOOP ( 'NONE', ( #10346, #1470, #4973, #394 ) ) ;
#5917 = CIRCLE ( 'NONE', #312, 0.6500000000000000222 ) ;
#5918 = CARTESIAN_POINT ( 'NONE',  ( -0.2754861242787000064, -3.037055189808000044, -6.352839757970000001 ) ) ;
#5919 = AXIS2_PLACEMENT_3D ( 'NONE', #9635, #3185, #4078 ) ;
#5920 = EDGE_CURVE ( 'NONE', #8054, #7838, #4716, .T. ) ;
#5921 = CARTESIAN_POINT ( 'NONE',  ( -1.845540828641594633, -2.509426091017221694, -7.313818028594786469 ) ) ;
#5922 = CARTESIAN_POINT ( 'NONE',  ( 0.3643944005386686724, -0.5681916233596413512, -4.220000000000000639 ) ) ;
#5923 = LINE ( 'NONE', #8369, #7900 ) ;
#5924 = CARTESIAN_POINT ( 'NONE',  ( -3.500000000000000000, 3.299999999999999822, 0.5000000000000000000 ) ) ;
#5925 = DIRECTION ( 'NONE',  ( -1.000000000000000000, 0.000000000000000000, 0.000000000000000000 ) ) ;
#5926 = FACE_OUTER_BOUND ( 'NONE', #4348, .T. ) ;
#5927 = ORIENTED_EDGE ( 'NONE', *, *, #5262, .F. ) ;
#5928 = VECTOR ( 'NONE', #1176, 1000.000000000000114 ) ;
#5929 = CARTESIAN_POINT ( 'NONE',  ( -0.9702728268952000024, 3.131598083761000240, -5.338678051315000062 ) ) ;
#5930 = DIRECTION ( 'NONE',  ( 0.000000000000000000, 0.000000000000000000, 1.000000000000000000 ) ) ;
#5931 = ORIENTED_EDGE ( 'NONE', *, *, #6091, .F. ) ;
#5932 = CARTESIAN_POINT ( 'NONE',  ( -2.028420765420533342E-14, 2.424999999951432894, -9.099999999966303932 ) ) ;
#5933 = CARTESIAN_POINT ( 'NONE',  ( 0.6738623340140251772, -0.03917339399606106082, -4.220000000000000639 ) ) ;
#5934 = ORIENTED_EDGE ( 'NONE', *, *, #9953, .F. ) ;
#5935 = CARTESIAN_POINT ( 'NONE',  ( 0.000000000000000000, 0.000000000000000000, -3.919999999999999929 ) ) ;
#5936 = ADVANCED_FACE ( 'NONE', ( #8678 ), #10392, .T. ) ;
#5937 = AXIS2_PLACEMENT_3D ( 'NONE', #2782, #7572, #10133 ) ;
#5938 = LINE ( 'NONE', #2693, #4588 ) ;
#5939 = DIRECTION ( 'NONE',  ( -0.000000000000000000, -0.000000000000000000, -1.000000000000000000 ) ) ;
#5940 = B_SPLINE_SURFACE_WITH_KNOTS ( 'NONE', 3, 3, ( 
 ( #6540, #951, #152, #5583 ),
 ( #44, #6596, #4132, #7388 ),
 ( #2445, #5686, #1654, #4879 ),
 ( #1546, #4775, #3975, #8134 ),
 ( #7232, #10491, #848, #1710 ),
 ( #900, #98, #3345, #9852 ),
 ( #2549, #9311, #1873, #308 ),
 ( #9902, #1923, #2601, #6858 ),
 ( #2804, #3544, #8446, #9947 ),
 ( #9159, #1972, #1059, #251 ),
 ( #1110, #1163, #8395, #8502 ),
 ( #7596, #6807, #9214, #4336 ),
 ( #6050, #3399, #10054, #5143 ),
 ( #4242, #7650, #3601, #6000 ),
 ( #8291, #6650, #3449, #9261 ),
 ( #2653, #3487, #10104, #9098 ),
 ( #5094, #4446, #10000, #203 ),
 ( #5191, #8347, #1815, #5900 ),
 ( #5953, #4394, #363, #5041 ),
 ( #4292, #6749, #7496, #7543 ),
 ( #2026, #2706, #1005, #5245 ),
 ( #1221, #6693, #7705, #5464 ),
 ( #5509, #7755, #2178, #9525 ),
 ( #9574, #618, #6907, #5350 ),
 ( #4652, #8765, #3703, #3648 ),
 ( #6216, #7028, #9366, #1478 ),
 ( #4494, #2274, #6107, #471 ),
 ( #574, #2859, #8715, #2123 ),
 ( #10276, #6971, #7070, #9468 ),
 ( #10158, #10222, #4703, #2076 ),
 ( #2232, #2910, #5409, #8666 ),
 ( #5299, #6162, #1429, #9420 ),
 ( #7908, #7122, #8608, #3862 ),
 ( #10379, #1325, #8558, #3069 ),
 ( #4553, #415, #6323, #7816 ),
 ( #1272, #527, #4602, #3759 ),
 ( #2966, #1382, #7861, #3808 ) ),
 .UNSPECIFIED., .F., .F., .F.,
 ( 4, 1, 1, 1, 1, 1, 1, 1, 1, 1, 1, 1, 1, 1, 1, 1, 1, 1, 1, 1, 1, 1, 1, 1, 1, 1, 1, 1, 1, 1, 1, 1, 1, 1, 4 ),
 ( 4, 4 ),
 ( -0.006389021127313000356, 0.000000000000000000, 0.01250605080495999916, 0.04500564741794999685, 0.07750524403094000148, 0.1100048406438999954, 0.1425044372569999884, 0.1750040338699999920, 0.2075036304829999956, 0.2400032270959999992, 0.2725028237088999994, 0.3050024203219000030, 0.3375020169349000065, 0.3700016135479000101, 0.4025012101609000137, 0.4350008067739000173, 0.4675004033869000208, 0.4999999999999000244, 0.5324995966129000280, 0.5649991932257999450, 0.5974987898388000040, 0.6299983864518999832, 0.6624979830649000423, 0.6949975796778999904, 0.7274971762909000494, 0.7599967729038999975, 0.7924963695168999456, 0.8249959661299000047, 0.8574955627428000327, 0.8899951593557999807, 0.9224947559688000398, 0.9549943525817999879, 0.9874939491948000470, 1.000000000000000000, 1.006389021126999905 ),
 ( -0.002464544118125999803, 1.000000000000000000 ),
 .UNSPECIFIED. ) ;
#5941 = DIRECTION ( 'NONE',  ( -0.000000000000000000, -0.000000000000000000, -1.000000000000000000 ) ) ;
#5942 = VERTEX_POINT ( 'NONE', #6984 ) ;
#5943 = CARTESIAN_POINT ( 'NONE',  ( -2.307926000694000113, -1.886645821267000089, -8.126018903819000272 ) ) ;
#5944 = VERTEX_POINT ( 'NONE', #5421 ) ;
#5945 = CARTESIAN_POINT ( 'NONE',  ( 0.5402312602579648626, -0.3614556479571054970, -4.370000000000000107 ) ) ;
#5946 = VECTOR ( 'NONE', #1347, 1000.000000000000114 ) ;
#5947 = DIRECTION ( 'NONE',  ( -0.000000000000000000, -0.000000000000000000, -1.000000000000000000 ) ) ;
#5948 = FACE_OUTER_BOUND ( 'NONE', #8699, .T. ) ;
#5949 = EDGE_CURVE ( 'NONE', #6993, #3373, #843, .T. ) ;
#5950 = CARTESIAN_POINT ( 'NONE',  ( -1.887820988559000268, -2.088446813353999953, -5.572537372961999580 ) ) ;
#5951 = AXIS2_PLACEMENT_3D ( 'NONE', #904, #102, #1877 ) ;
#5952 = ORIENTED_EDGE ( 'NONE', *, *, #10301, .F. ) ;
#5953 = CARTESIAN_POINT ( 'NONE',  ( 1.627950411608000136, 2.365714059351999854, -7.323035049243999950 ) ) ;
#5954 = CARTESIAN_POINT ( 'NONE',  ( -1.946841232025870561, -1.855517588331888623, -8.285061183889972369 ) ) ;
#5955 = ORIENTED_EDGE ( 'NONE', *, *, #2022, .T. ) ;
#5956 = CARTESIAN_POINT ( 'NONE',  ( 0.000000000000000000, 0.000000000000000000, 2.299999999999999822 ) ) ;
#5957 = LINE ( 'NONE', #255, #4063 ) ;
#5958 = CONICAL_SURFACE ( 'NONE', #1379, 2.424999999846022547, 0.7853981633974482790 ) ;
#5959 = CARTESIAN_POINT ( 'NONE',  ( -0.1264134477687045288, -0.6375889273060103557, -3.919999999999999929 ) ) ;
#5960 = ORIENTED_EDGE ( 'NONE', *, *, #5663, .T. ) ;
#5961 = EDGE_CURVE ( 'NONE', #8878, #4539, #540, .T. ) ;
#5962 = EDGE_LOOP ( 'NONE', ( #38, #7605, #1871, #4513, #5031, #592 ) ) ;
#5963 = LINE ( 'NONE', #8243, #4392 ) ;
#5964 = ORIENTED_EDGE ( 'NONE', *, *, #4991, .T. ) ;
#5965 = CARTESIAN_POINT ( 'NONE',  ( 0.000000000000000000, 0.000000000000000000, -3.980000000000009752 ) ) ;
#5966 = VECTOR ( 'NONE', #3633, 1000.000000000000000 ) ;
#5967 = CARTESIAN_POINT ( 'NONE',  ( 0.1489000814798999983, -2.939361535770999900, -4.579643964589999783 ) ) ;
#5968 = CARTESIAN_POINT ( 'NONE',  ( 1.554683872602057093, -2.739876626145163474, -7.775436661190086696 ) ) ;
#5969 = CARTESIAN_POINT ( 'NONE',  ( 0.6454470077100789016, -0.07679948071507571028, -4.070000000000005613 ) ) ;
#5970 = CARTESIAN_POINT ( 'NONE',  ( 0.5901242379057490828, -0.2724947409330293335, -4.370000000000000107 ) ) ;
#5971 = EDGE_LOOP ( 'NONE', ( #6879, #8835, #1434, #5382, #4438 ) ) ;
#5972 = CARTESIAN_POINT ( 'NONE',  ( 0.6642962982711000386, 3.210458919460999816, -6.101364297549999982 ) ) ;
#5973 = ADVANCED_FACE ( 'NONE', ( #9587 ), #7716, .F. ) ;
#5974 = DIRECTION ( 'NONE',  ( -0.000000000000000000, -0.000000000000000000, -1.000000000000000000 ) ) ;
#5975 = CARTESIAN_POINT ( 'NONE',  ( 3.114928773163351483, 4.397341674889164788E-06, -6.244792586669255741 ) ) ;
#5976 = DIRECTION ( 'NONE',  ( 0.000000000000000000, 0.000000000000000000, -1.000000000000000000 ) ) ;
#5977 = CARTESIAN_POINT ( 'NONE',  ( 0.000000000000000000, 0.000000000000000000, -4.070000000000005613 ) ) ;
#5978 = VERTEX_POINT ( 'NONE', #8728 ) ;
#5979 = CARTESIAN_POINT ( 'NONE',  ( 0.000000000000000000, -0.000000000000000000, -4.370000000000000107 ) ) ;
#5980 = CARTESIAN_POINT ( 'NONE',  ( -0.6099637295171179696, 0.2245979712142745777, -3.919999999999999929 ) ) ;
#5981 = ORIENTED_EDGE ( 'NONE', *, *, #4579, .F. ) ;
#5982 = CARTESIAN_POINT ( 'NONE',  ( 2.266439532296999904, -2.141379372274999859, -4.839500057536000099 ) ) ;
#5983 = CARTESIAN_POINT ( 'NONE',  ( -0.2710233481495826213, -0.6182000847280678668, -4.219999999999999751 ) ) ;
#5984 = CARTESIAN_POINT ( 'NONE',  ( 2.839805762151338620, 1.636761686205423283, -1.300000000000000266 ) ) ;
#5985 = EDGE_CURVE ( 'NONE', #5671, #9724, #5042, .T. ) ;
#5986 = DIRECTION ( 'NONE',  ( 1.000000000000000000, 0.000000000000000000, 0.000000000000000000 ) ) ;
#5987 = CYLINDRICAL_SURFACE ( 'NONE', #3946, 0.6500000000000000222 ) ;
#5988 = CARTESIAN_POINT ( 'NONE',  ( 0.000000000000000000, 0.000000000000000000, 2.299999999999999822 ) ) ;
#5989 = DIRECTION ( 'NONE',  ( 0.000000000000000000, 0.000000000000000000, 1.000000000000000000 ) ) ;
#5990 = CARTESIAN_POINT ( 'NONE',  ( 0.2969690508315589450, -3.125941367706761120, -4.998631185902505436 ) ) ;
#5991 = ORIENTED_EDGE ( 'NONE', *, *, #1529, .T. ) ;
#5992 = VERTEX_POINT ( 'NONE', #4616 ) ;
#5993 = EDGE_CURVE ( 'NONE', #8995, #5418, #3820, .T. ) ;
#5994 = CARTESIAN_POINT ( 'NONE',  ( 0.000000000000000000, 0.000000000000000000, -4.219999999999999751 ) ) ;
#5995 = CARTESIAN_POINT ( 'NONE',  ( -0.5901242379057451970, -0.2724947409330378822, -3.919999999999999929 ) ) ;
#5996 = CARTESIAN_POINT ( 'NONE',  ( -0.2487329540582000065, -2.742091444315000182, -6.159126908072999562 ) ) ;
#5997 = ORIENTED_EDGE ( 'NONE', *, *, #7420, .T. ) ;
#5998 = ORIENTED_EDGE ( 'NONE', *, *, #905, .T. ) ;
#5999 = CARTESIAN_POINT ( 'NONE',  ( 0.5495974312748732604, -0.3624400721992050434, -4.119991299149685204 ) ) ;
#6000 = CARTESIAN_POINT ( 'NONE',  ( -1.600956317492000069, -2.384064684799000133, -7.534207877510000984 ) ) ;
#6001 = CARTESIAN_POINT ( 'NONE',  ( -1.600956317491999847, -2.384064684799000133, -7.554310112994019555 ) ) ;
#6002 = VERTEX_POINT ( 'NONE', #10235 ) ;
#6003 = EDGE_CURVE ( 'NONE', #2118, #2752, #5580, .T. ) ;
#6004 = DIRECTION ( 'NONE',  ( 1.000000000000000000, 0.000000000000000000, 0.000000000000000000 ) ) ;
#6005 = CARTESIAN_POINT ( 'NONE',  ( 0.000000000000000000, 0.000000000000000000, -3.919999999999999929 ) ) ;
#6006 = CARTESIAN_POINT ( 'NONE',  ( -0.4415163173259636364, 0.4770359960578644531, -3.919999999999999929 ) ) ;
#6007 = ORIENTED_EDGE ( 'NONE', *, *, #6212, .F. ) ;
#6008 = SURFACE_SIDE_STYLE ('',( #4846 ) ) ;
#6009 = LINE ( 'NONE', #5203, #4225 ) ;
#6010 = ORIENTED_EDGE ( 'NONE', *, *, #2605, .F. ) ;
#6011 = CARTESIAN_POINT ( 'NONE',  ( 0.2164811447863026483, -2.681334694486222858, -8.285036700701009948 ) ) ;
#6012 = CARTESIAN_POINT ( 'NONE',  ( -2.444653428517164162, -1.151276569304469533, -7.715063259015788155 ) ) ;
#6013 = CARTESIAN_POINT ( 'NONE',  ( 3.094810938035442494, -0.4081011480324681640, -6.374296543733002807 ) ) ;
#6014 = ADVANCED_FACE ( 'NONE', ( #6920 ), #9539, .T. ) ;
#6015 = EDGE_CURVE ( 'NONE', #5348, #3394, #4128, .T. ) ;
#6016 = CARTESIAN_POINT ( 'NONE',  ( -0.9375889033419999574, -2.829222878622999815, -6.378808287658000786 ) ) ;
#6017 = VERTEX_POINT ( 'NONE', #632 ) ;
#6018 = PRODUCT_DEFINITION_SHAPE ( 'NONE', 'NONE',  #9306 ) ;
#6019 = CARTESIAN_POINT ( 'NONE',  ( -2.202822838327000099, 1.973628829156000242, -5.807026383442999595 ) ) ;
#6020 = CARTESIAN_POINT ( 'NONE',  ( -2.970616663812408742, -0.7983310472888289766, -3.300000000024283509 ) ) ;
#6021 = CARTESIAN_POINT ( 'NONE',  ( 2.438983869293140039, -1.874367495907114600, -3.300000000024283953 ) ) ;
#6022 = ORIENTED_EDGE ( 'NONE', *, *, #5425, .T. ) ;
#6023 = FACE_OUTER_BOUND ( 'NONE', #2609, .T. ) ;
#6024 = CARTESIAN_POINT ( 'NONE',  ( 0.7983310472888294207, 2.970616663812408742, -3.300000000024283509 ) ) ;
#6025 = ORIENTED_EDGE ( 'NONE', *, *, #1600, .F. ) ;
#6026 = DIRECTION ( 'NONE',  ( -0.9135454576426021989, 0.4067366430757972662, 0.000000000000000000 ) ) ;
#6027 = VECTOR ( 'NONE', #2725, 1000.000000000000114 ) ;
#6028 = CARTESIAN_POINT ( 'NONE',  ( 3.188429668053000210, -0.7630622509501999717, -4.869332669014999837 ) ) ;
#6029 = ORIENTED_EDGE ( 'NONE', *, *, #1632, .F. ) ;
#6030 = CARTESIAN_POINT ( 'NONE',  ( 0.2245979712142810447, -0.6099637295171156381, -3.919999999999999929 ) ) ;
#6031 = CARTESIAN_POINT ( 'NONE',  ( 3.091584029115065135, -0.3849212398317954920, -7.079671250582056707 ) ) ;
#6032 = DIRECTION ( 'NONE',  ( -0.1045284632676548864, 0.9945218953682731788, 0.000000000000000000 ) ) ;
#6033 = PLANE ( 'NONE',  #11 ) ;
#6034 = DIRECTION ( 'NONE',  ( -0.000000000000000000, -0.000000000000000000, -1.000000000000000000 ) ) ;
#6035 = CARTESIAN_POINT ( 'NONE',  ( 0.3172521472106099583, 0.5673192003539606620, -4.070000000000004725 ) ) ;
#6036 = ORIENTED_EDGE ( 'NONE', *, *, #4813, .F. ) ;
#6037 = EDGE_CURVE ( 'NONE', #2451, #4448, #8623, .T. ) ;
#6038 = ORIENTED_EDGE ( 'NONE', *, *, #1056, .T. ) ;
#6039 = PLANE ( 'NONE',  #1028 ) ;
#6040 = CARTESIAN_POINT ( 'NONE',  ( 0.000000000000000000, 0.000000000000000000, -4.370000000000000107 ) ) ;
#6041 = B_SPLINE_CURVE_WITH_KNOTS ( 'NONE', 3,
 ( #9763, #1679, #9020, #4907, #1736, #8160 ),
 .UNSPECIFIED., .F., .F.,
 ( 4, 2, 4 ),
 ( 0.000000000000000000, 0.5000000000000000000, 1.000000000000000000 ),
 .UNSPECIFIED. ) ;
#6042 = VECTOR ( 'NONE', #9617, 999.9999999999998863 ) ;
#6043 = ORIENTED_EDGE ( 'NONE', *, *, #2437, .F. ) ;
#6044 = DIRECTION ( 'NONE',  ( -1.000000000000000000, 0.000000000000000000, 0.000000000000000000 ) ) ;
#6045 = EDGE_CURVE ( 'NONE', #1395, #8321, #5364, .T. ) ;
#6046 = EDGE_CURVE ( 'NONE', #2176, #5533, #8300, .T. ) ;
#6047 = ORIENTED_EDGE ( 'NONE', *, *, #6277, .F. ) ;
#6048 = CARTESIAN_POINT ( 'NONE',  ( -0.5995290936948529659, 0.2720018533266492233, -4.119991299149684316 ) ) ;
#6049 = CARTESIAN_POINT ( 'NONE',  ( 0.07679948071507344820, 0.6454470077100792347, -4.370000000000000107 ) ) ;
#6050 = CARTESIAN_POINT ( 'NONE',  ( -2.694266588254000006, -0.9938576882401000123, -7.745102456448999639 ) ) ;
#6051 = AXIS2_PLACEMENT_3D ( 'NONE', #3078, #4558, #10334 ) ;
#6052 = CARTESIAN_POINT ( 'NONE',  ( 2.040000000000000036, -2.040000000000000036, 4.400000000000000355 ) ) ;
#6053 = ORIENTED_EDGE ( 'NONE', *, *, #8934, .T. ) ;
#6054 = CARTESIAN_POINT ( 'NONE',  ( -0.5402312602579596446, -0.3614556479571132686, -4.070000000000005613 ) ) ;
#6055 = DIRECTION ( 'NONE',  ( -0.000000000000000000, -0.000000000000000000, -1.000000000000000000 ) ) ;
#6056 = DIRECTION ( 'NONE',  ( 0.9659258262890678681, 0.2588190451025225713, -0.000000000000000000 ) ) ;
#6057 = STYLED_ITEM ( 'NONE', ( #2371 ), #1987 ) ;
#6058 = VERTEX_POINT ( 'NONE', #4822 ) ;
#6059 = CONTEXT_DEPENDENT_SHAPE_REPRESENTATION ( #1288, #2788 ) ;
#6060 = EDGE_CURVE ( 'NONE', #4448, #5072, #8927, .T. ) ;
#6061 = EDGE_CURVE ( 'NONE', #1703, #9592, #7385, .T. ) ;
#6062 = CYLINDRICAL_SURFACE ( 'NONE', #5587, 0.6750000000000000444 ) ;
#6063 = ORIENTED_EDGE ( 'NONE', *, *, #7177, .T. ) ;
#6064 = LINE ( 'NONE', #2038, #5233 ) ;
#6065 = CARTESIAN_POINT ( 'NONE',  ( 0.000000000000000000, 0.000000000000000000, -4.370000000000000107 ) ) ;
#6066 = B_SPLINE_CURVE_WITH_KNOTS ( 'NONE', 3,
 ( #8400, #1332, #1318, #7020, #7065, #2958, #10320, #10269, #1375, #8658 ),
 .UNSPECIFIED., .F., .F.,
 ( 4, 2, 2, 2, 4 ),
 ( 0.000000000000000000, 0.2500000000000000000, 0.5000000000000000000, 0.7500000000000000000, 1.000000000000000000 ),
 .UNSPECIFIED. ) ;
#6067 = CARTESIAN_POINT ( 'NONE',  ( 1.005584203076416383, -2.955194993531172987, -6.498899037240494003 ) ) ;
#6068 = VECTOR ( 'NONE', #3917, 1000.000000000000000 ) ;
#6069 = CARTESIAN_POINT ( 'NONE',  ( 0.6099637295171195239, -0.2245979712142704143, -4.070000000000005613 ) ) ;
#6070 = AXIS2_PLACEMENT_3D ( 'NONE', #6065, #2925, #10288 ) ;
#6071 = ORIENTED_EDGE ( 'NONE', *, *, #5164, .T. ) ;
#6072 = CARTESIAN_POINT ( 'NONE',  ( -3.027936358555604723, -0.3351346170582391593, -7.947063643323796001 ) ) ;
#6073 = ADVANCED_FACE ( 'NONE', ( #1592 ), #3182, .F. ) ;
#6074 = AXIS2_PLACEMENT_3D ( 'NONE', #9973, #5165, #5015 ) ;
#6075 = FACE_OUTER_BOUND ( 'NONE', #4453, .T. ) ;
#6076 = CARTESIAN_POINT ( 'NONE',  ( 0.000000000000000000, 0.000000000000000000, -3.919999999999999929 ) ) ;
#6077 = ORIENTED_EDGE ( 'NONE', *, *, #6669, .F. ) ;
#6078 = DIRECTION ( 'NONE',  ( -0.000000000000000000, -0.000000000000000000, 1.000000000000000000 ) ) ;
#6079 = CARTESIAN_POINT ( 'NONE',  ( 2.139108803415130655, -1.643912475932897577, -3.299999999999999378 ) ) ;
#6080 = VERTEX_POINT ( 'NONE', #95 ) ;
#6081 = CARTESIAN_POINT ( 'NONE',  ( 0.6576705912447021740, -0.02982508694954348963, -4.119991299149684316 ) ) ;
#6082 = PLANE ( 'NONE',  #5913 ) ;
#6083 = CIRCLE ( 'NONE', #1498, 0.6500000000000000222 ) ;
#6084 = CIRCLE ( 'NONE', #7439, 2.675000000010640644 ) ;
#6085 = CARTESIAN_POINT ( 'NONE',  ( -2.167670043204999786, 2.012174391393999784, -5.103008309993000147 ) ) ;
#6086 = CARTESIAN_POINT ( 'NONE',  ( -2.043591244077000077E-14, 0.000000000000000000, -9.099999999875763024 ) ) ;
#6087 = ORIENTED_EDGE ( 'NONE', *, *, #5949, .T. ) ;
#6088 = CARTESIAN_POINT ( 'NONE',  ( 0.5107053896536062343, -0.4020945224431168308, -4.370000000000000107 ) ) ;
#6089 = CARTESIAN_POINT ( 'NONE',  ( 2.338888063392299710, -2.062017036437074680, -7.146882691443084745 ) ) ;
#6090 = CARTESIAN_POINT ( 'NONE',  ( 3.108246490907693893, -0.2042122567729540428, -4.840110952191755800 ) ) ;
#6091 = EDGE_CURVE ( 'NONE', #6786, #2974, #4771, .T. ) ;
#6092 = CARTESIAN_POINT ( 'NONE',  ( 0.000000000000000000, 0.000000000000000000, -3.136000000000000121 ) ) ;
#6093 = CARTESIAN_POINT ( 'NONE',  ( 0.4415163173259669671, -0.4770359960578613445, -3.919999999999999929 ) ) ;
#6094 = VECTOR ( 'NONE', #7305, 1000.000000000000114 ) ;
#6095 = DIRECTION ( 'NONE',  ( 1.000000000000000000, 0.000000000000000000, 0.000000000000000000 ) ) ;
#6096 = CARTESIAN_POINT ( 'NONE',  ( -0.2724947409330313874, -0.5901242379057481946, -4.370000000000000107 ) ) ;
#6097 = VERTEX_POINT ( 'NONE', #6593 ) ;
#6098 = ORIENTED_EDGE ( 'NONE', *, *, #9275, .T. ) ;
#6099 = LINE ( 'NONE', #10148, #2891 ) ;
#6100 = AXIS2_PLACEMENT_3D ( 'NONE', #6704, #9955, #2662 ) ;
#6101 = LINE ( 'NONE', #10099, #464 ) ;
#6102 = ORIENTED_EDGE ( 'NONE', *, *, #2198, .F. ) ;
#6103 = ADVANCED_FACE ( 'NONE', ( #5683 ), #8022, .F. ) ;
#6104 = VERTEX_POINT ( 'NONE', #735 ) ;
#6105 = CARTESIAN_POINT ( 'NONE',  ( -2.540000000000000036, 3.040000000000000036, 0.5000000000000000000 ) ) ;
#6106 = AXIS2_PLACEMENT_3D ( 'NONE', #8135, #8238, #901 ) ;
#6107 = CARTESIAN_POINT ( 'NONE',  ( 2.737675457149999936, -0.8671554172573000541, -6.666578498919999873 ) ) ;
#6108 = CARTESIAN_POINT ( 'NONE',  ( 0.1648275784904000008, -2.867053868245999837, -8.187411223800070914 ) ) ;
#6109 = VERTEX_POINT ( 'NONE', #4019 ) ;
#6110 = B_SPLINE_CURVE_WITH_KNOTS ( 'NONE', 3,
 ( #6562, #9970, #9181, #9120, #1896, #64, #8956, #5762, #1030, #2517 ),
 .UNSPECIFIED., .F., .F.,
 ( 4, 2, 2, 2, 4 ),
 ( 0.000000000000000000, 0.2500000000000000000, 0.5000000000000000000, 0.7500000000000000000, 1.000000000000000000 ),
 .UNSPECIFIED. ) ;
#6111 = CARTESIAN_POINT ( 'NONE',  ( 2.987009476676210085, -1.020620971518187092, -6.281560100069167873 ) ) ;
#6112 = CARTESIAN_POINT ( 'NONE',  ( 0.4078558317431292823, 3.115006626914473387, -5.377081883181996425 ) ) ;
#6113 = DIRECTION ( 'NONE',  ( -0.8660254037844324904, -0.5000000000000106581, 0.000000000000000000 ) ) ;
#6114 = VECTOR ( 'NONE', #1385, 1000.000000000000000 ) ;
#6115 = CARTESIAN_POINT ( 'NONE',  ( -0.4770359960578628988, -0.4415163173259653573, -4.070000000000004725 ) ) ;
#6116 = ORIENTED_EDGE ( 'NONE', *, *, #7106, .F. ) ;
#6117 = CARTESIAN_POINT ( 'NONE',  ( -3.115000000000002434, 2.605062131780113328E-15, -6.006318024332016670 ) ) ;
#6118 = ORIENTED_EDGE ( 'NONE', *, *, #5227, .T. ) ;
#6119 = DIRECTION ( 'NONE',  ( -1.000000000000000000, -0.000000000000000000, -0.000000000000000000 ) ) ;
#6120 = CARTESIAN_POINT ( 'NONE',  ( 1.229919542430536472, -2.446731127144640805, -8.241922647641565902 ) ) ;
#6121 = CARTESIAN_POINT ( 'NONE',  ( -0.6500000000000000222, 0.000000000000000000, -4.070000000000005613 ) ) ;
#6122 = CYLINDRICAL_SURFACE ( 'NONE', #2352, 0.6500000000000000222 ) ;
#6123 = VECTOR ( 'NONE', #7165, 1000.000000000000000 ) ;
#6124 = LINE ( 'NONE', #9434, #10201 ) ;
#6125 = ADVANCED_FACE ( 'NONE', ( #4715 ), #6436, .T. ) ;
#6126 = EDGE_CURVE ( 'NONE', #6017, #2233, #7306, .T. ) ;
#6127 = ORIENTED_EDGE ( 'NONE', *, *, #3300, .F. ) ;
#6128 = FACE_OUTER_BOUND ( 'NONE', #7677, .T. ) ;
#6129 = ORIENTED_EDGE ( 'NONE', *, *, #5291, .T. ) ;
#6130 = VECTOR ( 'NONE', #7798, 1000.000000000000114 ) ;
#6131 = ORIENTED_EDGE ( 'NONE', *, *, #6236, .T. ) ;
#6132 = CARTESIAN_POINT ( 'NONE',  ( 0.02511620569689576241, 0.6495145696682955716, -3.919999999999999929 ) ) ;
#6133 = LINE ( 'NONE', #5376, #3244 ) ;
#6134 = EDGE_LOOP ( 'NONE', ( #3944, #8774, #7585, #6857 ) ) ;
#6135 = CARTESIAN_POINT ( 'NONE',  ( 0.000000000000000000, 0.000000000000000000, -3.919999999999999929 ) ) ;
#6136 = CARTESIAN_POINT ( 'NONE',  ( 2.490962691671072538, 1.914312377117538988, -7.583258237146496050 ) ) ;
#6137 = EDGE_LOOP ( 'NONE', ( #5908, #5105, #8911, #1086 ) ) ;
#6138 = CARTESIAN_POINT ( 'NONE',  ( -0.09448120770661000423, -2.823165686762000082, -8.375846253909999817 ) ) ;
#6139 = AXIS2_PLACEMENT_3D ( 'NONE', #7280, #8073, #4878 ) ;
#6140 = CARTESIAN_POINT ( 'NONE',  ( 1.347180772492235556, 2.337378588847592642, -3.300000000000000266 ) ) ;
#6141 = VECTOR ( 'NONE', #1788, 1000.000000000000000 ) ;
#6142 = CARTESIAN_POINT ( 'NONE',  ( 2.066806515919000109, -1.884886737333999918, -5.366516562452000372 ) ) ;
#6143 = ORIENTED_EDGE ( 'NONE', *, *, #4043, .T. ) ;
#6144 = CARTESIAN_POINT ( 'NONE',  ( 0.5107053896536062343, -0.4020945224431168308, -4.070000000000005613 ) ) ;
#6145 = LINE ( 'NONE', #7009, #9115 ) ;
#6146 = DIRECTION ( 'NONE',  ( 1.000000000000000000, -0.000000000000000000, 0.000000000000000000 ) ) ;
#6147 = CARTESIAN_POINT ( 'NONE',  ( 3.151161037805000120, 1.121873627660999961, -7.017011153431999659 ) ) ;
#6148 = CARTESIAN_POINT ( 'NONE',  ( 0.4020945224431262122, -0.5107053896535987958, -4.070000000000004725 ) ) ;
#6149 = DIRECTION ( 'NONE',  ( 0.000000000000000000, 0.000000000000000000, 1.000000000000000000 ) ) ;
#6150 = VECTOR ( 'NONE', #8501, 1000.000000000000114 ) ;
#6151 = VECTOR ( 'NONE', #7898, 1000.000000000000000 ) ;
#6152 = DIRECTION ( 'NONE',  ( 0.000000000000000000, 0.000000000000000000, 1.000000000000000000 ) ) ;
#6153 = CARTESIAN_POINT ( 'NONE',  ( -3.037920057069319668, -0.7985819010216799185, -5.157050402198244399 ) ) ;
#6154 = ORIENTED_EDGE ( 'NONE', *, *, #4889, .F. ) ;
#6155 = ORIENTED_EDGE ( 'NONE', *, *, #1279, .T. ) ;
#6156 = EDGE_CURVE ( 'NONE', #465, #7843, #788, .T. ) ;
#6157 = DIRECTION ( 'NONE',  ( -0.7771459614569774521, 0.6293203910498292863, -0.000000000000000000 ) ) ;
#6158 = VERTEX_POINT ( 'NONE', #1650 ) ;
#6159 = CARTESIAN_POINT ( 'NONE',  ( -0.8331745404570000124, 2.689107354158000174, -5.056464315780000440 ) ) ;
#6160 = EDGE_LOOP ( 'NONE', ( #4767, #979, #5295, #8394 ) ) ;
#6161 = LINE ( 'NONE', #1271, #9674 ) ;
#6162 = CARTESIAN_POINT ( 'NONE',  ( -2.727625739909000036, 0.8982159067642999650, -6.361705663271999711 ) ) ;
#6163 = VERTEX_POINT ( 'NONE', #4876 ) ;
#6164 = CARTESIAN_POINT ( 'NONE',  ( 0.6346983601050797397, 0.1748660461028001267, -4.119991299149685204 ) ) ;
#6165 = CARTESIAN_POINT ( 'NONE',  ( -3.500000000000000000, -3.299999999999999822, 0.5000000000000000000 ) ) ;
#6166 = DIRECTION ( 'NONE',  ( -0.000000000000000000, -0.000000000000000000, -1.000000000000000000 ) ) ;
#6167 = CARTESIAN_POINT ( 'NONE',  ( 2.040000000000000036, 3.040000000000000036, 2.450000000000000178 ) ) ;
#6168 = CARTESIAN_POINT ( 'NONE',  ( -0.2454910247048547323, -0.6287759193777705535, -3.919999999999999929 ) ) ;
#6169 = ORIENTED_EDGE ( 'NONE', *, *, #10512, .F. ) ;
#6170 = VERTEX_POINT ( 'NONE', #845 ) ;
#6171 = CARTESIAN_POINT ( 'NONE',  ( 1.530376636773740140, -1.757617266068084660, -7.170000000000000817 ) ) ;
#6172 = EDGE_LOOP ( 'NONE', ( #2275, #2340, #4835, #8152 ) ) ;
#6173 = CARTESIAN_POINT ( 'NONE',  ( -1.452032923964077682, -2.521823031062551568, -4.610042163217282329 ) ) ;
#6174 = DIRECTION ( 'NONE',  ( -1.000000000000000000, 0.000000000000000000, 0.000000000000000000 ) ) ;
#6175 = CARTESIAN_POINT ( 'NONE',  ( -3.299999999999999822, -3.500000000000000000, -1.300000000000000266 ) ) ;
#6176 = CARTESIAN_POINT ( 'NONE',  ( -1.615502338346316513, 2.166631403034454895, -6.457052065760485071 ) ) ;
#6177 = LINE ( 'NONE', #5970, #5946 ) ;
#6178 = EDGE_CURVE ( 'NONE', #1845, #2354, #10052, .T. ) ;
#6179 = B_SPLINE_CURVE_WITH_KNOTS ( 'NONE', 3,
 ( #9755, #6458, #1115, #2460, #9704, #5650, #8895, #8354, #1611, #4842 ),
 .UNSPECIFIED., .F., .F.,
 ( 4, 2, 2, 2, 4 ),
 ( 0.000000000000000000, 0.2499999999999999445, 0.4999999999999998890, 0.7499999999999998890, 1.000000000000000000 ),
 .UNSPECIFIED. ) ;
#6180 = ORIENTED_EDGE ( 'NONE', *, *, #7836, .T. ) ;
#6181 = CARTESIAN_POINT ( 'NONE',  ( -0.6586965300393999856, -3.047683435271999919, -5.660854476559999959 ) ) ;
#6182 = ORIENTED_EDGE ( 'NONE', *, *, #9066, .F. ) ;
#6183 = DIRECTION ( 'NONE',  ( -0.6691306063588535746, -0.7431448254773983519, 0.000000000000000000 ) ) ;
#6184 = CARTESIAN_POINT ( 'NONE',  ( 0.4077511636430966591, 3.115000197470788379, -6.082919964075387043 ) ) ;
#6185 = EDGE_CURVE ( 'NONE', #3715, #947, #2909, .T. ) ;
#6186 = ORIENTED_EDGE ( 'NONE', *, *, #1457, .F. ) ;
#6187 = CARTESIAN_POINT ( 'NONE',  ( 0.2300700643772780329, 3.149819951129134044, -7.604036207180183027 ) ) ;
#6188 = EDGE_CURVE ( 'NONE', #8054, #4134, #4551, .T. ) ;
#6189 = CARTESIAN_POINT ( 'NONE',  ( -0.6594379015382941800, 0.1441063982436992519, -3.919999999999999929 ) ) ;
#6190 = DIRECTION ( 'NONE',  ( -0.000000000000000000, -0.000000000000000000, -1.000000000000000000 ) ) ;
#6191 = ORIENTED_EDGE ( 'NONE', *, *, #7616, .T. ) ;
#6192 = DIRECTION ( 'NONE',  ( 0.9659258262890652036, 0.2588190451025326744, 0.000000000000000000 ) ) ;
#6193 = DIRECTION ( 'NONE',  ( -1.000000000000000000, 0.000000000000000000, 0.000000000000000000 ) ) ;
#6194 = B_SPLINE_CURVE_WITH_KNOTS ( 'NONE', 3,
 ( #4419, #7676, #6881, #10128, #6079, #9338, #2053, #8530, #1244, #7727, #440, #9553, #2205, #8033, #8842, #2256, #10453, #6453 ),
 .UNSPECIFIED., .F., .F.,
 ( 4, 2, 2, 2, 2, 2, 2, 2, 4 ),
 ( 0.000000000000000000, 0.1250000000000000278, 0.2500000000000000555, 0.3750000000000000000, 0.5000000000000000000, 0.6249999999999998890, 0.7499999999999998890, 0.8750000000000000000, 1.000000000000000000 ),
 .UNSPECIFIED. ) ;
#6195 = ORIENTED_EDGE ( 'NONE', *, *, #1391, .F. ) ;
#6196 = CARTESIAN_POINT ( 'NONE',  ( 0.6340779252273681665, -2.648497051426155213, -6.049322726692627938 ) ) ;
#6197 = CARTESIAN_POINT ( 'NONE',  ( 3.061326906921508328, -0.5783042091624298608, -7.086907139420256740 ) ) ;
#6198 = CARTESIAN_POINT ( 'NONE',  ( -0.6287759193777697764, 0.2454910247048571748, -3.919999999999999929 ) ) ;
#6199 = CARTESIAN_POINT ( 'NONE',  ( 1.670701483610999905, 2.313417231345999969, -6.508936025567000350 ) ) ;
#6200 = CARTESIAN_POINT ( 'NONE',  ( 0.3330083229362805763, -0.5775513805099504738, -4.169991741848313893 ) ) ;
#6201 = LINE ( 'NONE', #5337, #4762 ) ;
#6202 = ADVANCED_FACE ( 'NONE', ( #8663 ), #573, .F. ) ;
#6203 = EDGE_CURVE ( 'NONE', #948, #10192, #338, .T. ) ;
#6204 = CARTESIAN_POINT ( 'NONE',  ( 3.115001639721574289, 0.2057475919214650228, -7.057838417622565252 ) ) ;
#6205 = ORIENTED_EDGE ( 'NONE', *, *, #2358, .T. ) ;
#6206 = EDGE_LOOP ( 'NONE', ( #7711, #5198, #4416, #5453 ) ) ;
#6207 = CARTESIAN_POINT ( 'NONE',  ( 1.833355349999864936, -2.574223147253594135, -7.860008521276995452 ) ) ;
#6208 = CARTESIAN_POINT ( 'NONE',  ( 0.6375889273060080242, 0.1264134477687159364, -4.370000000000000107 ) ) ;
#6209 = ORIENTED_EDGE ( 'NONE', *, *, #3712, .T. ) ;
#6210 = VECTOR ( 'NONE', #4048, 1000.000000000000000 ) ;
#6211 = EDGE_CURVE ( 'NONE', #159, #8113, #6161, .T. ) ;
#6212 = EDGE_CURVE ( 'NONE', #2380, #7872, #2075, .T. ) ;
#6213 = EDGE_LOOP ( 'NONE', ( #7810, #8499, #3003, #6209 ) ) ;
#6214 = ORIENTED_EDGE ( 'NONE', *, *, #5585, .F. ) ;
#6215 = CARTESIAN_POINT ( 'NONE',  ( 0.3161545596357465682, 2.709720159306185039, -5.129837098024132125 ) ) ;
#6216 = CARTESIAN_POINT ( 'NONE',  ( 1.710373279529000090, -2.306826568996000137, -6.830623074168999942 ) ) ;
#6217 = EDGE_LOOP ( 'NONE', ( #9011, #9928, #9632, #9694 ) ) ;
#6218 = CARTESIAN_POINT ( 'NONE',  ( -0.6375889273060090234, -0.1264134477687112179, -4.070000000000005613 ) ) ;
#6219 = CARTESIAN_POINT ( 'NONE',  ( -0.5901242379057470844, 0.2724947409330335524, -3.919999999999999929 ) ) ;
#6220 = CIRCLE ( 'NONE', #7740, 0.6750000000000000444 ) ;
#6221 = DIRECTION ( 'NONE',  ( -0.000000000000000000, -0.000000000000000000, -1.000000000000000000 ) ) ;
#6222 = CARTESIAN_POINT ( 'NONE',  ( 0.000000000000000000, -2.040000000000000036, 0.000000000000000000 ) ) ;
#6223 = B_SPLINE_CURVE_WITH_KNOTS ( 'NONE', 3,
 ( #218, #3462, #6013, #6711, #9961, #9228, #2668, #1935, #5156, #4351, #6823, #2769, #2818, #6067, #9277, #2041, #5261, #8518, #4509, #4567, #7830, #2196, #6288, #9542, #7769, #1442, #10239, #4666, #9432, #8625, #5526, #1343, #7088, #9486 ),
 .UNSPECIFIED., .F., .F.,
 ( 4, 2, 2, 2, 2, 2, 2, 2, 2, 2, 2, 2, 2, 2, 2, 2, 4 ),
 ( 0.01338391350198450853, 0.01399286220134056749, 0.01460181090069662645, 0.01521075960005268540, 0.01581970829940874262, 0.01642865699876480332, 0.01703760569812086054, 0.01764655439747692123, 0.01825550309683297845, 0.01886445179618903914, 0.01947340049554509636, 0.02008234919490115705, 0.02069129789425721427, 0.02130024659361327150, 0.02190919529296933219, 0.02251814399232539288, 0.02312709269168145010 ),
 .UNSPECIFIED. ) ;
#6224 = PLANE ( 'NONE',  #5881 ) ;
#6225 = ORIENTED_EDGE ( 'NONE', *, *, #2780, .T. ) ;
#6226 = CARTESIAN_POINT ( 'NONE',  ( 2.770000000000000018, 2.040000000000000036, 2.200000000000000178 ) ) ;
#6227 = AXIS2_PLACEMENT_3D ( 'NONE', #8951, #9812, #9013 ) ;
#6228 = ORIENTED_EDGE ( 'NONE', *, *, #1980, .F. ) ;
#6229 = CARTESIAN_POINT ( 'NONE',  ( 0.000000000000000000, 0.000000000000000000, -4.219999999999999751 ) ) ;
#6230 = FACE_BOUND ( 'NONE', #9854, .T. ) ;
#6231 = CARTESIAN_POINT ( 'NONE',  ( 0.6099637295171195239, -0.2245979712142704143, -3.919999999999999929 ) ) ;
#6232 = CARTESIAN_POINT ( 'NONE',  ( 2.040000000000000036, -2.540000000000000036, 4.400000000000000355 ) ) ;
#6233 = CARTESIAN_POINT ( 'NONE',  ( 2.124513440379291129, 1.726933504041247014, -6.629087784496631386 ) ) ;
#6234 = ORIENTED_EDGE ( 'NONE', *, *, #1255, .F. ) ;
#6235 = ORIENTED_EDGE ( 'NONE', *, *, #8284, .F. ) ;
#6236 = EDGE_CURVE ( 'NONE', #5112, #8939, #7814, .T. ) ;
#6237 = CARTESIAN_POINT ( 'NONE',  ( 0.2245979712142682494, 0.6099637295171203011, -4.070000000000005613 ) ) ;
#6238 = EDGE_LOOP ( 'NONE', ( #5503, #8082, #5586, #5896 ) ) ;
#6239 = CARTESIAN_POINT ( 'NONE',  ( -3.098429432446161425, 0.3312632593590481012, -7.430619158783897227 ) ) ;
#6240 = CIRCLE ( 'NONE', #3505, 0.6750000000000000444 ) ;
#6241 = CARTESIAN_POINT ( 'NONE',  ( 0.6495145696682953496, 0.02511620569690256599, -4.370000000000000107 ) ) ;
#6242 = CARTESIAN_POINT ( 'NONE',  ( 0.07679948071508724272, -0.6454470077100775693, -4.370000000000000107 ) ) ;
#6243 = VECTOR ( 'NONE', #10314, 1000.000000000000000 ) ;
#6244 = EDGE_LOOP ( 'NONE', ( #5543, #10062, #890, #9201 ) ) ;
#6245 = CARTESIAN_POINT ( 'NONE',  ( 0.3187124201666999834, -2.665714073239000559, -8.269929726901999345 ) ) ;
#6246 = CARTESIAN_POINT ( 'NONE',  ( -1.643912475932740147, 2.139108803415251003, -3.300000000000000266 ) ) ;
#6247 = DIRECTION ( 'NONE',  ( 0.000000000000000000, 0.000000000000000000, -1.000000000000000000 ) ) ;
#6248 = EDGE_CURVE ( 'NONE', #7323, #8177, #3870, .T. ) ;
#6249 = VERTEX_POINT ( 'NONE', #5836 ) ;
#6250 = VECTOR ( 'NONE', #9569, 1000.000000000000000 ) ;
#6251 = CARTESIAN_POINT ( 'NONE',  ( -2.628045285867977032, -0.7129836296305283039, -5.516418313004485263 ) ) ;
#6252 = CARTESIAN_POINT ( 'NONE',  ( 0.8706004350490427202, -2.990535389009836287, -7.210219476487901957 ) ) ;
#6253 = FILL_AREA_STYLE ('',( #3796 ) ) ;
#6254 = CARTESIAN_POINT ( 'NONE',  ( 1.958335585534000112, 2.711703636305000220, -6.243220906886000066 ) ) ;
#6255 = LINE ( 'NONE', #7689, #9766 ) ;
#6256 = CARTESIAN_POINT ( 'NONE',  ( -0.07679948071507823604, -0.6454470077100785685, -4.370000000000000107 ) ) ;
#6257 = DIRECTION ( 'NONE',  ( -0.000000000000000000, -0.000000000000000000, -1.000000000000000000 ) ) ;
#6258 = ORIENTED_EDGE ( 'NONE', *, *, #2645, .T. ) ;
#6259 = VECTOR ( 'NONE', #2059, 1000.000000000000114 ) ;
#6260 = VECTOR ( 'NONE', #4189, 1000.000000000000000 ) ;
#6261 = DIRECTION ( 'NONE',  ( 1.000000000000000000, 0.000000000000000000, 0.000000000000000000 ) ) ;
#6262 = ADVANCED_FACE ( 'NONE', ( #9937 ), #9266, .T. ) ;
#6263 = EDGE_CURVE ( 'NONE', #6904, #10134, #2467, .T. ) ;
#6264 = DIRECTION ( 'NONE',  ( -1.000000000000000000, -0.000000000000000000, 0.000000000000000000 ) ) ;
#6265 = ORIENTED_EDGE ( 'NONE', *, *, #4812, .F. ) ;
#6266 = VECTOR ( 'NONE', #5034, 1000.000000000000000 ) ;
#6267 = CARTESIAN_POINT ( 'NONE',  ( -0.8331745404570000124, 2.689107354158000174, -5.103191990661000155 ) ) ;
#6268 = ORIENTED_EDGE ( 'NONE', *, *, #4094, .T. ) ;
#6269 = CARTESIAN_POINT ( 'NONE',  ( 1.581108606788410809, 2.223121723723583187, -5.186246280256687768 ) ) ;
#6270 = DIRECTION ( 'NONE',  ( -1.000000000000000000, 0.000000000000000000, 0.000000000000000000 ) ) ;
#6271 = ORIENTED_EDGE ( 'NONE', *, *, #6003, .T. ) ;
#6272 = CARTESIAN_POINT ( 'NONE',  ( -0.6375889273060090234, -0.1264134477687112179, -3.919999999999999929 ) ) ;
#6273 = CONICAL_SURFACE ( 'NONE', #3205, 0.6750000000000000444, 0.1651486774146336267 ) ;
#6274 = LINE ( 'NONE', #622, #6802 ) ;
#6275 = CARTESIAN_POINT ( 'NONE',  ( 0.5041923985042179313, 0.4487928534308051609, -3.919999999999999929 ) ) ;
#6276 = ADVANCED_FACE ( 'NONE', ( #4046 ), #6273, .T. ) ;
#6277 = EDGE_CURVE ( 'NONE', #3472, #9479, #490, .T. ) ;
#6278 = CARTESIAN_POINT ( 'NONE',  ( 0.000000000000000000, 0.000000000000000000, -3.919999999999999929 ) ) ;
#6279 = CARTESIAN_POINT ( 'NONE',  ( -0.5183467857718240257, -0.4192573791286238194, -4.169991741848313893 ) ) ;
#6280 = ORIENTED_EDGE ( 'NONE', *, *, #7362, .F. ) ;
#6281 = AXIS2_PLACEMENT_3D ( 'NONE', #49, #1661, #9802 ) ;
#6282 = VERTEX_POINT ( 'NONE', #8157 ) ;
#6283 = CARTESIAN_POINT ( 'NONE',  ( -1.744963253996497432, -2.598402239425737559, -5.897193763434132485 ) ) ;
#6284 = VERTEX_POINT ( 'NONE', #7357 ) ;
#6285 = DIRECTION ( 'NONE',  ( 0.9510565162951510887, 0.3090169943749548898, 0.000000000000000000 ) ) ;
#6286 = LINE ( 'NONE', #7230, #3644 ) ;
#6287 = DIRECTION ( 'NONE',  ( -1.000000000000000000, 0.000000000000000000, 0.000000000000000000 ) ) ;
#6288 = CARTESIAN_POINT ( 'NONE',  ( -1.560582377876651883, -2.703517341141929986, -6.595291713514074949 ) ) ;
#6289 = FACE_OUTER_BOUND ( 'NONE', #7290, .T. ) ;
#6290 = AXIS2_PLACEMENT_3D ( 'NONE', #7628, #4421, #7679 ) ;
#6291 = ADVANCED_FACE ( 'NONE', ( #4956, #7253 ), #3211, .F. ) ;
#6292 = EDGE_LOOP ( 'NONE', ( #5673, #2206, #1662, #3914 ) ) ;
#6293 = VERTEX_POINT ( 'NONE', #872 ) ;
#6294 = CARTESIAN_POINT ( 'NONE',  ( -0.3624400721992112051, 0.5495974312748691526, -4.119991299149685204 ) ) ;
#6295 = DIRECTION ( 'NONE',  ( -1.000000000000000000, 0.000000000000000000, 0.000000000000000000 ) ) ;
#6296 = AXIS2_PLACEMENT_3D ( 'NONE', #87, #6584, #1698 ) ;
#6297 = CARTESIAN_POINT ( 'NONE',  ( -0.3402909295873999818, 3.244533549250999904, -5.455620809755999723 ) ) ;
#6298 = FACE_OUTER_BOUND ( 'NONE', #4714, .T. ) ;
#6299 = CARTESIAN_POINT ( 'NONE',  ( 1.424919764301999958, 3.004177972598999879, -8.246395214931000694 ) ) ;
#6300 = CARTESIAN_POINT ( 'NONE',  ( 0.000000000000000000, 0.000000000000000000, 0.000000000000000000 ) ) ;
#6301 = ORIENTED_EDGE ( 'NONE', *, *, #9780, .F. ) ;
#6302 = AXIS2_PLACEMENT_3D ( 'NONE', #5827, #8859, #7315 ) ;
#6303 = CARTESIAN_POINT ( 'NONE',  ( 1.517599289749913316, -2.261479605470565701, -5.303256547528684806 ) ) ;
#6304 = CARTESIAN_POINT ( 'NONE',  ( 1.208793986595573022, -2.871964507890621743, -7.197317612575098167 ) ) ;
#6305 = CARTESIAN_POINT ( 'NONE',  ( -3.021516378895000354, 0.9949950370343998429, -6.120758909510000123 ) ) ;
#6306 = CARTESIAN_POINT ( 'NONE',  ( 0.8094266004282000271, -2.696350637794000082, -4.751182953936000430 ) ) ;
#6307 = CARTESIAN_POINT ( 'NONE',  ( -0.4415163173259636364, 0.4770359960578644531, -4.370000000000000107 ) ) ;
#6308 = LINE ( 'NONE', #3213, #1216 ) ;
#6309 = CARTESIAN_POINT ( 'NONE',  ( 0.000000000000000000, 0.000000000000000000, -4.070000000000005613 ) ) ;
#6310 = CARTESIAN_POINT ( 'NONE',  ( -2.040000000000000036, 3.500000000000000000, 2.200000000000000178 ) ) ;
#6311 = ORIENTED_EDGE ( 'NONE', *, *, #6503, .T. ) ;
#6312 = EDGE_CURVE ( 'NONE', #6786, #10307, #7180, .T. ) ;
#6313 = CARTESIAN_POINT ( 'NONE',  ( -2.540000000000000036, -3.040000000000000036, 4.400000000000000355 ) ) ;
#6314 = CARTESIAN_POINT ( 'NONE',  ( 0.2245979712142682494, 0.6099637295171203011, -4.370000000000000107 ) ) ;
#6315 = LINE ( 'NONE', #2323, #7083 ) ;
#6316 = VERTEX_POINT ( 'NONE', #1616 ) ;
#6317 = AXIS2_PLACEMENT_3D ( 'NONE', #3686, #6034, #5452 ) ;
#6318 = ORIENTED_EDGE ( 'NONE', *, *, #4282, .T. ) ;
#6319 = EDGE_CURVE ( 'NONE', #8127, #6249, #14, .T. ) ;
#6320 = ADVANCED_FACE ( 'NONE', ( #5761 ), #6404, .T. ) ;
#6321 = EDGE_CURVE ( 'NONE', #5135, #1597, #4154, .T. ) ;
#6322 = APPLICATION_CONTEXT ( 'automotive_design' ) ;
#6323 = CARTESIAN_POINT ( 'NONE',  ( -1.140027393769000197, -2.452483574887000195, -6.151510874343999902 ) ) ;
#6324 = ORIENTED_EDGE ( 'NONE', *, *, #5722, .F. ) ;
#6325 = PLANE ( 'NONE',  #4541 ) ;
#6326 = CARTESIAN_POINT ( 'NONE',  ( -3.040000000000000036, -2.040000000000000036, 2.200000000000000178 ) ) ;
#6327 = CARTESIAN_POINT ( 'NONE',  ( -2.424999999902885062, -0.3174317576937541463, -9.099999999932604666 ) ) ;
#6328 = DIRECTION ( 'NONE',  ( -1.000000000000000000, 0.000000000000000000, 0.000000000000000000 ) ) ;
#6329 = DIRECTION ( 'NONE',  ( 0.000000000000000000, 0.000000000000000000, 1.000000000000000000 ) ) ;
#6330 = ORIENTED_EDGE ( 'NONE', *, *, #3698, .F. ) ;
#6331 = EDGE_LOOP ( 'NONE', ( #944, #2250, #3573, #5044, #5734, #7447 ) ) ;
#6332 = CARTESIAN_POINT ( 'NONE',  ( -2.325000000000000178, 6.003304284507175047E-11, -7.169999999999999929 ) ) ;
#6333 = VERTEX_POINT ( 'NONE', #9018 ) ;
#6334 = CARTESIAN_POINT ( 'NONE',  ( 0.000000000000000000, 0.000000000000000000, -3.919999999999999929 ) ) ;
#6335 = EDGE_CURVE ( 'NONE', #4339, #3395, #2991, .T. ) ;
#6336 = CARTESIAN_POINT ( 'NONE',  ( 0.2710233481495915031, -0.6182000847280640921, -4.370000000000000107 ) ) ;
#6337 = DIRECTION ( 'NONE',  ( -0.000000000000000000, -0.000000000000000000, -1.000000000000000000 ) ) ;
#6338 = CARTESIAN_POINT ( 'NONE',  ( 1.301286987622230829, -2.875855762630921575, -5.782865151063583120 ) ) ;
#6339 = DIRECTION ( 'NONE',  ( -1.000000000000000000, 0.000000000000000000, 0.000000000000000000 ) ) ;
#6340 = B_SPLINE_CURVE_WITH_KNOTS ( 'NONE', 3,
 ( #2808, #5249, #4497, #5098, #8353, #7600, #3707, #6912, #6112, #2080, #9315, #10162, #6753, #1063, #5147, #7709, #9219, #8399 ),
 .UNSPECIFIED., .F., .F.,
 ( 4, 2, 2, 2, 2, 2, 2, 2, 4 ),
 ( 0.000000000000000000, 0.1250000000000000555, 0.2500000000000001110, 0.3750000000000001665, 0.5000000000000002220, 0.6250000000000002220, 0.7500000000000002220, 0.8750000000000001110, 1.000000000000000000 ),
 .UNSPECIFIED. ) ;
#6341 = AXIS2_PLACEMENT_3D ( 'NONE', #4115, #8970, #9137 ) ;
#6342 = ORIENTED_EDGE ( 'NONE', *, *, #2409, .F. ) ;
#6343 = ORIENTED_EDGE ( 'NONE', *, *, #8985, .F. ) ;
#6344 = LINE ( 'NONE', #1501, #9477 ) ;
#6345 = ORIENTED_EDGE ( 'NONE', *, *, #4792, .F. ) ;
#6346 = EDGE_CURVE ( 'NONE', #5132, #859, #2856, .T. ) ;
#6347 = EDGE_CURVE ( 'NONE', #4461, #468, #1785, .T. ) ;
#6348 = CARTESIAN_POINT ( 'NONE',  ( -1.027945133288000079, -2.644044365907999961, -6.038989195061000181 ) ) ;
#6349 = DIRECTION ( 'NONE',  ( 0.000000000000000000, 0.000000000000000000, -1.000000000000000000 ) ) ;
#6350 = CARTESIAN_POINT ( 'NONE',  ( -0.4355906659598000052, 2.801800056473000122, -7.912977940108000041 ) ) ;
#6351 = CARTESIAN_POINT ( 'NONE',  ( -0.6738623340140248441, 0.03917339399606577233, -4.220000000000000639 ) ) ;
#6352 = DIRECTION ( 'NONE',  ( 0.000000000000000000, 0.000000000000000000, -1.000000000000000000 ) ) ;
#6353 = CARTESIAN_POINT ( 'NONE',  ( 0.4859113380283485162, 2.680281407677665761, -5.036804340683747050 ) ) ;
#6354 = CARTESIAN_POINT ( 'NONE',  ( 0.8876986142304277294, -2.985500427365897380, -7.209569247875742271 ) ) ;
#6355 =( NAMED_UNIT ( * ) SI_UNIT ( $, .STERADIAN. ) SOLID_ANGLE_UNIT ( ) );
#6356 = CARTESIAN_POINT ( 'NONE',  ( -0.001870764100902000101, 3.181145251386999995, -6.261448045245000316 ) ) ;
#6357 = CARTESIAN_POINT ( 'NONE',  ( 1.942433415121999962, 2.037781020683000044, -4.516510262787000407 ) ) ;
#6358 = CARTESIAN_POINT ( 'NONE',  ( -0.3172521472106138996, -0.5673192003539585526, -4.370000000000000107 ) ) ;
#6359 = DIRECTION ( 'NONE',  ( 0.000000000000000000, 0.000000000000000000, 1.000000000000000000 ) ) ;
#6360 = CARTESIAN_POINT ( 'NONE',  ( 0.07679948071508724272, -0.6454470077100775693, -4.070000000000005613 ) ) ;
#6361 = ORIENTED_EDGE ( 'NONE', *, *, #7930, .F. ) ;
#6362 = AXIS2_PLACEMENT_3D ( 'NONE', #3563, #378, #9636 ) ;
#6363 = FACE_OUTER_BOUND ( 'NONE', #3815, .T. ) ;
#6364 = CARTESIAN_POINT ( 'NONE',  ( 0.4020945224431262122, -0.5107053896535987958, -4.370000000000000107 ) ) ;
#6365 = DIRECTION ( 'NONE',  ( -1.000000000000000000, 0.000000000000000000, 0.000000000000000000 ) ) ;
#6366 = ORIENTED_EDGE ( 'NONE', *, *, #8812, .T. ) ;
#6367 = ORIENTED_EDGE ( 'NONE', *, *, #3024, .F. ) ;
#6368 = ADVANCED_FACE ( 'NONE', ( #172 ), #271, .F. ) ;
#6369 = CARTESIAN_POINT ( 'NONE',  ( 0.000000000000000000, 0.000000000000000000, -4.219999999999999751 ) ) ;
#6370 = ORIENTED_EDGE ( 'NONE', *, *, #5592, .F. ) ;
#6371 = CARTESIAN_POINT ( 'NONE',  ( 0.6716940394054629060, 0.06672418922079689785, -3.919999999999999929 ) ) ;
#6372 = CARTESIAN_POINT ( 'NONE',  ( 0.2683443724941284581, 2.049999999999999822, -7.169999999999999041 ) ) ;
#6373 = EDGE_CURVE ( 'NONE', #9299, #9067, #5403, .T. ) ;
#6374 = EDGE_CURVE ( 'NONE', #1904, #2354, #4723, .T. ) ;
#6375 = CARTESIAN_POINT ( 'NONE',  ( 0.000000000000000000, 0.000000000000000000, -3.919999999999999929 ) ) ;
#6376 = ORIENTED_EDGE ( 'NONE', *, *, #198, .T. ) ;
#6377 = APPLICATION_CONTEXT ( 'automotive_design' ) ;
#6378 = ORIENTED_EDGE ( 'NONE', *, *, #444, .T. ) ;
#6379 = DIRECTION ( 'NONE',  ( 1.000000000000000000, 0.000000000000000000, 0.000000000000000000 ) ) ;
#6380 = EDGE_LOOP ( 'NONE', ( #7169, #8136, #6271, #3801 ) ) ;
#6381 = CARTESIAN_POINT ( 'NONE',  ( 2.507979642344975613, 0.6740008022047450087, -9.100000000046293280 ) ) ;
#6382 = FACE_OUTER_BOUND ( 'NONE', #2050, .T. ) ;
#6383 = CARTESIAN_POINT ( 'NONE',  ( -0.6454470077100784575, 0.07679948071508034546, -4.070000000000006501 ) ) ;
#6384 = DIRECTION ( 'NONE',  ( 0.5446390350150214221, 0.8386705679454277140, 0.000000000000000000 ) ) ;
#6385 = CARTESIAN_POINT ( 'NONE',  ( 0.8459368885902069923, 2.603422636755264641, -6.564574389970823098 ) ) ;
#6386 = VERTEX_POINT ( 'NONE', #7343 ) ;
#6387 = EDGE_CURVE ( 'NONE', #6386, #2626, #3250, .T. ) ;
#6388 = ORIENTED_EDGE ( 'NONE', *, *, #2893, .T. ) ;
#6389 = CARTESIAN_POINT ( 'NONE',  ( 0.5673192003539595518, -0.3172521472106119567, -4.370000000000000107 ) ) ;
#6390 = ORIENTED_EDGE ( 'NONE', *, *, #2627, .F. ) ;
#6391 = CARTESIAN_POINT ( 'NONE',  ( -1.791262096126228665, -1.032418909760343784, -7.170000000000000817 ) ) ;
#6392 = CARTESIAN_POINT ( 'NONE',  ( -0.2289326769182999932, -2.934213469772999794, -5.300080210827999849 ) ) ;
#6393 = CARTESIAN_POINT ( 'NONE',  ( 3.249999999979991117, 0.000000000000000000, -3.100000000017644197 ) ) ;
#6394 = CARTESIAN_POINT ( 'NONE',  ( 2.634966891214999940, -1.047269246673999898, -7.443315965034999593 ) ) ;
#6395 = FACE_OUTER_BOUND ( 'NONE', #9157, .T. ) ;
#6396 = CARTESIAN_POINT ( 'NONE',  ( 2.262059471600000204, 2.373096458806999820, -4.751996323440000225 ) ) ;
#6397 = VERTEX_POINT ( 'NONE', #7979 ) ;
#6398 = ADVANCED_FACE ( 'NONE', ( #3195 ), #6448, .T. ) ;
#6399 = EDGE_CURVE ( 'NONE', #9034, #9892, #5530, .T. ) ;
#6400 = CARTESIAN_POINT ( 'NONE',  ( -0.7917193336072202436, 2.606361323364749349, -4.983513899314969464 ) ) ;
#6401 = B_SPLINE_CURVE_WITH_KNOTS ( 'NONE', 3,
 ( #5954, #5246, #2077, #6108, #9160, #5144, #7497, #3450, #204, #4293, #8447, #3545, #6001, #1924, #8396, #9367, #10001, #4447, #5300, #2707, #1273, #6694, #9948, #2755, #6808, #5901, #2655, #10055, #1060, #1874, #5095, #7544, #10159, #7651, #8349 ),
 .UNSPECIFIED., .F., .F.,
 ( 4, 1, 1, 1, 1, 1, 1, 1, 1, 1, 1, 1, 1, 1, 1, 1, 1, 1, 1, 1, 1, 1, 1, 1, 1, 1, 1, 1, 1, 1, 1, 1, 4 ),
 ( 0.000000000000000000, 0.0006548114478388102414, 0.002356451820289514557, 0.004058092192740218873, 0.005759732565189351963, 0.007461372937645815995, 0.009163013310097042896, 0.01086465368254827153, 0.01256629405499950017, 0.01426793442744549167, 0.01596957479989672204, 0.01767121517234794895, 0.01937285554479917932, 0.02107449591725040275, 0.02277613628970162965, 0.02447777666215286002, 0.02617941703460408692, 0.02788105740705532076, 0.02958269777950130880, 0.03128433815195253570, 0.03298597852440899453, 0.03468761889686023531, 0.03638925926931145527, 0.03809089964176268911, 0.03979254001421390907, 0.04149418038666514291, 0.04319582075911636981, 0.04489746113156236479, 0.04659910150401358475, 0.04830074187646481859, 0.05000238224891604549, 0.05170402262136727933, 0.05235882277562005360 ),
 .UNSPECIFIED. ) ;
#6402 = CARTESIAN_POINT ( 'NONE',  ( 0.8474294918998320769, -2.997230218724572293, -7.211101842650164961 ) ) ;
#6403 = AXIS2_PLACEMENT_3D ( 'NONE', #4434, #3635, #4379 ) ;
#6404 = CYLINDRICAL_SURFACE ( 'NONE', #664, 0.6500000000000000222 ) ;
#6405 = VECTOR ( 'NONE', #6955, 999.9999999999998863 ) ;
#6406 = DIRECTION ( 'NONE',  ( -0.5877852522924713607, -0.8090169943749486725, 0.000000000000000000 ) ) ;
#6407 = FACE_BOUND ( 'NONE', #895, .T. ) ;
#6408 = DIRECTION ( 'NONE',  ( -0.000000000000000000, -0.000000000000000000, -1.000000000000000000 ) ) ;
#6409 = CARTESIAN_POINT ( 'NONE',  ( -1.108970980405658668, 2.046589589804729492, -7.169999999999999929 ) ) ;
#6410 = ORIENTED_EDGE ( 'NONE', *, *, #5961, .F. ) ;
#6411 = VECTOR ( 'NONE', #462, 1000.000000000000000 ) ;
#6412 = AXIS2_PLACEMENT_3D ( 'NONE', #637, #3090, #6339 ) ;
#6413 = CARTESIAN_POINT ( 'NONE',  ( 0.4770359960578598457, 0.4415163173259685769, -4.370000000000000107 ) ) ;
#6414 = ADVANCED_FACE ( 'NONE', ( #6546 ), #1883, .T. ) ;
#6415 = DIRECTION ( 'NONE',  ( -0.000000000000000000, -0.000000000000000000, -1.000000000000000000 ) ) ;
#6416 = CARTESIAN_POINT ( 'NONE',  ( -0.6716940394054633501, -0.06672418922079191572, -4.370000000000000107 ) ) ;
#6417 = ORIENTED_EDGE ( 'NONE', *, *, #6335, .F. ) ;
#6418 = VECTOR ( 'NONE', #1849, 1000.000000000000000 ) ;
#6419 = ORIENTED_EDGE ( 'NONE', *, *, #5619, .F. ) ;
#6420 = VECTOR ( 'NONE', #10057, 1000.000000000000000 ) ;
#6421 = CARTESIAN_POINT ( 'NONE',  ( 0.000000000000000000, 0.000000000000000000, 0.000000000000000000 ) ) ;
#6422 = B_SPLINE_CURVE_WITH_KNOTS ( 'NONE', 3,
 ( #480, #584, #10285, #3817, #9377, #5309, #3714, #6982, #10233, #2922, #6171, #9427, #8621, #1337, #2976, #2190, #5419, #2286, #2339, #8776, #5577, #785, #2636, #9139, #6535, #8128, #4820, #842, #8925, #1646, #4017, #5883, #3970, #1855, #7227, #8066, #7277, #6332 ),
 .UNSPECIFIED., .F., .F.,
 ( 4, 1, 1, 1, 2, 2, 2, 1, 1, 1, 2, 2, 2, 1, 1, 1, 2, 2, 2, 1, 1, 1, 2, 2, 4 ),
 ( 0.000000000000000000, 0.06249999999999950040, 0.09374999999999925060, 0.1093749999999991257, 0.1171874999999990424, 0.1249999999999989453, 0.2499999999999981126, 0.3124999999999977796, 0.3437499999999976130, 0.3593749999999975020, 0.3671874999999973910, 0.3749999999999972800, 0.4999999999999968914, 0.5624999999999965583, 0.5937499999999964473, 0.6093749999999964473, 0.6171874999999964473, 0.6249999999999963363, 0.7499999999999975575, 0.8124999999999981126, 0.8437499999999984457, 0.8593749999999986677, 0.8671874999999987788, 0.8749999999999987788, 1.000000000000000000 ),
 .UNSPECIFIED. ) ;
#6423 = ORIENTED_EDGE ( 'NONE', *, *, #9919, .F. ) ;
#6424 = CARTESIAN_POINT ( 'NONE',  ( 2.739295457073000151, -0.7996275288409000481, -7.353070839979999995 ) ) ;
#6425 = CARTESIAN_POINT ( 'NONE',  ( 1.165894131280138302, -2.775950834883709639, -7.963310423780713521 ) ) ;
#6426 = CARTESIAN_POINT ( 'NONE',  ( -0.2715115008446725708, 0.6088855764286563721, -4.169991741848314781 ) ) ;
#6427 = AXIS2_PLACEMENT_3D ( 'NONE', #2387, #8123, #5571 ) ;
#6428 = LINE ( 'NONE', #7965, #3695 ) ;
#6429 = AXIS2_PLACEMENT_3D ( 'NONE', #7513, #5110, #6924 ) ;
#6430 = ADVANCED_FACE ( 'NONE', ( #2559 ), #160, .F. ) ;
#6431 = CARTESIAN_POINT ( 'NONE',  ( 0.1382365438067693353, 0.6521892349848646964, -4.169991741848314781 ) ) ;
#6432 = VERTEX_POINT ( 'NONE', #1174 ) ;
#6433 = VERTEX_POINT ( 'NONE', #1772 ) ;
#6434 = DIRECTION ( 'NONE',  ( -1.000000000000000000, 0.000000000000000000, 0.000000000000000000 ) ) ;
#6435 = ORIENTED_EDGE ( 'NONE', *, *, #8049, .F. ) ;
#6436 = CYLINDRICAL_SURFACE ( 'NONE', #6954, 0.6750000000000000444 ) ;
#6437 = AXIS2_PLACEMENT_3D ( 'NONE', #52, #2504, #5752 ) ;
#6438 = DIRECTION ( 'NONE',  ( -1.000000000000000000, 0.000000000000000000, 0.000000000000000000 ) ) ;
#6439 = CARTESIAN_POINT ( 'NONE',  ( -0.4770359960578659519, 0.4415163173259620266, -4.070000000000005613 ) ) ;
#6440 = CARTESIAN_POINT ( 'NONE',  ( 2.529912361377320451, 1.883822555522124409, -4.875889866021435815 ) ) ;
#6441 = CARTESIAN_POINT ( 'NONE',  ( 0.4077539376267690363, -3.114999801346844510, -5.700506070951625759 ) ) ;
#6442 = ORIENTED_EDGE ( 'NONE', *, *, #8713, .F. ) ;
#6443 = CARTESIAN_POINT ( 'NONE',  ( -1.037523131846830315, -2.481329283453775236, -6.120248823232184776 ) ) ;
#6444 = EDGE_CURVE ( 'NONE', #5621, #4166, #8967, .T. ) ;
#6445 = ORIENTED_EDGE ( 'NONE', *, *, #9963, .F. ) ;
#6446 = VECTOR ( 'NONE', #5939, 1000.000000000000000 ) ;
#6447 = ORIENTED_EDGE ( 'NONE', *, *, #6977, .F. ) ;
#6448 = CYLINDRICAL_SURFACE ( 'NONE', #6281, 0.6500000000000000222 ) ;
#6449 = CARTESIAN_POINT ( 'NONE',  ( -3.115032014061654309, -4.909827123743174226E-07, -5.301059163429552079 ) ) ;
#6450 = ORIENTED_EDGE ( 'NONE', *, *, #3494, .F. ) ;
#6451 = DIRECTION ( 'NONE',  ( -0.7071067811865462405, -0.7071067811865487940, 0.000000000000000000 ) ) ;
#6452 = CARTESIAN_POINT ( 'NONE',  ( 0.8779160374058999627, -2.975954550668999943, -5.876614065378000795 ) ) ;
#6453 = CARTESIAN_POINT ( 'NONE',  ( -2.674999999999999822, 1.104372612644426737E-13, -3.299999999999999822 ) ) ;
#6454 = CARTESIAN_POINT ( 'NONE',  ( -0.3251505474397166640, -0.5724484814368508978, -4.119991299149685204 ) ) ;
#6455 = EDGE_CURVE ( 'NONE', #9055, #7323, #6555, .T. ) ;
#6456 = EDGE_CURVE ( 'NONE', #6097, #1644, #5963, .T. ) ;
#6457 = CARTESIAN_POINT ( 'NONE',  ( -0.5107920935984000543, 3.285509604648999993, -8.179300647064000174 ) ) ;
#6458 = CARTESIAN_POINT ( 'NONE',  ( 0.3370667117811789182, -2.574999999922056304, -9.100000000046295057 ) ) ;
#6459 = ORIENTED_EDGE ( 'NONE', *, *, #5665, .T. ) ;
#6460 = CARTESIAN_POINT ( 'NONE',  ( 0.5995290936948494132, 0.2720018533266574945, -4.119991299149684316 ) ) ;
#6461 = CARTESIAN_POINT ( 'NONE',  ( -0.2009840894864288741, -3.114924133562966713, -7.249742786578208253 ) ) ;
#6462 = VECTOR ( 'NONE', #5728, 1000.000000000000000 ) ;
#6463 = CARTESIAN_POINT ( 'NONE',  ( -1.139908302085000047, -2.433034915742000148, -6.134896430280999624 ) ) ;
#6464 = DIRECTION ( 'NONE',  ( -1.000000000000000000, 0.000000000000000000, 0.000000000000000000 ) ) ;
#6465 = DIRECTION ( 'NONE',  ( -0.000000000000000000, -0.000000000000000000, -1.000000000000000000 ) ) ;
#6466 = FACE_OUTER_BOUND ( 'NONE', #8660, .T. ) ;
#6467 = DIRECTION ( 'NONE',  ( -0.7771459614569672381, -0.6293203910498419429, 0.000000000000000000 ) ) ;
#6468 = ORIENTED_EDGE ( 'NONE', *, *, #1392, .T. ) ;
#6469 = EDGE_CURVE ( 'NONE', #6249, #8184, #2035, .T. ) ;
#6470 = CIRCLE ( 'NONE', #7992, 0.6500000000000000222 ) ;
#6471 = DIRECTION ( 'NONE',  ( -0.000000000000000000, -0.000000000000000000, -1.000000000000000000 ) ) ;
#6472 = DIRECTION ( 'NONE',  ( -1.000000000000000000, 0.000000000000000000, 0.000000000000000000 ) ) ;
#6473 = CARTESIAN_POINT ( 'NONE',  ( -0.4254240051736183914, -3.250000000000000888, -1.300000000000000044 ) ) ;
#6474 = ORIENTED_EDGE ( 'NONE', *, *, #5358, .F. ) ;
#6475 = AXIS2_PLACEMENT_3D ( 'NONE', #16, #3266, #7308 ) ;
#6476 = ORIENTED_EDGE ( 'NONE', *, *, #10020, .T. ) ;
#6477 = EDGE_CURVE ( 'NONE', #8423, #10299, #5852, .T. ) ;
#6478 = ADVANCED_FACE ( 'NONE', ( #9224 ), #9861, .T. ) ;
#6479 = DIRECTION ( 'NONE',  ( 1.000000000000000000, 0.000000000000000000, 0.000000000000000000 ) ) ;
#6480 = ORIENTED_EDGE ( 'NONE', *, *, #7069, .F. ) ;
#6481 = CARTESIAN_POINT ( 'NONE',  ( -2.082640548710999795, 2.617446178109000154, -7.509423128505000378 ) ) ;
#6482 = CYLINDRICAL_SURFACE ( 'NONE', #6296, 0.6750000000000000444 ) ;
#6483 = PRESENTATION_STYLE_ASSIGNMENT (( #8719 ) ) ;
#6484 = CARTESIAN_POINT ( 'NONE',  ( 2.040000000000000036, 2.040000000000000036, 0.000000000000000000 ) ) ;
#6485 = DIRECTION ( 'NONE',  ( 0.000000000000000000, 1.000000000000000000, -0.000000000000000000 ) ) ;
#6486 = EDGE_LOOP ( 'NONE', ( #3789, #5735, #10115, #1571, #1660, #3536, #4755 ) ) ;
#6487 = LINE ( 'NONE', #630, #9340 ) ;
#6488 = ORIENTED_EDGE ( 'NONE', *, *, #2916, .T. ) ;
#6489 = DIRECTION ( 'NONE',  ( -0.9135454576426066398, 0.4067366430757873852, 0.000000000000000000 ) ) ;
#6490 = DIRECTION ( 'NONE',  ( 0.8386705679454207196, 0.5446390350150321913, -0.000000000000000000 ) ) ;
#6491 = CARTESIAN_POINT ( 'NONE',  ( -0.6594379015382929587, -0.1441063982437040814, -3.919999999999999929 ) ) ;
#6492 = FACE_OUTER_BOUND ( 'NONE', #1270, .T. ) ;
#6493 = FACE_OUTER_BOUND ( 'NONE', #4831, .T. ) ;
#6494 = ORIENTED_EDGE ( 'NONE', *, *, #9330, .T. ) ;
#6495 = LINE ( 'NONE', #4188, #6757 ) ;
#6496 = CARTESIAN_POINT ( 'NONE',  ( 0.000000000000000000, 0.000000000000000000, -3.919999999999999929 ) ) ;
#6497 = VERTEX_POINT ( 'NONE', #7553 ) ;
#6498 = CARTESIAN_POINT ( 'NONE',  ( -2.674999999999999822, 1.104372612644426737E-13, -3.299999999999999822 ) ) ;
#6499 = ORIENTED_EDGE ( 'NONE', *, *, #3475, .T. ) ;
#6500 = CARTESIAN_POINT ( 'NONE',  ( -3.040000000000000036, 2.540000000000000036, 4.400000000000000355 ) ) ;
#6501 = CARTESIAN_POINT ( 'NONE',  ( -2.783284436116000293, -0.03706883632966000153, -5.554818948089000230 ) ) ;
#6502 = FACE_OUTER_BOUND ( 'NONE', #1563, .T. ) ;
#6503 = EDGE_CURVE ( 'NONE', #2174, #3515, #213, .T. ) ;
#6504 = CARTESIAN_POINT ( 'NONE',  ( -0.6738623340140248441, 0.03917339399606577233, -4.220000000000000639 ) ) ;
#6505 = VECTOR ( 'NONE', #10088, 1000.000000000000000 ) ;
#6506 = CARTESIAN_POINT ( 'NONE',  ( 0.4500000000000000111, 5.510910596163088939E-17, 0.000000000000000000 ) ) ;
#6507 = ORIENTED_EDGE ( 'NONE', *, *, #4677, .T. ) ;
#6508 = DIRECTION ( 'NONE',  ( 1.000000000000000000, 0.000000000000000000, 0.000000000000000000 ) ) ;
#6509 = EDGE_CURVE ( 'NONE', #5060, #2861, #7506, .T. ) ;
#6510 = CARTESIAN_POINT ( 'NONE',  ( -2.941193605590023186, -1.025958278817830749, -7.381380211512952982 ) ) ;
#6511 = EDGE_CURVE ( 'NONE', #3670, #7134, #1003, .T. ) ;
#6512 = CARTESIAN_POINT ( 'NONE',  ( -0.7434592814299999519, -2.566649031922000113, -6.117331334942999632 ) ) ;
#6513 = CARTESIAN_POINT ( 'NONE',  ( -0.6346983601050820711, 0.1748660461027912172, -4.119991299149685204 ) ) ;
#6514 = CARTESIAN_POINT ( 'NONE',  ( 0.4487928534308034401, -0.5041923985042194856, -3.919999999999999929 ) ) ;
#6515 = CARTESIAN_POINT ( 'NONE',  ( 0.000000000000000000, 0.000000000000000000, -4.070000000000005613 ) ) ;
#6516 = EDGE_LOOP ( 'NONE', ( #1497, #2566, #754, #6280 ) ) ;
#6517 = CARTESIAN_POINT ( 'NONE',  ( 0.4077529495853998709, -3.114999942439109937, -7.112453960049418100 ) ) ;
#6518 = CARTESIAN_POINT ( 'NONE',  ( 2.424999999953075580, 2.055269133127676531E-16, -9.099999999982301802 ) ) ;
#6519 = CARTESIAN_POINT ( 'NONE',  ( 2.880819606701777946, -1.184579224698492084, -7.815688413176751226 ) ) ;
#6520 = VERTEX_POINT ( 'NONE', #3555 ) ;
#6521 = DIRECTION ( 'NONE',  ( -0.000000000000000000, -0.000000000000000000, -1.000000000000000000 ) ) ;
#6522 = EDGE_CURVE ( 'NONE', #29, #1488, #8142, .T. ) ;
#6523 = EDGE_LOOP ( 'NONE', ( #9283, #232, #4807, #1024 ) ) ;
#6524 = ORIENTED_EDGE ( 'NONE', *, *, #8415, .T. ) ;
#6525 = DIRECTION ( 'NONE',  ( -1.000000000000000000, 0.000000000000000000, 0.000000000000000000 ) ) ;
#6526 = ORIENTED_EDGE ( 'NONE', *, *, #1803, .F. ) ;
#6527 = CARTESIAN_POINT ( 'NONE',  ( 0.6406190912055422793, -2.893211749036404434, -8.011333914590951011 ) ) ;
#6528 = CARTESIAN_POINT ( 'NONE',  ( 0.07006679138115222416, 0.6629862630698571957, -4.169991741848313893 ) ) ;
#6529 = CYLINDRICAL_SURFACE ( 'NONE', #6601, 0.6500000000000000222 ) ;
#6530 = EDGE_CURVE ( 'NONE', #4626, #5149, #9858, .T. ) ;
#6531 = EDGE_CURVE ( 'NONE', #9835, #3724, #6009, .T. ) ;
#6532 = CARTESIAN_POINT ( 'NONE',  ( -1.238159443884000011, -2.390240231911000102, -6.249656472895000370 ) ) ;
#6533 = CARTESIAN_POINT ( 'NONE',  ( 0.000000000000000000, 0.000000000000000000, -9.020088802850999343 ) ) ;
#6534 = ORIENTED_EDGE ( 'NONE', *, *, #559, .F. ) ;
#6535 = CARTESIAN_POINT ( 'NONE',  ( -0.8214601021499448041, -2.175140584961718915, -7.170000000000000817 ) ) ;
#6536 = ORIENTED_EDGE ( 'NONE', *, *, #1127, .T. ) ;
#6537 = DIRECTION ( 'NONE',  ( -0.5446390350150321913, 0.8386705679454207196, 0.000000000000000000 ) ) ;
#6538 = CARTESIAN_POINT ( 'NONE',  ( 0.000000000000000000, 0.000000000000000000, -4.219999999999999751 ) ) ;
#6539 = CARTESIAN_POINT ( 'NONE',  ( -0.1768241090289923989, 0.6254863983062325383, -4.070000000000005613 ) ) ;
#6540 = CARTESIAN_POINT ( 'NONE',  ( -2.159756683692999779, -1.602149664264999940, -8.419101480104000501 ) ) ;
#6541 = CARTESIAN_POINT ( 'NONE',  ( -0.8153429289974255534, -3.033925335959161806, -5.744630778360250822 ) ) ;
#6542 = ORIENTED_EDGE ( 'NONE', *, *, #4543, .T. ) ;
#6543 = FACE_OUTER_BOUND ( 'NONE', #9290, .T. ) ;
#6544 = CIRCLE ( 'NONE', #9448, 0.6750000000000000444 ) ;
#6545 = ORIENTED_EDGE ( 'NONE', *, *, #4499, .F. ) ;
#6546 = FACE_OUTER_BOUND ( 'NONE', #4335, .T. ) ;
#6547 = AXIS2_PLACEMENT_3D ( 'NONE', #4058, #7904, #6365 ) ;
#6548 = CARTESIAN_POINT ( 'NONE',  ( 0.1264134477687134384, -0.6375889273060085793, -3.919999999999999929 ) ) ;
#6549 = ORIENTED_EDGE ( 'NONE', *, *, #4288, .F. ) ;
#6550 = CARTESIAN_POINT ( 'NONE',  ( -0.2683443724941284581, -2.049999999999999822, -7.169999999999999929 ) ) ;
#6551 = CARTESIAN_POINT ( 'NONE',  ( 1.605378157000000305, -2.655128019444000120, -4.435741572903999952 ) ) ;
#6552 = CARTESIAN_POINT ( 'NONE',  ( 0.000000000000000000, 0.000000000000000000, -4.070000000000005613 ) ) ;
#6553 = CYLINDRICAL_SURFACE ( 'NONE', #993, 3.115000000000000213 ) ;
#6554 = CARTESIAN_POINT ( 'NONE',  ( 2.823163402905000119, -0.2637644619717999794, -6.705275718490000258 ) ) ;
#6555 = B_SPLINE_CURVE_WITH_KNOTS ( 'NONE', 3,
 ( #9168, #6658, #259, #10010, #5104, #4300, #2713, #1981, #6607, #4996 ),
 .UNSPECIFIED., .F., .F.,
 ( 4, 2, 2, 2, 4 ),
 ( 0.000000000000000000, 0.2500000000000000555, 0.5000000000000001110, 0.7500000000000000000, 1.000000000000000000 ),
 .UNSPECIFIED. ) ;
#6556 = CIRCLE ( 'NONE', #6547, 0.6750000000000000444 ) ;
#6557 = ORIENTED_EDGE ( 'NONE', *, *, #3885, .T. ) ;
#6558 = CARTESIAN_POINT ( 'NONE',  ( 0.5402312602579569800, 0.3614556479571172654, -3.919999999999999929 ) ) ;
#6559 = ADVANCED_FACE ( 'NONE', ( #4404 ), #7658, .T. ) ;
#6560 = CARTESIAN_POINT ( 'NONE',  ( -3.071127610898334304, -0.5196070308903281143, -7.399860004559480231 ) ) ;
#6561 = CARTESIAN_POINT ( 'NONE',  ( 0.5826313872945242389, 0.3408308473997891941, -4.219999999999999751 ) ) ;
#6562 = CARTESIAN_POINT ( 'NONE',  ( 9.337931843416981159E-17, 3.049999999986676258, -3.300000000012142110 ) ) ;
#6563 = DIRECTION ( 'NONE',  ( 0.000000000000000000, 0.000000000000000000, 1.000000000000000000 ) ) ;
#6564 = DIRECTION ( 'NONE',  ( 0.4067366430757873852, 0.9135454576426066398, 0.000000000000000000 ) ) ;
#6565 = CARTESIAN_POINT ( 'NONE',  ( 0.000000000000000000, 0.000000000000000000, -3.919999999999999929 ) ) ;
#6566 = CARTESIAN_POINT ( 'NONE',  ( 0.5495974312748653778, 0.3624400721992170893, -4.119991299149685204 ) ) ;
#6567 = ORIENTED_EDGE ( 'NONE', *, *, #9345, .T. ) ;
#6568 = DIRECTION ( 'NONE',  ( 0.9945218953682738450, -0.1045284632676494463, 0.000000000000000000 ) ) ;
#6569 = ADVANCED_FACE ( 'NONE', ( #4503 ), #10337, .F. ) ;
#6570 = B_SPLINE_CURVE_WITH_KNOTS ( 'NONE', 3,
 ( #5068, #1897, #9817, #4906 ),
 .UNSPECIFIED., .F., .F.,
 ( 4, 4 ),
 ( 1.247385019370179112E-06, 0.0001538593706907430262 ),
 .UNSPECIFIED. ) ;
#6571 = CARTESIAN_POINT ( 'NONE',  ( 0.3614556479571035541, 0.5402312602579660838, -4.370000000000000107 ) ) ;
#6572 = DIRECTION ( 'NONE',  ( 0.000000000000000000, 0.000000000000000000, -1.000000000000000000 ) ) ;
#6573 = AXIS2_PLACEMENT_3D ( 'NONE', #3124, #3233, #4710 ) ;
#6574 = CARTESIAN_POINT ( 'NONE',  ( -0.6375889273060100226, 0.1264134477687066382, -3.919999999999999929 ) ) ;
#6575 = FACE_OUTER_BOUND ( 'NONE', #2398, .T. ) ;
#6576 = FACE_OUTER_BOUND ( 'NONE', #994, .T. ) ;
#6577 = ORIENTED_EDGE ( 'NONE', *, *, #4656, .T. ) ;
#6578 = CARTESIAN_POINT ( 'NONE',  ( 0.5129445400849959036, 2.679000167585144254, -5.844353406300728082 ) ) ;
#6579 = VECTOR ( 'NONE', #5504, 1000.000000000000000 ) ;
#6580 = CARTESIAN_POINT ( 'NONE',  ( 3.352359877559829116, 3.500000000000000000, 0.5000000000000000000 ) ) ;
#6581 = ORIENTED_EDGE ( 'NONE', *, *, #8153, .T. ) ;
#6582 = EDGE_CURVE ( 'NONE', #3918, #6282, #7825, .T. ) ;
#6583 = CARTESIAN_POINT ( 'NONE',  ( 2.209415717277479985, -2.195774178512887698, -7.859886189711611237 ) ) ;
#6584 = DIRECTION ( 'NONE',  ( 0.000000000000000000, 0.000000000000000000, -1.000000000000000000 ) ) ;
#6585 = CARTESIAN_POINT ( 'NONE',  ( 0.6716940394054642383, -0.06672418922078229842, -4.219999999999999751 ) ) ;
#6586 = ORIENTED_EDGE ( 'NONE', *, *, #3910, .T. ) ;
#6587 = AXIS2_PLACEMENT_3D ( 'NONE', #6558, #9811, #6617 ) ;
#6588 = AXIS2_PLACEMENT_3D ( 'NONE', #5743, #8996, #5689 ) ;
#6589 = DIRECTION ( 'NONE',  ( -1.000000000000000000, 0.000000000000000000, 0.000000000000000000 ) ) ;
#6590 = CARTESIAN_POINT ( 'NONE',  ( -3.299999999999999822, 3.500000000000000000, -1.300000000000000266 ) ) ;
#6591 = ORIENTED_EDGE ( 'NONE', *, *, #5985, .T. ) ;
#6592 = ORIENTED_EDGE ( 'NONE', *, *, #9691, .T. ) ;
#6593 = CARTESIAN_POINT ( 'NONE',  ( 0.5041923985042271461, -0.4487928534307946138, -4.219999999999999751 ) ) ;
#6594 = CARTESIAN_POINT ( 'NONE',  ( 0.000000000000000000, 0.000000000000000000, -4.070000000000005613 ) ) ;
#6595 = CARTESIAN_POINT ( 'NONE',  ( 2.361883740826038913, -0.6347386195458295521, -9.099999999932606443 ) ) ;
#6596 = CARTESIAN_POINT ( 'NONE',  ( -2.093915658759000209, -1.690752291766000059, -8.367641850683000371 ) ) ;
#6597 = DIRECTION ( 'NONE',  ( 0.000000000000000000, 0.000000000000000000, 1.000000000000000000 ) ) ;
#6598 = ORIENTED_EDGE ( 'NONE', *, *, #535, .T. ) ;
#6599 = ADVANCED_FACE ( 'NONE', ( #6868 ), #5362, .T. ) ;
#6600 = DIRECTION ( 'NONE',  ( -0.000000000000000000, -0.000000000000000000, -1.000000000000000000 ) ) ;
#6601 = AXIS2_PLACEMENT_3D ( 'NONE', #9092, #9782, #3483 ) ;
#6602 = LINE ( 'NONE', #8936, #855 ) ;
#6603 = VECTOR ( 'NONE', #2807, 1000.000000000000000 ) ;
#6604 = DIRECTION ( 'NONE',  ( 0.7771459614569730112, -0.6293203910498348375, -0.000000000000000000 ) ) ;
#6605 = ORIENTED_EDGE ( 'NONE', *, *, #5402, .T. ) ;
#6606 = VECTOR ( 'NONE', #375, 1000.000000000000000 ) ;
#6607 = CARTESIAN_POINT ( 'NONE',  ( 0.4481292284095455547, 2.708910644307843896, -4.449279724629156441 ) ) ;
#6608 = CARTESIAN_POINT ( 'NONE',  ( -3.039999999999999591, 2.040000000000000036, 0.5000000000000000000 ) ) ;
#6609 = EDGE_LOOP ( 'NONE', ( #6127, #6071, #9000, #5361, #5190, #6370, #5018 ) ) ;
#6610 = DIRECTION ( 'NONE',  ( 0.000000000000000000, 0.000000000000000000, 1.000000000000000000 ) ) ;
#6611 = CARTESIAN_POINT ( 'NONE',  ( 2.743854151558000165, -0.4683062516877999903, -5.222309911364000357 ) ) ;
#6612 = CARTESIAN_POINT ( 'NONE',  ( -3.500000000000000000, -3.299999999999999822, -1.300000000000000266 ) ) ;
#6613 = CARTESIAN_POINT ( 'NONE',  ( -2.490964835724654769, 1.914309668789389907, -6.671298008804948054 ) ) ;
#6614 = EDGE_CURVE ( 'NONE', #6966, #9299, #3622, .T. ) ;
#6615 = CARTESIAN_POINT ( 'NONE',  ( -0.8750354765897000453, -2.697060679169999808, -6.906559422093001110 ) ) ;
#6616 = ORIENTED_EDGE ( 'NONE', *, *, #1917, .F. ) ;
#6617 = DIRECTION ( 'NONE',  ( 0.9945218953682719576, 0.1045284632676657527, 0.000000000000000000 ) ) ;
#6618 = CARTESIAN_POINT ( 'NONE',  ( -2.450228443025352920, -1.922975620055171753, -7.343719636352208369 ) ) ;
#6619 = DIRECTION ( 'NONE',  ( 1.540743955509788682E-32, -1.000000000000000000, 1.604750393810856943E-16 ) ) ;
#6620 = CARTESIAN_POINT ( 'NONE',  ( -2.719457513558000361, -0.8648877374164000154, -6.227557754095999876 ) ) ;
#6621 = LINE ( 'NONE', #7411, #1135 ) ;
#6622 = DIRECTION ( 'NONE',  ( -0.4067366430758054818, 0.9135454576425985351, 0.000000000000000000 ) ) ;
#6623 = CARTESIAN_POINT ( 'NONE',  ( -0.1768241090289923989, 0.6254863983062325383, -4.370000000000000107 ) ) ;
#6624 = AXIS2_PLACEMENT_3D ( 'NONE', #5222, #1194, #8643 ) ;
#6625 = DIRECTION ( 'NONE',  ( 0.000000000000000000, -1.000000000000000000, -0.000000000000000000 ) ) ;
#6626 = CARTESIAN_POINT ( 'NONE',  ( 0.8214601021499448041, 2.175140584961718915, -7.170000000000000817 ) ) ;
#6627 = VERTEX_POINT ( 'NONE', #7917 ) ;
#6628 = DIRECTION ( 'NONE',  ( -0.000000000000000000, -0.000000000000000000, -1.000000000000000000 ) ) ;
#6629 = AXIS2_PLACEMENT_3D ( 'NONE', #3520, #6783, #2581 ) ;
#6630 = CARTESIAN_POINT ( 'NONE',  ( -3.250000000000000444, 2.388061258337339136E-16, -1.300000000000000266 ) ) ;
#6631 = DIRECTION ( 'NONE',  ( 0.000000000000000000, 0.000000000000000000, -1.000000000000000000 ) ) ;
#6632 = VERTEX_POINT ( 'NONE', #538 ) ;
#6633 = CARTESIAN_POINT ( 'NONE',  ( 0.6495145696682953496, 0.02511620569690256599, -3.919999999999999929 ) ) ;
#6634 = CARTESIAN_POINT ( 'NONE',  ( -0.2724947409330313874, -0.5901242379057481946, -3.919999999999999929 ) ) ;
#6635 = CARTESIAN_POINT ( 'NONE',  ( -1.561700375928921414, 2.703008192265954346, -6.830474867422229757 ) ) ;
#6636 = CARTESIAN_POINT ( 'NONE',  ( -2.498642274455999956, -1.888780498341000147, -8.041718344439999555 ) ) ;
#6637 = AXIS2_PLACEMENT_3D ( 'NONE', #9278, #1986, #5370 ) ;
#6638 = EDGE_CURVE ( 'NONE', #1774, #1712, #1231, .T. ) ;
#6639 = VERTEX_POINT ( 'NONE', #4454 ) ;
#6640 = CARTESIAN_POINT ( 'NONE',  ( 1.196213776462446532, -2.766045793802744068, -7.960558366765381422 ) ) ;
#6641 = CARTESIAN_POINT ( 'NONE',  ( -0.4487928534307964457, -0.5041923985042258138, -3.919999999999999929 ) ) ;
#6642 = CARTESIAN_POINT ( 'NONE',  ( 0.000000000000000000, 0.000000000000000000, -3.919999999999999929 ) ) ;
#6643 = CIRCLE ( 'NONE', #2227, 0.6500000000000000222 ) ;
#6644 = CARTESIAN_POINT ( 'NONE',  ( -0.8804744069440001430, 2.673993820349000128, -5.760482389229999889 ) ) ;
#6645 = ADVANCED_FACE ( 'NONE', ( #8567 ), #2086, .T. ) ;
#6646 = ADVANCED_FACE ( 'NONE', ( #6918 ), #6062, .T. ) ;
#6647 = ORIENTED_EDGE ( 'NONE', *, *, #7932, .F. ) ;
#6648 = VERTEX_POINT ( 'NONE', #2871 ) ;
#6649 = CARTESIAN_POINT ( 'NONE',  ( 3.039999999999999591, -3.039999999999999591, 4.400000000000000355 ) ) ;
#6650 = CARTESIAN_POINT ( 'NONE',  ( 0.09959317480592999594, -2.870001176559000111, -7.557563317023999971 ) ) ;
#6651 = AXIS2_PLACEMENT_3D ( 'NONE', #7158, #6359, #8855 ) ;
#6652 = PLANE ( 'NONE',  #7774 ) ;
#6653 = CARTESIAN_POINT ( 'NONE',  ( 2.049999999999999822, 0.000000000000000000, -7.263399999999999856 ) ) ;
#6654 = AXIS2_PLACEMENT_3D ( 'NONE', #5685, #7335, #43 ) ;
#6655 = EDGE_CURVE ( 'NONE', #2297, #6284, #6422, .T. ) ;
#6656 = CIRCLE ( 'NONE', #541, 0.6500000000000000222 ) ;
#6657 = EDGE_CURVE ( 'NONE', #10511, #8140, #4713, .T. ) ;
#6658 = CARTESIAN_POINT ( 'NONE',  ( 3.063310232181490012, 0.3956733167830382980, -4.788869073427183487 ) ) ;
#6659 = ORIENTED_EDGE ( 'NONE', *, *, #2409, .T. ) ;
#6660 = DIRECTION ( 'NONE',  ( -0.000000000000000000, -0.000000000000000000, 1.000000000000000000 ) ) ;
#6661 = CARTESIAN_POINT ( 'NONE',  ( 1.187558524563999907, -2.692902450420000093, -5.244662038040000418 ) ) ;
#6662 = LINE ( 'NONE', #1073, #2911 ) ;
#6663 = CARTESIAN_POINT ( 'NONE',  ( -2.368988788604999840, -1.838391728356000066, -7.062428225613000876 ) ) ;
#6664 = CIRCLE ( 'NONE', #3092, 0.6500000000000000222 ) ;
#6665 = VERTEX_POINT ( 'NONE', #10485 ) ;
#6666 = CARTESIAN_POINT ( 'NONE',  ( -1.071793031700839061, -2.936673382344430205, -7.868022380639180469 ) ) ;
#6667 = CARTESIAN_POINT ( 'NONE',  ( -2.912836878899502047, -1.104816053987898616, -7.378355013576885391 ) ) ;
#6668 = EDGE_CURVE ( 'NONE', #5348, #4954, #6487, .T. ) ;
#6669 = EDGE_CURVE ( 'NONE', #107, #2338, #2392, .T. ) ;
#6670 = CARTESIAN_POINT ( 'NONE',  ( -2.703839070404525202, 1.560098906905126537, -6.065223311151568986 ) ) ;
#6671 = CARTESIAN_POINT ( 'NONE',  ( -3.049999999984011279, 2.614620916150648892E-16, -3.300000000014570389 ) ) ;
#6672 = DIRECTION ( 'NONE',  ( -0.8910065241883738940, 0.4539904997395352027, 0.000000000000000000 ) ) ;
#6673 = CARTESIAN_POINT ( 'NONE',  ( 0.000000000000000000, 0.000000000000000000, -4.370000000000000107 ) ) ;
#6674 = CARTESIAN_POINT ( 'NONE',  ( 3.404397331752656797, 3.478445380721962188, -1.300000000000000266 ) ) ;
#6675 = CARTESIAN_POINT ( 'NONE',  ( 0.6657846630356349937, 0.03450974848227668368, -4.169991741848313893 ) ) ;
#6676 = ORIENTED_EDGE ( 'NONE', *, *, #4941, .T. ) ;
#6677 = CARTESIAN_POINT ( 'NONE',  ( 0.000000000000000000, 0.000000000000000000, -4.070000000000005613 ) ) ;
#6678 = DIRECTION ( 'NONE',  ( -0.000000000000000000, -0.000000000000000000, -1.000000000000000000 ) ) ;
#6679 = CARTESIAN_POINT ( 'NONE',  ( 3.250000000000000000, -2.653401398152598821E-16, -1.300000000000000266 ) ) ;
#6680 = ORIENTED_EDGE ( 'NONE', *, *, #1701, .T. ) ;
#6681 = CYLINDRICAL_SURFACE ( 'NONE', #8875, 0.6750000000000000444 ) ;
#6682 = CARTESIAN_POINT ( 'NONE',  ( 0.5402312602579569800, 0.3614556479571172654, -4.370000000000000107 ) ) ;
#6683 = CARTESIAN_POINT ( 'NONE',  ( 0.4073421158629140226, 3.094960908397546895, -6.903829269738945840 ) ) ;
#6684 = CARTESIAN_POINT ( 'NONE',  ( -1.280749199792348803, -2.407611085807809914, -5.524701373651197400 ) ) ;
#6685 = ORIENTED_EDGE ( 'NONE', *, *, #3982, .F. ) ;
#6686 = CARTESIAN_POINT ( 'NONE',  ( 3.500000000000000000, -3.299999999999999822, 0.4999999999999750755 ) ) ;
#6687 = DIRECTION ( 'NONE',  ( 0.000000000000000000, 0.000000000000000000, -1.000000000000000000 ) ) ;
#6688 = EDGE_CURVE ( 'NONE', #9336, #6282, #4908, .T. ) ;
#6689 = CARTESIAN_POINT ( 'NONE',  ( 2.113232139791000108, -1.860024364305999933, -6.100550928048999566 ) ) ;
#6690 = EDGE_LOOP ( 'NONE', ( #1172, #2995, #8667, #4388, #8800, #7433, #2829, #2019 ) ) ;
#6691 = ORIENTED_EDGE ( 'NONE', *, *, #9696, .F. ) ;
#6692 = FACE_OUTER_BOUND ( 'NONE', #3595, .T. ) ;
#6693 = CARTESIAN_POINT ( 'NONE',  ( -2.747354809272999798, 0.8359827181592001111, -7.065151341950000052 ) ) ;
#6694 = CARTESIAN_POINT ( 'NONE',  ( -2.716161560210000214, -0.9323582641634000634, -6.921209002184700587 ) ) ;
#6695 = ORIENTED_EDGE ( 'NONE', *, *, #3832, .F. ) ;
#6696 = CARTESIAN_POINT ( 'NONE',  ( 0.4277782834789861099, 0.5221405368133874569, -3.919999999999999929 ) ) ;
#6697 = ADVANCED_FACE ( 'NONE', ( #9787 ), #9585, .F. ) ;
#6698 = CARTESIAN_POINT ( 'NONE',  ( -2.040000000000000036, 2.770000000000000018, 0.5000000000000000000 ) ) ;
#6699 = EDGE_CURVE ( 'NONE', #48, #5850, #1542, .T. ) ;
#6700 = DIRECTION ( 'NONE',  ( -0.7771459614569750096, 0.6293203910498325060, 0.000000000000000000 ) ) ;
#6701 = AXIS2_PLACEMENT_3D ( 'NONE', #10063, #6619, #2763 ) ;
#6702 = ORIENTED_EDGE ( 'NONE', *, *, #325, .F. ) ;
#6703 = ORIENTED_EDGE ( 'NONE', *, *, #1178, .F. ) ;
#6704 = CARTESIAN_POINT ( 'NONE',  ( 0.000000000000000000, 0.000000000000000000, -4.219999999999999751 ) ) ;
#6705 = DIRECTION ( 'NONE',  ( 0.000000000000000000, 0.000000000000000000, 1.000000000000000000 ) ) ;
#6706 = EDGE_LOOP ( 'NONE', ( #4942, #8504, #518, #1232 ) ) ;
#6707 = CARTESIAN_POINT ( 'NONE',  ( 0.1768241090289836837, 0.6254863983062348698, -4.070000000000004725 ) ) ;
#6708 = CARTESIAN_POINT ( 'NONE',  ( 1.123159834276000080, -2.546872265556999970, -5.333146256939000018 ) ) ;
#6709 = CARTESIAN_POINT ( 'NONE',  ( -3.299999999999999822, -3.500000000000000000, -1.300000000000000266 ) ) ;
#6710 = B_SPLINE_CURVE_WITH_KNOTS ( 'NONE', 3,
 ( #8062, #4067, #6426, #2386 ),
 .UNSPECIFIED., .F., .F.,
 ( 4, 4 ),
 ( 1.081755672164007486E-06, 0.0001536937413444423709 ),
 .UNSPECIFIED. ) ;
#6711 = CARTESIAN_POINT ( 'NONE',  ( 3.015710930251639610, -0.8061568546939356095, -6.389435326010314498 ) ) ;
#6712 = VECTOR ( 'NONE', #2217, 1000.000000000000000 ) ;
#6713 = CARTESIAN_POINT ( 'NONE',  ( 1.504983353449000028, 2.964878923492999974, -6.837409289711000149 ) ) ;
#6714 = ADVANCED_FACE ( 'NONE', ( #5681 ), #4874, .F. ) ;
#6715 = EDGE_CURVE ( 'NONE', #8289, #2078, #7133, .T. ) ;
#6716 = EDGE_CURVE ( 'NONE', #1182, #9536, #5520, .T. ) ;
#6717 = ORIENTED_EDGE ( 'NONE', *, *, #7747, .T. ) ;
#6718 = CARTESIAN_POINT ( 'NONE',  ( 3.109445509374999972, 1.039077809371000249, -6.218700643125000482 ) ) ;
#6719 = VECTOR ( 'NONE', #1080, 1000.000000000000000 ) ;
#6720 = CARTESIAN_POINT ( 'NONE',  ( -2.437167064466354116, -1.939418149542372571, -7.342976424473434349 ) ) ;
#6721 = DIRECTION ( 'NONE',  ( -0.2079116908177482403, -0.9781476007338080203, 0.000000000000000000 ) ) ;
#6722 = CARTESIAN_POINT ( 'NONE',  ( -0.1168371002678000037, 2.689356106343999908, -4.379345215846999650 ) ) ;
#6723 = DIRECTION ( 'NONE',  ( -0.000000000000000000, -0.000000000000000000, -1.000000000000000000 ) ) ;
#6724 = CARTESIAN_POINT ( 'NONE',  ( 0.000000000000000000, 0.000000000000000000, 2.299999999999999822 ) ) ;
#6725 = CARTESIAN_POINT ( 'NONE',  ( 0.1768241090289968120, -0.6254863983062313171, -4.370000000000000107 ) ) ;
#6726 = CARTESIAN_POINT ( 'NONE',  ( 0.5826313872945314554, -0.3408308473997770371, -3.919999999999999929 ) ) ;
#6727 = ORIENTED_EDGE ( 'NONE', *, *, #1304, .F. ) ;
#6728 = DIRECTION ( 'NONE',  ( -0.000000000000000000, -0.000000000000000000, -1.000000000000000000 ) ) ;
#6729 = CIRCLE ( 'NONE', #9794, 0.6750000000000000444 ) ;
#6730 = ADVANCED_FACE ( 'NONE', ( #5629 ), #683, .T. ) ;
#6731 = CARTESIAN_POINT ( 'NONE',  ( 2.303856336487999812, -2.101071493591000650, -5.543518130985000347 ) ) ;
#6732 = LINE ( 'NONE', #4274, #1333 ) ;
#6733 = DIRECTION ( 'NONE',  ( 0.000000000000000000, 0.000000000000000000, 1.000000000000000000 ) ) ;
#6734 = ORIENTED_EDGE ( 'NONE', *, *, #5334, .T. ) ;
#6735 = CARTESIAN_POINT ( 'NONE',  ( 0.000000000000000000, 0.000000000000000000, -4.370000000000000107 ) ) ;
#6736 = LINE ( 'NONE', #4226, #9363 ) ;
#6737 = ORIENTED_EDGE ( 'NONE', *, *, #10243, .T. ) ;
#6738 = CARTESIAN_POINT ( 'NONE',  ( -1.995449875283483054, -1.860264746818746984, -5.562307495139483748 ) ) ;
#6739 = ORIENTED_EDGE ( 'NONE', *, *, #933, .F. ) ;
#6740 = CARTESIAN_POINT ( 'NONE',  ( -1.946841232025870561, -1.855517588331888623, -8.285061183889972369 ) ) ;
#6741 = ADVANCED_FACE ( 'NONE', ( #9630 ), #4769, .T. ) ;
#6742 = DIRECTION ( 'NONE',  ( -0.000000000000000000, 1.000000000000000000, 0.000000000000000000 ) ) ;
#6743 = AXIS2_PLACEMENT_3D ( 'NONE', #9627, #7222, #7380 ) ;
#6744 = CARTESIAN_POINT ( 'NONE',  ( -1.568845947099054783, -2.721781627360630118, -5.183355589993548840 ) ) ;
#6745 = CARTESIAN_POINT ( 'NONE',  ( 2.113232139791000108, -1.860024364305999933, -5.960367903404000245 ) ) ;
#6746 = AXIS2_PLACEMENT_3D ( 'NONE', #10070, #3561, #10178 ) ;
#6747 = CIRCLE ( 'NONE', #8099, 0.6500000000000000222 ) ;
#6748 = EDGE_LOOP ( 'NONE', ( #7775, #6234, #7044, #2068 ) ) ;
#6749 = CARTESIAN_POINT ( 'NONE',  ( -0.06696603032266000566, 2.870947771042999808, -7.205840477686001222 ) ) ;
#6750 = DIRECTION ( 'NONE',  ( 0.000000000000000000, -0.000000000000000000, 1.000000000000000000 ) ) ;
#6751 = ORIENTED_EDGE ( 'NONE', *, *, #5711, .T. ) ;
#6752 = CARTESIAN_POINT ( 'NONE',  ( 0.000000000000000000, 0.000000000000000000, -4.370000000000000107 ) ) ;
#6753 = CARTESIAN_POINT ( 'NONE',  ( -1.914521049003221842, 2.490883755812986600, -5.288822812207418345 ) ) ;
#6754 = ADVANCED_FACE ( 'NONE', ( #733 ), #10141, .F. ) ;
#6755 = VECTOR ( 'NONE', #6961, 1000.000000000000000 ) ;
#6756 = CARTESIAN_POINT ( 'NONE',  ( 0.3614556479571154335, -0.5402312602579583123, -3.919999999999999929 ) ) ;
#6757 = VECTOR ( 'NONE', #5638, 1000.000000000000000 ) ;
#6758 = VERTEX_POINT ( 'NONE', #1954 ) ;
#6759 = ORIENTED_EDGE ( 'NONE', *, *, #2359, .T. ) ;
#6760 = DIRECTION ( 'NONE',  ( -0.000000000000000000, 1.000000000000000000, 0.000000000000000000 ) ) ;
#6761 = VERTEX_POINT ( 'NONE', #4480 ) ;
#6762 = LINE ( 'NONE', #5855, #8818 ) ;
#6763 = AXIS2_PLACEMENT_3D ( 'NONE', #10357, #6352, #2306 ) ;
#6764 = CARTESIAN_POINT ( 'NONE',  ( 1.251957214851999955, -2.838932635283999861, -5.156177819142000018 ) ) ;
#6765 = CARTESIAN_POINT ( 'NONE',  ( 2.293640268630336987, -2.159439785764559527, -7.741551556261205391 ) ) ;
#6766 = AXIS2_PLACEMENT_3D ( 'NONE', #1768, #3403, #4992 ) ;
#6767 = CARTESIAN_POINT ( 'NONE',  ( 0.6716940394054642383, -0.06672418922078229842, -4.219999999999999751 ) ) ;
#6768 = CARTESIAN_POINT ( 'NONE',  ( -0.8716522893867000299, -3.008438811315000017, -6.463313976586000820 ) ) ;
#6769 = ORIENTED_EDGE ( 'NONE', *, *, #3383, .T. ) ;
#6770 = VECTOR ( 'NONE', #893, 1000.000000000000000 ) ;
#6771 = CARTESIAN_POINT ( 'NONE',  ( 1.857381109047000045, 2.091559850653000208, -5.894530117539999559 ) ) ;
#6772 = CARTESIAN_POINT ( 'NONE',  ( -0.2052263873288216467, 3.114861731568539405, -6.176188391799789734 ) ) ;
#6773 = CARTESIAN_POINT ( 'NONE',  ( -0.2265848896080999986, 2.680153681075000627, -4.421473341485000041 ) ) ;
#6774 = PLANE ( 'NONE',  #1966 ) ;
#6775 = LINE ( 'NONE', #2935, #7661 ) ;
#6776 = EDGE_CURVE ( 'NONE', #8619, #3486, #2111, .T. ) ;
#6777 = EDGE_LOOP ( 'NONE', ( #1720, #2167, #9042, #690 ) ) ;
#6778 = EDGE_CURVE ( 'NONE', #8140, #2556, #149, .T. ) ;
#6779 = CYLINDRICAL_SURFACE ( 'NONE', #6074, 0.6500000000000000222 ) ;
#6780 = CARTESIAN_POINT ( 'NONE',  ( 0.5402312602579569800, 0.3614556479571172654, -4.070000000000005613 ) ) ;
#6781 = ORIENTED_EDGE ( 'NONE', *, *, #3698, .T. ) ;
#6782 = VECTOR ( 'NONE', #9750, 1000.000000000000000 ) ;
#6783 = DIRECTION ( 'NONE',  ( 0.000000000000000000, 0.000000000000000000, -1.000000000000000000 ) ) ;
#6784 = CARTESIAN_POINT ( 'NONE',  ( 3.201390317225000004, -0.7067078276157999772, -5.573350742464000085 ) ) ;
#6785 = CARTESIAN_POINT ( 'NONE',  ( -0.5901242379057470844, 0.2724947409330335524, -4.370000000000000107 ) ) ;
#6786 = VERTEX_POINT ( 'NONE', #3684 ) ;
#6787 = DIRECTION ( 'NONE',  ( 0.7071067811865474617, 0.000000000000000000, 0.7071067811865474617 ) ) ;
#6788 = CARTESIAN_POINT ( 'NONE',  ( 2.934931524526947832, -1.044987750082265077, -7.104453633902357623 ) ) ;
#6789 = CARTESIAN_POINT ( 'NONE',  ( -0.5495974312748703738, 0.3624400721992091512, -4.119991299149684316 ) ) ;
#6790 = VECTOR ( 'NONE', #4661, 1000.000000000000000 ) ;
#6791 = CARTESIAN_POINT ( 'NONE',  ( -0.03917339399606812461, 0.6738623340140245110, -4.219999999999999751 ) ) ;
#6792 = EDGE_CURVE ( 'NONE', #8582, #3224, #8331, .T. ) ;
#6793 = CARTESIAN_POINT ( 'NONE',  ( -0.6500000000000000222, 0.000000000000000000, -4.370000000000000107 ) ) ;
#6794 = CARTESIAN_POINT ( 'NONE',  ( 0.000000000000000000, 3.500000000000000000, 0.000000000000000000 ) ) ;
#6795 = VERTEX_POINT ( 'NONE', #9198 ) ;
#6796 = CARTESIAN_POINT ( 'NONE',  ( -2.640606020159698364, 0.6849046355520703733, -5.675125859604113643 ) ) ;
#6797 = ORIENTED_EDGE ( 'NONE', *, *, #649, .T. ) ;
#6798 = CIRCLE ( 'NONE', #1013, 0.6750000000000000444 ) ;
#6799 = DIRECTION ( 'NONE',  ( -0.000000000000000000, -0.000000000000000000, -1.000000000000000000 ) ) ;
#6800 = CARTESIAN_POINT ( 'NONE',  ( 0.4415163173259669671, -0.4770359960578613445, -4.070000000000004725 ) ) ;
#6801 = CARTESIAN_POINT ( 'NONE',  ( 0.9040412583314000328, -2.666141118484000483, -6.019036076191000006 ) ) ;
#6802 = VECTOR ( 'NONE', #2331, 1000.000000000000114 ) ;
#6803 = EDGE_CURVE ( 'NONE', #1682, #4642, #1095, .T. ) ;
#6804 = ADVANCED_FACE ( 'NONE', ( #3529 ), #1355, .T. ) ;
#6805 = ORIENTED_EDGE ( 'NONE', *, *, #8796, .T. ) ;
#6806 = LINE ( 'NONE', #6049, #6150 ) ;
#6807 = CARTESIAN_POINT ( 'NONE',  ( -2.765647453554000545, 0.7733173587900999957, -7.768597020627000305 ) ) ;
#6808 = CARTESIAN_POINT ( 'NONE',  ( 1.710373279529000090, -2.306826568996000137, -6.710175298581070535 ) ) ;
#6809 = ORIENTED_EDGE ( 'NONE', *, *, #9191, .F. ) ;
#6810 = CARTESIAN_POINT ( 'NONE',  ( 0.000000000000000000, 0.000000000000000000, 0.000000000000000000 ) ) ;
#6811 = DIRECTION ( 'NONE',  ( 0.000000000000000000, 0.000000000000000000, 1.000000000000000000 ) ) ;
#6812 = VECTOR ( 'NONE', #3443, 1000.000000000000000 ) ;
#6813 = DIRECTION ( 'NONE',  ( -0.000000000000000000, -0.000000000000000000, -1.000000000000000000 ) ) ;
#6814 = VERTEX_POINT ( 'NONE', #6997 ) ;
#6815 = ORIENTED_EDGE ( 'NONE', *, *, #6469, .T. ) ;
#6816 = PRODUCT_CONTEXT ( 'NONE', #3051, 'mechanical' ) ;
#6817 = DIRECTION ( 'NONE',  ( -0.000000000000000000, -0.000000000000000000, -1.000000000000000000 ) ) ;
#6818 = ORIENTED_EDGE ( 'NONE', *, *, #1211, .T. ) ;
#6819 = DIRECTION ( 'NONE',  ( -1.000000000000000000, 0.000000000000000000, 0.000000000000000000 ) ) ;
#6820 = CIRCLE ( 'NONE', #3417, 0.6500000000000000222 ) ;
#6821 = CARTESIAN_POINT ( 'NONE',  ( -2.669920069520141936, -0.4123256802201374915, -7.747319956278744257 ) ) ;
#6822 = DIRECTION ( 'NONE',  ( 0.000000000000000000, 0.000000000000000000, -1.000000000000000000 ) ) ;
#6823 = CARTESIAN_POINT ( 'NONE',  ( 1.902134145896557715, -2.475287148032524698, -6.463060286158932577 ) ) ;
#6824 = DIRECTION ( 'NONE',  ( -0.000000000000000000, -0.000000000000000000, 1.000000000000000000 ) ) ;
#6825 = ORIENTED_EDGE ( 'NONE', *, *, #4889, .T. ) ;
#6826 = AXIS2_PLACEMENT_3D ( 'NONE', #456, #8706, #5338 ) ;
#6827 = CARTESIAN_POINT ( 'NONE',  ( -0.9632804027743999686, -2.504950886452999903, -6.207179736866001107 ) ) ;
#6828 = EDGE_CURVE ( 'NONE', #2085, #5328, #5648, .T. ) ;
#6829 = DIRECTION ( 'NONE',  ( -0.000000000000000000, -0.000000000000000000, -1.000000000000000000 ) ) ;
#6830 = CARTESIAN_POINT ( 'NONE',  ( 0.6099637295171195239, -0.2245979712142704143, -4.070000000000005613 ) ) ;
#6831 = ORIENTED_EDGE ( 'NONE', *, *, #1457, .T. ) ;
#6832 = CARTESIAN_POINT ( 'NONE',  ( -1.037523131846830315, -2.481329283453775236, -6.120248823232184776 ) ) ;
#6833 = CARTESIAN_POINT ( 'NONE',  ( 2.438983869293139595, 1.874367495907114156, -3.300000000024283953 ) ) ;
#6834 = ORIENTED_EDGE ( 'NONE', *, *, #6374, .F. ) ;
#6835 = PLANE ( 'NONE',  #7815 ) ;
#6836 = CARTESIAN_POINT ( 'NONE',  ( -2.285237060416000165, 2.121307855707999845, -5.191509094259999735 ) ) ;
#6837 = ADVANCED_FACE ( 'NONE', ( #1406 ), #3888, .F. ) ;
#6838 = VERTEX_POINT ( 'NONE', #6936 ) ;
#6839 = EDGE_CURVE ( 'NONE', #3485, #9357, #10537, .T. ) ;
#6840 = FACE_OUTER_BOUND ( 'NONE', #6516, .T. ) ;
#6841 = CARTESIAN_POINT ( 'NONE',  ( 3.114830957396320876, -1.063753449706756729E-05, -7.065707961520873326 ) ) ;
#6842 = LINE ( 'NONE', #6198, #6505 ) ;
#6843 = DIRECTION ( 'NONE',  ( 0.7071067812322229251, 8.659560562914295637E-17, -0.7071067811408721093 ) ) ;
#6844 = FACE_OUTER_BOUND ( 'NONE', #1580, .T. ) ;
#6845 = CARTESIAN_POINT ( 'NONE',  ( 1.560596664018076396, 2.703509231719997352, -6.948344522185981198 ) ) ;
#6846 = CARTESIAN_POINT ( 'NONE',  ( 0.6594379015382918485, 0.1441063982437089663, -4.370000000000000107 ) ) ;
#6847 = ORIENTED_EDGE ( 'NONE', *, *, #6037, .F. ) ;
#6848 = CARTESIAN_POINT ( 'NONE',  ( 2.665877993631999843, 1.017957873218999998, -7.986171950788000906 ) ) ;
#6849 = ORIENTED_EDGE ( 'NONE', *, *, #5920, .F. ) ;
#6850 = VECTOR ( 'NONE', #8171, 999.9999999999998863 ) ;
#6851 = CARTESIAN_POINT ( 'NONE',  ( -0.1499999999999982181, 0.000000000000000000, 2.299999999999999822 ) ) ;
#6852 = EDGE_CURVE ( 'NONE', #1760, #113, #1360, .T. ) ;
#6853 = CARTESIAN_POINT ( 'NONE',  ( 0.000000000000000000, 0.000000000000000000, -4.219999999999999751 ) ) ;
#6854 = EDGE_LOOP ( 'NONE', ( #1198, #317, #1372, #2157 ) ) ;
#6855 = CARTESIAN_POINT ( 'NONE',  ( 0.8568577999815000235, -2.681654878555999932, -5.361745677623999562 ) ) ;
#6856 = EDGE_LOOP ( 'NONE', ( #10399, #6225, #7018, #9257 ) ) ;
#6857 = ORIENTED_EDGE ( 'NONE', *, *, #985, .F. ) ;
#6858 = CARTESIAN_POINT ( 'NONE',  ( 2.682795825839999981, 1.024417898972999952, -7.956275284715000673 ) ) ;
#6859 = CARTESIAN_POINT ( 'NONE',  ( -0.4770359960578628988, -0.4415163173259653573, -4.070000000000004725 ) ) ;
#6860 = ORIENTED_EDGE ( 'NONE', *, *, #4828, .F. ) ;
#6861 = DIRECTION ( 'NONE',  ( 0.5000000000000046629, -0.8660254037844359321, 0.000000000000000000 ) ) ;
#6862 = FACE_OUTER_BOUND ( 'NONE', #9077, .T. ) ;
#6863 = ADVANCED_FACE ( 'NONE', ( #2833 ), #2375, .F. ) ;
#6864 = CARTESIAN_POINT ( 'NONE',  ( 0.6495145696682953496, 0.02511620569690256599, -3.919999999999999929 ) ) ;
#6865 =( REPRESENTATION_RELATIONSHIP ('NONE','NONE', #3217, #7507 ) REPRESENTATION_RELATIONSHIP_WITH_TRANSFORMATION ( #8620 )SHAPE_REPRESENTATION_RELATIONSHIP( ) );
#6866 = ORIENTED_EDGE ( 'NONE', *, *, #1279, .F. ) ;
#6867 = DIRECTION ( 'NONE',  ( 0.7978595713164001735, -5.551115123125782702E-17, -0.6028433498503653620 ) ) ;
#6868 = FACE_OUTER_BOUND ( 'NONE', #3872, .T. ) ;
#6869 = EDGE_LOOP ( 'NONE', ( #3688, #4819, #8078, #5662 ) ) ;
#6870 = DIRECTION ( 'NONE',  ( -0.000000000000000000, -0.000000000000000000, -1.000000000000000000 ) ) ;
#6871 = CARTESIAN_POINT ( 'NONE',  ( -1.658163352199360618, -2.180770833636986428, -7.661302096911070336 ) ) ;
#6872 = PLANE ( 'NONE',  #1659 ) ;
#6873 = EDGE_CURVE ( 'NONE', #10253, #7699, #1861, .T. ) ;
#6874 = ORIENTED_EDGE ( 'NONE', *, *, #1793, .F. ) ;
#6875 = CARTESIAN_POINT ( 'NONE',  ( 2.070411141240000141, 2.331448724373999859, -6.071531686071000244 ) ) ;
#6876 = CARTESIAN_POINT ( 'NONE',  ( -2.799508646019958746, 1.381181630636909352, -6.058267795890298402 ) ) ;
#6877 = CARTESIAN_POINT ( 'NONE',  ( -3.049999999984011279, 2.614620916150648892E-16, -3.300000000014570389 ) ) ;
#6878 = CARTESIAN_POINT ( 'NONE',  ( -2.972095143490089519, 0.5376014707722843733, -4.697538549309301814 ) ) ;
#6879 = ORIENTED_EDGE ( 'NONE', *, *, #1403, .T. ) ;
#6880 = CARTESIAN_POINT ( 'NONE',  ( -1.092296356636027976, -2.612326677058048219, -6.038555391487287594 ) ) ;
#6881 = CARTESIAN_POINT ( 'NONE',  ( 2.605376910087743525, -0.7001755906610761526, -3.299999999999999822 ) ) ;
#6882 = ORIENTED_EDGE ( 'NONE', *, *, #3246, .F. ) ;
#6883 = CARTESIAN_POINT ( 'NONE',  ( 0.03917339399606812461, 0.6738623340140247331, -4.220000000000000639 ) ) ;
#6884 = CARTESIAN_POINT ( 'NONE',  ( -1.490275795879495879, 1.939192092737911599, -9.099999999932608219 ) ) ;
#6885 = EDGE_CURVE ( 'NONE', #9067, #1692, #4318, .T. ) ;
#6886 = AXIS2_PLACEMENT_3D ( 'NONE', #5820, #4664, #8072 ) ;
#6887 = CARTESIAN_POINT ( 'NONE',  ( 0.9490291034736999531, -2.970117708296999837, -5.602186303772000109 ) ) ;
#6888 = ORIENTED_EDGE ( 'NONE', *, *, #6828, .T. ) ;
#6889 = DIRECTION ( 'NONE',  ( -0.000000000000000000, -0.000000000000000000, -1.000000000000000000 ) ) ;
#6890 = CYLINDRICAL_SURFACE ( 'NONE', #10477, 0.6750000000000000444 ) ;
#6891 = LINE ( 'NONE', #2061, #756 ) ;
#6892 = FACE_OUTER_BOUND ( 'NONE', #3859, .T. ) ;
#6893 = DIRECTION ( 'NONE',  ( 0.9335804264972030753, -0.3583679495452964381, -0.000000000000000000 ) ) ;
#6894 = AXIS2_PLACEMENT_3D ( 'NONE', #4617, #10489, #7920 ) ;
#6895 = CARTESIAN_POINT ( 'NONE',  ( 0.000000000000000000, 0.000000000000000000, -4.370000000000000107 ) ) ;
#6896 = UNCERTAINTY_MEASURE_WITH_UNIT (LENGTH_MEASURE( 1.000000000000000082E-05 ), #4639, 'distance_accuracy_value', 'NONE');
#6897 = VERTEX_POINT ( 'NONE', #4472 ) ;
#6898 = ORIENTED_EDGE ( 'NONE', *, *, #3857, .F. ) ;
#6899 = PLANE ( 'NONE',  #10043 ) ;
#6900 = LINE ( 'NONE', #4386, #6411 ) ;
#6901 = ORIENTED_EDGE ( 'NONE', *, *, #2210, .T. ) ;
#6902 = CARTESIAN_POINT ( 'NONE',  ( 0.6189672496867000273, 2.746335325636000135, -5.161860163449000005 ) ) ;
#6903 = EDGE_CURVE ( 'NONE', #7019, #3079, #284, .T. ) ;
#6904 = VERTEX_POINT ( 'NONE', #7630 ) ;
#6905 = CARTESIAN_POINT ( 'NONE',  ( -2.116460104965109057, 1.721373919307526146, -5.017018733559547528 ) ) ;
#6906 = EDGE_CURVE ( 'NONE', #9746, #8552, #4620, .T. ) ;
#6907 = CARTESIAN_POINT ( 'NONE',  ( -1.654734186740000057, -2.347057801388999998, -6.877612202524000296 ) ) ;
#6908 = CIRCLE ( 'NONE', #7416, 0.6750000000000000444 ) ;
#6909 = DIRECTION ( 'NONE',  ( 0.000000000000000000, -1.000000000000000000, 0.000000000000000000 ) ) ;
#6910 = VERTEX_POINT ( 'NONE', #5876 ) ;
#6911 = CARTESIAN_POINT ( 'NONE',  ( 2.151264699005406289, -2.309968176419188168, -6.336834715899916759 ) ) ;
#6912 = CARTESIAN_POINT ( 'NONE',  ( 0.8152660365824717648, 3.034291941309446905, -5.391791728344306200 ) ) ;
#6913 = DIRECTION ( 'NONE',  ( 0.000000000000000000, 0.000000000000000000, 1.000000000000000000 ) ) ;
#6914 = AXIS2_PLACEMENT_3D ( 'NONE', #8993, #9048, #6384 ) ;
#6915 = AXIS2_PLACEMENT_3D ( 'NONE', #7928, #7143, #7981 ) ;
#6916 = PLANE ( 'NONE',  #8439 ) ;
#6917 = EDGE_LOOP ( 'NONE', ( #8847, #6557, #3030, #7573 ) ) ;
#6918 = FACE_OUTER_BOUND ( 'NONE', #10257, .T. ) ;
#6919 = EDGE_LOOP ( 'NONE', ( #3340, #6849, #9898, #4515, #2987, #5591, #3665, #7283, #2857, #520, #9514, #1810, #3058, #3093, #5814, #7330, #4659, #9655, #2800, #8655, #389, #9527, #4671, #9604, #3650, #10351, #2143, #1293, #7375, #6685, #6330, #481, #2028, #2037, #9999, #472, #3159, #3884, #4562, #7079, #9421, #7886, #7880, #4525, #9597, #5719, #2673, #1047, #2497, #7202, #9538, #3119, #6417, #3070, #7084, #4857, #3299, #5462, #3248, #3068, #2921, #4016, #8193, #9618, #8163, #6390, #3978, #9566, #9643, #7528, #5440, #7859, #8129, #1438, #9772, #1112, #9620, #7667, #4473, #809, #7342, #2337, #4777, #4033 ) ) ;
#6920 = FACE_OUTER_BOUND ( 'NONE', #6331, .T. ) ;
#6921 = EDGE_CURVE ( 'NONE', #4005, #5252, #9465, .T. ) ;
#6922 = CARTESIAN_POINT ( 'NONE',  ( 2.707696026641642995, -0.4172848818553086536, -8.134400323432794622 ) ) ;
#6923 = DIRECTION ( 'NONE',  ( -0.000000000000000000, -0.000000000000000000, 1.000000000000000000 ) ) ;
#6924 = DIRECTION ( 'NONE',  ( 0.000000000000000000, 0.000000000000000000, 1.000000000000000000 ) ) ;
#6925 = AXIS2_PLACEMENT_3D ( 'NONE', #1686, #7529, #9082 ) ;
#6926 = CARTESIAN_POINT ( 'NONE',  ( 0.6225347434767899424, -0.2385594966419725682, -4.169991741848314781 ) ) ;
#6927 = AXIS2_PLACEMENT_3D ( 'NONE', #6135, #3672, #7675 ) ;
#6928 = ORIENTED_EDGE ( 'NONE', *, *, #2429, .T. ) ;
#6929 = DIRECTION ( 'NONE',  ( 0.000000000000000000, 0.000000000000000000, 1.000000000000000000 ) ) ;
#6930 = ORIENTED_EDGE ( 'NONE', *, *, #3088, .T. ) ;
#6931 = VECTOR ( 'NONE', #3365, 1000.000000000000000 ) ;
#6932 = CIRCLE ( 'NONE', #5399, 0.6500000000000000222 ) ;
#6933 = DIRECTION ( 'NONE',  ( -1.000000000000000000, 0.000000000000000000, 0.000000000000000000 ) ) ;
#6934 = DIRECTION ( 'NONE',  ( -0.000000000000000000, -0.000000000000000000, -1.000000000000000000 ) ) ;
#6935 = VERTEX_POINT ( 'NONE', #1596 ) ;
#6936 = CARTESIAN_POINT ( 'NONE',  ( -0.02511620569689576241, -0.6495145696682955716, -4.070000000000005613 ) ) ;
#6937 = ADVANCED_FACE ( 'NONE', ( #1006 ), #7389, .T. ) ;
#6938 = CARTESIAN_POINT ( 'NONE',  ( 0.6521892349848611437, 0.1382365438067859331, -4.169991741848313893 ) ) ;
#6939 = CARTESIAN_POINT ( 'NONE',  ( 0.4500000000000000111, 5.510910596163088939E-17, 1.799999999999995159 ) ) ;
#6940 = ORIENTED_EDGE ( 'NONE', *, *, #8554, .F. ) ;
#6941 = CARTESIAN_POINT ( 'NONE',  ( 1.414985059549502378, 2.345872120561648622, -7.295726194598541881 ) ) ;
#6942 = CARTESIAN_POINT ( 'NONE',  ( 0.000000000000000000, 0.000000000000000000, -4.070000000000005613 ) ) ;
#6943 = DIRECTION ( 'NONE',  ( -1.000000000000000000, 0.000000000000000000, 0.000000000000000000 ) ) ;
#6944 = VECTOR ( 'NONE', #10332, 1000.000000000000000 ) ;
#6945 = VECTOR ( 'NONE', #8034, 1000.000000000000114 ) ;
#6946 = CARTESIAN_POINT ( 'NONE',  ( 0.6855489137865999894, 3.041755763884999908, -5.308845439835000235 ) ) ;
#6947 = ORIENTED_EDGE ( 'NONE', *, *, #8391, .T. ) ;
#6948 = LINE ( 'NONE', #3628, #4200 ) ;
#6949 = CARTESIAN_POINT ( 'NONE',  ( 2.572906263450109865, -1.755510973878735337, -7.132783690386745867 ) ) ;
#6950 = CARTESIAN_POINT ( 'NONE',  ( 3.106806802906051157, -0.1358545125143028331, -4.834417315840347840 ) ) ;
#6951 = CARTESIAN_POINT ( 'NONE',  ( 2.720411551495999891, -0.8616870958507999445, -6.649625161302999743 ) ) ;
#6952 = DIRECTION ( 'NONE',  ( -0.9781476007338045786, -0.2079116908177639778, 0.000000000000000000 ) ) ;
#6953 = CARTESIAN_POINT ( 'NONE',  ( 0.000000000000000000, 0.000000000000000000, -9.000000000000001776 ) ) ;
#6954 = AXIS2_PLACEMENT_3D ( 'NONE', #7186, #5631, #7333 ) ;
#6955 = DIRECTION ( 'NONE',  ( -0.1643989873053640083, 0.000000000000000000, -0.9863939238321427494 ) ) ;
#6956 = CARTESIAN_POINT ( 'NONE',  ( 0.000000000000000000, 0.000000000000000000, -4.070000000000005613 ) ) ;
#6957 = CARTESIAN_POINT ( 'NONE',  ( -1.627223418625697748, -2.685473507476932475, -5.070639920582397764 ) ) ;
#6958 = VERTEX_POINT ( 'NONE', #9903 ) ;
#6959 = ORIENTED_EDGE ( 'NONE', *, *, #7298, .T. ) ;
#6960 = AXIS2_PLACEMENT_3D ( 'NONE', #6226, #1282, #3657 ) ;
#6961 = DIRECTION ( 'NONE',  ( -0.000000000000000000, -0.000000000000000000, -1.000000000000000000 ) ) ;
#6962 = B_SPLINE_CURVE_WITH_KNOTS ( 'NONE', 3,
 ( #8181, #4981, #4925, #9842, #3336, #2487, #1866, #2647, #2539, #999, #245, #6744, #5729, #5784, #9039, #1756, #8230, #8342 ),
 .UNSPECIFIED., .F., .F.,
 ( 4, 2, 2, 2, 2, 2, 2, 2, 4 ),
 ( 0.000000000000000000, 0.1250000000000000000, 0.2500000000000000000, 0.3750000000000000000, 0.5000000000000000000, 0.6250000000000000000, 0.7500000000000000000, 0.8750000000000000000, 1.000000000000000000 ),
 .UNSPECIFIED. ) ;
#6963 = ORIENTED_EDGE ( 'NONE', *, *, #115, .T. ) ;
#6964 = CARTESIAN_POINT ( 'NONE',  ( 0.6189672496867000273, 2.746335325636000135, -5.068404813685999599 ) ) ;
#6965 = B_SPLINE_CURVE_WITH_KNOTS ( 'NONE', 3,
 ( #6841, #10036, #562, #7633, #6031, #8648, #6197, #9347, #2159, #5390, #10199, #1366, #7848, #449, #6788, #3577, #10087, #2784, #9404, #5281, #2006, #9292, #5230, #8482, #8589, #6949, #8540, #1201, #4426, #7685, #3631, #10136, #2838, #6089, #2060, #1253, #7736, #3680, #2107, #5332, #605, #7107, #3841, #9708, #706, #10309, #10360, #3106, #8749, #3992, #1462, #3048, #7056, #8095, #2998, #6304, #5653, #8040, #6354, #4793, #10517, #6252, #5602, #6402, #9559, #4738, #7249, #3209, #9508, #2261, #5497, #4685, #7944, #9660, #8899, #2214, #657, #3898, #3795, #5447, #8701, #1416, #7994, #4638, #8851, #6461, #10413, #7154, #9606, #2311, #5545, #8804, #3150, #1513, #3947, #2416, #7894, #7204, #10460, #2366, #1614, #1565, #757, #4845, #2675, #917, #8205, #3310, #9069, #5865, #5817, #5921, #4045, #3419, #7356, #2618, #1783, #8313, #3367, #6720, #4151, #6618, #1027, #1675, #5064, #4263, #8257, #9118, #5702, #813, #871, #6667, #8155, #61, #7406, #7517, #6510, #222, #9758, #9921, #3466, #4099, #7302, #5254, #13, #6560, #9179, #9968, #9873, #1836, #1893, #4210, #3263 ),
 .UNSPECIFIED., .F., .F.,
 ( 4, 2, 2, 2, 2, 2, 2, 2, 2, 2, 2, 1, 1, 2, 1, 2, 2, 2, 2, 2, 2, 2, 1, 2, 2, 1, 2, 2, 2, 2, 2, 2, 2, 2, 1, 2, 2, 2, 2, 1, 1, 2, 2, 1, 1, 1, 1, 2, 2, 2, 2, 2, 2, 1, 2, 2, 1, 1, 2, 2, 2, 2, 2, 2, 1, 1, 2, 2, 2, 1, 2, 2, 2, 2, 2, 2, 2, 2, 1, 2, 2, 2, 2, 1, 1, 2, 4 ),
 ( 0.000000000000000000, 0.03125000000002586126, 0.04687500000003878842, 0.06250000000005172252, 0.09375000000007752132, 0.1015625000000840439, 0.1093750000000905664, 0.1250000000001036116, 0.1406250000001166567, 0.1484375000001231515, 0.1503906250001247613, 0.1523437500001263711, 0.1562500000001296463, 0.1875000000001560696, 0.1953125000001626199, 0.1992187500001658673, 0.2031250000001690870, 0.2187500000001816880, 0.2500000000002068901, 0.2578125000002131073, 0.2597656250002147171, 0.2617187500002162714, 0.2656250000002192690, 0.2812500000002313705, 0.3125000000002556844, 0.3164062500002587375, 0.3183593750002602363, 0.3203125000002617351, 0.3281250000002680078, 0.3437500000002804423, 0.3750000000003051448, 0.4062500000003299028, 0.4082031250003314571, 0.4101562500003330669, 0.4140625000003360645, 0.4218750000003420597, 0.4375000000003541056, 0.4531250000003661516, 0.4550781250003676504, 0.4570312500003691492, 0.4609375000003722023, 0.4687500000003782530, 0.4843750000003904654, 0.4921875000003965717, 0.4960937500003996248, 0.4980468750004011236, 0.4990234375004018452, 0.4995117187504022893, 0.5000000000004026779, 0.5312500000004273248, 0.5625000000004519718, 0.5937500000004766187, 0.6093750000004888312, 0.6132812500004922729, 0.6142578125004916068, 0.6147460937504909406, 0.6152343750004903855, 0.6171875000004879430, 0.6250000000004780620, 0.6562500000004386491, 0.6875000000003992362, 0.6953125000003893552, 0.6992187500003844702, 0.7031250000003795853, 0.7187500000003597123, 0.7500000000003196332, 0.7812500000002796652, 0.7851562500002747802, 0.7871093750002721157, 0.7890625000002695622, 0.7968750000002594591, 0.8125000000002391420, 0.8281250000002189360, 0.8437500000001986189, 0.8750000000001579847, 0.8906250000001377787, 0.8925781250001351141, 0.8945312500001325606, 0.8984375000001275646, 0.9062500000001177947, 0.9375000000000784928, 0.9453125000000686118, 0.9472656250000661693, 0.9492187500000636158, 0.9531250000000588418, 0.9687500000000391909, 1.000000000000000000 ),
 .UNSPECIFIED. ) ;
#6966 = VERTEX_POINT ( 'NONE', #2397 ) ;
#6967 = EDGE_CURVE ( 'NONE', #1302, #948, #6798, .T. ) ;
#6968 = ORIENTED_EDGE ( 'NONE', *, *, #6715, .T. ) ;
#6969 = CARTESIAN_POINT ( 'NONE',  ( -2.588350373195172249, -0.8615414313775211497, -4.904200369094922074 ) ) ;
#6970 = AXIS2_PLACEMENT_3D ( 'NONE', #416, #4395, #6909 ) ;
#6971 = CARTESIAN_POINT ( 'NONE',  ( 1.681303862051999998, 2.328098325020000026, -6.572739366876000133 ) ) ;
#6972 = ORIENTED_EDGE ( 'NONE', *, *, #3754, .T. ) ;
#6973 = LINE ( 'NONE', #10329, #2348 ) ;
#6974 = CARTESIAN_POINT ( 'NONE',  ( 0.6594379015382950682, -0.1441063982436945057, -4.220000000000000639 ) ) ;
#6975 = PRODUCT ( 'Body', 'Body', '', ( #7080 ) ) ;
#6976 = DIRECTION ( 'NONE',  ( -0.000000000000000000, -0.000000000000000000, -1.000000000000000000 ) ) ;
#6977 = EDGE_CURVE ( 'NONE', #3027, #9402, #4133, .T. ) ;
#6978 = EDGE_CURVE ( 'NONE', #9789, #7595, #5043, .T. ) ;
#6979 = VECTOR ( 'NONE', #10225, 1000.000000000000000 ) ;
#6980 = CYLINDRICAL_SURFACE ( 'NONE', #5892, 3.115000000000000213 ) ;
#6981 = ORIENTED_EDGE ( 'NONE', *, *, #1378, .T. ) ;
#6982 = CARTESIAN_POINT ( 'NONE',  ( 2.169155300308598378, -0.8371466128651657845, -7.169999999999998153 ) ) ;
#6983 = EDGE_LOOP ( 'NONE', ( #327, #1364, #10183, #1925 ) ) ;
#6984 = CARTESIAN_POINT ( 'NONE',  ( 0.5041923985042179313, 0.4487928534308051609, -4.370000000000000107 ) ) ;
#6985 = CARTESIAN_POINT ( 'NONE',  ( 2.853791924089999821, 1.052851475810999915, -4.280853620795999959 ) ) ;
#6986 = DIRECTION ( 'NONE',  ( 0.6691306063588535746, 0.7431448254773983519, 0.000000000000000000 ) ) ;
#6987 = VECTOR ( 'NONE', #8216, 1000.000000000000000 ) ;
#6988 = CARTESIAN_POINT ( 'NONE',  ( 2.727877493896800232, -0.2402372314704545042, -6.715105643864291984 ) ) ;
#6989 = CARTESIAN_POINT ( 'NONE',  ( 3.500000000000000000, 2.040000000000000036, 2.200000000000000178 ) ) ;
#6990 = ORIENTED_EDGE ( 'NONE', *, *, #2293, .F. ) ;
#6991 = EDGE_CURVE ( 'NONE', #5083, #7909, #5086, .T. ) ;
#6992 = CARTESIAN_POINT ( 'NONE',  ( -0.5909215165636000355, -2.734099293746000026, -5.483852908026999984 ) ) ;
#6993 = VERTEX_POINT ( 'NONE', #792 ) ;
#6994 = AXIS2_PLACEMENT_3D ( 'NONE', #4215, #8262, #5069 ) ;
#6995 = DIRECTION ( 'NONE',  ( -0.000000000000000000, -0.000000000000000000, -1.000000000000000000 ) ) ;
#6996 = CARTESIAN_POINT ( 'NONE',  ( -1.914314753355950582, 2.490960912334657440, -5.994670659289964121 ) ) ;
#6997 = CARTESIAN_POINT ( 'NONE',  ( 0.5221405368133766878, 0.4277782834789991551, -4.219999999999999751 ) ) ;
#6998 = CARTESIAN_POINT ( 'NONE',  ( -2.040000000000000036, 3.500000000000000000, 0.000000000000000000 ) ) ;
#6999 = DIRECTION ( 'NONE',  ( 0.000000000000000000, 0.000000000000000000, 1.000000000000000000 ) ) ;
#7000 = ORIENTED_EDGE ( 'NONE', *, *, #4609, .F. ) ;
#7001 = CARTESIAN_POINT ( 'NONE',  ( 0.4770359960578598457, 0.4415163173259685769, -3.919999999999999929 ) ) ;
#7002 = VECTOR ( 'NONE', #4824, 1000.000000000000000 ) ;
#7003 = CARTESIAN_POINT ( 'NONE',  ( 1.643912475932960637, 2.139108803415081361, -3.299999999999999822 ) ) ;
#7004 = AXIS2_PLACEMENT_3D ( 'NONE', #7935, #7295, #2302 ) ;
#7005 = CARTESIAN_POINT ( 'NONE',  ( 1.028666866316999995, 2.870792064972000013, -4.616859936790000063 ) ) ;
#7006 = VERTEX_POINT ( 'NONE', #7337 ) ;
#7007 = ADVANCED_FACE ( 'NONE', ( #6493 ), #9741, .F. ) ;
#7008 = CARTESIAN_POINT ( 'NONE',  ( 0.4254240051736180583, 3.250000000000000000, -1.300000000000000044 ) ) ;
#7009 = CARTESIAN_POINT ( 'NONE',  ( -2.325000000000000178, 2.847303808017596435E-16, -9.036599999999999966 ) ) ;
#7010 = PLANE ( 'NONE',  #1415 ) ;
#7011 = CARTESIAN_POINT ( 'NONE',  ( -1.644299357875999901, -2.332257148396000179, -6.860658864906000076 ) ) ;
#7012 = LINE ( 'NONE', #10311, #4316 ) ;
#7013 = PLANE ( 'NONE',  #10227 ) ;
#7014 = VECTOR ( 'NONE', #8793, 999.9999999999998863 ) ;
#7015 = DIRECTION ( 'NONE',  ( -1.000000000000000000, 0.000000000000000000, 0.000000000000000000 ) ) ;
#7016 = B_SPLINE_CURVE_WITH_KNOTS ( 'NONE', 3,
 ( #1384, #4605, #8561, #9622 ),
 .UNSPECIFIED., .F., .F.,
 ( 4, 4 ),
 ( 2.034489221241010131E-07, 0.0001528154345942873895 ),
 .UNSPECIFIED. ) ;
#7017 = CARTESIAN_POINT ( 'NONE',  ( -3.114601884180604685, -0.3993577293374714343, -5.171452149134304399 ) ) ;
#7018 = ORIENTED_EDGE ( 'NONE', *, *, #7770, .T. ) ;
#7019 = VERTEX_POINT ( 'NONE', #1655 ) ;
#7020 = CARTESIAN_POINT ( 'NONE',  ( -1.296818874415834211, 2.249999949944107236, -9.100000000046291504 ) ) ;
#7021 = PLANE ( 'NONE',  #2835 ) ;
#7022 = ORIENTED_EDGE ( 'NONE', *, *, #2099, .T. ) ;
#7023 = CARTESIAN_POINT ( 'NONE',  ( -2.063290991665999830, 1.915282867169999959, -4.904340793230000273 ) ) ;
#7024 = ORIENTED_EDGE ( 'NONE', *, *, #1446, .T. ) ;
#7025 = AXIS2_PLACEMENT_3D ( 'NONE', #2947, #5175, #10137 ) ;
#7026 = ORIENTED_EDGE ( 'NONE', *, *, #6263, .T. ) ;
#7027 = CARTESIAN_POINT ( 'NONE',  ( 0.1035209413652777577, 2.687936592171744188, -4.415212791317230767 ) ) ;
#7028 = CARTESIAN_POINT ( 'NONE',  ( 1.710373279529000090, -2.306826568996000137, -6.783773070479000467 ) ) ;
#7029 = ORIENTED_EDGE ( 'NONE', *, *, #5426, .T. ) ;
#7030 = CARTESIAN_POINT ( 'NONE',  ( -0.6521892349848621429, -0.1382365438067810759, -4.169991741848313893 ) ) ;
#7031 = CARTESIAN_POINT ( 'NONE',  ( -2.049999999999999378, 0.2683443724941283470, -7.169999999999999041 ) ) ;
#7032 = DIRECTION ( 'NONE',  ( -0.9335804264972032973, 0.3583679495452964381, 0.000000000000000000 ) ) ;
#7033 = DIRECTION ( 'NONE',  ( -0.000000000000000000, -0.000000000000000000, -1.000000000000000000 ) ) ;
#7034 = LINE ( 'NONE', #10387, #3495 ) ;
#7035 = ORIENTED_EDGE ( 'NONE', *, *, #6906, .T. ) ;
#7036 = CARTESIAN_POINT ( 'NONE',  ( -2.506990047630493823, -1.855088891355994196, -5.934652892969010551 ) ) ;
#7037 = ORIENTED_EDGE ( 'NONE', *, *, #9431, .T. ) ;
#7038 = CARTESIAN_POINT ( 'NONE',  ( 0.000000000000000000, -0.000000000000000000, -4.370000000000000107 ) ) ;
#7039 = CARTESIAN_POINT ( 'NONE',  ( 2.439096022937000008, 1.730585803234000020, -4.251014696193999853 ) ) ;
#7040 = DIRECTION ( 'NONE',  ( 0.000000000000000000, 0.000000000000000000, 1.000000000000000000 ) ) ;
#7041 = ADVANCED_FACE ( 'NONE', ( #4880 ), #952, .T. ) ;
#7042 = CARTESIAN_POINT ( 'NONE',  ( -2.127902081079707575, -1.663733271390321455, -6.983911454389403417 ) ) ;
#7043 = EDGE_LOOP ( 'NONE', ( #1781, #1274 ) ) ;
#7044 = ORIENTED_EDGE ( 'NONE', *, *, #9977, .F. ) ;
#7045 = CARTESIAN_POINT ( 'NONE',  ( 0.000000000000000000, 0.000000000000000000, -3.919999999999999929 ) ) ;
#7046 = LINE ( 'NONE', #6189, #8964 ) ;
#7047 = DIRECTION ( 'NONE',  ( -0.000000000000000000, -0.000000000000000000, -1.000000000000000000 ) ) ;
#7048 = ADVANCED_FACE ( 'NONE', ( #849 ), #4079, .F. ) ;
#7049 = ORIENTED_EDGE ( 'NONE', *, *, #1853, .F. ) ;
#7050 = EDGE_CURVE ( 'NONE', #4595, #6897, #10481, .T. ) ;
#7051 = CARTESIAN_POINT ( 'NONE',  ( -0.6449079034029718827, 0.1323402377513622497, -4.119991299149685204 ) ) ;
#7052 = CARTESIAN_POINT ( 'NONE',  ( 2.674999999999999822, -1.310372075087667988E-16, -3.299999999999999822 ) ) ;
#7053 = CARTESIAN_POINT ( 'NONE',  ( 0.000000000000000000, 0.000000000000000000, -11.16999999999999993 ) ) ;
#7054 = ORIENTED_EDGE ( 'NONE', *, *, #3191, .T. ) ;
#7055 = CARTESIAN_POINT ( 'NONE',  ( 1.612391948618574489, -2.194697022181457680, -4.592717329275838978 ) ) ;
#7056 = CARTESIAN_POINT ( 'NONE',  ( 1.521727913329463444, -2.718572943619133930, -7.184969644601311600 ) ) ;
#7057 = CARTESIAN_POINT ( 'NONE',  ( 3.053700233103000539, -0.8914054031454999860, -7.175927427526000102 ) ) ;
#7058 = CARTESIAN_POINT ( 'NONE',  ( 0.03917339399606819400, -0.6738623340140248441, -4.370000000000000107 ) ) ;
#7059 = DIRECTION ( 'NONE',  ( -0.4067366430757942131, -0.9135454576426035311, 0.000000000000000000 ) ) ;
#7060 = B_SPLINE_SURFACE_WITH_KNOTS ( 'NONE', 3, 3, ( 
 ( #10194, #2888, #6138, #1947 ),
 ( #9400, #5325, #5168, #8424 ),
 ( #1137, #9502, #2208, #6245 ),
 ( #10355, #5441, #2303, #5596 ),
 ( #9601, #3043, #4678, #8089 ),
 ( #7937, #8695, #5649, #7147 ),
 ( #1410, #3941, #752, #699 ),
 ( #6299, #7988, #4787, #10409 ),
 ( #6457, #4631, #650, #6350 ),
 ( #7199, #8035, #7887, #600 ),
 ( #5538, #3836, #4038, #8797 ),
 ( #9554, #2258, #1508, #2410 ),
 ( #9703, #7101, #8844, #8894 ),
 ( #5492, #7297, #807, #8743 ),
 ( #1610, #1455, #9, #4732 ),
 ( #3892, #10454, #3145, #6394 ),
 ( #3100, #9651, #2360, #1559 ),
 ( #4841, #3987, #7244, #10509 ),
 ( #3203, #3307, #9175, #168 ),
 ( #1831, #8202, #9964, #5861 ),
 ( #9754, #7461, #2459, #4896 ),
 ( #7514, #9063, #3415, #5111 ),
 ( #1889, #219, #6663, #3463 ),
 ( #4259, #9917, #8365, #6615 ),
 ( #9870, #2614, #9114, #1669 ),
 ( #4095, #5059, #8150, #4951 ),
 ( #914, #865, #9808, #6554 ),
 ( #8308, #1022, #2509, #4205 ),
 ( #6713, #7353, #9010, #1728 ),
 ( #4147, #2670, #1075, #4305 ),
 ( #7402, #3257, #57, #5757 ),
 ( #967, #3362, #2565, #7558 ),
 ( #5915, #111, #5812, #1780 ),
 ( #5004, #8252, #10016, #1238 ),
 ( #4460, #10241, #432, #5316 ),
 ( #2719, #6016, #9386, #8466 ),
 ( #6768, #8520, #8572, #5265 ) ),
 .UNSPECIFIED., .F., .F., .F.,
 ( 4, 1, 1, 1, 1, 1, 1, 1, 1, 1, 1, 1, 1, 1, 1, 1, 1, 1, 1, 1, 1, 1, 1, 1, 1, 1, 1, 1, 1, 1, 1, 1, 1, 1, 4 ),
 ( 4, 4 ),
 ( -0.006202869753926999567, 0.000000000000000000, 0.01250471556795000085, 0.04500438133607000124, 0.07750404710416000653, 0.1100037128724000030, 0.1425033786405000003, 0.1750030444085000081, 0.2075027101766999948, 0.2400023759448000060, 0.2725020417128999894, 0.3050017074811000040, 0.3375013732491999874, 0.3700010390173000263, 0.4025007047854999853, 0.4350003705536000242, 0.4675000363217000077, 0.4999997020899000222, 0.5324993678580000056, 0.5649990336261000445, 0.5974986993941999724, 0.6299983651624000425, 0.6624980309304999704, 0.6949976966986000093, 0.7274973624667999683, 0.7599970282349000072, 0.7924966940029000151, 0.8249963597710999741, 0.8574960255392000130, 0.8899956913073000520, 0.9224953570755000110, 0.9549950228436000499, 0.9874946886116999778, 1.000000000000000000, 1.006202872136999993 ),
 ( 1.003225280626999975E-13, 1.002696613691000049 ),
 .UNSPECIFIED. ) ;
#7061 = CARTESIAN_POINT ( 'NONE',  ( 2.475767672065158909, 1.901305738273415535, -6.991642799795114271 ) ) ;
#7062 = ORIENTED_EDGE ( 'NONE', *, *, #3629, .F. ) ;
#7063 = EDGE_CURVE ( 'NONE', #3546, #6109, #2215, .T. ) ;
#7064 = ADVANCED_FACE ( 'NONE', ( #1764 ), #3400, .F. ) ;
#7065 = CARTESIAN_POINT ( 'NONE',  ( -1.582457803887528325, 2.059142119112984837, -9.100000000046293280 ) ) ;
#7066 = DIRECTION ( 'NONE',  ( 0.000000000000000000, -1.000000000000000000, -0.000000000000000000 ) ) ;
#7067 = ORIENTED_EDGE ( 'NONE', *, *, #8201, .T. ) ;
#7068 = CARTESIAN_POINT ( 'NONE',  ( 2.455713944842574659, 1.187848267326441887, -5.242655462489466345 ) ) ;
#7069 = EDGE_CURVE ( 'NONE', #9093, #4121, #7643, .T. ) ;
#7070 = CARTESIAN_POINT ( 'NONE',  ( 1.681303862051999998, 2.328098325020000026, -6.525889363184999681 ) ) ;
#7071 = ORIENTED_EDGE ( 'NONE', *, *, #3712, .F. ) ;
#7072 = CARTESIAN_POINT ( 'NONE',  ( 0.6529864083220282556, 0.1709788014541502033, -4.220000000000000639 ) ) ;
#7073 = LINE ( 'NONE', #10433, #4920 ) ;
#7074 = B_SPLINE_CURVE_WITH_KNOTS ( 'NONE', 3,
 ( #8525, #4465, #10125, #2049, #7724, #6996, #7565, #274, #10076, #6184, #9392, #8579, #4518, #1242, #2097, #9234, #3514, #4363 ),
 .UNSPECIFIED., .F., .F.,
 ( 4, 2, 2, 2, 2, 2, 2, 2, 4 ),
 ( 1.845060024971699922E-09, 0.1250000016144275083, 0.2500000013837949675, 0.3750000011531625099, 0.5000000009225300523, 0.6250000006918975393, 0.7500000004612649152, 0.8750000002306325131, 1.000000000000000000 ),
 .UNSPECIFIED. ) ;
#7075 = VECTOR ( 'NONE', #720, 1000.000000000000000 ) ;
#7076 = CARTESIAN_POINT ( 'NONE',  ( -1.490275795879494991, -1.939192092737911821, -9.099999999932604666 ) ) ;
#7077 = CARTESIAN_POINT ( 'NONE',  ( 0.06672418922078006409, 0.6716940394054645713, -4.219999999999999751 ) ) ;
#7078 = DIRECTION ( 'NONE',  ( -1.000000000000000000, 0.000000000000000000, 0.000000000000000000 ) ) ;
#7079 = ORIENTED_EDGE ( 'NONE', *, *, #2594, .F. ) ;
#7080 = PRODUCT_CONTEXT ( 'NONE', #6322, 'mechanical' ) ;
#7081 = ORIENTED_EDGE ( 'NONE', *, *, #4333, .T. ) ;
#7082 = DIRECTION ( 'NONE',  ( 0.000000000000000000, 0.000000000000000000, -1.000000000000000000 ) ) ;
#7083 = VECTOR ( 'NONE', #1578, 1000.000000000000000 ) ;
#7084 = ORIENTED_EDGE ( 'NONE', *, *, #7050, .F. ) ;
#7085 = CARTESIAN_POINT ( 'NONE',  ( 0.7414939592220864961, -2.754585478798667886, -4.554123602400766302 ) ) ;
#7086 = DIRECTION ( 'NONE',  ( -0.000000000000000000, -0.000000000000000000, -1.000000000000000000 ) ) ;
#7087 = CARTESIAN_POINT ( 'NONE',  ( 0.000000000000000000, 0.000000000000000000, -4.219999999999999751 ) ) ;
#7088 = CARTESIAN_POINT ( 'NONE',  ( -3.115000000000001101, -0.2057728117322208117, -6.704854193676031748 ) ) ;
#7089 = CARTESIAN_POINT ( 'NONE',  ( 2.770000000000000018, -2.040000000000000036, 2.200000000000000178 ) ) ;
#7090 = CIRCLE ( 'NONE', #2660, 0.6750000000000000444 ) ;
#7091 = ORIENTED_EDGE ( 'NONE', *, *, #5275, .F. ) ;
#7092 = ORIENTED_EDGE ( 'NONE', *, *, #2997, .T. ) ;
#7093 = FACE_OUTER_BOUND ( 'NONE', #6213, .T. ) ;
#7094 = DIRECTION ( 'NONE',  ( -0.000000000000000000, -0.000000000000000000, -1.000000000000000000 ) ) ;
#7095 = B_SPLINE_CURVE_WITH_KNOTS ( 'NONE', 3,
 ( #6115, #9478, #4611, #3770 ),
 .UNSPECIFIED., .F., .F.,
 ( 4, 4 ),
 ( 1.118379690037606966E-06, 0.0001537303653621294197 ),
 .UNSPECIFIED. ) ;
#7096 = VECTOR ( 'NONE', #1376, 1000.000000000000000 ) ;
#7097 = CARTESIAN_POINT ( 'NONE',  ( 0.8327574310887999598, -2.822876176149000216, -5.965098284277000396 ) ) ;
#7098 = CARTESIAN_POINT ( 'NONE',  ( -0.6287759193777677780, -0.2454910247048614491, -4.219999999999999751 ) ) ;
#7099 = EDGE_CURVE ( 'NONE', #5630, #243, #6401, .T. ) ;
#7100 = ORIENTED_EDGE ( 'NONE', *, *, #8259, .T. ) ;
#7101 = CARTESIAN_POINT ( 'NONE',  ( -1.782350355801000097, -2.611558734331000053, -7.822148139941999645 ) ) ;
#7102 = CARTESIAN_POINT ( 'NONE',  ( 0.000000000000000000, 0.000000000000000000, -4.370000000000000107 ) ) ;
#7103 = VERTEX_POINT ( 'NONE', #6052 ) ;
#7104 = CARTESIAN_POINT ( 'NONE',  ( -2.480879544055035968, -1.124707399023148646, -5.498654832548058202 ) ) ;
#7105 = CIRCLE ( 'NONE', #805, 0.6500000000000000222 ) ;
#7106 = EDGE_CURVE ( 'NONE', #6910, #6627, #2711, .T. ) ;
#7107 = CARTESIAN_POINT ( 'NONE',  ( 2.064303509033038164, -2.333450768636012640, -7.161132902044587745 ) ) ;
#7108 = EDGE_CURVE ( 'NONE', #4448, #7598, #252, .T. ) ;
#7109 = CARTESIAN_POINT ( 'NONE',  ( -2.699033322167000204, -0.9264787706429999936, -6.931003432774000217 ) ) ;
#7110 = CARTESIAN_POINT ( 'NONE',  ( 0.000000000000000000, 3.500000000000000000, 0.4999999999999000244 ) ) ;
#7111 = FACE_OUTER_BOUND ( 'NONE', #2179, .T. ) ;
#7112 = LINE ( 'NONE', #4052, #9217 ) ;
#7113 = ORIENTED_EDGE ( 'NONE', *, *, #9431, .F. ) ;
#7114 = VECTOR ( 'NONE', #5443, 1000.000000000000000 ) ;
#7115 = VECTOR ( 'NONE', #2276, 1000.000000000000000 ) ;
#7116 = DIRECTION ( 'NONE',  ( -0.000000000000000000, -0.000000000000000000, -1.000000000000000000 ) ) ;
#7117 = DIRECTION ( 'NONE',  ( 0.2588190451025139116, 0.9659258262890701996, 0.000000000000000000 ) ) ;
#7118 = CARTESIAN_POINT ( 'NONE',  ( -2.598917237794086343, -1.997276839918473490, -1.300000000000000044 ) ) ;
#7119 = VERTEX_POINT ( 'NONE', #364 ) ;
#7120 = EDGE_CURVE ( 'NONE', #7674, #6814, #3899, .T. ) ;
#7121 = AXIS2_PLACEMENT_3D ( 'NONE', #6006, #6056, #1334 ) ;
#7122 = CARTESIAN_POINT ( 'NONE',  ( -2.736715364825999863, -0.8703763703022999731, -6.291361095403999570 ) ) ;
#7123 = ORIENTED_EDGE ( 'NONE', *, *, #2320, .F. ) ;
#7124 = CARTESIAN_POINT ( 'NONE',  ( 0.5041923985042179313, 0.4487928534308051609, -4.220000000000000639 ) ) ;
#7125 = AXIS2_PLACEMENT_3D ( 'NONE', #9005, #10503, #3142 ) ;
#7126 = CARTESIAN_POINT ( 'NONE',  ( -0.5365831629365244160, 1.996643987170046763, -7.169999999999999041 ) ) ;
#7127 = CARTESIAN_POINT ( 'NONE',  ( -1.939192092737931805, -1.490275795879475229, -9.099999999932608219 ) ) ;
#7128 = EDGE_CURVE ( 'NONE', #4121, #9093, #3388, .T. ) ;
#7129 = DIRECTION ( 'NONE',  ( -1.000000000000000000, 0.000000000000000000, 0.000000000000000000 ) ) ;
#7130 = ORIENTED_EDGE ( 'NONE', *, *, #774, .T. ) ;
#7131 = AXIS2_PLACEMENT_3D ( 'NONE', #3406, #4347, #3497 ) ;
#7132 = VERTEX_POINT ( 'NONE', #3602 ) ;
#7133 = LINE ( 'NONE', #39, #2537 ) ;
#7134 = VERTEX_POINT ( 'NONE', #6859 ) ;
#7135 = DIRECTION ( 'NONE',  ( -0.000000000000000000, -0.000000000000000000, -1.000000000000000000 ) ) ;
#7136 = CARTESIAN_POINT ( 'NONE',  ( 0.3172521472106220597, -0.5673192003539538897, -3.919999999999999929 ) ) ;
#7137 = CARTESIAN_POINT ( 'NONE',  ( 0.4020945224431262122, -0.5107053896535987958, -4.070000000000004725 ) ) ;
#7138 = PLANE ( 'NONE',  #3696 ) ;
#7139 = DIRECTION ( 'NONE',  ( -1.000000000000000000, 0.000000000000000000, 0.000000000000000000 ) ) ;
#7140 = AXIS2_PLACEMENT_3D ( 'NONE', #6942, #443, #2993 ) ;
#7141 = VERTEX_POINT ( 'NONE', #10105 ) ;
#7142 = VERTEX_POINT ( 'NONE', #2805 ) ;
#7143 = DIRECTION ( 'NONE',  ( 0.000000000000000000, 0.000000000000000000, -1.000000000000000000 ) ) ;
#7144 = AXIS2_PLACEMENT_3D ( 'NONE', #3492, #6811, #10058 ) ;
#7145 = CARTESIAN_POINT ( 'NONE',  ( 2.148760272479000477, 1.769428082192000096, -5.831909812025999784 ) ) ;
#7146 = DIRECTION ( 'NONE',  ( -0.000000000000000000, -0.000000000000000000, 1.000000000000000000 ) ) ;
#7147 = CARTESIAN_POINT ( 'NONE',  ( 2.829209721497000452, -0.1879454383406000406, -8.114261643709999916 ) ) ;
#7148 = CARTESIAN_POINT ( 'NONE',  ( 0.07679948071508724272, -0.6454470077100775693, -3.919999999999999929 ) ) ;
#7149 = CARTESIAN_POINT ( 'NONE',  ( 0.9757457504862000475, 2.723100402711000179, -4.528359152522999587 ) ) ;
#7150 = EDGE_LOOP ( 'NONE', ( #2531, #6751, #9100, #2057 ) ) ;
#7151 = CIRCLE ( 'NONE', #2067, 0.6499999999999999112 ) ;
#7152 = CARTESIAN_POINT ( 'NONE',  ( 2.700567996632531109, 0.3516452611777679538, -5.178912184334350854 ) ) ;
#7153 = EDGE_CURVE ( 'NONE', #10188, #1541, #9312, .T. ) ;
#7154 = CARTESIAN_POINT ( 'NONE',  ( -0.6639833309150030560, -3.046191985661459878, -7.266398629970646894 ) ) ;
#7155 = CARTESIAN_POINT ( 'NONE',  ( 3.188767593019000035, -1.010038310237000081, -6.383910042622000347 ) ) ;
#7156 = CARTESIAN_POINT ( 'NONE',  ( 2.737908709625000103, -0.6552425489598999730, -4.540391258598999613 ) ) ;
#7157 = LINE ( 'NONE', #2679, #6027 ) ;
#7158 = CARTESIAN_POINT ( 'NONE',  ( 0.000000000000000000, 0.000000000000000000, -6.950000000000000178 ) ) ;
#7159 = DIRECTION ( 'NONE',  ( -0.000000000000000000, 0.000000000000000000, -1.000000000000000000 ) ) ;
#7160 = FILL_AREA_STYLE_COLOUR ( '', #21 ) ;
#7161 = ORIENTED_EDGE ( 'NONE', *, *, #5592, .T. ) ;
#7162 = VECTOR ( 'NONE', #9984, 1000.000000000000227 ) ;
#7163 = EDGE_CURVE ( 'NONE', #528, #7891, #1222, .T. ) ;
#7164 = EDGE_CURVE ( 'NONE', #6097, #6002, #1348, .T. ) ;
#7165 = DIRECTION ( 'NONE',  ( -0.000000000000000000, 1.000000000000000000, 0.000000000000000000 ) ) ;
#7166 = PLANE ( 'NONE',  #9371 ) ;
#7167 = CARTESIAN_POINT ( 'NONE',  ( 0.000000000000000000, 0.000000000000000000, -3.919999999999999929 ) ) ;
#7168 = CARTESIAN_POINT ( 'NONE',  ( 2.209415717277479985, -2.195774178512887698, -7.859886189711611237 ) ) ;
#7169 = ORIENTED_EDGE ( 'NONE', *, *, #9837, .T. ) ;
#7170 = VECTOR ( 'NONE', #7691, 1000.000000000000000 ) ;
#7171 = VERTEX_POINT ( 'NONE', #1572 ) ;
#7172 = CARTESIAN_POINT ( 'NONE',  ( 0.4415163173259669671, -0.4770359960578613445, -3.919999999999999929 ) ) ;
#7173 = VERTEX_POINT ( 'NONE', #575 ) ;
#7174 = CARTESIAN_POINT ( 'NONE',  ( -1.878712802364000067, 2.361151398566000204, -7.686566540959000271 ) ) ;
#7175 = AXIS2_PLACEMENT_3D ( 'NONE', #3098, #6349, #9647 ) ;
#7176 = ADVANCED_FACE ( 'NONE', ( #23 ), #4801, .F. ) ;
#7177 = EDGE_CURVE ( 'NONE', #9675, #4989, #8665, .T. ) ;
#7178 = CARTESIAN_POINT ( 'NONE',  ( 0.6454470077100772363, 0.07679948071508978236, -4.070000000000005613 ) ) ;
#7179 = DIRECTION ( 'NONE',  ( 0.5000000000000016653, -0.8660254037844377084, 0.000000000000000000 ) ) ;
#7180 = B_SPLINE_CURVE_WITH_KNOTS ( 'NONE', 3,
 ( #6561, #8900, #4847, #3152 ),
 .UNSPECIFIED., .F., .F.,
 ( 4, 4 ),
 ( 2.034489219220365125E-07, 0.0001528154345930491222 ),
 .UNSPECIFIED. ) ;
#7181 = CARTESIAN_POINT ( 'NONE',  ( 0.1264134477686998104, 0.6375889273060113549, -4.070000000000005613 ) ) ;
#7182 = CYLINDRICAL_SURFACE ( 'NONE', #2464, 2.674999999999999822 ) ;
#7183 = EDGE_LOOP ( 'NONE', ( #9390, #5385, #6169, #6038, #9460, #570, #9734 ) ) ;
#7184 = DIRECTION ( 'NONE',  ( -0.3583679495453118702, 0.9335804264971973021, 0.000000000000000000 ) ) ;
#7185 = ORIENTED_EDGE ( 'NONE', *, *, #1664, .F. ) ;
#7186 = CARTESIAN_POINT ( 'NONE',  ( 0.000000000000000000, 0.000000000000000000, -3.919999999999999929 ) ) ;
#7187 = CARTESIAN_POINT ( 'NONE',  ( -0.1768241090289877915, -0.6254863983062337596, -4.070000000000004725 ) ) ;
#7188 = CARTESIAN_POINT ( 'NONE',  ( -0.6716940394054636831, 0.06672418922078714176, -4.219999999999999751 ) ) ;
#7189 = DIRECTION ( 'NONE',  ( -0.000000000000000000, -0.000000000000000000, -1.000000000000000000 ) ) ;
#7190 = ADVANCED_FACE ( 'NONE', ( #980 ), #280, .T. ) ;
#7191 = EDGE_LOOP ( 'NONE', ( #7035, #5141, #4800, #3896 ) ) ;
#7192 = ORIENTED_EDGE ( 'NONE', *, *, #8543, .F. ) ;
#7193 = CARTESIAN_POINT ( 'NONE',  ( -0.1768241090289877915, -0.6254863983062337596, -3.919999999999999929 ) ) ;
#7194 = ORIENTED_EDGE ( 'NONE', *, *, #3826, .F. ) ;
#7195 = LINE ( 'NONE', #6500, #8652 ) ;
#7196 = CARTESIAN_POINT ( 'NONE',  ( -1.590855498300999926, -2.476125529989000373, -5.355498383615000080 ) ) ;
#7197 = CARTESIAN_POINT ( 'NONE',  ( 1.743321299610000263, 2.660924321528999936, -7.738683970467000073 ) ) ;
#7198 = EDGE_CURVE ( 'NONE', #10011, #294, #7470, .T. ) ;
#7199 = CARTESIAN_POINT ( 'NONE',  ( -2.269728227533000187, 2.429777147574000207, -8.112206079196999653 ) ) ;
#7200 = DIRECTION ( 'NONE',  ( 0.000000000000000000, 0.000000000000000000, -1.000000000000000000 ) ) ;
#7201 = CARTESIAN_POINT ( 'NONE',  ( 2.674999999999999822, -1.310372075087667988E-16, -3.299999999999999822 ) ) ;
#7202 = ORIENTED_EDGE ( 'NONE', *, *, #3312, .F. ) ;
#7203 = CARTESIAN_POINT ( 'NONE',  ( 2.723347374377126595, 0.03079073821988229445, -4.486136446537765998 ) ) ;
#7204 = CARTESIAN_POINT ( 'NONE',  ( -1.099971423735340625, -2.914003037519135475, -7.282638174904209727 ) ) ;
#7205 = CARTESIAN_POINT ( 'NONE',  ( 2.699887333262000144, 0.7975268648469000521, -4.528450760692999566 ) ) ;
#7206 = CARTESIAN_POINT ( 'NONE',  ( -1.037523131846830315, -2.481329283453775236, -6.120248823232184776 ) ) ;
#7207 = DIRECTION ( 'NONE',  ( -0.9135454576426051965, 0.4067366430757904383, 0.000000000000000000 ) ) ;
#7208 = CYLINDRICAL_SURFACE ( 'NONE', #9135, 0.6500000000000000222 ) ;
#7209 = CARTESIAN_POINT ( 'NONE',  ( -2.043397794554990821, 1.154597589590367290, -7.170000000000000817 ) ) ;
#7210 = ORIENTED_EDGE ( 'NONE', *, *, #2382, .F. ) ;
#7211 = EDGE_CURVE ( 'NONE', #4059, #4461, #9843, .T. ) ;
#7212 = DIRECTION ( 'NONE',  ( -1.000000000000000000, 0.000000000000000000, 0.000000000000000000 ) ) ;
#7213 = DIRECTION ( 'NONE',  ( 1.000000000000000000, 0.000000000000000000, 0.000000000000000000 ) ) ;
#7214 = DIRECTION ( 'NONE',  ( 0.000000000000000000, 0.000000000000000000, -1.000000000000000000 ) ) ;
#7215 = VERTEX_POINT ( 'NONE', #1684 ) ;
#7216 = CIRCLE ( 'NONE', #7379, 0.6750000000000000444 ) ;
#7217 = CARTESIAN_POINT ( 'NONE',  ( 0.3614556479571035541, 0.5402312602579660838, -4.070000000000004725 ) ) ;
#7218 = ORIENTED_EDGE ( 'NONE', *, *, #908, .T. ) ;
#7219 = CARTESIAN_POINT ( 'NONE',  ( 1.851754378084000008, -2.382352531402999851, -7.334843701620999745 ) ) ;
#7220 = CARTESIAN_POINT ( 'NONE',  ( 1.624582249220904773, -2.587987632565937446, -7.920546975646595378 ) ) ;
#7221 = DIRECTION ( 'NONE',  ( 1.000000000000000000, 0.000000000000000000, 0.000000000000000000 ) ) ;
#7222 = DIRECTION ( 'NONE',  ( -0.2588190451025172978, -0.9659258262890693114, 0.000000000000000000 ) ) ;
#7223 = VERTEX_POINT ( 'NONE', #9128 ) ;
#7224 = ADVANCED_FACE ( 'NONE', ( #4912 ), #8164, .T. ) ;
#7225 = EDGE_CURVE ( 'NONE', #1602, #4424, #4401, .T. ) ;
#7226 = ORIENTED_EDGE ( 'NONE', *, *, #7969, .F. ) ;
#7227 = CARTESIAN_POINT ( 'NONE',  ( -2.154956041635573971, -0.8730122453922126713, -7.170000000000000817 ) ) ;
#7228 = ORIENTED_EDGE ( 'NONE', *, *, #853, .F. ) ;
#7229 = CARTESIAN_POINT ( 'NONE',  ( 0.5826313872945242389, 0.3408308473997893606, -3.919999999999999929 ) ) ;
#7230 = CARTESIAN_POINT ( 'NONE',  ( 0.3614556479571154335, -0.5402312602579583123, -4.370000000000000107 ) ) ;
#7231 = FACE_OUTER_BOUND ( 'NONE', #8597, .T. ) ;
#7232 = CARTESIAN_POINT ( 'NONE',  ( 0.1648275784904000008, -2.867053868245999837, -8.307858999387999432 ) ) ;
#7233 = AXIS2_PLACEMENT_3D ( 'NONE', #3293, #4877, #3343 ) ;
#7234 = CARTESIAN_POINT ( 'NONE',  ( 0.000000000000000000, 0.000000000000000000, -4.370000000000000107 ) ) ;
#7235 = ORIENTED_EDGE ( 'NONE', *, *, #6126, .T. ) ;
#7236 = VERTEX_POINT ( 'NONE', #4220 ) ;
#7237 = CARTESIAN_POINT ( 'NONE',  ( 2.346438652261211288, 2.059050734318863096, -6.278484201075853477 ) ) ;
#7238 = CARTESIAN_POINT ( 'NONE',  ( -0.5724484814368495655, 0.3251505474397187734, -4.119991299149684316 ) ) ;
#7239 = ORIENTED_EDGE ( 'NONE', *, *, #3455, .T. ) ;
#7240 = CARTESIAN_POINT ( 'NONE',  ( -1.259820775948575999, -1.639317026916268905, -7.170000000000000817 ) ) ;
#7241 = CARTESIAN_POINT ( 'NONE',  ( -0.2537617093437000149, -3.252445372569999993, -5.123111773030999849 ) ) ;
#7242 = PLANE ( 'NONE',  #1551 ) ;
#7243 = CARTESIAN_POINT ( 'NONE',  ( -0.8153477084144118425, 3.033924098460716312, -6.744817228807593601 ) ) ;
#7244 = CARTESIAN_POINT ( 'NONE',  ( 2.054623740950999977, 2.184104693021999832, -7.397901064952000283 ) ) ;
#7245 = VECTOR ( 'NONE', #3026, 1000.000000000000000 ) ;
#7246 = DIRECTION ( 'NONE',  ( 0.000000000000000000, -1.000000000000000000, -0.000000000000000000 ) ) ;
#7247 = ORIENTED_EDGE ( 'NONE', *, *, #4610, .T. ) ;
#7248 = CARTESIAN_POINT ( 'NONE',  ( -2.685273381954699001, 0.4519449094791696542, -4.859169536120657718 ) ) ;
#7249 = CARTESIAN_POINT ( 'NONE',  ( 0.7275267361532369303, -3.029108268045054064, -7.215667155633305185 ) ) ;
#7250 = EDGE_CURVE ( 'NONE', #4357, #6163, #5771, .T. ) ;
#7251 = ADVANCED_FACE ( 'NONE', ( #5383 ), #509, .T. ) ;
#7252 = AXIS2_PLACEMENT_3D ( 'NONE', #9951, #2129, #8670 ) ;
#7253 = FACE_OUTER_BOUND ( 'NONE', #4402, .T. ) ;
#7254 = AXIS2_PLACEMENT_3D ( 'NONE', #7800, #2063, #10263 ) ;
#7255 = CARTESIAN_POINT ( 'NONE',  ( -2.743579212594999817, 0.6310715316248000084, -4.892400295324000226 ) ) ;
#7256 = DIRECTION ( 'NONE',  ( 0.000000000000000000, 0.000000000000000000, -1.000000000000000000 ) ) ;
#7257 = PLANE ( 'NONE',  #9706 ) ;
#7258 = FILL_AREA_STYLE ('',( #7160 ) ) ;
#7259 = ORIENTED_EDGE ( 'NONE', *, *, #4979, .T. ) ;
#7260 = AXIS2_PLACEMENT_3D ( 'NONE', #8551, #3064, #6472 ) ;
#7261 = CARTESIAN_POINT ( 'NONE',  ( 0.000000000000000000, 0.000000000000000000, -4.070000000000005613 ) ) ;
#7262 = DIRECTION ( 'NONE',  ( 0.9135454576426053075, -0.4067366430757904383, 0.000000000000000000 ) ) ;
#7263 = CARTESIAN_POINT ( 'NONE',  ( 0.000000000000000000, 0.000000000000000000, -3.919999999999999929 ) ) ;
#7264 = ORIENTED_EDGE ( 'NONE', *, *, #2320, .T. ) ;
#7265 = AXIS2_PLACEMENT_3D ( 'NONE', #2943, #4734, #6193 ) ;
#7266 = ORIENTED_EDGE ( 'NONE', *, *, #10480, .T. ) ;
#7267 = CIRCLE ( 'NONE', #2853, 0.6750000000000000444 ) ;
#7268 = EDGE_LOOP ( 'NONE', ( #8277, #9862, #3498, #830 ) ) ;
#7269 = CARTESIAN_POINT ( 'NONE',  ( 0.6686202327414728641, -2.889396995648221278, -8.008780746742678147 ) ) ;
#7270 = CARTESIAN_POINT ( 'NONE',  ( 0.07342445647674111786, 0.6542392464464350521, -4.119991299149685204 ) ) ;
#7271 = VECTOR ( 'NONE', #2083, 1000.000000000000000 ) ;
#7272 = SURFACE_SIDE_STYLE ('',( #2236 ) ) ;
#7273 = EDGE_CURVE ( 'NONE', #7223, #7276, #8944, .T. ) ;
#7274 = DIRECTION ( 'NONE',  ( -0.000000000000000000, -0.000000000000000000, -1.000000000000000000 ) ) ;
#7275 = FACE_OUTER_BOUND ( 'NONE', #5506, .T. ) ;
#7276 = VERTEX_POINT ( 'NONE', #5276 ) ;
#7277 = CARTESIAN_POINT ( 'NONE',  ( -2.325000000000000178, -0.2954740692471702901, -7.170000000000000817 ) ) ;
#7278 = ORIENTED_EDGE ( 'NONE', *, *, #6503, .F. ) ;
#7279 = CARTESIAN_POINT ( 'NONE',  ( -0.07679948071507823604, -0.6454470077100785685, -3.919999999999999929 ) ) ;
#7280 = CARTESIAN_POINT ( 'NONE',  ( -0.000000000000000000, 0.000000000000000000, -4.370000000000000107 ) ) ;
#7281 = CARTESIAN_POINT ( 'NONE',  ( 0.6182000847280687550, -0.2710233481495804564, -4.219999999999999751 ) ) ;
#7282 = CARTESIAN_POINT ( 'NONE',  ( -2.721843310611454125, -1.568775327610901771, -5.832880193177500061 ) ) ;
#7283 = ORIENTED_EDGE ( 'NONE', *, *, #2146, .F. ) ;
#7284 = CARTESIAN_POINT ( 'NONE',  ( 0.000000000000000000, -3.500000000000000000, 0.5000000000000000000 ) ) ;
#7285 = DIRECTION ( 'NONE',  ( -1.000000000000000000, 0.000000000000000000, 0.000000000000000000 ) ) ;
#7286 = EDGE_CURVE ( 'NONE', #4642, #3091, #158, .T. ) ;
#7287 = ADVANCED_FACE ( 'NONE', ( #504 ), #6835, .F. ) ;
#7288 = ORIENTED_EDGE ( 'NONE', *, *, #5263, .T. ) ;
#7289 = VECTOR ( 'NONE', #4779, 1000.000000000000000 ) ;
#7290 = EDGE_LOOP ( 'NONE', ( #5193, #9358, #2798, #3701 ) ) ;
#7291 = DIRECTION ( 'NONE',  ( 1.000000000000000000, 0.000000000000000000, 0.000000000000000000 ) ) ;
#7292 = ORIENTED_EDGE ( 'NONE', *, *, #7687, .T. ) ;
#7293 = CARTESIAN_POINT ( 'NONE',  ( 2.735935544836407995, -2.366282754493431865E-06, -4.460932898889213405 ) ) ;
#7294 = CARTESIAN_POINT ( 'NONE',  ( -1.355153969208999998, -2.655310721459999801, -5.961871366637000236 ) ) ;
#7295 = DIRECTION ( 'NONE',  ( -0.000000000000000000, -0.000000000000000000, -1.000000000000000000 ) ) ;
#7296 = CARTESIAN_POINT ( 'NONE',  ( 1.568771577853169008, 2.721845524154038909, -6.833040292810768079 ) ) ;
#7297 = CARTESIAN_POINT ( 'NONE',  ( -0.005542286140967000660, -3.161800293955999930, -7.755053572075000012 ) ) ;
#7298 = EDGE_CURVE ( 'NONE', #1239, #10134, #4233, .T. ) ;
#7299 = DIRECTION ( 'NONE',  ( -0.3090169943749446757, -0.9510565162951543083, 0.000000000000000000 ) ) ;
#7300 = ORIENTED_EDGE ( 'NONE', *, *, #8918, .T. ) ;
#7301 = LINE ( 'NONE', #59, #638 ) ;
#7302 = CARTESIAN_POINT ( 'NONE',  ( -3.052347794064819819, -0.6218654202888614924, -7.396199170288475955 ) ) ;
#7303 =( LENGTH_UNIT ( ) NAMED_UNIT ( * ) SI_UNIT ( .MILLI., .METRE. ) );
#7304 = CIRCLE ( 'NONE', #2718, 0.6500000000000000222 ) ;
#7305 = DIRECTION ( 'NONE',  ( 0.6293203910498446074, -0.7771459614569650176, 0.000000000000000000 ) ) ;
#7306 = B_SPLINE_CURVE_WITH_KNOTS ( 'NONE', 3,
 ( #8989, #5579, #6381, #2442, #2341, #41, #8879, #8830, #8130, #8070 ),
 .UNSPECIFIED., .F., .F.,
 ( 4, 2, 2, 2, 4 ),
 ( 0.000000000000000000, 0.2500000000000000000, 0.5000000000000000000, 0.7500000000000000000, 1.000000000000000000 ),
 .UNSPECIFIED. ) ;
#7307 = DIRECTION ( 'NONE',  ( 0.9986295347545741663, -0.05233595624293896353, -0.000000000000000000 ) ) ;
#7308 = DIRECTION ( 'NONE',  ( -1.000000000000000000, 0.000000000000000000, 0.000000000000000000 ) ) ;
#7309 = FACE_BOUND ( 'NONE', #5103, .T. ) ;
#7310 = DIRECTION ( 'NONE',  ( 0.000000000000000000, 0.000000000000000000, 1.000000000000000000 ) ) ;
#7311 = VERTEX_POINT ( 'NONE', #6883 ) ;
#7312 = VECTOR ( 'NONE', #1691, 1000.000000000000000 ) ;
#7313 = EDGE_CURVE ( 'NONE', #4989, #9675, #1704, .T. ) ;
#7314 = EDGE_CURVE ( 'NONE', #1717, #3291, #10130, .T. ) ;
#7315 = DIRECTION ( 'NONE',  ( -1.000000000000000000, 0.000000000000000000, 0.000000000000000000 ) ) ;
#7316 = FACE_OUTER_BOUND ( 'NONE', #3748, .T. ) ;
#7317 = CARTESIAN_POINT ( 'NONE',  ( 2.925985039458234294, -1.069200153365410966, -7.811273947841649523 ) ) ;
#7318 = EDGE_LOOP ( 'NONE', ( #3318, #8606, #9801, #3328 ) ) ;
#7319 = DIRECTION ( 'NONE',  ( -1.000000000000000000, 0.000000000000000000, 0.000000000000000000 ) ) ;
#7320 = CIRCLE ( 'NONE', #6994, 0.6500000000000000222 ) ;
#7321 = EDGE_LOOP ( 'NONE', ( #4306, #8170, #6734, #5905 ) ) ;
#7322 = CARTESIAN_POINT ( 'NONE',  ( -2.040000000000000036, 3.500000000000000000, 0.4999999999999667488 ) ) ;
#7323 = VERTEX_POINT ( 'NONE', #4470 ) ;
#7324 = CARTESIAN_POINT ( 'NONE',  ( 1.393313184335692956, -2.693081337512690521, -7.942432559874085918 ) ) ;
#7325 = CARTESIAN_POINT ( 'NONE',  ( 0.000000000000000000, 0.000000000000000000, -4.370000000000000107 ) ) ;
#7326 = AXIS2_PLACEMENT_3D ( 'NONE', #10465, #8046, #3848 ) ;
#7327 = CARTESIAN_POINT ( 'NONE',  ( 3.040000000000000036, -3.040000000000000036, 2.450000000000000178 ) ) ;
#7328 = DIRECTION ( 'NONE',  ( -1.000000000000000000, 0.000000000000000000, 0.000000000000000000 ) ) ;
#7329 = EDGE_LOOP ( 'NONE', ( #3732, #7695, #6180, #1055 ) ) ;
#7330 = ORIENTED_EDGE ( 'NONE', *, *, #8946, .F. ) ;
#7331 = CARTESIAN_POINT ( 'NONE',  ( 0.6454470077100789016, -0.07679948071507571028, -3.919999999999999929 ) ) ;
#7332 = ORIENTED_EDGE ( 'NONE', *, *, #6469, .F. ) ;
#7333 = DIRECTION ( 'NONE',  ( -1.000000000000000000, 0.000000000000000000, 0.000000000000000000 ) ) ;
#7334 = CARTESIAN_POINT ( 'NONE',  ( -0.3172521472106138996, -0.5673192003539585526, -4.370000000000000107 ) ) ;
#7335 = DIRECTION ( 'NONE',  ( -0.000000000000000000, -0.000000000000000000, 1.000000000000000000 ) ) ;
#7336 = PLANE ( 'NONE',  #6914 ) ;
#7337 = CARTESIAN_POINT ( 'NONE',  ( -3.500000000000000000, -2.040000000000000036, 0.5000000000000000000 ) ) ;
#7338 = ORIENTED_EDGE ( 'NONE', *, *, #3662, .F. ) ;
#7339 = DIRECTION ( 'NONE',  ( 0.000000000000000000, 0.000000000000000000, 1.000000000000000000 ) ) ;
#7340 = EDGE_CURVE ( 'NONE', #9357, #1040, #3105, .T. ) ;
#7341 = ORIENTED_EDGE ( 'NONE', *, *, #5691, .F. ) ;
#7342 = ORIENTED_EDGE ( 'NONE', *, *, #3754, .F. ) ;
#7343 = CARTESIAN_POINT ( 'NONE',  ( -0.06672418922078492132, -0.6716940394054639052, -4.219999999999999751 ) ) ;
#7344 = DIRECTION ( 'NONE',  ( -1.000000000000000000, 0.000000000000000000, 0.000000000000000000 ) ) ;
#7345 = EDGE_CURVE ( 'NONE', #9055, #10253, #7844, .T. ) ;
#7346 = ORIENTED_EDGE ( 'NONE', *, *, #5859, .T. ) ;
#7347 = CARTESIAN_POINT ( 'NONE',  ( -1.032418909760344672, -1.791262096126227998, -7.169999999999999929 ) ) ;
#7348 = CARTESIAN_POINT ( 'NONE',  ( 0.7983335110715999994, 2.998265995625000180, -4.879086955204000375 ) ) ;
#7349 = CARTESIAN_POINT ( 'NONE',  ( 0.000000000000000000, 0.000000000000000000, -4.070000000000005613 ) ) ;
#7350 = B_SPLINE_CURVE_WITH_KNOTS ( 'NONE', 3,
 ( #6069, #324, #6926, #10179 ),
 .UNSPECIFIED., .F., .F.,
 ( 4, 4 ),
 ( 1.453632650572456634E-06, 0.0001540656183206032107 ),
 .UNSPECIFIED. ) ;
#7351 = FACE_OUTER_BOUND ( 'NONE', #9109, .T. ) ;
#7352 =( GEOMETRIC_REPRESENTATION_CONTEXT ( 3 ) GLOBAL_UNCERTAINTY_ASSIGNED_CONTEXT ( ( #1261 ) ) GLOBAL_UNIT_ASSIGNED_CONTEXT ( ( #8750, #8649, #4739 ) ) REPRESENTATION_CONTEXT ( 'NONE', 'WORKASPACE' ) );
#7353 = CARTESIAN_POINT ( 'NONE',  ( 1.431126234813000053, 2.819377371015999945, -6.748635054059000993 ) ) ;
#7354 = VERTEX_POINT ( 'NONE', #10305 ) ;
#7355 = CARTESIAN_POINT ( 'NONE',  ( -0.5221405368133797964, -0.4277782834789956579, -4.370000000000000107 ) ) ;
#7356 = CARTESIAN_POINT ( 'NONE',  ( -2.206971533076348191, -2.204627324969305135, -7.330609805931711520 ) ) ;
#7357 = CARTESIAN_POINT ( 'NONE',  ( -2.325000000000000178, 6.003304284507175047E-11, -7.169999999999999929 ) ) ;
#7358 = FACE_OUTER_BOUND ( 'NONE', #4573, .T. ) ;
#7359 = CARTESIAN_POINT ( 'NONE',  ( -2.049999999999999822, 2.510525938252073693E-16, -6.950000000000000178 ) ) ;
#7360 = CARTESIAN_POINT ( 'NONE',  ( 0.3614556479571154335, -0.5402312602579583123, -4.070000000000005613 ) ) ;
#7361 = EDGE_CURVE ( 'NONE', #9313, #5279, #9446, .T. ) ;
#7362 = EDGE_CURVE ( 'NONE', #4339, #6104, #1246, .T. ) ;
#7363 = CARTESIAN_POINT ( 'NONE',  ( 2.046589589804743703, 1.108970980405645124, -7.169999999999999929 ) ) ;
#7364 = ORIENTED_EDGE ( 'NONE', *, *, #4803, .T. ) ;
#7365 = CARTESIAN_POINT ( 'NONE',  ( 2.721844669111132209, -1.568772993942259886, -7.009501195809334284 ) ) ;
#7366 = CARTESIAN_POINT ( 'NONE',  ( 0.000000000000000000, 0.000000000000000000, -3.919999999999999929 ) ) ;
#7367 = CARTESIAN_POINT ( 'NONE',  ( 2.274014566071649757, 1.745890847689755887, -8.132165900517682289 ) ) ;
#7368 = B_SPLINE_CURVE_WITH_KNOTS ( 'NONE', 3,
 ( #8029, #6294, #9596, #1554 ),
 .UNSPECIFIED., .F., .F.,
 ( 4, 4 ),
 ( 1.086223446153478348E-06, 0.0001536982091184087513 ),
 .UNSPECIFIED. ) ;
#7369 = B_SPLINE_CURVE_WITH_KNOTS ( 'NONE', 3,
 ( #6054, #2079, #8294, #9950 ),
 .UNSPECIFIED., .F., .F.,
 ( 4, 4 ),
 ( 1.086223446153478348E-06, 0.0001536982091184087513 ),
 .UNSPECIFIED. ) ;
#7370 = CARTESIAN_POINT ( 'NONE',  ( -0.3330083229362763575, 0.5775513805099530273, -4.169991741848313893 ) ) ;
#7371 = EDGE_CURVE ( 'NONE', #9910, #5201, #1189, .T. ) ;
#7372 = VERTEX_POINT ( 'NONE', #9240 ) ;
#7373 = ORIENTED_EDGE ( 'NONE', *, *, #7313, .F. ) ;
#7374 = LINE ( 'NONE', #4756, #7772 ) ;
#7375 = ORIENTED_EDGE ( 'NONE', *, *, #8733, .F. ) ;
#7376 = LINE ( 'NONE', #3229, #4885 ) ;
#7377 = DIRECTION ( 'NONE',  ( 0.1045284632676549003, -0.9945218953682732899, -0.000000000000000000 ) ) ;
#7378 = DIRECTION ( 'NONE',  ( 0.000000000000000000, 0.000000000000000000, -1.000000000000000000 ) ) ;
#7379 = AXIS2_PLACEMENT_3D ( 'NONE', #8443, #360, #6044 ) ;
#7380 = DIRECTION ( 'NONE',  ( 0.9659258262890693114, -0.2588190451025172978, 0.000000000000000000 ) ) ;
#7381 = CARTESIAN_POINT ( 'NONE',  ( 0.000000000000000000, 0.000000000000000000, -4.370000000000000107 ) ) ;
#7382 = ADVANCED_FACE ( 'NONE', ( #7789 ), #7060, .T. ) ;
#7383 = ORIENTED_EDGE ( 'NONE', *, *, #9452, .F. ) ;
#7384 = ORIENTED_EDGE ( 'NONE', *, *, #8917, .T. ) ;
#7385 = LINE ( 'NONE', #1707, #2030 ) ;
#7386 = CARTESIAN_POINT ( 'NONE',  ( 0.000000000000000000, 0.000000000000000000, -3.919999999999999929 ) ) ;
#7387 = CARTESIAN_POINT ( 'NONE',  ( 0.000000000000000000, 0.000000000000000000, -3.919999999999999929 ) ) ;
#7388 = CARTESIAN_POINT ( 'NONE',  ( -2.093915658759000209, -1.690752291766000059, -8.273941843301999555 ) ) ;
#7389 = CYLINDRICAL_SURFACE ( 'NONE', #6106, 0.6500000000000000222 ) ;
#7390 = VERTEX_POINT ( 'NONE', #265 ) ;
#7391 = DIRECTION ( 'NONE',  ( -0.000000000000000000, -0.000000000000000000, -1.000000000000000000 ) ) ;
#7392 = DIRECTION ( 'NONE',  ( 0.000000000000000000, 0.000000000000000000, 1.000000000000000000 ) ) ;
#7393 = VERTEX_POINT ( 'NONE', #7719 ) ;
#7394 = VERTEX_POINT ( 'NONE', #4510 ) ;
#7395 = DIRECTION ( 'NONE',  ( -0.000000000000000000, -0.000000000000000000, -1.000000000000000000 ) ) ;
#7396 = CYLINDRICAL_SURFACE ( 'NONE', #9307, 0.6500000000000000222 ) ;
#7397 = ORIENTED_EDGE ( 'NONE', *, *, #8586, .T. ) ;
#7398 = CARTESIAN_POINT ( 'NONE',  ( 0.5365831629365248601, -1.996643987170046763, -7.169999999999999929 ) ) ;
#7399 = CARTESIAN_POINT ( 'NONE',  ( -1.848320342770999991, 2.081287644277999949, -4.945219047425999825 ) ) ;
#7400 = CARTESIAN_POINT ( 'NONE',  ( 0.6375889273060080242, 0.1264134477687159364, -4.370000000000000107 ) ) ;
#7401 = CARTESIAN_POINT ( 'NONE',  ( -3.033926197513661549, 0.8153398977589635388, -6.627186476803360371 ) ) ;
#7402 = CARTESIAN_POINT ( 'NONE',  ( -2.203746341991000168, 2.489779805888000297, -6.703220153974999818 ) ) ;
#7403 = AXIS2_PLACEMENT_3D ( 'NONE', #4114, #9771, #5773 ) ;
#7404 = EDGE_LOOP ( 'NONE', ( #9329, #1250, #1359, #1649 ) ) ;
#7405 = LINE ( 'NONE', #3208, #5215 ) ;
#7406 = CARTESIAN_POINT ( 'NONE',  ( -2.938505797570459155, -1.033638704184445922, -7.381088393466334274 ) ) ;
#7407 = APPLICATION_PROTOCOL_DEFINITION ( 'draft international standard', 'automotive_design', 1998, #3051 ) ;
#7408 = EDGE_CURVE ( 'NONE', #4571, #1218, #6124, .T. ) ;
#7409 = CARTESIAN_POINT ( 'NONE',  ( 0.2385594966419834206, -0.6225347434767857235, -4.169991741848313893 ) ) ;
#7410 = EDGE_CURVE ( 'NONE', #3013, #8289, #9184, .T. ) ;
#7411 = CARTESIAN_POINT ( 'NONE',  ( -0.4770359960578659519, 0.4415163173259620266, -3.919999999999999929 ) ) ;
#7412 = CARTESIAN_POINT ( 'NONE',  ( 0.000000000000000000, 0.000000000000000000, -4.370000000000000107 ) ) ;
#7413 = DIRECTION ( 'NONE',  ( 0.000000000000000000, 0.000000000000000000, 1.000000000000000000 ) ) ;
#7414 = CARTESIAN_POINT ( 'NONE',  ( 2.040000000000000036, -2.770000000000000018, 0.000000000000000000 ) ) ;
#7415 = CARTESIAN_POINT ( 'NONE',  ( 0.6495145696682953496, 0.02511620569690256599, -4.070000000000005613 ) ) ;
#7416 = AXIS2_PLACEMENT_3D ( 'NONE', #1433, #5415, #7129 ) ;
#7417 = ORIENTED_EDGE ( 'NONE', *, *, #6455, .T. ) ;
#7418 = EDGE_CURVE ( 'NONE', #5944, #6282, #6177, .T. ) ;
#7419 = DIRECTION ( 'NONE',  ( -0.000000000000000000, -0.000000000000000000, -1.000000000000000000 ) ) ;
#7420 = EDGE_CURVE ( 'NONE', #7595, #3515, #2058, .T. ) ;
#7421 = VECTOR ( 'NONE', #8881, 1000.000000000000000 ) ;
#7422 = CARTESIAN_POINT ( 'NONE',  ( 1.939192092737892059, 1.490275795879475451, -9.099999999932609995 ) ) ;
#7423 = CIRCLE ( 'NONE', #8785, 0.6500000000000000222 ) ;
#7424 = DIRECTION ( 'NONE',  ( 0.000000000000000000, 0.000000000000000000, 1.000000000000000000 ) ) ;
#7425 = CARTESIAN_POINT ( 'NONE',  ( 3.299999999999999822, 3.299999999999999822, -1.336000000000000076 ) ) ;
#7426 = FACE_OUTER_BOUND ( 'NONE', #1264, .T. ) ;
#7427 = ORIENTED_EDGE ( 'NONE', *, *, #9879, .F. ) ;
#7428 = CARTESIAN_POINT ( 'NONE',  ( -1.902127776275154947, 2.475292159393700508, -6.816057907061223275 ) ) ;
#7429 = CARTESIAN_POINT ( 'NONE',  ( -0.8539630693763583524, -2.590965360510817828, -5.505898312906923664 ) ) ;
#7430 = VECTOR ( 'NONE', #3957, 999.9999999999998863 ) ;
#7431 = CARTESIAN_POINT ( 'NONE',  ( -0.09184055581224739861, 2.701069970825741073, -7.231212800072414737 ) ) ;
#7432 = AXIS2_PLACEMENT_3D ( 'NONE', #2577, #5870, #5070 ) ;
#7433 = ORIENTED_EDGE ( 'NONE', *, *, #8760, .F. ) ;
#7434 = CARTESIAN_POINT ( 'NONE',  ( 2.675000000067484063, 0.000000000000000000, -8.299999999962892616 ) ) ;
#7435 = ADVANCED_BREP_SHAPE_REPRESENTATION ( '', ( #1987, #9235 ), #4993 ) ;
#7436 = EDGE_CURVE ( 'NONE', #9050, #2325, #7350, .T. ) ;
#7437 = DIRECTION ( 'NONE',  ( 0.000000000000000000, 0.000000000000000000, 1.000000000000000000 ) ) ;
#7438 = VECTOR ( 'NONE', #9068, 1000.000000000000000 ) ;
#7439 = AXIS2_PLACEMENT_3D ( 'NONE', #9053, #7938, #157 ) ;
#7440 = CARTESIAN_POINT ( 'NONE',  ( -0.8804744069440001430, 2.673993820349000128, -5.667027039467000371 ) ) ;
#7441 = EDGE_LOOP ( 'NONE', ( #603, #9252 ) ) ;
#7442 = ORIENTED_EDGE ( 'NONE', *, *, #4417, .F. ) ;
#7443 = DIRECTION ( 'NONE',  ( 1.000000000000000000, 0.000000000000000000, 0.000000000000000000 ) ) ;
#7444 = CARTESIAN_POINT ( 'NONE',  ( 0.3408308473997875843, -0.5826313872945253491, -4.370000000000000107 ) ) ;
#7445 = CARTESIAN_POINT ( 'NONE',  ( 0.6716940394054646823, -0.06672418922078220127, -3.919999999999999929 ) ) ;
#7446 = DIRECTION ( 'NONE',  ( 0.5446390350150352999, -0.8386705679454187212, 0.000000000000000000 ) ) ;
#7447 = ORIENTED_EDGE ( 'NONE', *, *, #4356, .T. ) ;
#7448 = CARTESIAN_POINT ( 'NONE',  ( 0.000000000000000000, 0.000000000000000000, -6.950000000000000178 ) ) ;
#7449 = AXIS2_PLACEMENT_3D ( 'NONE', #8671, #1387, #5470 ) ;
#7450 = AXIS2_PLACEMENT_3D ( 'NONE', #4759, #4122, #4923 ) ;
#7451 = DIRECTION ( 'NONE',  ( 0.000000000000000000, -1.000000000000000000, -0.000000000000000000 ) ) ;
#7452 = ADVANCED_FACE ( 'NONE', ( #2042 ), #5604, .T. ) ;
#7453 = EDGE_LOOP ( 'NONE', ( #2268, #6797, #6605, #645 ) ) ;
#7454 = CARTESIAN_POINT ( 'NONE',  ( 0.000000000000000000, 0.000000000000000000, -3.919999999999999929 ) ) ;
#7455 = B_SPLINE_CURVE_WITH_KNOTS ( 'NONE', 3,
 ( #4974, #8276, #187, #3480, #1045, #9199 ),
 .UNSPECIFIED., .F., .F.,
 ( 4, 2, 4 ),
 ( 0.000000000000000000, 0.5000000000000000000, 1.000000000000000000 ),
 .UNSPECIFIED. ) ;
#7456 = ORIENTED_EDGE ( 'NONE', *, *, #4941, .F. ) ;
#7457 = CARTESIAN_POINT ( 'NONE',  ( 0.000000000000000000, 0.000000000000000000, -9.099999999999999645 ) ) ;
#7458 = CARTESIAN_POINT ( 'NONE',  ( 2.941136661991000434, 0.9882562982399001328, -4.989923300779000037 ) ) ;
#7459 = PLANE ( 'NONE',  #547 ) ;
#7460 = CARTESIAN_POINT ( 'NONE',  ( -2.721846870388652473, 1.568769242110766848, -6.656594164804414682 ) ) ;
#7461 = CARTESIAN_POINT ( 'NONE',  ( -2.721140619140999917, 1.610094887697000265, -7.285391597001000363 ) ) ;
#7462 = B_SPLINE_CURVE_WITH_KNOTS ( 'NONE', 3,
 ( #8427, #3738, #2894, #7683 ),
 .UNSPECIFIED., .F., .F.,
 ( 4, 4 ),
 ( 2.034489219669594872E-07, 0.0001528154345933389565 ),
 .UNSPECIFIED. ) ;
#7463 = ORIENTED_EDGE ( 'NONE', *, *, #4764, .T. ) ;
#7464 = DIRECTION ( 'NONE',  ( 1.000000000000000000, 0.000000000000000000, 0.000000000000000000 ) ) ;
#7465 = FACE_OUTER_BOUND ( 'NONE', #2349, .T. ) ;
#7466 = SURFACE_STYLE_USAGE ( .BOTH. , #6008 ) ;
#7467 = B_SPLINE_CURVE_WITH_KNOTS ( 'NONE', 3,
 ( #5560, #182, #9194, #9932, #7367, #7479, #8968, #3477, #1091, #9886, #3378, #1745, #3433, #4275, #4223, #4321, #2477, #1850 ),
 .UNSPECIFIED., .F., .F.,
 ( 4, 2, 2, 2, 2, 2, 2, 2, 4 ),
 ( 0.000000000000000000, 0.1250000000000000000, 0.2500000000000000000, 0.3750000000000001110, 0.5000000000000001110, 0.6250000000000001110, 0.7500000000000001110, 0.8750000000000001110, 1.000000000000000000 ),
 .UNSPECIFIED. ) ;
#7468 = CARTESIAN_POINT ( 'NONE',  ( -0.4439538136245868016, -0.4861328560876026494, -4.119991299149685204 ) ) ;
#7469 = CARTESIAN_POINT ( 'NONE',  ( -0.6254863983062319832, -0.1768241090289946471, -3.919999999999999929 ) ) ;
#7470 = CIRCLE ( 'NONE', #6629, 0.6750000000000000444 ) ;
#7471 = LINE ( 'NONE', #2520, #296 ) ;
#7472 = CARTESIAN_POINT ( 'NONE',  ( 2.107160169512482639, 0.9843337750354834714, -7.169999999999999041 ) ) ;
#7473 = VERTEX_POINT ( 'NONE', #488 ) ;
#7474 = DIRECTION ( 'NONE',  ( 0.000000000000000000, 0.000000000000000000, -1.000000000000000000 ) ) ;
#7475 = EDGE_CURVE ( 'NONE', #4251, #4126, #3720, .T. ) ;
#7476 = CARTESIAN_POINT ( 'NONE',  ( 3.033924902573374549, -0.8153445865622672706, -6.980086120312168241 ) ) ;
#7477 = AXIS2_PLACEMENT_3D ( 'NONE', #7089, #1599, #3825 ) ;
#7478 = CARTESIAN_POINT ( 'NONE',  ( -0.6350000000000000089, 7.776507174585692903E-17, -11.16999999999999993 ) ) ;
#7479 = CARTESIAN_POINT ( 'NONE',  ( 1.758653581631596241, 2.286922180984410691, -8.113545140797542743 ) ) ;
#7480 = VERTEX_POINT ( 'NONE', #2930 ) ;
#7481 = DIRECTION ( 'NONE',  ( 0.5446390350150291937, -0.8386705679454226070, -0.000000000000000000 ) ) ;
#7482 = CARTESIAN_POINT ( 'NONE',  ( -0.2052145932347717860, 3.114862740839869470, -6.882260100824505678 ) ) ;
#7483 = B_SPLINE_CURVE_WITH_KNOTS ( 'NONE', 3,
 ( #5724, #6580, #8915, #1753, #4921, #4064 ),
 .UNSPECIFIED., .F., .F.,
 ( 4, 2, 4 ),
 ( 0.000000000000000000, 0.5000000000000000000, 1.000000000000000000 ),
 .UNSPECIFIED. ) ;
#7484 = EDGE_CURVE ( 'NONE', #2834, #5588, #5091, .T. ) ;
#7485 = CARTESIAN_POINT ( 'NONE',  ( -1.865209743929999942, -1.933920359048000082, -8.289867902651000264 ) ) ;
#7486 = EDGE_CURVE ( 'NONE', #8297, #1931, #3506, .T. ) ;
#7487 = AXIS2_PLACEMENT_3D ( 'NONE', #8550, #6799, #1265 ) ;
#7488 = ORIENTED_EDGE ( 'NONE', *, *, #4552, .T. ) ;
#7489 = CARTESIAN_POINT ( 'NONE',  ( 0.2710233481495782359, 0.6182000847280696432, -4.219999999999999751 ) ) ;
#7490 = CIRCLE ( 'NONE', #6651, 2.049999999999999822 ) ;
#7491 = CARTESIAN_POINT ( 'NONE',  ( -0.5947228146336001053, -2.751687291604000052, -5.420413850411000212 ) ) ;
#7492 = EDGE_LOOP ( 'NONE', ( #6809, #5035, #9957, #6727 ) ) ;
#7493 = EDGE_LOOP ( 'NONE', ( #907, #9127, #7123, #4240, #7940, #7559, #3458, #10180 ) ) ;
#7494 = EDGE_CURVE ( 'NONE', #10419, #2054, #1180, .T. ) ;
#7495 = DIRECTION ( 'NONE',  ( 0.000000000000000000, 0.000000000000000000, 1.000000000000000000 ) ) ;
#7496 = CARTESIAN_POINT ( 'NONE',  ( -0.06696603032266000566, 2.870947771042999808, -7.158990473994999881 ) ) ;
#7497 = CARTESIAN_POINT ( 'NONE',  ( 2.682795825839999981, 1.024417898972999952, -7.976377520199019244 ) ) ;
#7498 = ORIENTED_EDGE ( 'NONE', *, *, #6211, .F. ) ;
#7499 = PRESENTATION_LAYER_ASSIGNMENT (  '', '', ( #8858 ) ) ;
#7500 = PLANE ( 'NONE',  #5746 ) ;
#7501 = DIRECTION ( 'NONE',  ( -0.9335804264971998556, -0.3583679495453051533, 0.000000000000000000 ) ) ;
#7502 = CARTESIAN_POINT ( 'NONE',  ( -0.4415163173259636364, 0.4770359960578644531, -4.070000000000004725 ) ) ;
#7503 = VERTEX_POINT ( 'NONE', #7666 ) ;
#7504 = ORIENTED_EDGE ( 'NONE', *, *, #5474, .T. ) ;
#7505 = AXIS2_PLACEMENT_3D ( 'NONE', #648, #597, #5491 ) ;
#7506 = LINE ( 'NONE', #3457, #1181 ) ;
#7507 = SHAPE_REPRESENTATION ( 'RP SMA29 JACK Pin_д╛хо', ( #9235 ), #4993 ) ;
#7508 = ORIENTED_EDGE ( 'NONE', *, *, #8404, .F. ) ;
#7509 = DIRECTION ( 'NONE',  ( -0.000000000000000000, -0.000000000000000000, -1.000000000000000000 ) ) ;
#7510 = EDGE_CURVE ( 'NONE', #9479, #7826, #8628, .T. ) ;
#7511 = CARTESIAN_POINT ( 'NONE',  ( 2.122720904787000151, 2.262960745543999952, -4.934505127992000695 ) ) ;
#7512 = CARTESIAN_POINT ( 'NONE',  ( 3.500000000000000000, 0.000000000000000000, 0.5000000000000000000 ) ) ;
#7513 = CARTESIAN_POINT ( 'NONE',  ( 2.540000000000000036, 3.040000000000000036, 2.450000000000000178 ) ) ;
#7514 = CARTESIAN_POINT ( 'NONE',  ( -3.318418300485999950, -0.2087648062547000083, -7.307071264784999798 ) ) ;
#7515 = VERTEX_POINT ( 'NONE', #1125 ) ;
#7516 = CARTESIAN_POINT ( 'NONE',  ( 0.6088855764286537076, 0.2715115008446787881, -4.169991741848314781 ) ) ;
#7517 = CARTESIAN_POINT ( 'NONE',  ( -2.940921096480375585, -1.026743491552953857, -7.381350508970295543 ) ) ;
#7518 = CARTESIAN_POINT ( 'NONE',  ( 0.4073227212251255835, 3.094963482931284204, -6.197929396731139740 ) ) ;
#7519 = CARTESIAN_POINT ( 'NONE',  ( 2.040000000000000036, 3.500000000000000000, 0.5000000000000000000 ) ) ;
#7520 = CARTESIAN_POINT ( 'NONE',  ( -0.2245979712142722462, -0.6099637295171187468, -4.370000000000000107 ) ) ;
#7521 = FACE_OUTER_BOUND ( 'NONE', #1922, .T. ) ;
#7522 = ADVANCED_FACE ( 'NONE', ( #4353 ), #7617, .T. ) ;
#7523 = CARTESIAN_POINT ( 'NONE',  ( 3.299999999999999822, 3.500000000000000000, -0.4000000000000000222 ) ) ;
#7524 = CARTESIAN_POINT ( 'NONE',  ( -0.6495145696682954606, -0.02511620569689803142, -4.070000000000004725 ) ) ;
#7525 = ORIENTED_EDGE ( 'NONE', *, *, #4600, .F. ) ;
#7526 = CARTESIAN_POINT ( 'NONE',  ( -2.982412075706999843, -0.9096557964653000372, -5.074172748685000123 ) ) ;
#7527 = CARTESIAN_POINT ( 'NONE',  ( 2.721844839192583354, -1.568772675502002611, -5.597548420331500019 ) ) ;
#7528 = ORIENTED_EDGE ( 'NONE', *, *, #4109, .F. ) ;
#7529 = DIRECTION ( 'NONE',  ( -0.7771459614569694585, -0.6293203910498393894, 0.000000000000000000 ) ) ;
#7530 = FACE_OUTER_BOUND ( 'NONE', #3187, .T. ) ;
#7531 = DIRECTION ( 'NONE',  ( -1.000000000000000000, 0.000000000000000000, 0.000000000000000000 ) ) ;
#7532 = CARTESIAN_POINT ( 'NONE',  ( -1.037504401265376686, -2.481314831961899170, -6.220488523715757445 ) ) ;
#7533 = DIRECTION ( 'NONE',  ( -0.000000000000000000, 1.000000000000000000, 0.000000000000000000 ) ) ;
#7534 = ADVANCED_FACE ( 'NONE', ( #8885 ), #5428, .T. ) ;
#7535 = CARTESIAN_POINT ( 'NONE',  ( -1.638426990413772044, 2.179753380247699823, -5.750338102580355937 ) ) ;
#7536 = EDGE_LOOP ( 'NONE', ( #5651, #6182, #2188, #850 ) ) ;
#7537 = CARTESIAN_POINT ( 'NONE',  ( 0.4770359960578690606, -0.4415163173259586404, -4.370000000000000107 ) ) ;
#7538 = CARTESIAN_POINT ( 'NONE',  ( -1.946841232025870561, -1.855517588331888623, -8.285061183889972369 ) ) ;
#7539 = CARTESIAN_POINT ( 'NONE',  ( 2.759315164274000143, -0.5582711925323999846, -6.041882755261999804 ) ) ;
#7540 = EDGE_LOOP ( 'NONE', ( #9615, #9375, #1161, #4239 ) ) ;
#7541 = EDGE_CURVE ( 'NONE', #1998, #2479, #1444, .T. ) ;
#7542 = ORIENTED_EDGE ( 'NONE', *, *, #140, .T. ) ;
#7543 = CARTESIAN_POINT ( 'NONE',  ( -0.06696603032266000566, 2.870947771042999808, -7.112140470304000317 ) ) ;
#7544 = CARTESIAN_POINT ( 'NONE',  ( -2.736715364825999863, -0.8703763703022999731, -6.217763323506700246 ) ) ;
#7545 = EDGE_LOOP ( 'NONE', ( #3678, #9827, #8786, #3225 ) ) ;
#7546 = CARTESIAN_POINT ( 'NONE',  ( 0.000000000000000000, 0.000000000000000000, -3.919999999999999929 ) ) ;
#7547 = DIRECTION ( 'NONE',  ( 1.000000000000000000, 0.000000000000000000, 0.000000000000000000 ) ) ;
#7548 = PLANE ( 'NONE',  #4206 ) ;
#7549 = EDGE_CURVE ( 'NONE', #10307, #3066, #7976, .T. ) ;
#7550 = ORIENTED_EDGE ( 'NONE', *, *, #8478, .F. ) ;
#7551 = ADVANCED_FACE ( 'NONE', ( #5745 ), #8138, .T. ) ;
#7552 = ORIENTED_EDGE ( 'NONE', *, *, #2645, .F. ) ;
#7553 = CARTESIAN_POINT ( 'NONE',  ( 2.209415717277479985, -2.195774178512887698, -7.859886189711611237 ) ) ;
#7554 = ORIENTED_EDGE ( 'NONE', *, *, #10217, .F. ) ;
#7555 = DIRECTION ( 'NONE',  ( 0.000000000000000000, 0.000000000000000000, -1.000000000000000000 ) ) ;
#7556 = CARTESIAN_POINT ( 'NONE',  ( -1.328843550786000138, -2.803767164478999874, -4.546577918478999614 ) ) ;
#7557 = DIRECTION ( 'NONE',  ( -1.000000000000000000, 0.000000000000000000, 0.000000000000000000 ) ) ;
#7558 = CARTESIAN_POINT ( 'NONE',  ( -2.747896668540000586, 0.6991530841199999902, -6.369802879150999964 ) ) ;
#7559 = ORIENTED_EDGE ( 'NONE', *, *, #4177, .F. ) ;
#7560 = CARTESIAN_POINT ( 'NONE',  ( -3.019950646663688509, -7.799862604040538931E-06, -7.955111133881714203 ) ) ;
#7561 = VECTOR ( 'NONE', #3212, 1000.000000000000000 ) ;
#7562 = CARTESIAN_POINT ( 'NONE',  ( -0.4073142825296700020, 3.095051163871511690, -6.168527357671494293 ) ) ;
#7563 = CARTESIAN_POINT ( 'NONE',  ( 0.1264134477686998104, 0.6375889273060113549, -4.370000000000000107 ) ) ;
#7564 = DIRECTION ( 'NONE',  ( 0.7071067811865512365, -0.7071067811865436870, 0.000000000000000000 ) ) ;
#7565 = CARTESIAN_POINT ( 'NONE',  ( -1.568774887707397703, 2.721843601934909707, -6.009378876754201571 ) ) ;
#7566 = LINE ( 'NONE', #9237, #10155 ) ;
#7567 = DIRECTION ( 'NONE',  ( 0.000000000000000000, 0.000000000000000000, 1.000000000000000000 ) ) ;
#7568 = ORIENTED_EDGE ( 'NONE', *, *, #4862, .T. ) ;
#7569 = DIRECTION ( 'NONE',  ( 0.000000000000000000, -1.000000000000000000, 0.000000000000000000 ) ) ;
#7570 = B_SPLINE_CURVE_WITH_KNOTS ( 'NONE', 3,
 ( #4323, #7370, #3381, #5718 ),
 .UNSPECIFIED., .F., .F.,
 ( 4, 4 ),
 ( 2.034489219220365125E-07, 0.0001528154345930491222 ),
 .UNSPECIFIED. ) ;
#7571 = CARTESIAN_POINT ( 'NONE',  ( 0.8964957790544999527, -2.986394275090999972, -4.898168230322999861 ) ) ;
#7572 = DIRECTION ( 'NONE',  ( -0.000000000000000000, -0.000000000000000000, -1.000000000000000000 ) ) ;
#7573 = ORIENTED_EDGE ( 'NONE', *, *, #8056, .F. ) ;
#7574 = EDGE_CURVE ( 'NONE', #5992, #9059, #5690, .T. ) ;
#7575 = EDGE_CURVE ( 'NONE', #3927, #3835, #6602, .T. ) ;
#7576 = CARTESIAN_POINT ( 'NONE',  ( -0.4254240051736176143, 3.250000000000000000, -1.300000000000000266 ) ) ;
#7577 = CARTESIAN_POINT ( 'NONE',  ( 0.000000000000000000, 0.000000000000000000, -7.263399999999999856 ) ) ;
#7578 = ORIENTED_EDGE ( 'NONE', *, *, #2429, .F. ) ;
#7579 = DIRECTION ( 'NONE',  ( 0.9945218953682731788, 0.1045284632676548864, -0.000000000000000000 ) ) ;
#7580 = CARTESIAN_POINT ( 'NONE',  ( 0.5826313872945314554, -0.3408308473997770371, -4.220000000000000639 ) ) ;
#7581 = DIRECTION ( 'NONE',  ( -0.4067366430758090901, 0.9135454576425969808, -0.000000000000000000 ) ) ;
#7582 = CARTESIAN_POINT ( 'NONE',  ( 1.545318508771105215, 2.711585380522774091, -4.833390751844862443 ) ) ;
#7583 = CARTESIAN_POINT ( 'NONE',  ( -0.8973755951602108150, -3.009732718485926384, -5.041836426710312402 ) ) ;
#7584 = ORIENTED_EDGE ( 'NONE', *, *, #6655, .T. ) ;
#7585 = ORIENTED_EDGE ( 'NONE', *, *, #4840, .T. ) ;
#7586 = CARTESIAN_POINT ( 'NONE',  ( 3.299999999999999822, 3.500000000000000000, 0.5000000000000000000 ) ) ;
#7587 = DIRECTION ( 'NONE',  ( 0.000000000000000000, 0.000000000000000000, 1.000000000000000000 ) ) ;
#7588 = VECTOR ( 'NONE', #4452, 1000.000000000000000 ) ;
#7589 = CARTESIAN_POINT ( 'NONE',  ( -0.1264134477687089697, 0.6375889273060096896, -4.370000000000000107 ) ) ;
#7590 = ORIENTED_EDGE ( 'NONE', *, *, #1210, .T. ) ;
#7591 = CARTESIAN_POINT ( 'NONE',  ( -2.096751086634999872, 1.878593375804000098, -5.655086541561000324 ) ) ;
#7592 = VECTOR ( 'NONE', #7501, 1000.000000000000114 ) ;
#7593 = VERTEX_POINT ( 'NONE', #852 ) ;
#7594 = AXIS2_PLACEMENT_3D ( 'NONE', #2353, #8837, #744 ) ;
#7595 = VERTEX_POINT ( 'NONE', #4939 ) ;
#7596 = CARTESIAN_POINT ( 'NONE',  ( -2.765647453554000545, 0.7733173587900999957, -7.815447024316999780 ) ) ;
#7597 = DIRECTION ( 'NONE',  ( -0.000000000000000000, -0.000000000000000000, -1.000000000000000000 ) ) ;
#7598 = VERTEX_POINT ( 'NONE', #8191 ) ;
#7599 = CARTESIAN_POINT ( 'NONE',  ( -3.040000000000000036, -2.540000000000000036, 4.400000000000000355 ) ) ;
#7600 = CARTESIAN_POINT ( 'NONE',  ( 1.914788697227001624, 2.491455603422921161, -5.435921263831358097 ) ) ;
#7601 = AXIS2_PLACEMENT_3D ( 'NONE', #4646, #3853, #4696 ) ;
#7602 = CARTESIAN_POINT ( 'NONE',  ( -3.039999999999999591, -2.040000000000000036, 0.5000000000000000000 ) ) ;
#7603 = VECTOR ( 'NONE', #4216, 1000.000000000000000 ) ;
#7604 = EDGE_CURVE ( 'NONE', #703, #6104, #8156, .T. ) ;
#7605 = ORIENTED_EDGE ( 'NONE', *, *, #4415, .F. ) ;
#7606 = EDGE_LOOP ( 'NONE', ( #2191, #6818, #10296, #3534 ) ) ;
#7607 = CARTESIAN_POINT ( 'NONE',  ( 0.000000000000000000, 0.000000000000000000, -4.070000000000005613 ) ) ;
#7608 = EDGE_LOOP ( 'NONE', ( #8489, #2430, #3478, #3611 ) ) ;
#7609 = DIRECTION ( 'NONE',  ( -1.000000000000000000, 0.000000000000000000, 0.000000000000000000 ) ) ;
#7610 = AXIS2_PLACEMENT_3D ( 'NONE', #8326, #25, #1038 ) ;
#7611 = CARTESIAN_POINT ( 'NONE',  ( 0.2245979712142682494, 0.6099637295171203011, -4.070000000000005613 ) ) ;
#7612 = CIRCLE ( 'NONE', #5564, 0.6750000000000000444 ) ;
#7613 = PLANE ( 'NONE',  #6746 ) ;
#7614 = B_SPLINE_CURVE_WITH_KNOTS ( 'NONE', 3,
 ( #3986, #6454, #7718, #9328 ),
 .UNSPECIFIED., .F., .F.,
 ( 4, 4 ),
 ( 1.288069082848327714E-06, 0.0001539000547539754154 ),
 .UNSPECIFIED. ) ;
#7615 = ADVANCED_FACE ( 'NONE', ( #4450 ), #7654, .T. ) ;
#7616 = EDGE_CURVE ( 'NONE', #4005, #9592, #6340, .T. ) ;
#7617 = CYLINDRICAL_SURFACE ( 'NONE', #6362, 0.6750000000000000444 ) ;
#7618 = VERTEX_POINT ( 'NONE', #368 ) ;
#7619 = AXIS2_PLACEMENT_3D ( 'NONE', #8151, #1064, #1012 ) ;
#7620 = CARTESIAN_POINT ( 'NONE',  ( 0.5667860579744000704, 2.739204418247000117, -5.835861944751999708 ) ) ;
#7621 = CARTESIAN_POINT ( 'NONE',  ( 0.5221405368133860136, -0.4277782834789880528, -4.370000000000000107 ) ) ;
#7622 = CARTESIAN_POINT ( 'NONE',  ( 0.7983310472888305309, -2.970616663812407410, -3.300000000024283953 ) ) ;
#7623 = VERTEX_POINT ( 'NONE', #6974 ) ;
#7624 = DIRECTION ( 'NONE',  ( 1.000000000000000000, 0.000000000000000000, 0.000000000000000000 ) ) ;
#7625 = ORIENTED_EDGE ( 'NONE', *, *, #4193, .T. ) ;
#7626 = EDGE_CURVE ( 'NONE', #10215, #3355, #5957, .T. ) ;
#7627 = CIRCLE ( 'NONE', #4039, 0.6750000000000000444 ) ;
#7628 = CARTESIAN_POINT ( 'NONE',  ( 0.000000000000000000, 0.000000000000000000, -4.370000000000000107 ) ) ;
#7629 = CARTESIAN_POINT ( 'NONE',  ( 2.033239624840000204, -1.921047232670000104, -4.662498489002000923 ) ) ;
#7630 = CARTESIAN_POINT ( 'NONE',  ( 0.1264134477687134384, -0.6375889273060085793, -4.370000000000000107 ) ) ;
#7631 = VERTEX_POINT ( 'NONE', #2758 ) ;
#7632 = CARTESIAN_POINT ( 'NONE',  ( 0.000000000000000000, 0.000000000000000000, 0.000000000000000000 ) ) ;
#7633 = CARTESIAN_POINT ( 'NONE',  ( 3.098163498304048691, -0.3256572044662881527, -7.077472085370894561 ) ) ;
#7634 = AXIS2_PLACEMENT_3D ( 'NONE', #1932, #5151, #8406 ) ;
#7635 = CARTESIAN_POINT ( 'NONE',  ( -0.2245979712142722462, -0.6099637295171187468, -4.070000000000004725 ) ) ;
#7636 = DIRECTION ( 'NONE',  ( 0.000000000000000000, 0.000000000000000000, 1.000000000000000000 ) ) ;
#7637 = CARTESIAN_POINT ( 'NONE',  ( -2.515943331209766320, -1.879462032335302402, -5.113845161390409011 ) ) ;
#7638 = UNCERTAINTY_MEASURE_WITH_UNIT (LENGTH_MEASURE( 1.000000000000000082E-05 ), #3922, 'distance_accuracy_value', 'NONE');
#7639 = ORIENTED_EDGE ( 'NONE', *, *, #189, .T. ) ;
#7640 = EDGE_CURVE ( 'NONE', #8789, #576, #1168, .T. ) ;
#7641 = ADVANCED_FACE ( 'NONE', ( #3605 ), #419, .F. ) ;
#7642 = ORIENTED_EDGE ( 'NONE', *, *, #409, .T. ) ;
#7643 = CIRCLE ( 'NONE', #8149, 2.324999999984811438 ) ;
#7644 = DIRECTION ( 'NONE',  ( -0.000000000000000000, -0.000000000000000000, -1.000000000000000000 ) ) ;
#7645 = CARTESIAN_POINT ( 'NONE',  ( -0.5107053896536003501, -0.4020945224431241583, -4.070000000000004725 ) ) ;
#7646 = ORIENTED_EDGE ( 'NONE', *, *, #3059, .F. ) ;
#7647 = CARTESIAN_POINT ( 'NONE',  ( 2.759315164274000143, -0.5582711925323999846, -5.995155080380000001 ) ) ;
#7648 = CIRCLE ( 'NONE', #1888, 0.1499999999999982181 ) ;
#7649 = ORIENTED_EDGE ( 'NONE', *, *, #5331, .T. ) ;
#7650 = CARTESIAN_POINT ( 'NONE',  ( -1.600956317492000069, -2.384064684799000133, -7.627907884891000911 ) ) ;
#7651 = CARTESIAN_POINT ( 'NONE',  ( -1.236800996231897765, -2.397957317278835099, -6.129372731866945756 ) ) ;
#7652 = ORIENTED_EDGE ( 'NONE', *, *, #6126, .F. ) ;
#7653 = DIRECTION ( 'NONE',  ( -1.000000000000000000, 0.000000000000000000, 0.000000000000000000 ) ) ;
#7654 = CYLINDRICAL_SURFACE ( 'NONE', #5779, 0.6500000000000000222 ) ;
#7655 = CIRCLE ( 'NONE', #8840, 0.6500000000000000222 ) ;
#7656 = CARTESIAN_POINT ( 'NONE',  ( 0.1768241090289836837, 0.6254863983062348698, -3.919999999999999929 ) ) ;
#7657 = VERTEX_POINT ( 'NONE', #2864 ) ;
#7658 = CYLINDRICAL_SURFACE ( 'NONE', #9519, 0.6750000000000000444 ) ;
#7659 = ORIENTED_EDGE ( 'NONE', *, *, #9419, .T. ) ;
#7660 = LINE ( 'NONE', #1123, #6606 ) ;
#7661 = VECTOR ( 'NONE', #2726, 1000.000000000000000 ) ;
#7662 = CARTESIAN_POINT ( 'NONE',  ( 0.2385594966419704310, 0.6225347434767907195, -4.169991741848314781 ) ) ;
#7663 = CARTESIAN_POINT ( 'NONE',  ( 3.114876957059974139, 7.761044967070198765E-06, -7.656944606398631947 ) ) ;
#7664 = ADVANCED_FACE ( 'NONE', ( #6862 ), #7759, .F. ) ;
#7665 = CARTESIAN_POINT ( 'NONE',  ( 0.6629862630698569737, -0.07006679138115451400, -4.169991741848313893 ) ) ;
#7666 = CARTESIAN_POINT ( 'NONE',  ( 0.3408308473997874732, -0.5826313872945251271, -4.219999999999999751 ) ) ;
#7667 = ORIENTED_EDGE ( 'NONE', *, *, #349, .F. ) ;
#7668 = AXIS2_PLACEMENT_3D ( 'NONE', #2219, #6257, #9297 ) ;
#7669 = CARTESIAN_POINT ( 'NONE',  ( 2.741678411236000201, -0.5547028828014000101, -6.011866463113999970 ) ) ;
#7670 = EDGE_CURVE ( 'NONE', #4660, #5978, #1226, .T. ) ;
#7671 = CARTESIAN_POINT ( 'NONE',  ( -3.015710411897897902, 0.8061587928636806399, -6.036397518680525209 ) ) ;
#7672 = DIRECTION ( 'NONE',  ( -1.000000000000000000, 0.000000000000000000, 0.000000000000000000 ) ) ;
#7673 = CARTESIAN_POINT ( 'NONE',  ( 3.049999999984011279, -2.361430832935120434E-16, -3.300000000014570389 ) ) ;
#7674 = VERTEX_POINT ( 'NONE', #4398 ) ;
#7675 = DIRECTION ( 'NONE',  ( -1.000000000000000000, 0.000000000000000000, 0.000000000000000000 ) ) ;
#7676 = CARTESIAN_POINT ( 'NONE',  ( 2.674999999999999822, -0.3501566811813630054, -3.299999999999999378 ) ) ;
#7677 = EDGE_LOOP ( 'NONE', ( #10219, #7417, #1533, #7192, #9685, #8711, #7977, #6191, #7239 ) ) ;
#7678 = AXIS2_PLACEMENT_3D ( 'NONE', #5809, #1666, #7557 ) ;
#7679 = DIRECTION ( 'NONE',  ( -0.9510565162951575280, 0.3090169943749349613, 0.000000000000000000 ) ) ;
#7680 = CARTESIAN_POINT ( 'NONE',  ( -2.361883740826079325, 0.6347386195458296632, -9.099999999932606443 ) ) ;
#7681 = CARTESIAN_POINT ( 'NONE',  ( 0.8513810100869000363, -2.664514507843999791, -5.425184735239000133 ) ) ;
#7682 = VERTEX_POINT ( 'NONE', #6165 ) ;
#7683 = CARTESIAN_POINT ( 'NONE',  ( 0.02511620569689576241, -0.6495145696682955716, -4.070000000000005613 ) ) ;
#7684 = ADVANCED_FACE ( 'NONE', ( #5303 ), #3548, .F. ) ;
#7685 = CARTESIAN_POINT ( 'NONE',  ( 2.515722181483053266, -1.836379610106575910, -7.136367375328584117 ) ) ;
#7686 = DIRECTION ( 'NONE',  ( 0.000000000000000000, 0.000000000000000000, 1.000000000000000000 ) ) ;
#7687 = EDGE_CURVE ( 'NONE', #4863, #4613, #8672, .T. ) ;
#7688 = ADVANCED_FACE ( 'NONE', ( #10005 ), #2709, .T. ) ;
#7689 = CARTESIAN_POINT ( 'NONE',  ( -0.6254863983062332045, 0.1768241090289901785, -4.370000000000000107 ) ) ;
#7690 = PLANE ( 'NONE',  #179 ) ;
#7691 = DIRECTION ( 'NONE',  ( 0.000000000000000000, 0.000000000000000000, 1.000000000000000000 ) ) ;
#7692 = CARTESIAN_POINT ( 'NONE',  ( 0.3408308473997749832, 0.5826313872945324546, -3.919999999999999929 ) ) ;
#7693 = ORIENTED_EDGE ( 'NONE', *, *, #3175, .F. ) ;
#7694 = CARTESIAN_POINT ( 'NONE',  ( 1.905422073930999938, -2.339628922803000055, -8.038289380294999731 ) ) ;
#7695 = ORIENTED_EDGE ( 'NONE', *, *, #9017, .T. ) ;
#7696 = AXIS2_PLACEMENT_3D ( 'NONE', #4224, #9196, #4167 ) ;
#7697 = CARTESIAN_POINT ( 'NONE',  ( 3.404397331752656797, -3.478445380721962188, 0.4999999999998999134 ) ) ;
#7698 = DIRECTION ( 'NONE',  ( -0.000000000000000000, -0.000000000000000000, -1.000000000000000000 ) ) ;
#7699 = VERTEX_POINT ( 'NONE', #5569 ) ;
#7700 = ADVANCED_FACE ( 'NONE', ( #530 ), #3919, .F. ) ;
#7701 = EDGE_CURVE ( 'NONE', #210, #7972, #7073, .T. ) ;
#7702 = CARTESIAN_POINT ( 'NONE',  ( 2.685407225028999978, 0.8450243859295000215, -5.279196509023999617 ) ) ;
#7703 = VERTEX_POINT ( 'NONE', #10476 ) ;
#7704 = CARTESIAN_POINT ( 'NONE',  ( -0.6182000847280668676, 0.2710233481495848973, -4.219999999999999751 ) ) ;
#7705 = CARTESIAN_POINT ( 'NONE',  ( -2.747354809272999798, 0.8359827181592001111, -7.018301338258999600 ) ) ;
#7706 = CARTESIAN_POINT ( 'NONE',  ( -0.1264134477687045288, -0.6375889273060103557, -4.370000000000000107 ) ) ;
#7707 = ORIENTED_EDGE ( 'NONE', *, *, #4118, .F. ) ;
#7708 = DIRECTION ( 'NONE',  ( -1.047444401652940007E-14, 1.000000000000000000, 0.000000000000000000 ) ) ;
#7709 = CARTESIAN_POINT ( 'NONE',  ( -3.034283693800446269, 0.8152747429162031656, -5.215273586395354322 ) ) ;
#7710 = CARTESIAN_POINT ( 'NONE',  ( -3.114926364599339248, -6.070556684458046565E-06, -5.891798313444852830 ) ) ;
#7711 = ORIENTED_EDGE ( 'NONE', *, *, #6347, .F. ) ;
#7712 = EDGE_CURVE ( 'NONE', #8350, #2650, #3764, .T. ) ;
#7713 = CARTESIAN_POINT ( 'NONE',  ( -0.6350000000000000089, 7.776507174585692903E-17, -4.370000000000000107 ) ) ;
#7714 = VERTEX_POINT ( 'NONE', #4655 ) ;
#7715 = DIRECTION ( 'NONE',  ( -1.000000000000000000, 0.000000000000000000, 0.000000000000000000 ) ) ;
#7716 = PLANE ( 'NONE',  #8475 ) ;
#7717 = CARTESIAN_POINT ( 'NONE',  ( 0.000000000000000000, 0.000000000000000000, -3.919999999999999929 ) ) ;
#7718 = CARTESIAN_POINT ( 'NONE',  ( -0.3330083229362723052, -0.5775513805099555809, -4.169991741848314781 ) ) ;
#7719 = CARTESIAN_POINT ( 'NONE',  ( 0.3643944005386686724, -0.5681916233596413512, -4.370000000000000107 ) ) ;
#7720 = ORIENTED_EDGE ( 'NONE', *, *, #8213, .T. ) ;
#7721 = CARTESIAN_POINT ( 'NONE',  ( 3.213358539805000191, -0.6501343258201000008, -6.277368815912000244 ) ) ;
#7722 = CLOSED_SHELL ( 'NONE', ( #2607, #765, #9054, #3597, #4029, #1968 ) ) ;
#7723 = CARTESIAN_POINT ( 'NONE',  ( 0.5041923985042274792, -0.4487928534307946693, -4.370000000000000107 ) ) ;
#7724 = CARTESIAN_POINT ( 'NONE',  ( -2.490963693591139894, 1.914311134300311634, -5.965254224361489221 ) ) ;
#7725 = ORIENTED_EDGE ( 'NONE', *, *, #7120, .T. ) ;
#7726 = LINE ( 'NONE', #3787, #4013 ) ;
#7727 = CARTESIAN_POINT ( 'NONE',  ( -0.3501566811813623947, -2.674999999999999822, -3.300000000000000266 ) ) ;
#7728 = EDGE_LOOP ( 'NONE', ( #2933, #1870, #610, #1719 ) ) ;
#7729 = DIRECTION ( 'NONE',  ( -0.000000000000000000, -0.000000000000000000, -1.000000000000000000 ) ) ;
#7730 = CIRCLE ( 'NONE', #256, 0.6499999999999999112 ) ;
#7731 = CARTESIAN_POINT ( 'NONE',  ( -2.675543875548000106, -0.8160589258961999937, -4.897171180151000947 ) ) ;
#7732 = DIRECTION ( 'NONE',  ( -1.000000000000000000, 0.000000000000000000, 0.000000000000000000 ) ) ;
#7733 = ORIENTED_EDGE ( 'NONE', *, *, #5263, .F. ) ;
#7734 = CARTESIAN_POINT ( 'NONE',  ( 0.3172521472106099583, 0.5673192003539606620, -4.070000000000004725 ) ) ;
#7735 = EDGE_CURVE ( 'NONE', #654, #6639, #10386, .T. ) ;
#7736 = CARTESIAN_POINT ( 'NONE',  ( 2.149826143876983231, -2.254091474031015174, -7.156830720549481661 ) ) ;
#7737 = FILL_AREA_STYLE_COLOUR ( '', #209 ) ;
#7738 = CYLINDRICAL_SURFACE ( 'NONE', #3920, 0.6500000000000000222 ) ;
#7739 = CARTESIAN_POINT ( 'NONE',  ( 0.000000000000000000, 0.000000000000000000, -3.919999999999999929 ) ) ;
#7740 = AXIS2_PLACEMENT_3D ( 'NONE', #5479, #5524, #736 ) ;
#7741 = LINE ( 'NONE', #7692, #4006 ) ;
#7742 = PRODUCT_DEFINITION_CONTEXT ( 'detailed design', #8495, 'design' ) ;
#7743 = ORIENTED_EDGE ( 'NONE', *, *, #10301, .T. ) ;
#7744 = CARTESIAN_POINT ( 'NONE',  ( 3.073175344047999857, -0.8217668819086999532, -7.879373106200999288 ) ) ;
#7745 = ORIENTED_EDGE ( 'NONE', *, *, #2759, .F. ) ;
#7746 = EDGE_CURVE ( 'NONE', #714, #113, #5512, .T. ) ;
#7747 = EDGE_CURVE ( 'NONE', #7777, #10095, #10279, .T. ) ;
#7748 = CARTESIAN_POINT ( 'NONE',  ( -0.6350000000000000089, 7.776507174585692903E-17, -3.980000000000009752 ) ) ;
#7749 = PLANE ( 'NONE',  #8963 ) ;
#7750 = VECTOR ( 'NONE', #4916, 1000.000000000000000 ) ;
#7751 = ORIENTED_EDGE ( 'NONE', *, *, #5455, .T. ) ;
#7752 = CARTESIAN_POINT ( 'NONE',  ( 1.906165913473000018, 2.071716604022999952, -5.173800661355000052 ) ) ;
#7753 = VERTEX_POINT ( 'NONE', #2126 ) ;
#7754 = CARTESIAN_POINT ( 'NONE',  ( 2.550283531556115868, 0.9668623102383663293, -4.546942214958114903 ) ) ;
#7755 = CARTESIAN_POINT ( 'NONE',  ( -2.716161560210000214, -0.9323582641634000634, -6.994806774081999912 ) ) ;
#7756 = ORIENTED_EDGE ( 'NONE', *, *, #6455, .F. ) ;
#7757 = EDGE_CURVE ( 'NONE', #5072, #2746, #2235, .T. ) ;
#7758 = DIRECTION ( 'NONE',  ( 0.6293203910498419429, -0.7771459614569672381, 0.000000000000000000 ) ) ;
#7759 = PLANE ( 'NONE',  #9015 ) ;
#7760 = CARTESIAN_POINT ( 'NONE',  ( 0.000000000000000000, 0.000000000000000000, -4.070000000000005613 ) ) ;
#7761 = VECTOR ( 'NONE', #8682, 1000.000000000000000 ) ;
#7762 = AXIS2_PLACEMENT_3D ( 'NONE', #9612, #2316, #3111 ) ;
#7763 = DIRECTION ( 'NONE',  ( 0.000000000000000000, 0.000000000000000000, 1.000000000000000000 ) ) ;
#7764 = ORIENTED_EDGE ( 'NONE', *, *, #7640, .F. ) ;
#7765 = CARTESIAN_POINT ( 'NONE',  ( -3.068800038320930845, -0.6146048310337123288, -5.984863888507581997 ) ) ;
#7766 = CARTESIAN_POINT ( 'NONE',  ( -2.950686512791974359, -0.3874515982467364172, -4.675280484169839212 ) ) ;
#7767 = CARTESIAN_POINT ( 'NONE',  ( 1.675658015577080828, 2.119871092225918741, -8.016125766802502994 ) ) ;
#7768 = LINE ( 'NONE', #5207, #8356 ) ;
#7769 = CARTESIAN_POINT ( 'NONE',  ( -2.055573717053753580, -2.349485215996437226, -6.617108939906235499 ) ) ;
#7770 = EDGE_CURVE ( 'NONE', #4170, #3013, #6274, .T. ) ;
#7771 = ADVANCED_FACE ( 'NONE', ( #3121 ), #5468, .F. ) ;
#7772 = VECTOR ( 'NONE', #5672, 1000.000000000000000 ) ;
#7773 = DIRECTION ( 'NONE',  ( 0.000000000000000000, 0.000000000000000000, 1.000000000000000000 ) ) ;
#7774 = AXIS2_PLACEMENT_3D ( 'NONE', #4024, #8884, #9051 ) ;
#7775 = ORIENTED_EDGE ( 'NONE', *, *, #4118, .T. ) ;
#7776 = CARTESIAN_POINT ( 'NONE',  ( -2.090891931339999843, -2.313098867712000128, -5.719522649347999810 ) ) ;
#7777 = VERTEX_POINT ( 'NONE', #1536 ) ;
#7778 = CIRCLE ( 'NONE', #9995, 0.6750000000000000444 ) ;
#7779 = AXIS2_PLACEMENT_3D ( 'NONE', #5956, #254, #2862 ) ;
#7780 = CARTESIAN_POINT ( 'NONE',  ( -0.4020945224431188292, -0.5107053896536045690, -4.070000000000005613 ) ) ;
#7781 = CARTESIAN_POINT ( 'NONE',  ( -0.5681916233596454591, 0.3643944005386624552, -3.919999999999999929 ) ) ;
#7782 = ORIENTED_EDGE ( 'NONE', *, *, #8467, .T. ) ;
#7783 = CARTESIAN_POINT ( 'NONE',  ( -2.258046552907105653, 2.159198611983565552, -7.504553854552997727 ) ) ;
#7784 = DIRECTION ( 'NONE',  ( -0.000000000000000000, -0.000000000000000000, -1.000000000000000000 ) ) ;
#7785 = CARTESIAN_POINT ( 'NONE',  ( 3.033924952335850911, 0.8153443395747049793, -7.627406571222000942 ) ) ;
#7786 = DIRECTION ( 'NONE',  ( -0.000000000000000000, -0.000000000000000000, -1.000000000000000000 ) ) ;
#7787 = EDGE_LOOP ( 'NONE', ( #5238, #5473, #10129, #8460 ) ) ;
#7788 = CARTESIAN_POINT ( 'NONE',  ( 0.1679176089016361784, 2.696964966892309246, -7.241965032493456356 ) ) ;
#7789 = FACE_OUTER_BOUND ( 'NONE', #4634, .T. ) ;
#7790 = CARTESIAN_POINT ( 'NONE',  ( -0.6347386195458504243, 2.361883740826059341, -9.099999999932608219 ) ) ;
#7791 = STYLED_ITEM ( 'NONE', ( #6483 ), #5471 ) ;
#7792 = VECTOR ( 'NONE', #9249, 1000.000000000000000 ) ;
#7793 = DIRECTION ( 'NONE',  ( -1.000000000000000000, 0.000000000000000000, 0.000000000000000000 ) ) ;
#7794 = CARTESIAN_POINT ( 'NONE',  ( 1.997276839918473934, 2.598917237794086343, -1.300000000000000266 ) ) ;
#7795 = CARTESIAN_POINT ( 'NONE',  ( -0.5589154282082282599, 0.3634194331410975365, -4.169991741848313893 ) ) ;
#7796 = CARTESIAN_POINT ( 'NONE',  ( -1.923581357947000026, 2.533677853588999884, -6.894549156054999628 ) ) ;
#7797 = PLANE ( 'NONE',  #9268 ) ;
#7798 = DIRECTION ( 'NONE',  ( -0.9986295347545744994, 0.05233595624293242016, -0.000000000000000000 ) ) ;
#7799 = VECTOR ( 'NONE', #8557, 1000.000000000000000 ) ;
#7800 = CARTESIAN_POINT ( 'NONE',  ( 0.000000000000000000, 0.000000000000000000, -6.950000000000000178 ) ) ;
#7801 = CARTESIAN_POINT ( 'NONE',  ( 2.701479714730179449, 1.564096041595817166, -7.006536679455517280 ) ) ;
#7802 = CARTESIAN_POINT ( 'NONE',  ( -0.6375889273060100226, 0.1264134477687066382, -4.370000000000000107 ) ) ;
#7803 = ORIENTED_EDGE ( 'NONE', *, *, #9123, .T. ) ;
#7804 = EDGE_CURVE ( 'NONE', #7173, #10210, #9515, .T. ) ;
#7805 = ORIENTED_EDGE ( 'NONE', *, *, #3921, .F. ) ;
#7806 = LINE ( 'NONE', #8759, #6123 ) ;
#7807 = CARTESIAN_POINT ( 'NONE',  ( 2.735935544836407995, -2.366282754493431865E-06, -4.460932898889213405 ) ) ;
#7808 = VECTOR ( 'NONE', #7581, 1000.000000000000000 ) ;
#7809 = DIRECTION ( 'NONE',  ( -0.000000000000000000, -0.000000000000000000, -1.000000000000000000 ) ) ;
#7810 = ORIENTED_EDGE ( 'NONE', *, *, #3204, .T. ) ;
#7811 = CARTESIAN_POINT ( 'NONE',  ( -2.063290991665999830, 1.915282867169999959, -4.997796142992999791 ) ) ;
#7812 = ADVANCED_FACE ( 'NONE', ( #4123 ), #8121, .F. ) ;
#7813 = VERTEX_POINT ( 'NONE', #5783 ) ;
#7814 = LINE ( 'NONE', #526, #3877 ) ;
#7815 = AXIS2_PLACEMENT_3D ( 'NONE', #7001, #8583, #6192 ) ;
#7816 = CARTESIAN_POINT ( 'NONE',  ( -1.140027393769000197, -2.452483574887000195, -6.104660870653000337 ) ) ;
#7817 = ORIENTED_EDGE ( 'NONE', *, *, #5013, .F. ) ;
#7818 = CARTESIAN_POINT ( 'NONE',  ( -0.1709788014541384626, -0.6529864083220313642, -4.370000000000000107 ) ) ;
#7819 = CARTESIAN_POINT ( 'NONE',  ( 0.000000000000000000, 0.000000000000000000, -4.370000000000000107 ) ) ;
#7820 = CARTESIAN_POINT ( 'NONE',  ( 0.000000000000000000, -0.000000000000000000, -4.370000000000000107 ) ) ;
#7821 = AXIS2_PLACEMENT_3D ( 'NONE', #955, #8997, #7285 ) ;
#7822 = CARTESIAN_POINT ( 'NONE',  ( -3.404397331752656797, 3.478445380721962188, -1.300000000000000266 ) ) ;
#7823 = ORIENTED_EDGE ( 'NONE', *, *, #4888, .T. ) ;
#7824 = ADVANCED_FACE ( 'NONE', ( #10538 ), #6482, .T. ) ;
#7825 = LINE ( 'NONE', #10172, #5417 ) ;
#7826 = VERTEX_POINT ( 'NONE', #4980 ) ;
#7827 = CARTESIAN_POINT ( 'NONE',  ( -0.2245979712142767426, 0.6099637295171173035, -4.070000000000006501 ) ) ;
#7828 = CARTESIAN_POINT ( 'NONE',  ( -0.004040741025930402394, 2.702707102077253065, -7.940860139855938193 ) ) ;
#7829 = DIRECTION ( 'NONE',  ( -0.000000000000000000, -0.000000000000000000, -1.000000000000000000 ) ) ;
#7830 = CARTESIAN_POINT ( 'NONE',  ( -1.001041255649009143, -2.956814620479452316, -6.572423137109086433 ) ) ;
#7831 = AXIS2_PLACEMENT_3D ( 'NONE', #9085, #3528, #1799 ) ;
#7832 = CARTESIAN_POINT ( 'NONE',  ( -2.681398052141017896, -0.3289197312567731513, -6.338777509129269738 ) ) ;
#7833 = ORIENTED_EDGE ( 'NONE', *, *, #5590, .F. ) ;
#7834 = ORIENTED_EDGE ( 'NONE', *, *, #2281, .F. ) ;
#7835 = CIRCLE ( 'NONE', #2399, 0.6750000000000000444 ) ;
#7836 = EDGE_CURVE ( 'NONE', #1239, #2118, #3230, .T. ) ;
#7837 = CARTESIAN_POINT ( 'NONE',  ( -0.6088855764286555949, -0.2715115008446748468, -4.169991741848314781 ) ) ;
#7838 = VERTEX_POINT ( 'NONE', #5676 ) ;
#7839 = CARTESIAN_POINT ( 'NONE',  ( 3.106850063489495106, 0.2969670566065467643, -7.760763408299436783 ) ) ;
#7840 = LINE ( 'NONE', #9394, #9989 ) ;
#7841 = CARTESIAN_POINT ( 'NONE',  ( 0.1768241090289836837, 0.6254863983062348698, -4.070000000000004725 ) ) ;
#7842 = CARTESIAN_POINT ( 'NONE',  ( 0.4020945224431149989, 0.5107053896536076776, -4.070000000000005613 ) ) ;
#7843 = VERTEX_POINT ( 'NONE', #2591 ) ;
#7844 = LINE ( 'NONE', #2830, #2051 ) ;
#7845 = CARTESIAN_POINT ( 'NONE',  ( 2.990311409215999916, 0.8833160012773999537, -4.722163711960999599 ) ) ;
#7846 = EDGE_LOOP ( 'NONE', ( #5927, #79, #7488, #1851 ) ) ;
#7847 = CARTESIAN_POINT ( 'NONE',  ( -0.6453839172401748536, -2.645873602583626027, -6.102613168062777760 ) ) ;
#7848 = CARTESIAN_POINT ( 'NONE',  ( 2.957822384608904454, -0.9770325479805845870, -7.101920370720297804 ) ) ;
#7849 = SURFACE_SIDE_STYLE ('',( #3210 ) ) ;
#7850 = EDGE_CURVE ( 'NONE', #3524, #214, #4924, .T. ) ;
#7851 = CARTESIAN_POINT ( 'NONE',  ( 0.03998689225537999797, -3.344669994300999871, -6.524599178357999740 ) ) ;
#7852 = CARTESIAN_POINT ( 'NONE',  ( 0.6454470077100772363, 0.07679948071508978236, -4.370000000000000107 ) ) ;
#7853 = CARTESIAN_POINT ( 'NONE',  ( 0.2724947409330398806, -0.5901242379057441978, -4.370000000000000107 ) ) ;
#7854 = LINE ( 'NONE', #3746, #8008 ) ;
#7855 = ORIENTED_EDGE ( 'NONE', *, *, #9475, .T. ) ;
#7856 = DIRECTION ( 'NONE',  ( -0.000000000000000000, -0.000000000000000000, -1.000000000000000000 ) ) ;
#7857 = ORIENTED_EDGE ( 'NONE', *, *, #2892, .T. ) ;
#7858 = EDGE_CURVE ( 'NONE', #2405, #210, #6710, .T. ) ;
#7859 = ORIENTED_EDGE ( 'NONE', *, *, #6530, .F. ) ;
#7860 = DIRECTION ( 'NONE',  ( -1.000000000000000000, 0.000000000000000000, -0.000000000000000000 ) ) ;
#7861 = CARTESIAN_POINT ( 'NONE',  ( -0.7247808835750999545, -2.589618726813000205, -6.133268610996000625 ) ) ;
#7862 = ORIENTED_EDGE ( 'NONE', *, *, #8986, .F. ) ;
#7863 = LINE ( 'NONE', #6371, #9996 ) ;
#7864 = DIRECTION ( 'NONE',  ( 0.000000000000000000, 0.000000000000000000, 1.000000000000000000 ) ) ;
#7865 = CARTESIAN_POINT ( 'NONE',  ( -0.6347386195458508684, -2.361883740826058897, -9.099999999932606443 ) ) ;
#7866 = CARTESIAN_POINT ( 'NONE',  ( 0.6716940394054629060, 0.06672418922079689785, -4.220000000000000639 ) ) ;
#7867 = EDGE_CURVE ( 'NONE', #8576, #5150, #1531, .T. ) ;
#7868 = DIRECTION ( 'NONE',  ( 0.000000000000000000, 0.000000000000000000, 1.000000000000000000 ) ) ;
#7869 = ORIENTED_EDGE ( 'NONE', *, *, #5291, .F. ) ;
#7870 = ORIENTED_EDGE ( 'NONE', *, *, #9567, .F. ) ;
#7871 = CARTESIAN_POINT ( 'NONE',  ( 0.000000000000000000, 0.000000000000000000, -3.919999999999999929 ) ) ;
#7872 = VERTEX_POINT ( 'NONE', #9091 ) ;
#7873 = CARTESIAN_POINT ( 'NONE',  ( 2.735935544836407995, -2.366282754493431865E-06, -4.460932898889213405 ) ) ;
#7874 = CARTESIAN_POINT ( 'NONE',  ( -0.6225347434767883881, 0.2385594966419768426, -4.169991741848314781 ) ) ;
#7875 = CARTESIAN_POINT ( 'NONE',  ( 0.000000000000000000, 0.000000000000000000, -3.919999999999999929 ) ) ;
#7876 = LINE ( 'NONE', #3880, #7761 ) ;
#7877 = DIRECTION ( 'NONE',  ( 0.000000000000000000, 0.000000000000000000, -1.000000000000000000 ) ) ;
#7878 = EDGE_CURVE ( 'NONE', #8939, #1962, #4238, .T. ) ;
#7879 = EDGE_CURVE ( 'NONE', #3394, #4613, #9036, .T. ) ;
#7880 = ORIENTED_EDGE ( 'NONE', *, *, #267, .F. ) ;
#7881 = ORIENTED_EDGE ( 'NONE', *, *, #9780, .T. ) ;
#7882 = CARTESIAN_POINT ( 'NONE',  ( 0.06672418922079427495, -0.6716940394054631280, -4.370000000000000107 ) ) ;
#7883 = ORIENTED_EDGE ( 'NONE', *, *, #7418, .F. ) ;
#7884 = CARTESIAN_POINT ( 'NONE',  ( -2.713141795627000086, -1.505256447332000258, -5.322432337503999911 ) ) ;
#7885 = CARTESIAN_POINT ( 'NONE',  ( 0.000000000000000000, 0.000000000000000000, -4.370000000000000107 ) ) ;
#7886 = ORIENTED_EDGE ( 'NONE', *, *, #8493, .F. ) ;
#7887 = CARTESIAN_POINT ( 'NONE',  ( -2.046954219333999792, 2.191294324985999964, -7.934657607892000364 ) ) ;
#7888 = EDGE_CURVE ( 'NONE', #5221, #5310, #1767, .T. ) ;
#7889 = EDGE_CURVE ( 'NONE', #6520, #10134, #2485, .T. ) ;
#7890 = CARTESIAN_POINT ( 'NONE',  ( 1.930017936499000220, 2.024756107446000097, -4.486493970639999773 ) ) ;
#7891 = VERTEX_POINT ( 'NONE', #8179 ) ;
#7892 = CARTESIAN_POINT ( 'NONE',  ( 2.305452114279899600, 1.449069956496963574, -5.836160961217691678 ) ) ;
#7893 = AXIS2_PLACEMENT_3D ( 'NONE', #6092, #5336, #1309 ) ;
#7894 = CARTESIAN_POINT ( 'NONE',  ( -1.094597949571372908, -2.916021813742239122, -7.282427845588029136 ) ) ;
#7895 = CARTESIAN_POINT ( 'NONE',  ( 0.03802917641168999940, -3.180918497517999821, -6.613170884584000042 ) ) ;
#7896 = DIRECTION ( 'NONE',  ( -1.000000000000000000, 0.000000000000000000, 0.000000000000000000 ) ) ;
#7897 = CARTESIAN_POINT ( 'NONE',  ( 2.491341649539198233, 1.914570005749931081, -5.580412962110777642 ) ) ;
#7898 = DIRECTION ( 'NONE',  ( -0.000000000000000000, -0.000000000000000000, 1.000000000000000000 ) ) ;
#7899 = ORIENTED_EDGE ( 'NONE', *, *, #6967, .F. ) ;
#7900 = VECTOR ( 'NONE', #10023, 1000.000000000000000 ) ;
#7901 = EDGE_CURVE ( 'NONE', #9742, #1182, #7648, .T. ) ;
#7902 = CARTESIAN_POINT ( 'NONE',  ( 0.2710233481495915031, -0.6182000847280640921, -3.919999999999999929 ) ) ;
#7903 = LINE ( 'NONE', #2321, #2500 ) ;
#7904 = DIRECTION ( 'NONE',  ( -0.000000000000000000, -0.000000000000000000, -1.000000000000000000 ) ) ;
#7905 = ORIENTED_EDGE ( 'NONE', *, *, #7069, .T. ) ;
#7906 = CARTESIAN_POINT ( 'NONE',  ( 2.749038035952999781, -0.6068509322266001371, -5.337864681812000356 ) ) ;
#7907 = CARTESIAN_POINT ( 'NONE',  ( -0.6088855764286572603, 0.2715115008446703504, -4.169991741848313893 ) ) ;
#7908 = CARTESIAN_POINT ( 'NONE',  ( -2.736715364825999863, -0.8703763703022999731, -6.338211099093999934 ) ) ;
#7909 = VERTEX_POINT ( 'NONE', #941 ) ;
#7910 = CARTESIAN_POINT ( 'NONE',  ( 0.4861328560875947669, 0.4439538136245951283, -4.119991299149684316 ) ) ;
#7911 = DIRECTION ( 'NONE',  ( -0.8660254037844377084, -0.5000000000000016653, 0.000000000000000000 ) ) ;
#7912 = DIRECTION ( 'NONE',  ( 0.000000000000000000, 0.000000000000000000, -1.000000000000000000 ) ) ;
#7913 = DIRECTION ( 'NONE',  ( -0.3583679495452896102, -0.9335804264972058508, 0.000000000000000000 ) ) ;
#7914 = ORIENTED_EDGE ( 'NONE', *, *, #6061, .T. ) ;
#7915 = APPLICATION_PROTOCOL_DEFINITION ( 'draft international standard', 'automotive_design', 1998, #731 ) ;
#7916 = ORIENTED_EDGE ( 'NONE', *, *, #3982, .T. ) ;
#7917 = CARTESIAN_POINT ( 'NONE',  ( 0.6454470077100772363, 0.07679948071508978236, -4.070000000000005613 ) ) ;
#7918 = ORIENTED_EDGE ( 'NONE', *, *, #5801, .T. ) ;
#7919 = CARTESIAN_POINT ( 'NONE',  ( -0.3726778309119735400, -2.856966599154048048, -4.582082882809022983 ) ) ;
#7920 = DIRECTION ( 'NONE',  ( 1.000000000000000000, 0.000000000000000000, -0.000000000000000000 ) ) ;
#7921 = CARTESIAN_POINT ( 'NONE',  ( -0.4951829272113540958, 0.4463787728736423044, -4.169991741848313893 ) ) ;
#7922 = CARTESIAN_POINT ( 'NONE',  ( 0.000000000000000000, 0.000000000000000000, -6.950000000000000178 ) ) ;
#7923 = CARTESIAN_POINT ( 'NONE',  ( -2.430385677244216502, 1.180288157462834109, -6.403290903655342703 ) ) ;
#7924 = EDGE_CURVE ( 'NONE', #6170, #6333, #5032, .T. ) ;
#7925 = AXIS2_PLACEMENT_3D ( 'NONE', #8509, #1280, #7078 ) ;
#7926 = VERTEX_POINT ( 'NONE', #192 ) ;
#7927 = ORIENTED_EDGE ( 'NONE', *, *, #4209, .T. ) ;
#7928 = CARTESIAN_POINT ( 'NONE',  ( 0.000000000000000000, 0.000000000000000000, -3.919999999999999929 ) ) ;
#7929 = CARTESIAN_POINT ( 'NONE',  ( -2.835674166034977350, 1.081733399386731520, -4.710476854312682704 ) ) ;
#7930 = EDGE_CURVE ( 'NONE', #9803, #4075, #9130, .T. ) ;
#7931 = CARTESIAN_POINT ( 'NONE',  ( 1.010759835361622949, 2.993469875490567311, -7.631369416882686885 ) ) ;
#7932 = EDGE_CURVE ( 'NONE', #4436, #1644, #2796, .T. ) ;
#7933 = CIRCLE ( 'NONE', #3850, 0.6750000000000000444 ) ;
#7934 = CARTESIAN_POINT ( 'NONE',  ( 2.966413861273999863, -0.9095782705435999649, -5.765777719804001222 ) ) ;
#7935 = CARTESIAN_POINT ( 'NONE',  ( 0.000000000000000000, 0.000000000000000000, -4.219999999999999751 ) ) ;
#7936 = CONICAL_SURFACE ( 'NONE', #7762, 0.4349999999999996092, 0.7853981633974480570 ) ;
#7937 = CARTESIAN_POINT ( 'NONE',  ( 3.317651340633000157, -0.2203927940535000130, -8.380584350666000049 ) ) ;
#7938 = DIRECTION ( 'NONE',  ( 0.000000000000000000, 0.000000000000000000, -1.000000000000000000 ) ) ;
#7939 = LINE ( 'NONE', #3454, #3690 ) ;
#7940 = ORIENTED_EDGE ( 'NONE', *, *, #4667, .T. ) ;
#7941 = VECTOR ( 'NONE', #6787, 1000.000000000000114 ) ;
#7942 = CARTESIAN_POINT ( 'NONE',  ( -2.359913984006823728, 1.360184950590579644, -5.605235715285973974 ) ) ;
#7943 = CIRCLE ( 'NONE', #3360, 0.6750000000000000444 ) ;
#7944 = CARTESIAN_POINT ( 'NONE',  ( 0.4073972965561377113, -3.088211205176373486, -7.227696783632916677 ) ) ;
#7945 = SURFACE_STYLE_USAGE ( .BOTH. , #7849 ) ;
#7946 = CARTESIAN_POINT ( 'NONE',  ( 1.862457551559000057, 2.578941501317999929, -6.331792613112999568 ) ) ;
#7947 = CARTESIAN_POINT ( 'NONE',  ( 2.046319111109000666, -1.933405004274000305, -4.552331756505999749 ) ) ;
#7948 = DIRECTION ( 'NONE',  ( -0.000000000000000000, -0.000000000000000000, -1.000000000000000000 ) ) ;
#7949 = CARTESIAN_POINT ( 'NONE',  ( -0.4077684836614839936, 3.115359902022021732, -5.462790026613999927 ) ) ;
#7950 = EDGE_CURVE ( 'NONE', #3670, #1326, #8438, .T. ) ;
#7951 = CARTESIAN_POINT ( 'NONE',  ( 0.5107053896536062343, -0.4020945224431168308, -3.919999999999999929 ) ) ;
#7952 = ORIENTED_EDGE ( 'NONE', *, *, #6046, .F. ) ;
#7953 = VECTOR ( 'NONE', #6976, 1000.000000000000000 ) ;
#7954 = CIRCLE ( 'NONE', #8114, 0.6750000000000000444 ) ;
#7955 = CARTESIAN_POINT ( 'NONE',  ( 1.358389287579594429, -2.853497228926916929, -7.860030467895741779 ) ) ;
#7956 = PLANE ( 'NONE',  #5386 ) ;
#7957 = CARTESIAN_POINT ( 'NONE',  ( 2.893476578877929306, -1.153489749732469871, -7.814502428705308645 ) ) ;
#7958 = ORIENTED_EDGE ( 'NONE', *, *, #1779, .F. ) ;
#7959 = VECTOR ( 'NONE', #10102, 1000.000000000000000 ) ;
#7960 = EDGE_CURVE ( 'NONE', #8878, #5132, #7304, .T. ) ;
#7961 = CARTESIAN_POINT ( 'NONE',  ( 0.2710233481495782915, 0.6182000847280699762, -3.919999999999999929 ) ) ;
#7962 = ORIENTED_EDGE ( 'NONE', *, *, #7486, .F. ) ;
#7963 = CARTESIAN_POINT ( 'NONE',  ( -1.980676675538000309, 2.489298788336999912, -7.597994834731999880 ) ) ;
#7964 = DIRECTION ( 'NONE',  ( -0.9876883405951376593, -0.1564344650402312020, 0.000000000000000000 ) ) ;
#7965 = CARTESIAN_POINT ( 'NONE',  ( -3.115000000000000213, 3.814774779344005545E-16, -7.086186982385999755 ) ) ;
#7966 = DIRECTION ( 'NONE',  ( -1.000000000000000000, 0.000000000000000000, 0.000000000000000000 ) ) ;
#7967 = PLANE ( 'NONE',  #8914 ) ;
#7968 = VECTOR ( 'NONE', #4826, 1000.000000000000114 ) ;
#7969 = EDGE_CURVE ( 'NONE', #7134, #2656, #5239, .T. ) ;
#7970 = ORIENTED_EDGE ( 'NONE', *, *, #1378, .F. ) ;
#7971 = DIRECTION ( 'NONE',  ( 0.5144957554275252365, 6.300755800592181187E-17, -0.8574929257125449844 ) ) ;
#7972 = VERTEX_POINT ( 'NONE', #1213 ) ;
#7973 = LINE ( 'NONE', #587, #5354 ) ;
#7974 = CARTESIAN_POINT ( 'NONE',  ( -0.7378260915232308648, -3.026202143331071515, -7.860284820380715409 ) ) ;
#7975 = CARTESIAN_POINT ( 'NONE',  ( -3.250000000000000444, 2.388061258337339136E-16, -1.300000000000000266 ) ) ;
#7976 = CIRCLE ( 'NONE', #7821, 0.6500000000000000222 ) ;
#7977 = ORIENTED_EDGE ( 'NONE', *, *, #6921, .F. ) ;
#7978 = ORIENTED_EDGE ( 'NONE', *, *, #1373, .T. ) ;
#7979 = CARTESIAN_POINT ( 'NONE',  ( -0.5041923985042239265, 0.4487928534307981110, -4.219999999999999751 ) ) ;
#7980 = EDGE_CURVE ( 'NONE', #859, #1602, #4486, .T. ) ;
#7981 = DIRECTION ( 'NONE',  ( -1.000000000000000000, 0.000000000000000000, 0.000000000000000000 ) ) ;
#7982 = CARTESIAN_POINT ( 'NONE',  ( -2.260235312800620289, 2.008987116559932673, -4.736353464319470241 ) ) ;
#7983 = ORIENTED_EDGE ( 'NONE', *, *, #3983, .F. ) ;
#7984 = CARTESIAN_POINT ( 'NONE',  ( 2.833226269108573003, 1.317732603752588494, -7.723207770671054462 ) ) ;
#7985 = CARTESIAN_POINT ( 'NONE',  ( -2.610695228543999935, 1.358782277418000062, -5.521752901978000949 ) ) ;
#7986 = CARTESIAN_POINT ( 'NONE',  ( -0.6162654426528376694, -0.2315967326876744448, -4.119991299149685204 ) ) ;
#7987 = LINE ( 'NONE', #9649, #4547 ) ;
#7988 = CARTESIAN_POINT ( 'NONE',  ( 1.354991769528000045, 2.856747817705000081, -8.157620979279000650 ) ) ;
#7989 = FACE_OUTER_BOUND ( 'NONE', #8346, .T. ) ;
#7990 = CARTESIAN_POINT ( 'NONE',  ( 0.1911446768470000113, 2.831244433681999961, -4.497017382690000176 ) ) ;
#7991 = VERTEX_POINT ( 'NONE', #9939 ) ;
#7992 = AXIS2_PLACEMENT_3D ( 'NONE', #9206, #1919, #4439 ) ;
#7993 = CARTESIAN_POINT ( 'NONE',  ( 1.240770814798413779, -2.424351925397560503, -4.610480809732152352 ) ) ;
#7994 = CARTESIAN_POINT ( 'NONE',  ( 0.004893990951300165350, -3.114979817781201810, -7.242403390715515421 ) ) ;
#7995 = CARTESIAN_POINT ( 'NONE',  ( -3.187649304414999829, -1.013789985986000008, -5.961842635414999592 ) ) ;
#7996 = DIRECTION ( 'NONE',  ( -0.000000000000000000, -0.000000000000000000, -1.000000000000000000 ) ) ;
#7997 = CARTESIAN_POINT ( 'NONE',  ( -0.3634194331410956491, -0.5589154282082294811, -4.169991741848313893 ) ) ;
#7998 =( NAMED_UNIT ( * ) SI_UNIT ( $, .STERADIAN. ) SOLID_ANGLE_UNIT ( ) );
#7999 = CARTESIAN_POINT ( 'NONE',  ( -0.6182000847280649802, -0.2710233481495893382, -4.370000000000000107 ) ) ;
#8000 = ORIENTED_EDGE ( 'NONE', *, *, #2222, .T. ) ;
#8001 = AXIS2_PLACEMENT_3D ( 'NONE', #6953, #6149, #5393 ) ;
#8002 = EDGE_CURVE ( 'NONE', #7891, #8764, #6470, .T. ) ;
#8003 = CARTESIAN_POINT ( 'NONE',  ( 2.332643041133993123, 1.385502535684888903, -4.422723090007909086 ) ) ;
#8004 = ADVANCED_FACE ( 'NONE', ( #3537 ), #9543, .T. ) ;
#8005 = CARTESIAN_POINT ( 'NONE',  ( -0.6454470077100777914, -0.07679948071508499452, -3.919999999999999929 ) ) ;
#8006 = CARTESIAN_POINT ( 'NONE',  ( 1.636761686205423949, -2.839805762151339064, -1.300000000000000266 ) ) ;
#8007 = ORIENTED_EDGE ( 'NONE', *, *, #2231, .T. ) ;
#8008 = VECTOR ( 'NONE', #2064, 1000.000000000000000 ) ;
#8009 = B_SPLINE_CURVE_WITH_KNOTS ( 'NONE', 3,
 ( #7178, #2180, #5412, #10432 ),
 .UNSPECIFIED., .F., .F.,
 ( 4, 4 ),
 ( 1.157126242796433541E-06, 0.0001537691119146814857 ),
 .UNSPECIFIED. ) ;
#8010 = DIRECTION ( 'NONE',  ( 1.000000000000000000, 0.000000000000000000, 0.000000000000000000 ) ) ;
#8011 = ORIENTED_EDGE ( 'NONE', *, *, #3579, .F. ) ;
#8012 = CARTESIAN_POINT ( 'NONE',  ( 1.751253626550999920, -2.253054486979999993, -7.423415407848000136 ) ) ;
#8013 = AXIS2_PLACEMENT_3D ( 'NONE', #8832, #4774, #9589 ) ;
#8014 = DIRECTION ( 'NONE',  ( -0.000000000000000000, -0.000000000000000000, -1.000000000000000000 ) ) ;
#8015 = ADVANCED_FACE ( 'NONE', ( #3482 ), #6039, .F. ) ;
#8016 = LINE ( 'NONE', #2279, #642 ) ;
#8017 = DIRECTION ( 'NONE',  ( -0.000000000000000000, -0.000000000000000000, -1.000000000000000000 ) ) ;
#8018 = ORIENTED_EDGE ( 'NONE', *, *, #8139, .F. ) ;
#8019 = ORIENTED_EDGE ( 'NONE', *, *, #62, .T. ) ;
#8020 = DIRECTION ( 'NONE',  ( 0.000000000000000000, 0.000000000000000000, -1.000000000000000000 ) ) ;
#8021 = EDGE_LOOP ( 'NONE', ( #7542, #4270, #8857, #9941 ) ) ;
#8022 = PLANE ( 'NONE',  #1865 ) ;
#8023 = DIRECTION ( 'NONE',  ( -0.000000000000000000, -0.000000000000000000, -1.000000000000000000 ) ) ;
#8024 = DIRECTION ( 'NONE',  ( 0.000000000000000000, 0.000000000000000000, -1.000000000000000000 ) ) ;
#8025 = CARTESIAN_POINT ( 'NONE',  ( 0.4487928534308034401, -0.5041923985042194856, -4.370000000000000107 ) ) ;
#8026 = CARTESIAN_POINT ( 'NONE',  ( 2.722479765090727533, 0.2963393811477932349, -6.693601179022244274 ) ) ;
#8027 = VERTEX_POINT ( 'NONE', #2849 ) ;
#8028 = ORIENTED_EDGE ( 'NONE', *, *, #671, .T. ) ;
#8029 = CARTESIAN_POINT ( 'NONE',  ( -0.3614556479571114922, 0.5402312602579609768, -4.070000000000005613 ) ) ;
#8030 = ORIENTED_EDGE ( 'NONE', *, *, #9963, .T. ) ;
#8031 = CARTESIAN_POINT ( 'NONE',  ( 0.07679948071507344820, 0.6454470077100792347, -3.919999999999999929 ) ) ;
#8032 = CARTESIAN_POINT ( 'NONE',  ( 0.9230746437229000456, -3.129032925189000114, -5.788129846480000396 ) ) ;
#8033 = CARTESIAN_POINT ( 'NONE',  ( -2.139108803415132432, -1.643912475932897133, -3.300000000000000266 ) ) ;
#8034 = DIRECTION ( 'NONE',  ( 0.9781476007338031353, 0.2079116908177705836, 0.000000000000000000 ) ) ;
#8035 = CARTESIAN_POINT ( 'NONE',  ( -2.158341223433000167, 2.310535736279999863, -8.023431843544999609 ) ) ;
#8036 = CARTESIAN_POINT ( 'NONE',  ( -0.6454470077100784575, 0.07679948071508034546, -4.370000000000000107 ) ) ;
#8037 = DIRECTION ( 'NONE',  ( -0.000000000000000000, -0.000000000000000000, -1.000000000000000000 ) ) ;
#8038 = EDGE_LOOP ( 'NONE', ( #27, #6499, #8829, #1393 ) ) ;
#8039 = CARTESIAN_POINT ( 'NONE',  ( -2.012502032839107002, -1.834455580739476011, -5.463127871635482968 ) ) ;
#8040 = CARTESIAN_POINT ( 'NONE',  ( 0.9569692801259921389, -2.964772402016165209, -7.206936071339398175 ) ) ;
#8041 = CARTESIAN_POINT ( 'NONE',  ( -0.9858648779651000282, -2.975308359107000200, -5.855887361171999927 ) ) ;
#8042 = CARTESIAN_POINT ( 'NONE',  ( -0.6431635750227001624, -2.740769761884000122, -4.716395776960999875 ) ) ;
#8043 = CARTESIAN_POINT ( 'NONE',  ( 0.1264134477687134384, -0.6375889273060085793, -4.070000000000005613 ) ) ;
#8044 = CARTESIAN_POINT ( 'NONE',  ( 0.4076832807975926398, 3.114556894944253251, -5.492195760488266743 ) ) ;
#8045 = LINE ( 'NONE', #3269, #3167 ) ;
#8046 = DIRECTION ( 'NONE',  ( -0.000000000000000000, -0.000000000000000000, -1.000000000000000000 ) ) ;
#8047 = EDGE_LOOP ( 'NONE', ( #3752, #5218, #4722, #2795 ) ) ;
#8048 = CARTESIAN_POINT ( 'NONE',  ( -0.5402312602579620870, 0.3614556479571094383, -3.919999999999999929 ) ) ;
#8049 = EDGE_CURVE ( 'NONE', #279, #3434, #5445, .T. ) ;
#8050 = DIRECTION ( 'NONE',  ( -0.000000000000000000, -0.000000000000000000, -1.000000000000000000 ) ) ;
#8051 = DIRECTION ( 'NONE',  ( -0.8660254037844404840, 0.4999999999999968359, 0.000000000000000000 ) ) ;
#8052 = CARTESIAN_POINT ( 'NONE',  ( -3.250000000000000888, -0.4254240051736175032, -1.300000000000000044 ) ) ;
#8053 = ORIENTED_EDGE ( 'NONE', *, *, #2358, .F. ) ;
#8054 = VERTEX_POINT ( 'NONE', #7748 ) ;
#8055 = VECTOR ( 'NONE', #3287, 1000.000000000000000 ) ;
#8056 = EDGE_CURVE ( 'NONE', #3181, #6639, #6099, .T. ) ;
#8057 = EDGE_CURVE ( 'NONE', #5237, #10335, #5786, .T. ) ;
#8058 = CARTESIAN_POINT ( 'NONE',  ( 0.000000000000000000, 0.000000000000000000, -4.370000000000000107 ) ) ;
#8059 = ORIENTED_EDGE ( 'NONE', *, *, #1960, .T. ) ;
#8060 = CARTESIAN_POINT ( 'NONE',  ( 2.896497845088000123, -0.8455164659931999616, -7.264499133752999604 ) ) ;
#8061 = CARTESIAN_POINT ( 'NONE',  ( 1.890204412970620806, -2.440912099883522757, -7.894396419193440373 ) ) ;
#8062 = CARTESIAN_POINT ( 'NONE',  ( -0.2724947409330356618, 0.5901242379057460852, -4.070000000000004725 ) ) ;
#8063 = FILL_AREA_STYLE_COLOUR ( '', #484 ) ;
#8064 = CARTESIAN_POINT ( 'NONE',  ( -0.4415163173259603613, -0.4770359960578675618, -4.370000000000000107 ) ) ;
#8065 = ORIENTED_EDGE ( 'NONE', *, *, #4871, .F. ) ;
#8066 = CARTESIAN_POINT ( 'NONE',  ( -2.270585933323383543, -0.5807474691576207659, -7.169999999999999929 ) ) ;
#8067 = B_SPLINE_CURVE_WITH_KNOTS ( 'NONE', 3,
 ( #3981, #9804, #746, #3199, #4034, #108, #9644, #7398, #2355, #6550, #3356, #7347, #7240, #1775, #6391, #2561, #5807, #1605 ),
 .UNSPECIFIED., .F., .F.,
 ( 4, 2, 2, 2, 2, 2, 2, 2, 4 ),
 ( 0.000000000000000000, 0.1250000000000000000, 0.2500000000000000000, 0.3750000000000000000, 0.5000000000000000000, 0.6250000000000000000, 0.7500000000000000000, 0.8750000000000000000, 1.000000000000000000 ),
 .UNSPECIFIED. ) ;
#8068 = EDGE_CURVE ( 'NONE', #7838, #8054, #3410, .T. ) ;
#8069 = ORIENTED_EDGE ( 'NONE', *, *, #470, .T. ) ;
#8070 = CARTESIAN_POINT ( 'NONE',  ( -2.247774849585227737E-14, 2.574999999961028241, -9.100000000023147351 ) ) ;
#8071 = EDGE_CURVE ( 'NONE', #9742, #6432, #8341, .T. ) ;
#8072 = DIRECTION ( 'NONE',  ( -1.000000000000000000, 0.000000000000000000, 0.000000000000000000 ) ) ;
#8073 = DIRECTION ( 'NONE',  ( 0.000000000000000000, 0.000000000000000000, 1.000000000000000000 ) ) ;
#8074 = CARTESIAN_POINT ( 'NONE',  ( 0.000000000000000000, 0.000000000000000000, -4.219999999999999751 ) ) ;
#8075 = DIRECTION ( 'NONE',  ( 0.4999999999999999445, 0.8660254037844387076, -0.000000000000000000 ) ) ;
#8076 = ORIENTED_EDGE ( 'NONE', *, *, #8843, .F. ) ;
#8077 = DIRECTION ( 'NONE',  ( 1.000000000000000000, 0.000000000000000000, 0.000000000000000000 ) ) ;
#8078 = ORIENTED_EDGE ( 'NONE', *, *, #7362, .T. ) ;
#8079 = ORIENTED_EDGE ( 'NONE', *, *, #9864, .T. ) ;
#8080 = CARTESIAN_POINT ( 'NONE',  ( 2.674999999999999822, 0.000000000000000000, -4.421999999999999709 ) ) ;
#8081 = B_SPLINE_CURVE_WITH_KNOTS ( 'NONE', 3,
 ( #9335, #1131, #7622, #3569, #5270, #6021, #4414, #9282, #1993, #7673 ),
 .UNSPECIFIED., .F., .F.,
 ( 4, 2, 2, 2, 4 ),
 ( 0.000000000000000000, 0.2499999999999999445, 0.4999999999999998890, 0.7499999999999998890, 1.000000000000000000 ),
 .UNSPECIFIED. ) ;
#8082 = ORIENTED_EDGE ( 'NONE', *, *, #349, .T. ) ;
#8083 = CARTESIAN_POINT ( 'NONE',  ( 0.1035209413652777577, 2.687936592171744188, -4.415212791317230767 ) ) ;
#8084 = ADVANCED_FACE ( 'NONE', ( #3641 ), #6899, .F. ) ;
#8085 = ADVANCED_FACE ( 'NONE', ( #1051 ), #4285, .F. ) ;
#8086 = CARTESIAN_POINT ( 'NONE',  ( 1.054933047175999894, 2.575880948308999940, -5.776491639239000442 ) ) ;
#8087 = CARTESIAN_POINT ( 'NONE',  ( 2.040000000000000036, -3.500000000000000000, 0.5000000000000000000 ) ) ;
#8088 = DIRECTION ( 'NONE',  ( 1.000000000000000000, 0.000000000000000000, -0.000000000000000000 ) ) ;
#8089 = CARTESIAN_POINT ( 'NONE',  ( 2.234016670932999826, -1.746210156100000077, -8.181356211577002213 ) ) ;
#8090 = AXIS2_PLACEMENT_3D ( 'NONE', #5534, #10501, #595 ) ;
#8091 = B_SPLINE_CURVE_WITH_KNOTS ( 'NONE', 3,
 ( #7734, #2783, #506, #9403 ),
 .UNSPECIFIED., .F., .F.,
 ( 4, 4 ),
 ( 1.288069082847447223E-06, 0.0001539000547539754154 ),
 .UNSPECIFIED. ) ;
#8092 = DIRECTION ( 'NONE',  ( -0.000000000000000000, 0.000000000000000000, 1.000000000000000000 ) ) ;
#8093 = EDGE_LOOP ( 'NONE', ( #8926, #9161, #5960, #10445 ) ) ;
#8094 = CARTESIAN_POINT ( 'NONE',  ( 3.115000000000000213, 0.000000000000000000, -7.086186982385999755 ) ) ;
#8095 = CARTESIAN_POINT ( 'NONE',  ( 1.466432372047219435, -2.748584938479122997, -7.187191409816181320 ) ) ;
#8096 = FILL_AREA_STYLE ('',( #2571 ) ) ;
#8097 = AXIS2_PLACEMENT_3D ( 'NONE', #7922, #7040, #10342 ) ;
#8098 = DIRECTION ( 'NONE',  ( -1.000000000000000000, 0.000000000000000000, 0.000000000000000000 ) ) ;
#8099 = AXIS2_PLACEMENT_3D ( 'NONE', #5979, #8263, #977 ) ;
#8100 = CARTESIAN_POINT ( 'NONE',  ( -2.692755196316000355, -0.8213084948033999577, -4.927187472298999893 ) ) ;
#8101 = CARTESIAN_POINT ( 'NONE',  ( -0.2724947409330356618, 0.5901242379057460852, -4.370000000000000107 ) ) ;
#8102 = DIRECTION ( 'NONE',  ( -0.000000000000000000, -0.000000000000000000, -1.000000000000000000 ) ) ;
#8103 = CARTESIAN_POINT ( 'NONE',  ( 0.000000000000000000, 0.000000000000000000, -4.070000000000005613 ) ) ;
#8104 = CARTESIAN_POINT ( 'NONE',  ( -2.325000000000000622, 0.1479154067587257482, -7.169999999999997264 ) ) ;
#8105 = ORIENTED_EDGE ( 'NONE', *, *, #1097, .T. ) ;
#8106 = VECTOR ( 'NONE', #8176, 1000.000000000000000 ) ;
#8107 = AXIS2_PLACEMENT_3D ( 'NONE', #4268, #9021, #5118 ) ;
#8108 = CARTESIAN_POINT ( 'NONE',  ( -0.8153441582747067429, -3.033925017672414626, -7.156576573295168053 ) ) ;
#8109 = CARTESIAN_POINT ( 'NONE',  ( 0.000000000000000000, 0.000000000000000000, -3.919999999999999929 ) ) ;
#8110 = FACE_OUTER_BOUND ( 'NONE', #8998, .T. ) ;
#8111 = ORIENTED_EDGE ( 'NONE', *, *, #4635, .F. ) ;
#8112 = AXIS2_PLACEMENT_3D ( 'NONE', #6300, #6247, #3735 ) ;
#8113 = VERTEX_POINT ( 'NONE', #300 ) ;
#8114 = AXIS2_PLACEMENT_3D ( 'NONE', #9503, #2209, #6943 ) ;
#8115 = EDGE_CURVE ( 'NONE', #4461, #1943, #8507, .T. ) ;
#8116 = ORIENTED_EDGE ( 'NONE', *, *, #6509, .F. ) ;
#8117 = CYLINDRICAL_SURFACE ( 'NONE', #8444, 0.6750000000000000444 ) ;
#8118 = ORIENTED_EDGE ( 'NONE', *, *, #10313, .T. ) ;
#8119 = CARTESIAN_POINT ( 'NONE',  ( 0.09896513572578999329, -2.851902818914000104, -7.493759975716000277 ) ) ;
#8120 = CARTESIAN_POINT ( 'NONE',  ( 0.5724484814368520080, -0.3251505474397147211, -4.119991299149685204 ) ) ;
#8121 = PLANE ( 'NONE',  #5264 ) ;
#8122 = AXIS2_PLACEMENT_3D ( 'NONE', #9625, #1586, #8771 ) ;
#8123 = DIRECTION ( 'NONE',  ( -0.000000000000000000, -0.000000000000000000, -1.000000000000000000 ) ) ;
#8124 = EDGE_CURVE ( 'NONE', #2413, #2401, #7806, .T. ) ;
#8125 = CARTESIAN_POINT ( 'NONE',  ( -1.333833985544000011, -2.335690768356000646, -6.207528347256999979 ) ) ;
#8126 = ORIENTED_EDGE ( 'NONE', *, *, #9626, .F. ) ;
#8127 = VERTEX_POINT ( 'NONE', #3062 ) ;
#8128 = CARTESIAN_POINT ( 'NONE',  ( -0.8371466128651784411, -2.169155300308586387, -7.170000000000003482 ) ) ;
#8129 = ORIENTED_EDGE ( 'NONE', *, *, #9052, .F. ) ;
#8130 = CARTESIAN_POINT ( 'NONE',  ( 0.3370667117811794733, 2.574999999922056748, -9.100000000046293280 ) ) ;
#8131 = VECTOR ( 'NONE', #2715, 1000.000000000000000 ) ;
#8132 = DIRECTION ( 'NONE',  ( -0.000000000000000000, -0.000000000000000000, -1.000000000000000000 ) ) ;
#8133 = CARTESIAN_POINT ( 'NONE',  ( 0.000000000000000000, 0.000000000000000000, -3.919999999999999929 ) ) ;
#8134 = CARTESIAN_POINT ( 'NONE',  ( -1.195517069874999949, -2.511375151578000509, -8.223228378780000014 ) ) ;
#8135 = CARTESIAN_POINT ( 'NONE',  ( 0.000000000000000000, 0.000000000000000000, -3.919999999999999929 ) ) ;
#8136 = ORIENTED_EDGE ( 'NONE', *, *, #10398, .T. ) ;
#8137 = CARTESIAN_POINT ( 'NONE',  ( 0.000000000000000000, 0.000000000000000000, -4.219999999999999751 ) ) ;
#8138 = CYLINDRICAL_SURFACE ( 'NONE', #3393, 0.6750000000000000444 ) ;
#8139 = EDGE_CURVE ( 'NONE', #2233, #10511, #6066, .T. ) ;
#8140 = VERTEX_POINT ( 'NONE', #3803 ) ;
#8141 = EDGE_CURVE ( 'NONE', #7515, #5671, #10272, .T. ) ;
#8142 = CIRCLE ( 'NONE', #6100, 0.6750000000000000444 ) ;
#8143 = CARTESIAN_POINT ( 'NONE',  ( -2.254913564670916859, -2.233956956010470840, -6.509798809053668478 ) ) ;
#8144 = VERTEX_POINT ( 'NONE', #3750 ) ;
#8145 = FACE_OUTER_BOUND ( 'NONE', #7540, .T. ) ;
#8146 = CARTESIAN_POINT ( 'NONE',  ( 2.789849264353000180, 0.9374219641898999811, -5.078407519677999638 ) ) ;
#8147 = DIRECTION ( 'NONE',  ( 0.000000000000000000, -1.000000000000000000, -0.000000000000000000 ) ) ;
#8148 = CARTESIAN_POINT ( 'NONE',  ( -0.6495145696682955716, 0.02511620569689349686, -4.070000000000005613 ) ) ;
#8149 = AXIS2_PLACEMENT_3D ( 'NONE', #2860, #9215, #8559 ) ;
#8150 = CARTESIAN_POINT ( 'NONE',  ( 2.312149140887000520, -1.909386917690000018, -6.861144522010000024 ) ) ;
#8151 = CARTESIAN_POINT ( 'NONE',  ( -2.770000000000000018, 2.040000000000000036, 2.200000000000000178 ) ) ;
#8152 = ORIENTED_EDGE ( 'NONE', *, *, #671, .F. ) ;
#8153 = EDGE_CURVE ( 'NONE', #6497, #7480, #2638, .T. ) ;
#8154 = CARTESIAN_POINT ( 'NONE',  ( 0.3408308473997749832, 0.5826313872945324546, -4.370000000000000107 ) ) ;
#8155 = CARTESIAN_POINT ( 'NONE',  ( -2.925678715040851419, -1.069865892711414634, -7.379705972848325857 ) ) ;
#8156 = CIRCLE ( 'NONE', #5951, 0.6750000000000000444 ) ;
#8157 = CARTESIAN_POINT ( 'NONE',  ( 0.6182000847280690881, -0.2710233481495804564, -4.370000000000000107 ) ) ;
#8158 = CARTESIAN_POINT ( 'NONE',  ( -0.4463787728736405835, -0.4951829272113557057, -4.169991741848313893 ) ) ;
#8159 = DIRECTION ( 'NONE',  ( 1.000000000000000000, 0.000000000000000000, -0.000000000000000000 ) ) ;
#8160 = CARTESIAN_POINT ( 'NONE',  ( -3.299999999999999822, 3.500000000000000000, 0.4999999999999500400 ) ) ;
#8161 = FACE_OUTER_BOUND ( 'NONE', #3080, .T. ) ;
#8162 = CARTESIAN_POINT ( 'NONE',  ( -0.9843337750354912430, 2.107160169512475090, -7.170000000000001705 ) ) ;
#8163 = ORIENTED_EDGE ( 'NONE', *, *, #7164, .F. ) ;
#8164 = CYLINDRICAL_SURFACE ( 'NONE', #335, 0.6500000000000000222 ) ;
#8165 = AXIS2_PLACEMENT_3D ( 'NONE', #2017, #7587, #2070 ) ;
#8166 = CARTESIAN_POINT ( 'NONE',  ( -0.5107053896536003501, -0.4020945224431241583, -4.370000000000000107 ) ) ;
#8167 = ADVANCED_FACE ( 'NONE', ( #6363 ), #9461, .T. ) ;
#8168 = CARTESIAN_POINT ( 'NONE',  ( 0.000000000000000000, 0.000000000000000000, -3.919999999999999929 ) ) ;
#8169 = CARTESIAN_POINT ( 'NONE',  ( -0.6375889273060100226, 0.1264134477687066382, -3.919999999999999929 ) ) ;
#8170 = ORIENTED_EDGE ( 'NONE', *, *, #3300, .T. ) ;
#8171 = DIRECTION ( 'NONE',  ( 0.1643989873053640083, 2.013306935865803655E-17, -0.9863939238321427494 ) ) ;
#8172 = CARTESIAN_POINT ( 'NONE',  ( 0.6350000000000000089, 0.000000000000000000, 0.000000000000000000 ) ) ;
#8173 = AXIS2_PLACEMENT_3D ( 'NONE', #6076, #3669, #8471 ) ;
#8174 = EDGE_LOOP ( 'NONE', ( #4881, #1215, #1154 ) ) ;
#8175 = ORIENTED_EDGE ( 'NONE', *, *, #8364, .T. ) ;
#8176 = DIRECTION ( 'NONE',  ( -0.000000000000000000, -0.000000000000000000, -1.000000000000000000 ) ) ;
#8177 = VERTEX_POINT ( 'NONE', #5404 ) ;
#8178 = CARTESIAN_POINT ( 'NONE',  ( 0.5751272909362425967, -2.900831957714776088, -8.017304899262329698 ) ) ;
#8179 = CARTESIAN_POINT ( 'NONE',  ( -0.1264134477687045288, -0.6375889273060103557, -4.370000000000000107 ) ) ;
#8180 = AXIS2_PLACEMENT_3D ( 'NONE', #6956, #1420, #4537 ) ;
#8181 = CARTESIAN_POINT ( 'NONE',  ( 3.114920185941516984, -3.288210596454419226E-06, -4.947994892930606348 ) ) ;
#8182 = CARTESIAN_POINT ( 'NONE',  ( -1.238159443884000011, -2.390240231911000102, -6.109473448249000072 ) ) ;
#8183 = ORIENTED_EDGE ( 'NONE', *, *, #1701, .F. ) ;
#8184 = VERTEX_POINT ( 'NONE', #2223 ) ;
#8185 = ORIENTED_EDGE ( 'NONE', *, *, #7858, .T. ) ;
#8186 = CARTESIAN_POINT ( 'NONE',  ( 0.000000000000000000, 0.000000000000000000, -4.370000000000000107 ) ) ;
#8187 = CYLINDRICAL_SURFACE ( 'NONE', #6654, 0.6350000000000000089 ) ;
#8188 = DIRECTION ( 'NONE',  ( -0.000000000000000000, -0.000000000000000000, -1.000000000000000000 ) ) ;
#8189 = ORIENTED_EDGE ( 'NONE', *, *, #2855, .T. ) ;
#8190 = DIRECTION ( 'NONE',  ( -0.000000000000000000, -0.000000000000000000, -1.000000000000000000 ) ) ;
#8191 = CARTESIAN_POINT ( 'NONE',  ( -3.039999999999999591, -3.039999999999999591, 4.400000000000000355 ) ) ;
#8192 = ADVANCED_FACE ( 'NONE', ( #4596 ), #7166, .F. ) ;
#8193 = ORIENTED_EDGE ( 'NONE', *, *, #716, .F. ) ;
#8194 = LINE ( 'NONE', #4139, #5897 ) ;
#8195 = ORIENTED_EDGE ( 'NONE', *, *, #9722, .T. ) ;
#8196 = CARTESIAN_POINT ( 'NONE',  ( -3.040000000000000036, -2.540000000000000036, 2.450000000000000178 ) ) ;
#8197 = CARTESIAN_POINT ( 'NONE',  ( -0.7531922430048000328, 3.174192393744000196, -4.735184563517999656 ) ) ;
#8198 = DIRECTION ( 'NONE',  ( 0.6293203910498263998, 0.7771459614569797836, 0.000000000000000000 ) ) ;
#8199 = CARTESIAN_POINT ( 'NONE',  ( 0.4192573791286144935, 0.5183467857718316862, -4.169991741848314781 ) ) ;
#8200 = EDGE_CURVE ( 'NONE', #8789, #6786, #1209, .T. ) ;
#8201 = EDGE_CURVE ( 'NONE', #6432, #9536, #5099, .T. ) ;
#8202 = CARTESIAN_POINT ( 'NONE',  ( -1.344969352181000000, 2.861480256470999795, -7.352486164869000085 ) ) ;
#8203 = B_SPLINE_CURVE_WITH_KNOTS ( 'NONE', 3,
 ( #10053, #2754, #5999, #1162 ),
 .UNSPECIFIED., .F., .F.,
 ( 4, 4 ),
 ( 2.034489221467493506E-07, 0.0001528154345944012307 ),
 .UNSPECIFIED. ) ;
#8204 = DIRECTION ( 'NONE',  ( -0.000000000000000000, -0.000000000000000000, -1.000000000000000000 ) ) ;
#8205 = CARTESIAN_POINT ( 'NONE',  ( -1.821545205122326649, -2.526911019114168155, -7.312749116537600180 ) ) ;
#8206 = CARTESIAN_POINT ( 'NONE',  ( -0.07679948071508269081, 0.6454470077100782355, -4.070000000000005613 ) ) ;
#8207 = LINE ( 'NONE', #921, #8947 ) ;
#8208 = CARTESIAN_POINT ( 'NONE',  ( 2.040000000000000036, 2.040000000000000036, 2.200000000000000178 ) ) ;
#8209 = CARTESIAN_POINT ( 'NONE',  ( -2.059142119113008373, -1.582457803887506120, -9.100000000046295057 ) ) ;
#8210 = CARTESIAN_POINT ( 'NONE',  ( 3.352359877559829560, 3.500000000000000444, -1.300000000000000266 ) ) ;
#8211 = DIRECTION ( 'NONE',  ( -0.000000000000000000, -0.000000000000000000, -1.000000000000000000 ) ) ;
#8212 = ORIENTED_EDGE ( 'NONE', *, *, #4289, .T. ) ;
#8213 = EDGE_CURVE ( 'NONE', #6897, #703, #10467, .T. ) ;
#8214 = DIRECTION ( 'NONE',  ( -1.000000000000000000, 0.000000000000000000, 0.000000000000000000 ) ) ;
#8215 = B_SPLINE_CURVE_WITH_KNOTS ( 'NONE', 3,
 ( #5664, #824, #7476, #7365, #4054, #5613, #1795, #3274, #6517, #5770, #8108, #881, #71, #9768, #4913, #2475, #9824, #9024 ),
 .UNSPECIFIED., .F., .F.,
 ( 4, 2, 2, 2, 2, 2, 2, 2, 4 ),
 ( 0.000000000000000000, 0.1250000000000000000, 0.2500000000000000000, 0.3750000000000000000, 0.5000000000000000000, 0.6250000000000000000, 0.7500000000000000000, 0.8750000000000000000, 1.000000000000000000 ),
 .UNSPECIFIED. ) ;
#8216 = DIRECTION ( 'NONE',  ( -0.000000000000000000, -0.000000000000000000, -1.000000000000000000 ) ) ;
#8217 = PLANE ( 'NONE',  #7610 ) ;
#8218 = CARTESIAN_POINT ( 'NONE',  ( -0.4349999999999996092, 5.327213576290982051E-17, -11.36999999999999922 ) ) ;
#8219 = VERTEX_POINT ( 'NONE', #10369 ) ;
#8220 = CARTESIAN_POINT ( 'NONE',  ( 0.000000000000000000, 0.000000000000000000, -3.919999999999999929 ) ) ;
#8221 = CARTESIAN_POINT ( 'NONE',  ( -0.6099637295171179696, 0.2245979712142745777, -3.919999999999999929 ) ) ;
#8222 = ORIENTED_EDGE ( 'NONE', *, *, #4231, .F. ) ;
#8223 = CARTESIAN_POINT ( 'NONE',  ( -2.346280508073362192, 2.058999779586392354, -6.793392954799086780 ) ) ;
#8224 = CARTESIAN_POINT ( 'NONE',  ( -2.186331102135000037, -2.266871189040999823, -8.024152783970999181 ) ) ;
#8225 = EDGE_CURVE ( 'NONE', #7598, #10060, #3063, .T. ) ;
#8226 = AXIS2_PLACEMENT_3D ( 'NONE', #9813, #2515, #4152 ) ;
#8227 = ORIENTED_EDGE ( 'NONE', *, *, #3779, .T. ) ;
#8228 = DIRECTION ( 'NONE',  ( -0.000000000000000000, -0.000000000000000000, -1.000000000000000000 ) ) ;
#8229 = CARTESIAN_POINT ( 'NONE',  ( 0.1768241090289968120, -0.6254863983062313171, -4.370000000000000107 ) ) ;
#8230 = CARTESIAN_POINT ( 'NONE',  ( -3.115177627401708449, -0.4076286078443681071, -5.286345627765835609 ) ) ;
#8231 = ORIENTED_EDGE ( 'NONE', *, *, #9930, .F. ) ;
#8232 = CARTESIAN_POINT ( 'NONE',  ( 0.5704320967256000241, 2.756825256507999811, -5.865878236899000342 ) ) ;
#8233 = ORIENTED_EDGE ( 'NONE', *, *, #1236, .F. ) ;
#8234 = ORIENTED_EDGE ( 'NONE', *, *, #1128, .T. ) ;
#8235 = CARTESIAN_POINT ( 'NONE',  ( 0.000000000000000000, 3.500000000000000000, -1.300000000000000266 ) ) ;
#8236 = DIRECTION ( 'NONE',  ( 0.000000000000000000, 0.000000000000000000, -1.000000000000000000 ) ) ;
#8237 = CARTESIAN_POINT ( 'NONE',  ( 0.8820717321463297234, -2.582234176695514805, -8.267202976819971738 ) ) ;
#8238 = DIRECTION ( 'NONE',  ( -0.000000000000000000, -0.000000000000000000, -1.000000000000000000 ) ) ;
#8239 = FACE_OUTER_BOUND ( 'NONE', #3935, .T. ) ;
#8240 = LINE ( 'NONE', #9856, #136 ) ;
#8241 = ORIENTED_EDGE ( 'NONE', *, *, #9454, .F. ) ;
#8242 = ORIENTED_EDGE ( 'NONE', *, *, #6045, .F. ) ;
#8243 = CARTESIAN_POINT ( 'NONE',  ( 0.5041923985042274792, -0.4487928534307946693, -3.919999999999999929 ) ) ;
#8244 = AXIS2_PLACEMENT_3D ( 'NONE', #4183, #846, #1652 ) ;
#8245 = FACE_OUTER_BOUND ( 'NONE', #2501, .T. ) ;
#8246 = ORIENTED_EDGE ( 'NONE', *, *, #3010, .T. ) ;
#8247 = CARTESIAN_POINT ( 'NONE',  ( 0.5022577401892066584, 2.672765348558407528, -4.415115111853129548 ) ) ;
#8248 = CARTESIAN_POINT ( 'NONE',  ( 3.092424059628000155, 1.039090632289999983, -4.901439081880999638 ) ) ;
#8249 = CARTESIAN_POINT ( 'NONE',  ( -0.5402312602579596446, -0.3614556479571132686, -4.070000000000005613 ) ) ;
#8250 = EDGE_CURVE ( 'NONE', #5942, #3472, #2269, .T. ) ;
#8251 = CARTESIAN_POINT ( 'NONE',  ( -3.114869478447803708, -1.072838221486328129E-05, -6.597929617108714062 ) ) ;
#8252 = CARTESIAN_POINT ( 'NONE',  ( -2.081397381971000105, -2.258358001493999900, -6.426921459472000109 ) ) ;
#8253 = VERTEX_POINT ( 'NONE', #8166 ) ;
#8254 = B_SPLINE_CURVE_WITH_KNOTS ( 'NONE', 3,
 ( #7611, #4407, #7662, #5206 ),
 .UNSPECIFIED., .F., .F.,
 ( 4, 4 ),
 ( 1.453632650572456634E-06, 0.0001540656183206032107 ),
 .UNSPECIFIED. ) ;
#8255 = LINE ( 'NONE', #9872, #2184 ) ;
#8256 = EDGE_CURVE ( 'NONE', #7142, #2861, #984, .T. ) ;
#8257 = CARTESIAN_POINT ( 'NONE',  ( -2.609922160964177174, -1.701278465261675699, -7.353675014691329892 ) ) ;
#8258 =( LENGTH_UNIT ( ) NAMED_UNIT ( * ) SI_UNIT ( .MILLI., .METRE. ) );
#8259 = EDGE_CURVE ( 'NONE', #629, #3013, #2582, .T. ) ;
#8260 = CARTESIAN_POINT ( 'NONE',  ( -0.6099637295171179696, 0.2245979712142745777, -4.370000000000000107 ) ) ;
#8261 = FACE_OUTER_BOUND ( 'NONE', #4873, .T. ) ;
#8262 = DIRECTION ( 'NONE',  ( -0.000000000000000000, -0.000000000000000000, -1.000000000000000000 ) ) ;
#8263 = DIRECTION ( 'NONE',  ( 0.000000000000000000, 0.000000000000000000, 1.000000000000000000 ) ) ;
#8264 = CARTESIAN_POINT ( 'NONE',  ( -0.2960012649521788219, 2.325067523960825611, -7.169999999999999041 ) ) ;
#8265 = CIRCLE ( 'NONE', #786, 0.6750000000000000444 ) ;
#8266 = ORIENTED_EDGE ( 'NONE', *, *, #8250, .T. ) ;
#8267 = CARTESIAN_POINT ( 'NONE',  ( 0.000000000000000000, 0.000000000000000000, -3.919999999999999929 ) ) ;
#8268 = CARTESIAN_POINT ( 'NONE',  ( -2.675000000010640644, 3.275930187732200844E-16, -4.399999999918691174 ) ) ;
#8269 = AXIS2_PLACEMENT_3D ( 'NONE', #10326, #3016, #6270 ) ;
#8270 = CARTESIAN_POINT ( 'NONE',  ( 2.118931991674181337, 1.221276027350513216, -9.099999999932608219 ) ) ;
#8271 =( GEOMETRIC_REPRESENTATION_CONTEXT ( 3 ) GLOBAL_UNCERTAINTY_ASSIGNED_CONTEXT ( ( #403 ) ) GLOBAL_UNIT_ASSIGNED_CONTEXT ( ( #8959, #1680, #7998 ) ) REPRESENTATION_CONTEXT ( 'NONE', 'WORKASPACE' ) );
#8272 = ADVANCED_FACE ( 'NONE', ( #1625 ), #767, .T. ) ;
#8273 = DIRECTION ( 'NONE',  ( -0.7771459614569730112, 0.6293203910498348375, 0.000000000000000000 ) ) ;
#8274 = ADVANCED_FACE ( 'NONE', ( #8908 ), #4221, .T. ) ;
#8275 = CARTESIAN_POINT ( 'NONE',  ( 0.000000000000000000, 0.000000000000000000, -4.219999999999999751 ) ) ;
#8276 = CARTESIAN_POINT ( 'NONE',  ( 3.352359877559829116, -3.500000000000000000, -1.300000000000000044 ) ) ;
#8277 = ORIENTED_EDGE ( 'NONE', *, *, #8338, .T. ) ;
#8278 = AXIS2_PLACEMENT_3D ( 'NONE', #7366, #825, #882 ) ;
#8279 = CONICAL_SURFACE ( 'NONE', #4701, 0.4349999999999996092, 0.7853981633974480570 ) ;
#8280 = VERTEX_POINT ( 'NONE', #128 ) ;
#8281 = CARTESIAN_POINT ( 'NONE',  ( -0.5673192003539549999, -0.3172521472106200613, -3.919999999999999929 ) ) ;
#8282 = LINE ( 'NONE', #4235, #4707 ) ;
#8283 = EDGE_CURVE ( 'NONE', #6910, #4187, #4853, .T. ) ;
#8284 = EDGE_CURVE ( 'NONE', #1313, #6293, #2525, .T. ) ;
#8285 = VECTOR ( 'NONE', #8799, 1000.000000000000000 ) ;
#8286 = AXIS2_PLACEMENT_3D ( 'NONE', #9218, #8352, #1008 ) ;
#8287 = CARTESIAN_POINT ( 'NONE',  ( -0.5947228146336001053, -2.751687291604000052, -5.513869200173999729 ) ) ;
#8288 = ORIENTED_EDGE ( 'NONE', *, *, #6509, .T. ) ;
#8289 = VERTEX_POINT ( 'NONE', #6571 ) ;
#8290 = CARTESIAN_POINT ( 'NONE',  ( 1.221276027350492788, -2.118931991674201321, -9.099999999932606443 ) ) ;
#8291 = CARTESIAN_POINT ( 'NONE',  ( 0.09959317480592999594, -2.870001176559000111, -7.604413320714000335 ) ) ;
#8292 = CARTESIAN_POINT ( 'NONE',  ( -1.914311301789844100, -2.490963523594972528, -5.788755485768874109 ) ) ;
#8293 = ORIENTED_EDGE ( 'NONE', *, *, #9124, .F. ) ;
#8294 = CARTESIAN_POINT ( 'NONE',  ( -0.5589154282082258174, -0.3634194331411015888, -4.169991741848314781 ) ) ;
#8295 = CIRCLE ( 'NONE', #5063, 0.6500000000000000222 ) ;
#8296 = CARTESIAN_POINT ( 'NONE',  ( 0.2724947409330272796, 0.5901242379057499710, -4.370000000000000107 ) ) ;
#8297 = VERTEX_POINT ( 'NONE', #8268 ) ;
#8298 = EDGE_CURVE ( 'NONE', #3282, #8144, #10525, .T. ) ;
#8299 = ORIENTED_EDGE ( 'NONE', *, *, #4499, .T. ) ;
#8300 = CIRCLE ( 'NONE', #652, 0.6750000000000000444 ) ;
#8301 = CARTESIAN_POINT ( 'NONE',  ( 0.1709788014541479273, -0.6529864083220289217, -4.220000000000000639 ) ) ;
#8302 = DIRECTION ( 'NONE',  ( 0.000000000000000000, 0.000000000000000000, -1.000000000000000000 ) ) ;
#8303 = EDGE_LOOP ( 'NONE', ( #1754, #6154 ) ) ;
#8304 = LINE ( 'NONE', #8461, #9167 ) ;
#8305 = CARTESIAN_POINT ( 'NONE',  ( 2.781256119001000116, -0.1129008896650000038, -4.501873665126000290 ) ) ;
#8306 = DIRECTION ( 'NONE',  ( -0.000000000000000000, -0.000000000000000000, -1.000000000000000000 ) ) ;
#8307 = DIRECTION ( 'NONE',  ( 0.000000000000000000, 1.000000000000000000, -0.000000000000000000 ) ) ;
#8308 = CARTESIAN_POINT ( 'NONE',  ( 2.911603109441999848, 1.605630887477000224, -6.904503857578999870 ) ) ;
#8309 = VECTOR ( 'NONE', #4074, 1000.000000000000000 ) ;
#8310 = ORIENTED_EDGE ( 'NONE', *, *, #815, .F. ) ;
#8311 = LINE ( 'NONE', #9757, #10163 ) ;
#8312 = EDGE_CURVE ( 'NONE', #7623, #8027, #2374, .T. ) ;
#8313 = CARTESIAN_POINT ( 'NONE',  ( -2.423906241493469782, -1.955958302938285875, -7.342231031821532916 ) ) ;
#8314 = CARTESIAN_POINT ( 'NONE',  ( 1.898218430293169945, 2.478142383333747922, -6.257146013149535335 ) ) ;
#8315 = CARTESIAN_POINT ( 'NONE',  ( -0.4415163173259603613, -0.4770359960578675618, -4.070000000000005613 ) ) ;
#8316 = LINE ( 'NONE', #3468, #937 ) ;
#8317 = DIRECTION ( 'NONE',  ( 0.000000000000000000, 0.000000000000000000, -1.000000000000000000 ) ) ;
#8318 = AXIS2_PLACEMENT_3D ( 'NONE', #9078, #1794, #5019 ) ;
#8319 = CARTESIAN_POINT ( 'NONE',  ( -0.6254863983062319832, -0.1768241090289946471, -3.919999999999999929 ) ) ;
#8320 = CARTESIAN_POINT ( 'NONE',  ( 0.2724947409330272796, 0.5901242379057499710, -3.919999999999999929 ) ) ;
#8321 = VERTEX_POINT ( 'NONE', #180 ) ;
#8322 = EDGE_CURVE ( 'NONE', #3658, #7119, #8215, .T. ) ;
#8323 = CARTESIAN_POINT ( 'NONE',  ( 2.191013628923729417, 2.269780379909493995, -4.839962494339529187 ) ) ;
#8324 = ORIENTED_EDGE ( 'NONE', *, *, #155, .F. ) ;
#8325 = VECTOR ( 'NONE', #4815, 1000.000000000000114 ) ;
#8326 = CARTESIAN_POINT ( 'NONE',  ( -0.6254863983062332045, 0.1768241090289901785, -3.919999999999999929 ) ) ;
#8327 = EDGE_CURVE ( 'NONE', #1688, #7372, #5021, .T. ) ;
#8328 = CARTESIAN_POINT ( 'NONE',  ( 0.5681916233596483456, -0.3643944005386582918, -4.370000000000000107 ) ) ;
#8329 = LINE ( 'NONE', #5128, #6850 ) ;
#8330 = CARTESIAN_POINT ( 'NONE',  ( 0.4415163173259569751, 0.4770359960578705594, -3.919999999999999929 ) ) ;
#8331 = LINE ( 'NONE', #238, #6446 ) ;
#8332 = CARTESIAN_POINT ( 'NONE',  ( -0.2245979712142767426, 0.6099637295171173035, -4.370000000000000107 ) ) ;
#8333 = EDGE_LOOP ( 'NONE', ( #3038, #10047, #8288, #2546 ) ) ;
#8334 = CARTESIAN_POINT ( 'NONE',  ( -2.485184809123103022, 1.122354210815812880, -5.693928920348099609 ) ) ;
#8335 = VECTOR ( 'NONE', #4804, 1000.000000000000114 ) ;
#8336 = CARTESIAN_POINT ( 'NONE',  ( 0.9303621129066297346, 2.574270295474180958, -7.274221729756545685 ) ) ;
#8337 = ORIENTED_EDGE ( 'NONE', *, *, #395, .F. ) ;
#8338 = EDGE_CURVE ( 'NONE', #6002, #4140, #6643, .T. ) ;
#8339 = EDGE_CURVE ( 'NONE', #585, #8622, #7655, .T. ) ;
#8340 = CARTESIAN_POINT ( 'NONE',  ( -0.9990595383566531762, -2.625673627876436100, -8.165732459159920964 ) ) ;
#8341 = LINE ( 'NONE', #6851, #6812 ) ;
#8342 = CARTESIAN_POINT ( 'NONE',  ( -3.115032014061654309, -4.909827123743174226E-07, -5.301059163429552079 ) ) ;
#8343 = CIRCLE ( 'NONE', #3749, 0.6500000000000000222 ) ;
#8344 = CARTESIAN_POINT ( 'NONE',  ( 0.5704320967256000241, 2.756825256507999811, -5.819150562018000628 ) ) ;
#8345 = ORIENTED_EDGE ( 'NONE', *, *, #6531, .F. ) ;
#8346 = EDGE_LOOP ( 'NONE', ( #8386, #1402, #1582, #1354 ) ) ;
#8347 = CARTESIAN_POINT ( 'NONE',  ( 2.705388832218000417, 0.9631701925333000514, -7.346529613420999638 ) ) ;
#8348 = B_SPLINE_CURVE_WITH_KNOTS ( 'NONE', 3,
 ( #9110, #5054, #3612, #4349, #1825, #6011 ),
 .UNSPECIFIED., .F., .F.,
 ( 4, 2, 4 ),
 ( 0.000000000000000000, 0.5000000000000000000, 1.000000000000000000 ),
 .UNSPECIFIED. ) ;
#8349 = CARTESIAN_POINT ( 'NONE',  ( -1.037523131846830315, -2.481329283453775236, -6.120248823232184776 ) ) ;
#8350 = VERTEX_POINT ( 'NONE', #4967 ) ;
#8351 = VECTOR ( 'NONE', #1454, 1000.000000000000000 ) ;
#8352 = DIRECTION ( 'NONE',  ( -0.9335804264972045186, 0.3583679495452933295, 0.000000000000000000 ) ) ;
#8353 = CARTESIAN_POINT ( 'NONE',  ( 2.490880825041107194, 1.914520288764971712, -5.465340954156295616 ) ) ;
#8354 = CARTESIAN_POINT ( 'NONE',  ( 2.507979642344976057, -0.6740008022047465630, -9.100000000046296833 ) ) ;
#8355 = ORIENTED_EDGE ( 'NONE', *, *, #5262, .T. ) ;
#8356 = VECTOR ( 'NONE', #429, 1000.000000000000227 ) ;
#8357 = CARTESIAN_POINT ( 'NONE',  ( 0.02511620569689576241, -0.6495145696682955716, -3.919999999999999929 ) ) ;
#8358 = DIRECTION ( 'NONE',  ( -1.000000000000000000, 0.000000000000000000, 0.000000000000000000 ) ) ;
#8359 = ORIENTED_EDGE ( 'NONE', *, *, #497, .F. ) ;
#8360 = LINE ( 'NONE', #1069, #10009 ) ;
#8361 = CARTESIAN_POINT ( 'NONE',  ( 0.7572685034862001174, 2.844039955818999932, -4.967571174102999976 ) ) ;
#8362 = CARTESIAN_POINT ( 'NONE',  ( 0.2245979712142810447, -0.6099637295171156381, -4.370000000000000107 ) ) ;
#8363 = DIRECTION ( 'NONE',  ( -0.000000000000000000, -0.000000000000000000, -1.000000000000000000 ) ) ;
#8364 = EDGE_CURVE ( 'NONE', #302, #10419, #7151, .T. ) ;
#8365 = CARTESIAN_POINT ( 'NONE',  ( -0.9253915579828000393, -2.852269708629000089, -6.995333657745000266 ) ) ;
#8366 = ORIENTED_EDGE ( 'NONE', *, *, #7198, .T. ) ;
#8367 = CARTESIAN_POINT ( 'NONE',  ( -2.322296423043999969, 2.080671713866999895, -5.895527167710000072 ) ) ;
#8368 = DIRECTION ( 'NONE',  ( -0.2079116908177676415, 0.9781476007338039125, 0.000000000000000000 ) ) ;
#8369 = CARTESIAN_POINT ( 'NONE',  ( 2.770000000000000018, 2.040000000000000036, 0.000000000000000000 ) ) ;
#8370 = CARTESIAN_POINT ( 'NONE',  ( -2.574999999922079397, -0.3370667117812018443, -9.100000000046295057 ) ) ;
#8371 = LINE ( 'NONE', #5823, #10507 ) ;
#8372 = DIRECTION ( 'NONE',  ( -0.9986295347545731671, -0.05233595624295873244, 0.000000000000000000 ) ) ;
#8373 = ORIENTED_EDGE ( 'NONE', *, *, #10184, .F. ) ;
#8374 = CARTESIAN_POINT ( 'NONE',  ( -0.6390526574720000186, -2.723251545750999814, -4.779834834575999558 ) ) ;
#8375 = ORIENTED_EDGE ( 'NONE', *, *, #740, .F. ) ;
#8376 = DIRECTION ( 'NONE',  ( -0.000000000000000000, -0.000000000000000000, -1.000000000000000000 ) ) ;
#8377 = CARTESIAN_POINT ( 'NONE',  ( 3.500000000000000000, -3.299999999999999822, -0.4000000000000000222 ) ) ;
#8378 = ORIENTED_EDGE ( 'NONE', *, *, #4636, .F. ) ;
#8379 = FACE_OUTER_BOUND ( 'NONE', #8038, .T. ) ;
#8380 = LINE ( 'NONE', #6634, #5617 ) ;
#8381 = DIRECTION ( 'NONE',  ( 0.000000000000000000, 0.000000000000000000, 1.000000000000000000 ) ) ;
#8382 = CARTESIAN_POINT ( 'NONE',  ( -0.3628441403504903962, 3.054415477309179838, -4.788106684332987584 ) ) ;
#8383 = CARTESIAN_POINT ( 'NONE',  ( 3.082393502797275087, -0.6026703628213703201, -4.854613716542990787 ) ) ;
#8384 = ORIENTED_EDGE ( 'NONE', *, *, #6156, .F. ) ;
#8385 = ADVANCED_FACE ( 'NONE', ( #7426 ), #291, .F. ) ;
#8386 = ORIENTED_EDGE ( 'NONE', *, *, #1037, .F. ) ;
#8387 = CARTESIAN_POINT ( 'NONE',  ( -0.06672418922078952874, 0.6716940394054636831, -3.919999999999999929 ) ) ;
#8388 = CYLINDRICAL_SURFACE ( 'NONE', #1340, 0.6750000000000000444 ) ;
#8389 = B_SPLINE_CURVE_WITH_KNOTS ( 'NONE', 3,
 ( #1234, #1984, #6120, #8570, #4457, #6922, #4507, #4565, #9227, #7767, #428, #2136, #2767, #8624, #7828, #485, #542, #3558, #1934, #1177, #5155, #376, #9326, #8409, #6821, #1124, #6012, #3613, #6871, #10117, #2817, #3660, #10176, #3733, #9445, #2642, #1860, #4976, #241, #6941, #8336, #7788, #7431, #1915, #138, #9088, #3385, #5134, #4469, #5837, #442, #4630, #5811, #545, #2345, #7042, #1346, #1493, #5584, #5482, #4720, #8684, #3135, #1400, #10292, #6988, #8026, #10240, #6233, #1548, #6385, #9545, #3881, #4776, #6176, #9433, #2141, #7923, #5369, #8626, #4568, #7832, #4619, #591, #9488, #1443, #8783, #8732, #2197 ),
 .UNSPECIFIED., .F., .F.,
 ( 4, 2, 2, 2, 2, 2, 2, 2, 1, 2, 1, 2, 2, 2, 2, 2, 2, 2, 2, 2, 2, 2, 2, 2, 2, 1, 2, 1, 2, 2, 2, 2, 2, 2, 2, 2, 2, 2, 2, 2, 2, 2, 2, 2, 1, 2, 4 ),
 ( 0.000000000000000000, 0.03124999999999997918, 0.06249999999999995837, 0.09374999999999994449, 0.1249999999999999445, 0.1406249999999999722, 0.1562499999999999445, 0.1718749999999999445, 0.1874999999999999167, 0.2031249999999999445, 0.2187499999999999722, 0.2343749999999999722, 0.2500000000000000000, 0.2656250000000000000, 0.2812500000000000000, 0.3125000000000000000, 0.3437500000000000555, 0.3750000000000000555, 0.4062500000000001110, 0.4375000000000001665, 0.4687500000000001665, 0.5000000000000002220, 0.5156250000000002220, 0.5312500000000002220, 0.5468750000000002220, 0.5625000000000002220, 0.5781250000000002220, 0.5937500000000001110, 0.6093750000000001110, 0.6250000000000001110, 0.6406250000000001110, 0.6562500000000001110, 0.6875000000000001110, 0.7187500000000001110, 0.7500000000000000000, 0.7812500000000000000, 0.8125000000000000000, 0.8437500000000000000, 0.8750000000000000000, 0.8906250000000000000, 0.9062500000000000000, 0.9218749999999998890, 0.9374999999999998890, 0.9531249999999998890, 0.9687499999999998890, 0.9843749999999998890, 1.000000000000000000 ),
 .UNSPECIFIED. ) ;
#8390 = CARTESIAN_POINT ( 'NONE',  ( 2.080101932314000202, -1.897011894595000081, -5.303077504835999711 ) ) ;
#8391 = EDGE_CURVE ( 'NONE', #4329, #7132, #3232, .T. ) ;
#8392 = EDGE_CURVE ( 'NONE', #6432, #7909, #9829, .T. ) ;
#8393 = ORIENTED_EDGE ( 'NONE', *, *, #6688, .T. ) ;
#8394 = ORIENTED_EDGE ( 'NONE', *, *, #4342, .F. ) ;
#8395 = CARTESIAN_POINT ( 'NONE',  ( -1.788024291503000240, 2.247174795014999837, -7.792091584803000792 ) ) ;
#8396 = CARTESIAN_POINT ( 'NONE',  ( 1.762367194043999996, -2.267352514819000131, -7.413620977259018474 ) ) ;
#8397 = ORIENTED_EDGE ( 'NONE', *, *, #224, .F. ) ;
#8398 = DIRECTION ( 'NONE',  ( 0.000000000000000000, 0.000000000000000000, 1.000000000000000000 ) ) ;
#8399 = CARTESIAN_POINT ( 'NONE',  ( -3.114886153072971897, -6.396986291916474662E-06, -5.185764591058683592 ) ) ;
#8400 = CARTESIAN_POINT ( 'NONE',  ( -2.247774849585227737E-14, 2.574999999961028241, -9.100000000023147351 ) ) ;
#8401 = CARTESIAN_POINT ( 'NONE',  ( 3.040000000000000036, 2.770000000000000018, 0.5000000000000000000 ) ) ;
#8402 = ORIENTED_EDGE ( 'NONE', *, *, #4463, .T. ) ;
#8403 = VERTEX_POINT ( 'NONE', #6791 ) ;
#8404 = EDGE_CURVE ( 'NONE', #6249, #7657, #6736, .T. ) ;
#8405 = EDGE_CURVE ( 'NONE', #379, #2284, #7570, .T. ) ;
#8406 = DIRECTION ( 'NONE',  ( -1.000000000000000000, 0.000000000000000000, 0.000000000000000000 ) ) ;
#8407 = ORIENTED_EDGE ( 'NONE', *, *, #3322, .F. ) ;
#8408 = PLANE ( 'NONE',  #1173 ) ;
#8409 = CARTESIAN_POINT ( 'NONE',  ( -2.696738547550425302, -0.1535270396372293844, -7.758072188699750349 ) ) ;
#8410 = FACE_OUTER_BOUND ( 'NONE', #3819, .T. ) ;
#8411 = DIRECTION ( 'NONE',  ( 0.2588190451025071948, 0.9659258262890718649, 0.000000000000000000 ) ) ;
#8412 = ORIENTED_EDGE ( 'NONE', *, *, #4110, .T. ) ;
#8413 = FACE_OUTER_BOUND ( 'NONE', #7043, .T. ) ;
#8414 = VECTOR ( 'NONE', #3054, 1000.000000000000000 ) ;
#8415 = EDGE_CURVE ( 'NONE', #576, #654, #5081, .T. ) ;
#8416 = EDGE_CURVE ( 'NONE', #9501, #9910, #1538, .T. ) ;
#8417 = CARTESIAN_POINT ( 'NONE',  ( 1.378098116768660342, 2.801014490962564718, -6.234440327156154815 ) ) ;
#8418 = FACE_OUTER_BOUND ( 'NONE', #5242, .T. ) ;
#8419 = DIRECTION ( 'NONE',  ( -1.000000000000000000, 0.000000000000000000, 0.000000000000000000 ) ) ;
#8420 = ORIENTED_EDGE ( 'NONE', *, *, #9319, .T. ) ;
#8421 = CARTESIAN_POINT ( 'NONE',  ( 3.500000000000000000, 3.352359877559829116, -1.300000000000000044 ) ) ;
#8422 = CARTESIAN_POINT ( 'NONE',  ( 2.721844903181102726, 1.568772555697494964, -7.597974348504997977 ) ) ;
#8423 = VERTEX_POINT ( 'NONE', #3437 ) ;
#8424 = CARTESIAN_POINT ( 'NONE',  ( 0.01212688305586999936, -2.672868352925999780, -8.282803473173000697 ) ) ;
#8425 = CIRCLE ( 'NONE', #1458, 0.6750000000000000444 ) ;
#8426 = CARTESIAN_POINT ( 'NONE',  ( -3.135846175786999979, -0.9564542317498999635, -5.162673532951999711 ) ) ;
#8427 = CARTESIAN_POINT ( 'NONE',  ( 0.03917339399606812461, -0.6738623340140245110, -4.219999999999999751 ) ) ;
#8428 = DIRECTION ( 'NONE',  ( -0.05233595624293546633, -0.9986295347545742773, 0.000000000000000000 ) ) ;
#8429 = DIRECTION ( 'NONE',  ( -1.000000000000000000, 0.000000000000000000, -0.000000000000000000 ) ) ;
#8430 = AXIS2_PLACEMENT_3D ( 'NONE', #2895, #1952, #8428 ) ;
#8431 = FACE_OUTER_BOUND ( 'NONE', #10542, .T. ) ;
#8432 = CARTESIAN_POINT ( 'NONE',  ( -2.703835720024176492, 1.560104551358797886, -6.771154891805577059 ) ) ;
#8433 = CARTESIAN_POINT ( 'NONE',  ( 0.000000000000000000, 0.000000000000000000, -4.219999999999999751 ) ) ;
#8434 = ORIENTED_EDGE ( 'NONE', *, *, #10061, .T. ) ;
#8435 = CARTESIAN_POINT ( 'NONE',  ( 0.1637881683012999967, -2.848974096461999839, -8.197205654389000173 ) ) ;
#8436 = ORIENTED_EDGE ( 'NONE', *, *, #4333, .F. ) ;
#8437 = CARTESIAN_POINT ( 'NONE',  ( -0.8896629835621585602, -2.675880780147107618, -8.154349992484737797 ) ) ;
#8438 = LINE ( 'NONE', #1156, #4577 ) ;
#8439 = AXIS2_PLACEMENT_3D ( 'NONE', #536, #2973, #9374 ) ;
#8440 = DIRECTION ( 'NONE',  ( -0.9986295347545741663, 0.05233595624293896353, 0.000000000000000000 ) ) ;
#8441 = EDGE_CURVE ( 'NONE', #85, #2823, #5938, .T. ) ;
#8442 = CARTESIAN_POINT ( 'NONE',  ( -0.9772389561283000292, -2.518684353257000019, -6.237533556723000139 ) ) ;
#8443 = CARTESIAN_POINT ( 'NONE',  ( 0.000000000000000000, 0.000000000000000000, -4.219999999999999751 ) ) ;
#8444 = AXIS2_PLACEMENT_3D ( 'NONE', #10429, #2480, #9676 ) ;
#8445 = ORIENTED_EDGE ( 'NONE', *, *, #8747, .T. ) ;
#8446 = CARTESIAN_POINT ( 'NONE',  ( 1.573755509965000021, 2.402107008934000199, -7.932780720537999208 ) ) ;
#8447 = CARTESIAN_POINT ( 'NONE',  ( -2.765647453554000545, 0.7733173587900999957, -7.694999248729072150 ) ) ;
#8448 = VERTEX_POINT ( 'NONE', #133 ) ;
#8449 = LINE ( 'NONE', #6696, #6603 ) ;
#8450 = DIRECTION ( 'NONE',  ( -0.000000000000000000, -0.000000000000000000, 1.000000000000000000 ) ) ;
#8451 = ADVANCED_FACE ( 'NONE', ( #6576 ), #5958, .F. ) ;
#8452 = CIRCLE ( 'NONE', #810, 2.049999999999999822 ) ;
#8453 = DIRECTION ( 'NONE',  ( -0.000000000000000000, -0.000000000000000000, -1.000000000000000000 ) ) ;
#8454 = VECTOR ( 'NONE', #2052, 1000.000000000000000 ) ;
#8455 = EDGE_LOOP ( 'NONE', ( #1281, #935, #250, #4622 ) ) ;
#8456 = VERTEX_POINT ( 'NONE', #1910 ) ;
#8457 = SHAPE_REPRESENTATION_RELATIONSHIP ( 'NONE' , 'NONE' ,  #7507, #7435 ) ;
#8458 = B_SPLINE_CURVE_WITH_KNOTS ( 'NONE', 3,
 ( #8636, #3728, #2774, #1942 ),
 .UNSPECIFIED., .F., .F.,
 ( 4, 4 ),
 ( 2.034489225205992533E-07, 0.0001528154345947981029 ),
 .UNSPECIFIED. ) ;
#8459 = DIRECTION ( 'NONE',  ( -0.000000000000000000, -0.000000000000000000, -1.000000000000000000 ) ) ;
#8460 = ORIENTED_EDGE ( 'NONE', *, *, #7712, .F. ) ;
#8461 = CARTESIAN_POINT ( 'NONE',  ( 0.6182000847280632039, 0.2710233481495934460, -3.919999999999999929 ) ) ;
#8462 = CIRCLE ( 'NONE', #823, 0.6500000000000000222 ) ;
#8463 = CARTESIAN_POINT ( 'NONE',  ( 2.055841314580999946, 1.938742917266000010, -4.323872672420000285 ) ) ;
#8464 = CARTESIAN_POINT ( 'NONE',  ( -0.02511620569689576241, 0.6495145696682955716, -4.070000000000005613 ) ) ;
#8465 = VECTOR ( 'NONE', #9576, 1000.000000000000000 ) ;
#8466 = CARTESIAN_POINT ( 'NONE',  ( -0.8408153089837000493, -2.537203565863000332, -6.201259816352999721 ) ) ;
#8467 = EDGE_CURVE ( 'NONE', #1377, #1541, #5129, .T. ) ;
#8468 = VERTEX_POINT ( 'NONE', #7580 ) ;
#8469 = CARTESIAN_POINT ( 'NONE',  ( -1.025355853243999915, 3.113997628562000131, -6.042696124763000221 ) ) ;
#8470 = DIRECTION ( 'NONE',  ( -0.000000000000000000, -0.000000000000000000, -1.000000000000000000 ) ) ;
#8471 = DIRECTION ( 'NONE',  ( -1.000000000000000000, 0.000000000000000000, 0.000000000000000000 ) ) ;
#8472 = CARTESIAN_POINT ( 'NONE',  ( -1.453789626062000018, -2.600235693042999952, -5.966131409591000079 ) ) ;
#8473 = CARTESIAN_POINT ( 'NONE',  ( 0.000000000000000000, 0.000000000000000000, -4.370000000000000107 ) ) ;
#8474 = ORIENTED_EDGE ( 'NONE', *, *, #1268, .F. ) ;
#8475 = AXIS2_PLACEMENT_3D ( 'NONE', #2088, #3031, #2192 ) ;
#8476 = CARTESIAN_POINT ( 'NONE',  ( 0.000000000000000000, 0.000000000000000000, -7.857346494176908891 ) ) ;
#8477 = B_SPLINE_CURVE_WITH_KNOTS ( 'NONE', 3,
 ( #7502, #3493, #10007, #2710 ),
 .UNSPECIFIED., .F., .F.,
 ( 4, 4 ),
 ( 1.118379690037606966E-06, 0.0001537303653621294197 ),
 .UNSPECIFIED. ) ;
#8478 = EDGE_CURVE ( 'NONE', #1774, #947, #10218, .T. ) ;
#8479 = CARTESIAN_POINT ( 'NONE',  ( 2.111210200772000167, 2.294569007143000050, -5.367513612621999997 ) ) ;
#8480 = EDGE_LOOP ( 'NONE', ( #5955, #6366, #1821, #9230 ) ) ;
#8481 = CARTESIAN_POINT ( 'NONE',  ( 0.8506806241676609925, 3.165411199172026624, -1.300000000000000266 ) ) ;
#8482 = CARTESIAN_POINT ( 'NONE',  ( 2.701811110730976129, -1.553861631160209367, -7.124212432770979930 ) ) ;
#8483 = FACE_OUTER_BOUND ( 'NONE', #3925, .T. ) ;
#8484 = VECTOR ( 'NONE', #7971, 1000.000000000000000 ) ;
#8485 = DIRECTION ( 'NONE',  ( 0.000000000000000000, -1.000000000000000000, -0.000000000000000000 ) ) ;
#8486 = CARTESIAN_POINT ( 'NONE',  ( 0.5673192003539530015, 0.3172521472106237805, -4.370000000000000107 ) ) ;
#8487 = CARTESIAN_POINT ( 'NONE',  ( -3.250000000000000444, 3.980102097228898231E-16, -3.136000000000000121 ) ) ;
#8488 = DIRECTION ( 'NONE',  ( 0.000000000000000000, 0.000000000000000000, -1.000000000000000000 ) ) ;
#8489 = ORIENTED_EDGE ( 'NONE', *, *, #4852, .T. ) ;
#8490 = CARTESIAN_POINT ( 'NONE',  ( 2.818867108289000445, 1.076376328283999984, -7.897600244560999627 ) ) ;
#8491 = EDGE_LOOP ( 'NONE', ( #9470, #1351, #5317, #7646 ) ) ;
#8492 = AXIS2_PLACEMENT_3D ( 'NONE', #3242, #2495, #9853 ) ;
#8493 = EDGE_CURVE ( 'NONE', #9938, #6386, #2722, .T. ) ;
#8494 = DIRECTION ( 'NONE',  ( -1.000000000000000000, 0.000000000000000000, 0.000000000000000000 ) ) ;
#8495 = APPLICATION_CONTEXT ( 'automotive_design' ) ;
#8496 = DIRECTION ( 'NONE',  ( -0.2079116908177585654, -0.9781476007338057999, -0.000000000000000000 ) ) ;
#8497 = ORIENTED_EDGE ( 'NONE', *, *, #30, .T. ) ;
#8498 = VECTOR ( 'NONE', #7864, 1000.000000000000000 ) ;
#8499 = ORIENTED_EDGE ( 'NONE', *, *, #10061, .F. ) ;
#8500 = CARTESIAN_POINT ( 'NONE',  ( -1.854251987353761510, -2.000755944250945273, -4.847791186862844270 ) ) ;
#8501 = DIRECTION ( 'NONE',  ( -0.3583679495453150343, 0.9335804264971960809, 0.000000000000000000 ) ) ;
#8502 = CARTESIAN_POINT ( 'NONE',  ( -1.788024291503000240, 2.247174795014999837, -7.745241581113000429 ) ) ;
#8503 = DIRECTION ( 'NONE',  ( 0.6691306063588603470, -0.7431448254773922457, -0.000000000000000000 ) ) ;
#8504 = ORIENTED_EDGE ( 'NONE', *, *, #3288, .T. ) ;
#8505 = PLANE ( 'NONE',  #8286 ) ;
#8506 = DIRECTION ( 'NONE',  ( 0.9135454576426035311, -0.4067366430757942686, 0.000000000000000000 ) ) ;
#8507 = CIRCLE ( 'NONE', #4926, 0.6750000000000000444 ) ;
#8508 = CARTESIAN_POINT ( 'NONE',  ( 0.000000000000000000, 0.000000000000000000, -3.919999999999999929 ) ) ;
#8509 = CARTESIAN_POINT ( 'NONE',  ( 0.000000000000000000, 0.000000000000000000, -3.919999999999999929 ) ) ;
#8510 = ORIENTED_EDGE ( 'NONE', *, *, #3009, .F. ) ;
#8511 = SHAPE_DEFINITION_REPRESENTATION ( #1955, #2082 ) ;
#8512 = CARTESIAN_POINT ( 'NONE',  ( 0.000000000000000000, 0.000000000000000000, -3.919999999999999929 ) ) ;
#8513 = ORIENTED_EDGE ( 'NONE', *, *, #9155, .F. ) ;
#8514 = CARTESIAN_POINT ( 'NONE',  ( -2.959669075155363593, 2.377313183749128806E-06, -4.684650336745185939 ) ) ;
#8515 = VECTOR ( 'NONE', #9197, 1000.000000000000000 ) ;
#8516 = CARTESIAN_POINT ( 'NONE',  ( 3.500000000000000000, -2.040000000000000036, 0.5000000000000000000 ) ) ;
#8517 = CARTESIAN_POINT ( 'NONE',  ( -0.02982508694955042158, 0.6576705912447019520, -4.119991299149685204 ) ) ;
#8518 = CARTESIAN_POINT ( 'NONE',  ( -0.2010100005424848013, -3.115136772271581478, -6.543808861438978219 ) ) ;
#8519 = PRODUCT_DEFINITION ( 'UNKNOWN', '', #2450, #5396 ) ;
#8520 = CARTESIAN_POINT ( 'NONE',  ( -0.8288759182095000178, -2.860799555588000143, -6.374539740933999887 ) ) ;
#8521 = ORIENTED_EDGE ( 'NONE', *, *, #1540, .T. ) ;
#8522 = VECTOR ( 'NONE', #3426, 1000.000000000000000 ) ;
#8523 = CARTESIAN_POINT ( 'NONE',  ( -1.285519873724999984, -2.518637363527000073, -6.307466010965000258 ) ) ;
#8524 = CARTESIAN_POINT ( 'NONE',  ( -0.5901242379057451970, -0.2724947409330378822, -4.070000000000005613 ) ) ;
#8525 = CARTESIAN_POINT ( 'NONE',  ( -3.114926364599339248, -6.070556684458046565E-06, -5.891798313444852830 ) ) ;
#8526 = EDGE_CURVE ( 'NONE', #1988, #9479, #9983, .T. ) ;
#8527 = ORIENTED_EDGE ( 'NONE', *, *, #7980, .F. ) ;
#8528 = EDGE_CURVE ( 'NONE', #8552, #3434, #8380, .T. ) ;
#8529 = CARTESIAN_POINT ( 'NONE',  ( 0.6375889273060080242, 0.1264134477687159364, -4.070000000000004725 ) ) ;
#8530 = CARTESIAN_POINT ( 'NONE',  ( 0.7001755906610751534, -2.605376910087744413, -3.300000000000000266 ) ) ;
#8531 = VERTEX_POINT ( 'NONE', #8172 ) ;
#8532 = VECTOR ( 'NONE', #7829, 1000.000000000000000 ) ;
#8533 = DIRECTION ( 'NONE',  ( -0.000000000000000000, -0.000000000000000000, -1.000000000000000000 ) ) ;
#8534 = CARTESIAN_POINT ( 'NONE',  ( -0.3174317576937741858, 2.424999999902865078, -9.099999999932604666 ) ) ;
#8535 = CARTESIAN_POINT ( 'NONE',  ( 2.974273690782000212, 0.9359227813645000227, -5.426181785409999847 ) ) ;
#8536 = DIRECTION ( 'NONE',  ( 0.000000000000000000, 0.000000000000000000, -1.000000000000000000 ) ) ;
#8537 = VERTEX_POINT ( 'NONE', #1094 ) ;
#8538 = CARTESIAN_POINT ( 'NONE',  ( -2.049999999999999822, 2.510525938252073693E-16, 0.000000000000000000 ) ) ;
#8539 = AXIS2_PLACEMENT_3D ( 'NONE', #1798, #4276, #5024 ) ;
#8540 = CARTESIAN_POINT ( 'NONE',  ( 2.552054457478446725, -1.785808513030403333, -7.134110585448898867 ) ) ;
#8541 = CARTESIAN_POINT ( 'NONE',  ( 3.040000000000000036, 2.040000000000000036, 0.5000000000000000000 ) ) ;
#8542 = CARTESIAN_POINT ( 'NONE',  ( -0.3643944005386605678, -0.5681916233596467913, -4.370000000000000107 ) ) ;
#8543 = EDGE_CURVE ( 'NONE', #139, #8177, #3391, .T. ) ;
#8544 = CARTESIAN_POINT ( 'NONE',  ( 3.114876957059974139, 7.761044967070198765E-06, -7.656944606398631947 ) ) ;
#8545 = DIRECTION ( 'NONE',  ( -1.000000000000000000, 0.000000000000000000, 0.000000000000000000 ) ) ;
#8546 = ORIENTED_EDGE ( 'NONE', *, *, #4011, .T. ) ;
#8547 = CARTESIAN_POINT ( 'NONE',  ( 1.802008601448000125, -2.212649628009999869, -8.126861086522000122 ) ) ;
#8548 = ORIENTED_EDGE ( 'NONE', *, *, #9638, .F. ) ;
#8549 = AXIS2_PLACEMENT_3D ( 'NONE', #7425, #132, #3379 ) ;
#8550 = CARTESIAN_POINT ( 'NONE',  ( 0.000000000000000000, 0.000000000000000000, -4.839999999887822923 ) ) ;
#8551 = CARTESIAN_POINT ( 'NONE',  ( 0.000000000000000000, 0.000000000000000000, -4.370000000000000107 ) ) ;
#8552 = VERTEX_POINT ( 'NONE', #77 ) ;
#8553 = CARTESIAN_POINT ( 'NONE',  ( 0.6189672496867000273, 2.746335325636000135, -5.115132488568001179 ) ) ;
#8554 = EDGE_CURVE ( 'NONE', #2253, #7657, #4116, .T. ) ;
#8555 = EDGE_CURVE ( 'NONE', #1998, #3027, #4937, .T. ) ;
#8556 = ORIENTED_EDGE ( 'NONE', *, *, #8283, .F. ) ;
#8557 = DIRECTION ( 'NONE',  ( -0.000000000000000000, -0.000000000000000000, -1.000000000000000000 ) ) ;
#8558 = CARTESIAN_POINT ( 'NONE',  ( -1.918495194022000083, -2.013862559072999936, -6.188591701248999932 ) ) ;
#8559 = DIRECTION ( 'NONE',  ( 0.000000000000000000, -1.000000000000000000, 0.000000000000000000 ) ) ;
#8560 = EDGE_LOOP ( 'NONE', ( #5981, #7228 ) ) ;
#8561 = CARTESIAN_POINT ( 'NONE',  ( 0.6346983601050831814, -0.1748660461027868596, -4.119991299149684316 ) ) ;
#8562 = DIRECTION ( 'NONE',  ( 0.000000000000000000, 0.000000000000000000, 1.000000000000000000 ) ) ;
#8563 = DIRECTION ( 'NONE',  ( 0.2079116908177740530, -0.9781476007338024692, 0.000000000000000000 ) ) ;
#8564 = CARTESIAN_POINT ( 'NONE',  ( -0.5107053896536003501, -0.4020945224431241583, -4.070000000000004725 ) ) ;
#8565 = ORIENTED_EDGE ( 'NONE', *, *, #4740, .T. ) ;
#8566 = APPLICATION_PROTOCOL_DEFINITION ( 'draft international standard', 'automotive_design', 1998, #1084 ) ;
#8567 = FACE_OUTER_BOUND ( 'NONE', #6238, .T. ) ;
#8568 = ORIENTED_EDGE ( 'NONE', *, *, #3579, .T. ) ;
#8569 = CARTESIAN_POINT ( 'NONE',  ( -0.1264134477687089697, 0.6375889273060096896, -3.919999999999999929 ) ) ;
#8570 = CARTESIAN_POINT ( 'NONE',  ( 2.046534343479803564, -1.820888365033830780, -8.198913717958076219 ) ) ;
#8571 = DIRECTION ( 'NONE',  ( 0.7431448254773983519, -0.6691306063588535746, 0.000000000000000000 ) ) ;
#8572 = CARTESIAN_POINT ( 'NONE',  ( -0.7860995470323000056, -2.713160299861999913, -6.285765505280999754 ) ) ;
#8573 = AXIS2_PLACEMENT_3D ( 'NONE', #8952, #5703, #1615 ) ;
#8574 = VERTEX_POINT ( 'NONE', #7853 ) ;
#8575 = CARTESIAN_POINT ( 'NONE',  ( -1.379133314664999999, -2.466364038666999825, -6.311728235239000284 ) ) ;
#8576 = VERTEX_POINT ( 'NONE', #2841 ) ;
#8577 = ADVANCED_FACE ( 'NONE', ( #8431 ), #7738, .T. ) ;
#8578 = CARTESIAN_POINT ( 'NONE',  ( 0.2245979712142682494, 0.6099637295171203011, -3.919999999999999929 ) ) ;
#8579 = CARTESIAN_POINT ( 'NONE',  ( 1.568772251375200266, 2.721845121422331371, -6.127044616468102944 ) ) ;
#8580 = CARTESIAN_POINT ( 'NONE',  ( 0.6454470077100789016, -0.07679948071507571028, -4.370000000000000107 ) ) ;
#8581 = CARTESIAN_POINT ( 'NONE',  ( -0.4077504631248924927, 3.115000251734184822, -7.465529346278489520 ) ) ;
#8582 = VERTEX_POINT ( 'NONE', #9247 ) ;
#8583 = DIRECTION ( 'NONE',  ( 0.2588190451025326744, -0.9659258262890652036, 0.000000000000000000 ) ) ;
#8584 = CIRCLE ( 'NONE', #766, 0.6500000000000000222 ) ;
#8585 = CARTESIAN_POINT ( 'NONE',  ( -0.8753236937524999650, 2.825145594155999973, -5.161676482781000885 ) ) ;
#8586 = EDGE_CURVE ( 'NONE', #8253, #4832, #2787, .T. ) ;
#8587 = ORIENTED_EDGE ( 'NONE', *, *, #6312, .F. ) ;
#8588 = LINE ( 'NONE', #1143, #9150 ) ;
#8589 = CARTESIAN_POINT ( 'NONE',  ( 2.641835383864505449, -1.652746030382440168, -7.128330236139185594 ) ) ;
#8590 = CARTESIAN_POINT ( 'NONE',  ( -0.3614556479571114922, 0.5402312602579609768, -3.919999999999999929 ) ) ;
#8591 = CARTESIAN_POINT ( 'NONE',  ( -2.886700520426999983, 0.8783837236659000069, -6.912776294414999967 ) ) ;
#8592 = DIRECTION ( 'NONE',  ( -0.000000000000000000, -0.000000000000000000, -1.000000000000000000 ) ) ;
#8593 = CARTESIAN_POINT ( 'NONE',  ( 0.6594379015382916265, 0.1441063982437087998, -4.219999999999999751 ) ) ;
#8594 = CARTESIAN_POINT ( 'NONE',  ( 1.898235963989024944, 2.478129201385242730, -6.963109192853317531 ) ) ;
#8595 = AXIS2_PLACEMENT_3D ( 'NONE', #3930, #8023, #3821 ) ;
#8596 = CARTESIAN_POINT ( 'NONE',  ( 1.795815063921900379, -2.576076619859100525, -4.941024198159048808 ) ) ;
#8597 = EDGE_LOOP ( 'NONE', ( #1636, #3271, #8079, #1801 ) ) ;
#8598 = CARTESIAN_POINT ( 'NONE',  ( 1.833066281260000041, 2.797906875723000564, -7.650112264240000570 ) ) ;
#8599 = EDGE_LOOP ( 'NONE', ( #3046, #8864, #3643, #10388 ) ) ;
#8600 = ADVANCED_FACE ( 'NONE', ( #9295 ), #1547, .T. ) ;
#8601 = CARTESIAN_POINT ( 'NONE',  ( 2.728131484192881651, 0.2928288144153102235, -4.453285351190070074 ) ) ;
#8602 = EDGE_CURVE ( 'NONE', #220, #6904, #1147, .T. ) ;
#8603 = DIRECTION ( 'NONE',  ( -0.2588190451025139116, -0.9659258262890700886, 0.000000000000000000 ) ) ;
#8604 = CIRCLE ( 'NONE', #6051, 2.675000000010640644 ) ;
#8605 = EDGE_LOOP ( 'NONE', ( #2272, #2212, #9831, #6703 ) ) ;
#8606 = ORIENTED_EDGE ( 'NONE', *, *, #4342, .T. ) ;
#8607 = CARTESIAN_POINT ( 'NONE',  ( -2.683606238111046594, 0.4904075776776644635, -4.960609551327474165 ) ) ;
#8608 = CARTESIAN_POINT ( 'NONE',  ( -2.736715364825999863, -0.8703763703022999731, -6.244511091713000006 ) ) ;
#8609 = VECTOR ( 'NONE', #2488, 1000.000000000000000 ) ;
#8610 = DIRECTION ( 'NONE',  ( -0.000000000000000000, -0.000000000000000000, -1.000000000000000000 ) ) ;
#8611 = CARTESIAN_POINT ( 'NONE',  ( -0.2683443724941280140, 2.050000000000000266, -7.170000000000000817 ) ) ;
#8612 = CARTESIAN_POINT ( 'NONE',  ( -0.2245979712142767426, 0.6099637295171173035, -4.070000000000006501 ) ) ;
#8613 = ADVANCED_FACE ( 'NONE', ( #6892 ), #7690, .F. ) ;
#8614 = EDGE_CURVE ( 'NONE', #2556, #8140, #5454, .T. ) ;
#8615 = DIRECTION ( 'NONE',  ( 0.000000000000000000, 0.000000000000000000, 1.000000000000000000 ) ) ;
#8616 = CIRCLE ( 'NONE', #8097, 0.6350000000000000089 ) ;
#8617 = CIRCLE ( 'NONE', #7594, 0.6500000000000000222 ) ;
#8618 = CARTESIAN_POINT ( 'NONE',  ( -3.478445380721962188, 3.404397331752656797, -1.300000000000000266 ) ) ;
#8619 = VERTEX_POINT ( 'NONE', #8593 ) ;
#8620 = ITEM_DEFINED_TRANSFORMATION ( 'NONE', 'NONE', #4137,  #9235 ) ;
#8621 = CARTESIAN_POINT ( 'NONE',  ( 1.108970980405658668, -2.046589589804729492, -7.169999999999999929 ) ) ;
#8622 = VERTEX_POINT ( 'NONE', #7635 ) ;
#8623 = LINE ( 'NONE', #10287, #998 ) ;
#8624 = CARTESIAN_POINT ( 'NONE',  ( 0.2555308040938812364, 2.689668100204683832, -7.951612372276881224 ) ) ;
#8625 = CARTESIAN_POINT ( 'NONE',  ( -2.955572554681306752, -1.004774114437853028, -6.676374318895735627 ) ) ;
#8626 = CARTESIAN_POINT ( 'NONE',  ( -2.665160256509091496, 0.4443669579225063559, -6.371034206392275578 ) ) ;
#8627 = CONICAL_SURFACE ( 'NONE', #7601, 0.1499999999999982181, 0.5404195002705826090 ) ;
#8628 = LINE ( 'NONE', #4569, #2884 ) ;
#8629 = AXIS2_PLACEMENT_3D ( 'NONE', #7448, #3298, #1657 ) ;
#8630 = ADVANCED_FACE ( 'NONE', ( #6844 ), #348, .T. ) ;
#8631 = ORIENTED_EDGE ( 'NONE', *, *, #7345, .T. ) ;
#8632 = CARTESIAN_POINT ( 'NONE',  ( -2.813319153379000070, -0.9126196024760999670, -5.689690037867999983 ) ) ;
#8633 = ORIENTED_EDGE ( 'NONE', *, *, #2558, .F. ) ;
#8634 = CIRCLE ( 'NONE', #6763, 0.6750000000000000444 ) ;
#8635 = CARTESIAN_POINT ( 'NONE',  ( -3.049999999973352693, -0.3992440663902140363, -3.300000000024284397 ) ) ;
#8636 = CARTESIAN_POINT ( 'NONE',  ( 0.6182000847280687550, -0.2710233481495804564, -4.219999999999999751 ) ) ;
#8637 = VERTEX_POINT ( 'NONE', #3582 ) ;
#8638 = CARTESIAN_POINT ( 'NONE',  ( 3.114837034915598046, -1.548345376096572942E-05, -7.771674872001586465 ) ) ;
#8639 = CARTESIAN_POINT ( 'NONE',  ( -1.201605496734920342, -2.873733805776752526, -5.874747288719409433 ) ) ;
#8640 = CARTESIAN_POINT ( 'NONE',  ( 3.114876957059974139, 7.761044967070198765E-06, -7.656944606398631947 ) ) ;
#8641 = CARTESIAN_POINT ( 'NONE',  ( 3.500000000000000000, 3.299999999999999822, -0.4000000000000000222 ) ) ;
#8642 = ORIENTED_EDGE ( 'NONE', *, *, #5028, .T. ) ;
#8643 = DIRECTION ( 'NONE',  ( 0.000000000000000000, -1.000000000000000000, 0.000000000000000000 ) ) ;
#8644 = ADVANCED_FACE ( 'NONE', ( #2950 ), #6033, .F. ) ;
#8645 = LINE ( 'NONE', #8745, #8285 ) ;
#8646 = ORIENTED_EDGE ( 'NONE', *, *, #2981, .F. ) ;
#8647 = CARTESIAN_POINT ( 'NONE',  ( -0.5322434907469417720, -2.671365186109588841, -5.392073949810151312 ) ) ;
#8648 = CARTESIAN_POINT ( 'NONE',  ( 3.073117032103093837, -0.5123581824591936229, -7.084431151911855018 ) ) ;
#8649 =( NAMED_UNIT ( * ) PLANE_ANGLE_UNIT ( ) SI_UNIT ( $, .RADIAN. ) );
#8650 = CARTESIAN_POINT ( 'NONE',  ( 0.6454470077100772363, 0.07679948071508978236, -4.370000000000000107 ) ) ;
#8651 = CARTESIAN_POINT ( 'NONE',  ( -0.4020945224431188292, -0.5107053896536045690, -3.919999999999999929 ) ) ;
#8652 = VECTOR ( 'NONE', #801, 1000.000000000000000 ) ;
#8653 = SURFACE_STYLE_FILL_AREA ( #5394 ) ;
#8654 = CYLINDRICAL_SURFACE ( 'NONE', #7668, 0.6500000000000000222 ) ;
#8655 = ORIENTED_EDGE ( 'NONE', *, *, #1936, .F. ) ;
#8656 = ORIENTED_EDGE ( 'NONE', *, *, #1210, .F. ) ;
#8657 = EDGE_CURVE ( 'NONE', #4983, #4251, #6201, .T. ) ;
#8658 = CARTESIAN_POINT ( 'NONE',  ( -2.574999999941874229, 2.207425855366395090E-16, -9.100000000039145220 ) ) ;
#8659 = DIRECTION ( 'NONE',  ( -0.000000000000000000, -0.000000000000000000, -1.000000000000000000 ) ) ;
#8660 = EDGE_LOOP ( 'NONE', ( #7751, #9450 ) ) ;
#8661 = ORIENTED_EDGE ( 'NONE', *, *, #8256, .T. ) ;
#8662 = EDGE_CURVE ( 'NONE', #2085, #7119, #1369, .T. ) ;
#8663 = FACE_OUTER_BOUND ( 'NONE', #6777, .T. ) ;
#8664 = EDGE_CURVE ( 'NONE', #1591, #9726, #1204, .T. ) ;
#8665 = CIRCLE ( 'NONE', #673, 3.249999999979991117 ) ;
#8666 = CARTESIAN_POINT ( 'NONE',  ( -1.684047657120000041, 2.326117873220999943, -6.338350223758000723 ) ) ;
#8667 = ORIENTED_EDGE ( 'NONE', *, *, #8657, .T. ) ;
#8668 = CARTESIAN_POINT ( 'NONE',  ( 0.000000000000000000, 0.000000000000000000, -4.370000000000000107 ) ) ;
#8669 = CARTESIAN_POINT ( 'NONE',  ( 0.03917339399606819400, -0.6738623340140248441, -3.919999999999999929 ) ) ;
#8670 = DIRECTION ( 'NONE',  ( -1.000000000000000000, 0.000000000000000000, 0.000000000000000000 ) ) ;
#8671 = CARTESIAN_POINT ( 'NONE',  ( 0.000000000000000000, 0.000000000000000000, -9.020088802850999343 ) ) ;
#8672 = CIRCLE ( 'NONE', #7144, 0.6500000000000000222 ) ;
#8673 = CARTESIAN_POINT ( 'NONE',  ( 0.000000000000000000, 0.000000000000000000, -11.16999999999999993 ) ) ;
#8674 = ORIENTED_EDGE ( 'NONE', *, *, #433, .T. ) ;
#8675 = ORIENTED_EDGE ( 'NONE', *, *, #7574, .F. ) ;
#8676 = DIRECTION ( 'NONE',  ( 0.000000000000000000, 0.000000000000000000, -1.000000000000000000 ) ) ;
#8677 = VERTEX_POINT ( 'NONE', #10140 ) ;
#8678 = FACE_OUTER_BOUND ( 'NONE', #3600, .T. ) ;
#8679 = EDGE_CURVE ( 'NONE', #3906, #6795, #5232, .T. ) ;
#8680 = DIRECTION ( 'NONE',  ( -1.000000000000000000, 0.000000000000000000, 0.000000000000000000 ) ) ;
#8681 = CARTESIAN_POINT ( 'NONE',  ( 0.2454910247048505967, 0.6287759193777722189, -3.919999999999999929 ) ) ;
#8682 = DIRECTION ( 'NONE',  ( -0.000000000000000000, -0.000000000000000000, -1.000000000000000000 ) ) ;
#8683 = AXIS2_PLACEMENT_3D ( 'NONE', #8275, #2530, #4918 ) ;
#8684 = CARTESIAN_POINT ( 'NONE',  ( 0.8993355480126132839, -2.585414442555378667, -6.844132432916588016 ) ) ;
#8685 = ORIENTED_EDGE ( 'NONE', *, *, #3288, .F. ) ;
#8686 = ORIENTED_EDGE ( 'NONE', *, *, #6792, .T. ) ;
#8687 = AXIS2_PLACEMENT_3D ( 'NONE', #932, #9888, #2740 ) ;
#8688 = CARTESIAN_POINT ( 'NONE',  ( 2.424999999846002119, 2.969768487743763653E-16, -9.099999999875763024 ) ) ;
#8689 = ORIENTED_EDGE ( 'NONE', *, *, #3955, .F. ) ;
#8690 = DIRECTION ( 'NONE',  ( -0.5446390350150246418, -0.8386705679454256046, 0.000000000000000000 ) ) ;
#8691 = EDGE_CURVE ( 'NONE', #4843, #8820, #4479, .T. ) ;
#8692 = CARTESIAN_POINT ( 'NONE',  ( -0.02511620569689576241, -0.6495145696682955716, -3.919999999999999929 ) ) ;
#8693 = DIRECTION ( 'NONE',  ( -1.000000000000000000, 0.000000000000000000, 0.000000000000000000 ) ) ;
#8694 = ORIENTED_EDGE ( 'NONE', *, *, #6263, .F. ) ;
#8695 = CARTESIAN_POINT ( 'NONE',  ( 3.154837467587999988, -0.2095770088159000233, -8.291810115014000004 ) ) ;
#8696 = CARTESIAN_POINT ( 'NONE',  ( -2.674999999999999822, 1.104372612644426737E-13, -3.299999999999999822 ) ) ;
#8697 = VECTOR ( 'NONE', #7310, 1000.000000000000000 ) ;
#8698 = DIRECTION ( 'NONE',  ( 0.000000000000000000, 0.000000000000000000, -1.000000000000000000 ) ) ;
#8699 = EDGE_LOOP ( 'NONE', ( #10247, #10283, #5363, #2238 ) ) ;
#8700 = CARTESIAN_POINT ( 'NONE',  ( 1.389281885650242465, 2.341911944887038466, -5.782870519849172553 ) ) ;
#8701 = CARTESIAN_POINT ( 'NONE',  ( 0.01761739755127081364, -3.114944332769140178, -7.241949090348775542 ) ) ;
#8702 = CARTESIAN_POINT ( 'NONE',  ( -1.865496979428000301, 2.576747663862000604, -6.191103477377001063 ) ) ;
#8703 = FACE_OUTER_BOUND ( 'NONE', #3816, .T. ) ;
#8704 = CARTESIAN_POINT ( 'NONE',  ( -3.500000000000000000, -3.299999999999999822, 0.5000000000000000000 ) ) ;
#8705 = CIRCLE ( 'NONE', #5632, 0.6500000000000000222 ) ;
#8706 = DIRECTION ( 'NONE',  ( 0.000000000000000000, 0.000000000000000000, 1.000000000000000000 ) ) ;
#8707 = EDGE_LOOP ( 'NONE', ( #5862, #7266, #1884, #3464 ) ) ;
#8708 = DIRECTION ( 'NONE',  ( -0.000000000000000000, -0.000000000000000000, -1.000000000000000000 ) ) ;
#8709 = CARTESIAN_POINT ( 'NONE',  ( -3.039999999999999591, -3.039999999999999591, 0.5000000000000000000 ) ) ;
#8710 = FACE_OUTER_BOUND ( 'NONE', #1901, .T. ) ;
#8711 = ORIENTED_EDGE ( 'NONE', *, *, #9001, .F. ) ;
#8712 = VERTEX_POINT ( 'NONE', #8542 ) ;
#8713 = EDGE_CURVE ( 'NONE', #598, #1601, #1310, .T. ) ;
#8714 = CARTESIAN_POINT ( 'NONE',  ( 2.320185890815368968, -1.433922672583226587, -5.355473826953911498 ) ) ;
#8715 = CARTESIAN_POINT ( 'NONE',  ( 2.726583466939000555, 0.9014258813332001186, -6.596233931052000621 ) ) ;
#8716 = ORIENTED_EDGE ( 'NONE', *, *, #5274, .F. ) ;
#8717 = CARTESIAN_POINT ( 'NONE',  ( 0.4770359960578598457, 0.4415163173259685769, -4.070000000000004725 ) ) ;
#8718 = CARTESIAN_POINT ( 'NONE',  ( -1.639317026916268460, 1.259820775948575555, -7.169999999999999929 ) ) ;
#8719 = SURFACE_STYLE_USAGE ( .BOTH. , #7272 ) ;
#8720 = ADVANCED_FACE ( 'NONE', ( #3744 ), #7013, .F. ) ;
#8721 = ADVANCED_FACE ( 'NONE', ( #761 ), #7257, .F. ) ;
#8722 = CARTESIAN_POINT ( 'NONE',  ( -3.500000000000000444, 3.352359877559829560, -1.300000000000000266 ) ) ;
#8723 = EDGE_LOOP ( 'NONE', ( #4229, #5093, #2585, #6691 ) ) ;
#8724 = PRODUCT_CONTEXT ( 'NONE', #1084, 'mechanical' ) ;
#8725 = ORIENTED_EDGE ( 'NONE', *, *, #6312, .T. ) ;
#8726 = CARTESIAN_POINT ( 'NONE',  ( -2.882098464534273319, -1.191635128449082259, -5.962870162839635668 ) ) ;
#8727 = EDGE_LOOP ( 'NONE', ( #1427, #9505, #7292, #3599 ) ) ;
#8728 = CARTESIAN_POINT ( 'NONE',  ( 3.040000000000000036, 2.040000000000000036, 4.400000000000000355 ) ) ;
#8729 = CARTESIAN_POINT ( 'NONE',  ( -0.5221405368133826830, 0.4277782834789918831, -4.220000000000000639 ) ) ;
#8730 = LINE ( 'NONE', #5525, #5822 ) ;
#8731 = CARTESIAN_POINT ( 'NONE',  ( -1.201605496734920342, -2.873733805776752526, -5.874747288719409433 ) ) ;
#8732 = CARTESIAN_POINT ( 'NONE',  ( -1.275013650219357420, -2.382034416678417976, -6.231255184920373225 ) ) ;
#8733 = EDGE_CURVE ( 'NONE', #333, #6433, #3259, .T. ) ;
#8734 = ORIENTED_EDGE ( 'NONE', *, *, #9284, .F. ) ;
#8735 = ADVANCED_FACE ( 'NONE', ( #9611 ), #9562, .T. ) ;
#8736 = EDGE_LOOP ( 'NONE', ( #10336, #5342, #1349, #6410 ) ) ;
#8737 = DIRECTION ( 'NONE',  ( -0.000000000000000000, 0.000000000000000000, 1.000000000000000000 ) ) ;
#8738 = ORIENTED_EDGE ( 'NONE', *, *, #7163, .F. ) ;
#8739 = CARTESIAN_POINT ( 'NONE',  ( -3.032271242662448518, 0.7176851739895445670, -7.444930429192027077 ) ) ;
#8740 = CARTESIAN_POINT ( 'NONE',  ( -1.285447001814999934, -2.518725756144000183, -6.050355585535999836 ) ) ;
#8741 = CARTESIAN_POINT ( 'NONE',  ( -0.6225347434767865007, -0.2385594966419811447, -4.169991741848313893 ) ) ;
#8742 = MECHANICAL_DESIGN_GEOMETRIC_PRESENTATION_REPRESENTATION (  '', ( #4644 ), #3123 ) ;
#8743 = CARTESIAN_POINT ( 'NONE',  ( -0.004970236966826000607, -2.835453877100000408, -7.577505100769999835 ) ) ;
#8744 = DIRECTION ( 'NONE',  ( -0.000000000000000000, -0.000000000000000000, -1.000000000000000000 ) ) ;
#8745 = CARTESIAN_POINT ( 'NONE',  ( -0.5681916233596429056, -0.3643944005386663965, -3.919999999999999929 ) ) ;
#8746 = VERTEX_POINT ( 'NONE', #3110 ) ;
#8747 = EDGE_CURVE ( 'NONE', #1703, #4545, #9107, .T. ) ;
#8748 = CARTESIAN_POINT ( 'NONE',  ( 2.241875286122922528, 1.545999179134657897, -5.125621742965472905 ) ) ;
#8749 = CARTESIAN_POINT ( 'NONE',  ( 1.677182951875844541, -2.624845318471055400, -7.178568934096882792 ) ) ;
#8750 =( LENGTH_UNIT ( ) NAMED_UNIT ( * ) SI_UNIT ( .MILLI., .METRE. ) );
#8751 = CARTESIAN_POINT ( 'NONE',  ( -3.008816980219000126, -1.032816095300000070, -6.753860020320000324 ) ) ;
#8752 = CARTESIAN_POINT ( 'NONE',  ( -2.743579212594999817, 0.6310715316248000084, -4.845672620442999623 ) ) ;
#8753 = CARTESIAN_POINT ( 'NONE',  ( -0.03917339399606812461, -0.6738623340140247331, -4.220000000000000639 ) ) ;
#8754 = CARTESIAN_POINT ( 'NONE',  ( 0.1382365438067833796, -0.6521892349848616988, -4.169991741848313893 ) ) ;
#8755 = CARTESIAN_POINT ( 'NONE',  ( 0.06672418922079427495, -0.6716940394054631280, -3.919999999999999929 ) ) ;
#8756 = CARTESIAN_POINT ( 'NONE',  ( -2.325000000000000178, 6.003304284507175047E-11, -7.169999999999999929 ) ) ;
#8757 = VERTEX_POINT ( 'NONE', #4690 ) ;
#8758 = CIRCLE ( 'NONE', #2639, 0.6750000000000000444 ) ;
#8759 = CARTESIAN_POINT ( 'NONE',  ( -2.040000000000000036, 2.770000000000000018, 0.000000000000000000 ) ) ;
#8760 = EDGE_CURVE ( 'NONE', #2424, #5096, #6308, .T. ) ;
#8761 = PLANE ( 'NONE',  #4190 ) ;
#8762 = CYLINDRICAL_SURFACE ( 'NONE', #5532, 0.6750000000000000444 ) ;
#8763 = ORIENTED_EDGE ( 'NONE', *, *, #9284, .T. ) ;
#8764 = VERTEX_POINT ( 'NONE', #6256 ) ;
#8765 = CARTESIAN_POINT ( 'NONE',  ( 0.03433023273111000112, -2.871523461191999971, -6.854117638346999719 ) ) ;
#8766 = ORIENTED_EDGE ( 'NONE', *, *, #2359, .F. ) ;
#8767 = DIRECTION ( 'NONE',  ( -0.000000000000000000, -0.000000000000000000, -1.000000000000000000 ) ) ;
#8768 = DIRECTION ( 'NONE',  ( 0.05233595624294807430, -0.9986295347545737222, 0.000000000000000000 ) ) ;
#8769 = CARTESIAN_POINT ( 'NONE',  ( 0.000000000000000000, 0.000000000000000000, -4.370000000000000107 ) ) ;
#8770 = B_SPLINE_CURVE_WITH_KNOTS ( 'NONE', 3,
 ( #175, #8421, #3425, #6674, #8210, #925 ),
 .UNSPECIFIED., .F., .F.,
 ( 4, 2, 4 ),
 ( 0.000000000000000000, 0.5000000000000000000, 1.000000000000000000 ),
 .UNSPECIFIED. ) ;
#8771 = DIRECTION ( 'NONE',  ( -1.000000000000000000, 0.000000000000000000, 0.000000000000000000 ) ) ;
#8772 = ADVANCED_FACE ( 'NONE', ( #7111, #6407 ), #9663, .T. ) ;
#8773 = CARTESIAN_POINT ( 'NONE',  ( 0.1323402377513552552, 0.6449079034029732149, -4.119991299149685204 ) ) ;
#8774 = ORIENTED_EDGE ( 'NONE', *, *, #8057, .T. ) ;
#8775 = ORIENTED_EDGE ( 'NONE', *, *, #3504, .F. ) ;
#8776 = CARTESIAN_POINT ( 'NONE',  ( -0.1480006324760892722, -2.324966238019586573, -7.169999999999999929 ) ) ;
#8777 = VECTOR ( 'NONE', #1734, 1000.000000000000000 ) ;
#8778 = ORIENTED_EDGE ( 'NONE', *, *, #715, .F. ) ;
#8779 = DIRECTION ( 'NONE',  ( -0.8386705679454207196, -0.5446390350150321913, 0.000000000000000000 ) ) ;
#8780 = CARTESIAN_POINT ( 'NONE',  ( -0.6162654426528393348, 0.2315967326876701149, -4.119991299149685204 ) ) ;
#8781 = CARTESIAN_POINT ( 'NONE',  ( -0.5041923985042239265, 0.4487928534307981110, -4.219999999999999751 ) ) ;
#8782 = CARTESIAN_POINT ( 'NONE',  ( -0.2106663888981294697, -3.149525974523951888, -5.838066896916834558 ) ) ;
#8783 = CARTESIAN_POINT ( 'NONE',  ( -1.498386878479105455, -2.249332120028344040, -6.242007417341222997 ) ) ;
#8784 = VECTOR ( 'NONE', #8188, 1000.000000000000000 ) ;
#8785 = AXIS2_PLACEMENT_3D ( 'NONE', #8103, #5659, #5552 ) ;
#8786 = ORIENTED_EDGE ( 'NONE', *, *, #9919, .T. ) ;
#8787 = ORIENTED_EDGE ( 'NONE', *, *, #6699, .T. ) ;
#8788 = FACE_OUTER_BOUND ( 'NONE', #9736, .T. ) ;
#8789 = VERTEX_POINT ( 'NONE', #5501 ) ;
#8790 = CARTESIAN_POINT ( 'NONE',  ( -2.506168537980626887, 1.861773394734393738, -7.490253257295854006 ) ) ;
#8791 = CIRCLE ( 'NONE', #2676, 0.6500000000000000222 ) ;
#8792 = CARTESIAN_POINT ( 'NONE',  ( -2.752267496335000008, 1.432466055724999965, -5.433268683078999572 ) ) ;
#8793 = DIRECTION ( 'NONE',  ( 0.9659258262890669799, 0.2588190451025259575, -0.000000000000000000 ) ) ;
#8794 = AXIS2_PLACEMENT_3D ( 'NONE', #3516, #1737, #5925 ) ;
#8795 = EDGE_CURVE ( 'NONE', #1672, #8219, #7490, .T. ) ;
#8796 = EDGE_CURVE ( 'NONE', #6520, #220, #5669, .T. ) ;
#8797 = CARTESIAN_POINT ( 'NONE',  ( -2.765673227241999932, 0.6251998808502999827, -7.778788804372999799 ) ) ;
#8798 = DIRECTION ( 'NONE',  ( -1.000000000000000000, 0.000000000000000000, 0.000000000000000000 ) ) ;
#8799 = DIRECTION ( 'NONE',  ( -0.000000000000000000, -0.000000000000000000, -1.000000000000000000 ) ) ;
#8800 = ORIENTED_EDGE ( 'NONE', *, *, #4443, .T. ) ;
#8801 = AXIS2_PLACEMENT_3D ( 'NONE', #3377, #2476, #9885 ) ;
#8802 = CARTESIAN_POINT ( 'NONE',  ( -1.932601836210846580, -1.918423868130558985, -4.752588653382814776 ) ) ;
#8803 = VECTOR ( 'NONE', #3349, 1000.000000000000000 ) ;
#8804 = CARTESIAN_POINT ( 'NONE',  ( -1.074459976854862386, -2.923523565711564576, -7.281658682124917625 ) ) ;
#8805 = CARTESIAN_POINT ( 'NONE',  ( -2.022606003432000144, 2.664109847123000030, -6.805977449829000214 ) ) ;
#8806 = CARTESIAN_POINT ( 'NONE',  ( 1.942433415121999962, 2.037781020683000044, -4.376327238143000287 ) ) ;
#8807 = CARTESIAN_POINT ( 'NONE',  ( -0.5901242379057451970, -0.2724947409330378822, -4.370000000000000107 ) ) ;
#8808 = CARTESIAN_POINT ( 'NONE',  ( -3.115032014061654309, -4.909827123743174226E-07, -5.301059163429552079 ) ) ;
#8809 = DIRECTION ( 'NONE',  ( 0.000000000000000000, 0.000000000000000000, -1.000000000000000000 ) ) ;
#8810 = CARTESIAN_POINT ( 'NONE',  ( 2.796316674088652476, 4.358663009364172337E-07, -8.178693102334808174 ) ) ;
#8811 = ORIENTED_EDGE ( 'NONE', *, *, #6873, .T. ) ;
#8812 = EDGE_CURVE ( 'NONE', #8988, #4642, #4849, .T. ) ;
#8813 = VECTOR ( 'NONE', #8453, 1000.000000000000000 ) ;
#8814 = CIRCLE ( 'NONE', #10149, 0.6500000000000000222 ) ;
#8815 = DIRECTION ( 'NONE',  ( 0.4999999999999968359, 0.8660254037844404840, -0.000000000000000000 ) ) ;
#8816 = CARTESIAN_POINT ( 'NONE',  ( -0.3614556479571076064, -0.5402312602579634193, -3.919999999999999929 ) ) ;
#8817 = EDGE_LOOP ( 'NONE', ( #684, #8862, #6378, #9250 ) ) ;
#8818 = VECTOR ( 'NONE', #2815, 1000.000000000000114 ) ;
#8819 = CARTESIAN_POINT ( 'NONE',  ( 0.000000000000000000, 0.000000000000000000, -6.950000000000000178 ) ) ;
#8820 = VERTEX_POINT ( 'NONE', #9511 ) ;
#8821 = CARTESIAN_POINT ( 'NONE',  ( -0.2724947409330356618, 0.5901242379057460852, -3.919999999999999929 ) ) ;
#8822 = AXIS2_PLACEMENT_3D ( 'NONE', #7454, #1015, #4252 ) ;
#8823 = CARTESIAN_POINT ( 'NONE',  ( -0.5901242379057451970, -0.2724947409330378822, -3.919999999999999929 ) ) ;
#8824 = LINE ( 'NONE', #1539, #4175 ) ;
#8825 = FACE_OUTER_BOUND ( 'NONE', #4344, .T. ) ;
#8826 = VECTOR ( 'NONE', #8503, 1000.000000000000114 ) ;
#8827 = ORIENTED_EDGE ( 'NONE', *, *, #1011, .T. ) ;
#8828 = CARTESIAN_POINT ( 'NONE',  ( 0.6454470077100789016, -0.07679948071507571028, -3.919999999999999929 ) ) ;
#8829 = ORIENTED_EDGE ( 'NONE', *, *, #7850, .T. ) ;
#8830 = CARTESIAN_POINT ( 'NONE',  ( 0.6740008022047223601, 2.507979642344997373, -9.100000000046295057 ) ) ;
#8831 = DIRECTION ( 'NONE',  ( -0.000000000000000000, -0.000000000000000000, -1.000000000000000000 ) ) ;
#8832 = CARTESIAN_POINT ( 'NONE',  ( 0.000000000000000000, 0.000000000000000000, -4.370000000000000107 ) ) ;
#8833 = CARTESIAN_POINT ( 'NONE',  ( 3.114460625267408744, 0.4995177605219224271, -4.929934808533826818 ) ) ;
#8834 = ORIENTED_EDGE ( 'NONE', *, *, #6347, .T. ) ;
#8835 = ORIENTED_EDGE ( 'NONE', *, *, #6839, .T. ) ;
#8836 = CARTESIAN_POINT ( 'NONE',  ( 2.475754009975711156, 1.901323652860862579, -6.285649477044807476 ) ) ;
#8837 = DIRECTION ( 'NONE',  ( -0.000000000000000000, -0.000000000000000000, -1.000000000000000000 ) ) ;
#8838 = VERTEX_POINT ( 'NONE', #2218 ) ;
#8839 = CARTESIAN_POINT ( 'NONE',  ( -0.3614556479571114922, 0.5402312602579609768, -4.070000000000005613 ) ) ;
#8840 = AXIS2_PLACEMENT_3D ( 'NONE', #7261, #6628, #1742 ) ;
#8841 = CARTESIAN_POINT ( 'NONE',  ( -0.3069955417720000024, 2.927075770015000078, -5.632589247552999723 ) ) ;
#8842 = CARTESIAN_POINT ( 'NONE',  ( -2.337378588847639715, -1.347180772492155398, -3.299999999999999822 ) ) ;
#8843 = EDGE_CURVE ( 'NONE', #7682, #1475, #2138, .T. ) ;
#8844 = CARTESIAN_POINT ( 'NONE',  ( -1.690367371719000200, -2.476782221566999898, -7.733373904289999601 ) ) ;
#8845 = DIRECTION ( 'NONE',  ( -0.000000000000000000, -0.000000000000000000, -1.000000000000000000 ) ) ;
#8846 = CARTESIAN_POINT ( 'NONE',  ( 0.000000000000000000, 0.000000000000000000, -4.370000000000000107 ) ) ;
#8847 = ORIENTED_EDGE ( 'NONE', *, *, #9653, .T. ) ;
#8848 = VECTOR ( 'NONE', #1749, 1000.000000000000000 ) ;
#8849 = CARTESIAN_POINT ( 'NONE',  ( 2.692973170655414972, -0.4050325109435733428, -4.503899926994216152 ) ) ;
#8850 = EDGE_CURVE ( 'NONE', #7393, #10234, #691, .T. ) ;
#8851 = CARTESIAN_POINT ( 'NONE',  ( 0.002999424303324012709, -3.114983052663347518, -7.242471000866851583 ) ) ;
#8852 = ADVANCED_FACE ( 'NONE', ( #1842 ), #976, .F. ) ;
#8853 = CARTESIAN_POINT ( 'NONE',  ( 0.2454910247048636140, -0.6287759193777671118, -4.219999999999999751 ) ) ;
#8854 = CARTESIAN_POINT ( 'NONE',  ( -0.3614556479571114922, 0.5402312602579609768, -4.370000000000000107 ) ) ;
#8855 = DIRECTION ( 'NONE',  ( 1.000000000000000000, 0.000000000000000000, 0.000000000000000000 ) ) ;
#8856 = PLANE ( 'NONE',  #5211 ) ;
#8857 = ORIENTED_EDGE ( 'NONE', *, *, #4288, .T. ) ;
#8858 = STYLED_ITEM ( 'NONE', ( #4691 ), #9334 ) ;
#8859 = DIRECTION ( 'NONE',  ( 0.000000000000000000, 0.000000000000000000, -1.000000000000000000 ) ) ;
#8860 = FACE_OUTER_BOUND ( 'NONE', #2489, .T. ) ;
#8861 = CARTESIAN_POINT ( 'NONE',  ( 1.997276839918473046, -2.598917237794086343, -1.300000000000000044 ) ) ;
#8862 = ORIENTED_EDGE ( 'NONE', *, *, #7969, .T. ) ;
#8863 = ADVANCED_FACE ( 'NONE', ( #1032 ), #9925, .T. ) ;
#8864 = ORIENTED_EDGE ( 'NONE', *, *, #5961, .T. ) ;
#8865 = DIRECTION ( 'NONE',  ( 0.000000000000000000, 0.000000000000000000, -1.000000000000000000 ) ) ;
#8866 = ORIENTED_EDGE ( 'NONE', *, *, #7804, .T. ) ;
#8867 = CARTESIAN_POINT ( 'NONE',  ( -1.773452884112000305, -2.640938009955999810, -7.386961131129001323 ) ) ;
#8868 = VECTOR ( 'NONE', #5857, 1000.000000000000114 ) ;
#8869 = LINE ( 'NONE', #4814, #3691 ) ;
#8870 = DIRECTION ( 'NONE',  ( 1.000000000000000000, 0.000000000000000000, 0.000000000000000000 ) ) ;
#8871 = LINE ( 'NONE', #8823, #9163 ) ;
#8872 = EDGE_CURVE ( 'NONE', #4281, #9501, #3765, .T. ) ;
#8873 = CARTESIAN_POINT ( 'NONE',  ( -0.1382365438067786612, 0.6521892349848626980, -4.169991741848314781 ) ) ;
#8874 = VERTEX_POINT ( 'NONE', #7360 ) ;
#8875 = AXIS2_PLACEMENT_3D ( 'NONE', #5935, #989, #1689 ) ;
#8876 = ORIENTED_EDGE ( 'NONE', *, *, #8850, .F. ) ;
#8877 = CARTESIAN_POINT ( 'NONE',  ( -2.674999999840133480, 3.275930187523362245E-16, -9.000000000128238753 ) ) ;
#8878 = VERTEX_POINT ( 'NONE', #66 ) ;
#8879 = CARTESIAN_POINT ( 'NONE',  ( 1.296818874415789802, 2.249999949944108568, -9.100000000046293280 ) ) ;
#8880 = CARTESIAN_POINT ( 'NONE',  ( 0.4487928534308034401, -0.5041923985042194856, -4.220000000000000639 ) ) ;
#8881 = DIRECTION ( 'NONE',  ( -0.000000000000000000, -0.000000000000000000, -1.000000000000000000 ) ) ;
#8882 = CARTESIAN_POINT ( 'NONE',  ( -1.568771349446996144, -2.721845603482178522, -5.774047249965999384 ) ) ;
#8883 = ORIENTED_EDGE ( 'NONE', *, *, #4093, .F. ) ;
#8884 = DIRECTION ( 'NONE',  ( 0.3583679495453052088, -0.9335804264971999666, 0.000000000000000000 ) ) ;
#8885 = FACE_OUTER_BOUND ( 'NONE', #5962, .T. ) ;
#8886 = EDGE_LOOP ( 'NONE', ( #5172, #8355, #724, #5751 ) ) ;
#8887 = ORIENTED_EDGE ( 'NONE', *, *, #2463, .F. ) ;
#8888 = PLANE ( 'NONE',  #2328 ) ;
#8889 = ORIENTED_EDGE ( 'NONE', *, *, #4193, .F. ) ;
#8890 = DIRECTION ( 'NONE',  ( -1.000000000000000000, 0.000000000000000000, 0.000000000000000000 ) ) ;
#8891 = CARTESIAN_POINT ( 'NONE',  ( 2.182231006085999958, -2.205622152944000103, -5.821195892590999676 ) ) ;
#8892 = CYLINDRICAL_SURFACE ( 'NONE', #7175, 0.6750000000000000444 ) ;
#8893 = DIRECTION ( 'NONE',  ( 0.000000000000000000, 0.000000000000000000, 1.000000000000000000 ) ) ;
#8894 = CARTESIAN_POINT ( 'NONE',  ( -1.598384387637999948, -2.342005708803999831, -7.644599668637999557 ) ) ;
#8895 = CARTESIAN_POINT ( 'NONE',  ( 2.249999949944085031, -1.296818874415813783, -9.100000000046295057 ) ) ;
#8896 = ORIENTED_EDGE ( 'NONE', *, *, #8812, .F. ) ;
#8897 = CARTESIAN_POINT ( 'NONE',  ( 2.040000000000000036, -3.500000000000000000, 2.200000000000000178 ) ) ;
#8898 = EDGE_CURVE ( 'NONE', #10511, #10220, #9492, .T. ) ;
#8899 = CARTESIAN_POINT ( 'NONE',  ( 0.3128212387499479386, -3.099331267375549981, -7.231205618671988411 ) ) ;
#8900 = CARTESIAN_POINT ( 'NONE',  ( 0.5775513805099495857, 0.3330083229362822417, -4.169991741848313893 ) ) ;
#8901 = CARTESIAN_POINT ( 'NONE',  ( 2.737908709625000103, -0.6552425489598999730, -4.493663583717999899 ) ) ;
#8902 = CARTESIAN_POINT ( 'NONE',  ( -0.6716940394054633501, -0.06672418922079191572, -3.919999999999999929 ) ) ;
#8903 = CARTESIAN_POINT ( 'NONE',  ( 3.033997465252717962, 0.8151953246118264218, -5.624521562922504714 ) ) ;
#8904 = DIRECTION ( 'NONE',  ( 0.000000000000000000, 0.000000000000000000, 1.000000000000000000 ) ) ;
#8905 =( LENGTH_UNIT ( ) NAMED_UNIT ( * ) SI_UNIT ( .MILLI., .METRE. ) );
#8906 = VERTEX_POINT ( 'NONE', #8958 ) ;
#8907 = PRODUCT_DEFINITION_FORMATION_WITH_SPECIFIED_SOURCE ( 'ANY', '', #6975, .NOT_KNOWN. ) ;
#8908 = FACE_OUTER_BOUND ( 'NONE', #2744, .T. ) ;
#8909 = CARTESIAN_POINT ( 'NONE',  ( 2.770000000000000018, -2.040000000000000036, 0.5000000000000000000 ) ) ;
#8910 = DIRECTION ( 'NONE',  ( 0.000000000000000000, 0.000000000000000000, 1.000000000000000000 ) ) ;
#8911 = ORIENTED_EDGE ( 'NONE', *, *, #2463, .T. ) ;
#8912 = B_SPLINE_CURVE_WITH_KNOTS ( 'NONE', 3,
 ( #3675, #1195, #7680, #3734, #4527, #6884, #9555, #7790, #8534, #10356 ),
 .UNSPECIFIED., .F., .F.,
 ( 4, 2, 2, 2, 4 ),
 ( 0.000000000000000000, 0.2500000000000001110, 0.5000000000000001110, 0.7500000000000001110, 1.000000000000000000 ),
 .UNSPECIFIED. ) ;
#8913 = ORIENTED_EDGE ( 'NONE', *, *, #9848, .F. ) ;
#8914 = AXIS2_PLACEMENT_3D ( 'NONE', #3234, #6485, #9628 ) ;
#8915 = CARTESIAN_POINT ( 'NONE',  ( 3.404397331752656797, 3.478445380721962188, 0.5000000000000000000 ) ) ;
#8916 = ORIENTED_EDGE ( 'NONE', *, *, #10202, .F. ) ;
#8917 = EDGE_CURVE ( 'NONE', #8576, #3927, #9122, .T. ) ;
#8918 = EDGE_CURVE ( 'NONE', #8987, #7618, #6041, .T. ) ;
#8919 = CARTESIAN_POINT ( 'NONE',  ( 0.5775513805099565801, -0.3330083229362702513, -4.169991741848314781 ) ) ;
#8920 = DIRECTION ( 'NONE',  ( -0.5000000000000016653, 0.8660254037844377084, 0.000000000000000000 ) ) ;
#8921 = DIRECTION ( 'NONE',  ( -0.7071067811865474617, 0.000000000000000000, -0.7071067811865474617 ) ) ;
#8922 = FACE_OUTER_BOUND ( 'NONE', #939, .T. ) ;
#8923 = ORIENTED_EDGE ( 'NONE', *, *, #6638, .F. ) ;
#8924 = ORIENTED_EDGE ( 'NONE', *, *, #3596, .F. ) ;
#8925 = CARTESIAN_POINT ( 'NONE',  ( -1.757617266068095541, -1.530376636773729704, -7.169999999999999041 ) ) ;
#8926 = ORIENTED_EDGE ( 'NONE', *, *, #2182, .T. ) ;
#8927 = LINE ( 'NONE', #1489, #3706 ) ;
#8928 = FACE_OUTER_BOUND ( 'NONE', #1092, .T. ) ;
#8929 = DIRECTION ( 'NONE',  ( 1.000000000000000000, 0.000000000000000000, 0.000000000000000000 ) ) ;
#8930 = DIRECTION ( 'NONE',  ( -0.000000000000000000, -0.000000000000000000, -1.000000000000000000 ) ) ;
#8931 = CARTESIAN_POINT ( 'NONE',  ( 0.2245979712142682494, 0.6099637295171203011, -3.919999999999999929 ) ) ;
#8932 = ORIENTED_EDGE ( 'NONE', *, *, #7770, .F. ) ;
#8933 = EDGE_CURVE ( 'NONE', #6639, #9593, #2623, .T. ) ;
#8934 = EDGE_CURVE ( 'NONE', #4911, #5060, #6820, .T. ) ;
#8935 = CARTESIAN_POINT ( 'NONE',  ( -0.06672418922078483805, -0.6716940394054642383, -4.370000000000000107 ) ) ;
#8936 = CARTESIAN_POINT ( 'NONE',  ( 0.4415163173259669671, -0.4770359960578613445, -4.370000000000000107 ) ) ;
#8937 = ORIENTED_EDGE ( 'NONE', *, *, #5227, .F. ) ;
#8938 = CIRCLE ( 'NONE', #7403, 0.6750000000000000444 ) ;
#8939 = VERTEX_POINT ( 'NONE', #6623 ) ;
#8940 = ORIENTED_EDGE ( 'NONE', *, *, #4471, .T. ) ;
#8941 = CARTESIAN_POINT ( 'NONE',  ( -0.4349999999999996092, 6.551860375438338709E-17, -11.36999999999999922 ) ) ;
#8942 = CARTESIAN_POINT ( 'NONE',  ( 0.7875988247717999879, -2.669797801630000134, -6.053582503174999907 ) ) ;
#8943 = CARTESIAN_POINT ( 'NONE',  ( -3.352359877559829560, -3.500000000000000444, -1.300000000000000266 ) ) ;
#8944 = B_SPLINE_CURVE_WITH_KNOTS ( 'NONE', 3,
 ( #1999, #7051, #3790, #340 ),
 .UNSPECIFIED., .F., .F.,
 ( 4, 4 ),
 ( 1.390037340140233250E-06, 0.0001540020230106109477 ),
 .UNSPECIFIED. ) ;
#8945 = CARTESIAN_POINT ( 'NONE',  ( 0.8153425013113803077, 3.033925497831580387, -6.803632604809709328 ) ) ;
#8946 = EDGE_CURVE ( 'NONE', #3394, #7354, #7320, .T. ) ;
#8947 = VECTOR ( 'NONE', #4155, 1000.000000000000114 ) ;
#8948 = CARTESIAN_POINT ( 'NONE',  ( 0.06672418922079427495, -0.6716940394054631280, -4.220000000000000639 ) ) ;
#8949 = ORIENTED_EDGE ( 'NONE', *, *, #3651, .F. ) ;
#8950 = CARTESIAN_POINT ( 'NONE',  ( 0.000000000000000000, 0.000000000000000000, -4.219999999999999751 ) ) ;
#8951 = CARTESIAN_POINT ( 'NONE',  ( 2.540000000000000036, 2.540000000000000036, 4.400000000000000355 ) ) ;
#8952 = CARTESIAN_POINT ( 'NONE',  ( 0.000000000000000000, 0.000000000000000000, 0.000000000000000000 ) ) ;
#8953 = AXIS2_PLACEMENT_3D ( 'NONE', #10118, #8363, #1020 ) ;
#8954 = CARTESIAN_POINT ( 'NONE',  ( -0.8714559611582000098, -3.008532753493999845, -5.851616216262000236 ) ) ;
#8955 = CIRCLE ( 'NONE', #4695, 0.6500000000000000222 ) ;
#8956 = CARTESIAN_POINT ( 'NONE',  ( -2.665048484457202438, 1.536037890117822879, -3.300000000024283953 ) ) ;
#8957 = DIRECTION ( 'NONE',  ( 0.000000000000000000, 0.000000000000000000, 1.000000000000000000 ) ) ;
#8958 = CARTESIAN_POINT ( 'NONE',  ( -0.3614556479571076064, -0.5402312602579634193, -4.370000000000000107 ) ) ;
#8959 =( LENGTH_UNIT ( ) NAMED_UNIT ( * ) SI_UNIT ( .MILLI., .METRE. ) );
#8960 = B_SPLINE_CURVE_WITH_KNOTS ( 'NONE', 3,
 ( #6090, #6950, #1093, #4322 ),
 .UNSPECIFIED., .F., .F.,
 ( 4, 4 ),
 ( 0.000000000000000000, 1.000000000000000000 ),
 .UNSPECIFIED. ) ;
#8961 = ORIENTED_EDGE ( 'NONE', *, *, #4862, .F. ) ;
#8962 = EDGE_CURVE ( 'NONE', #1601, #6158, #8343, .T. ) ;
#8963 = AXIS2_PLACEMENT_3D ( 'NONE', #5995, #10214, #8440 ) ;
#8964 = VECTOR ( 'NONE', #9337, 1000.000000000000000 ) ;
#8965 = DIRECTION ( 'NONE',  ( -1.000000000000000000, 0.000000000000000000, 0.000000000000000000 ) ) ;
#8966 = CARTESIAN_POINT ( 'NONE',  ( -3.165411199172026180, 0.8506806241676612146, -1.300000000000000266 ) ) ;
#8967 = B_SPLINE_CURVE_WITH_KNOTS ( 'NONE', 3,
 ( #959, #2608, #9911, #5805 ),
 .UNSPECIFIED., .F., .F.,
 ( 4, 4 ),
 ( 2.034489225205992533E-07, 0.0001528154345947981029 ),
 .UNSPECIFIED. ) ;
#8968 = CARTESIAN_POINT ( 'NONE',  ( 1.447040848465364071, 2.508848132126366259, -8.104234760937481852 ) ) ;
#8969 = ORIENTED_EDGE ( 'NONE', *, *, #854, .F. ) ;
#8970 = DIRECTION ( 'NONE',  ( 0.000000000000000000, 0.000000000000000000, 1.000000000000000000 ) ) ;
#8971 = DIRECTION ( 'NONE',  ( -1.000000000000000000, 0.000000000000000000, 0.000000000000000000 ) ) ;
#8972 = AXIS2_PLACEMENT_3D ( 'NONE', #6030, #2004, #1200 ) ;
#8973 = ORIENTED_EDGE ( 'NONE', *, *, #6716, .F. ) ;
#8974 = CIRCLE ( 'NONE', #10348, 0.6750000000000000444 ) ;
#8975 = ORIENTED_EDGE ( 'NONE', *, *, #6852, .F. ) ;
#8976 = CARTESIAN_POINT ( 'NONE',  ( -0.3614556479571114922, 0.5402312602579609768, -3.919999999999999929 ) ) ;
#8977 = ADVANCED_FACE ( 'NONE', ( #7521 ), #4959, .T. ) ;
#8978 = ORIENTED_EDGE ( 'NONE', *, *, #3099, .T. ) ;
#8979 = CARTESIAN_POINT ( 'NONE',  ( 0.6066322937864002673, -2.897326315412731557, -8.014432510358473039 ) ) ;
#8980 = CIRCLE ( 'NONE', #6427, 0.6500000000000000222 ) ;
#8981 = CARTESIAN_POINT ( 'NONE',  ( -0.2245979712142767426, 0.6099637295171173035, -3.919999999999999929 ) ) ;
#8982 = B_SPLINE_CURVE_WITH_KNOTS ( 'NONE', 3,
 ( #8756, #8104, #1522, #4747, #18, #713, #3998, #3953, #7209, #3270, #9565, #1468, #6409, #8162, #1681, #9186, #5767, #877, #8264, #1034, #176, #277, #1900, #4107, #6626, #1790, #9126, #9927, #229, #4910, #7363, #7472, #978, #68, #10027, #4217, #9022, #3517 ),
 .UNSPECIFIED., .F., .F.,
 ( 4, 1, 1, 1, 2, 2, 2, 1, 1, 1, 2, 2, 2, 1, 1, 1, 2, 2, 2, 1, 1, 1, 2, 2, 4 ),
 ( 0.000000000000000000, 0.06249999999999950040, 0.09374999999999925060, 0.1093749999999991257, 0.1171874999999990424, 0.1249999999999989453, 0.2499999999999981126, 0.3124999999999977796, 0.3437499999999976130, 0.3593749999999975020, 0.3671874999999973910, 0.3749999999999972800, 0.4999999999999968914, 0.5624999999999965583, 0.5937499999999964473, 0.6093749999999964473, 0.6171874999999964473, 0.6249999999999963363, 0.7499999999999975575, 0.8124999999999981126, 0.8437499999999984457, 0.8593749999999986677, 0.8671874999999987788, 0.8749999999999987788, 1.000000000000000000 ),
 .UNSPECIFIED. ) ;
#8983 = DIRECTION ( 'NONE',  ( -1.000000000000000000, 0.000000000000000000, 0.000000000000000000 ) ) ;
#8984 = CARTESIAN_POINT ( 'NONE',  ( -0.1709788014541432921, 0.6529864083220301429, -4.220000000000000639 ) ) ;
#8985 = EDGE_CURVE ( 'NONE', #5120, #6761, #9878, .T. ) ;
#8986 = EDGE_CURVE ( 'NONE', #9105, #6665, #7835, .T. ) ;
#8987 = VERTEX_POINT ( 'NONE', #5924 ) ;
#8988 = VERTEX_POINT ( 'NONE', #4312 ) ;
#8989 = CARTESIAN_POINT ( 'NONE',  ( 2.574999999953220264, -2.128747941071996155E-16, -9.100000000027776537 ) ) ;
#8990 = AXIS2_PLACEMENT_3D ( 'NONE', #9698, #1663, #3 ) ;
#8991 = DIRECTION ( 'NONE',  ( -1.000000000000000000, -0.000000000000000000, 0.000000000000000000 ) ) ;
#8992 = CARTESIAN_POINT ( 'NONE',  ( 1.939192092737891393, -1.490275795879474563, -9.099999999932604666 ) ) ;
#8993 = CARTESIAN_POINT ( 'NONE',  ( -0.5673192003539549999, -0.3172521472106200613, -3.919999999999999929 ) ) ;
#8994 = DIRECTION ( 'NONE',  ( 0.000000000000000000, 0.000000000000000000, -1.000000000000000000 ) ) ;
#8995 = VERTEX_POINT ( 'NONE', #2881 ) ;
#8996 = DIRECTION ( 'NONE',  ( 0.000000000000000000, 0.000000000000000000, 1.000000000000000000 ) ) ;
#8997 = DIRECTION ( 'NONE',  ( -0.000000000000000000, -0.000000000000000000, -1.000000000000000000 ) ) ;
#8998 = EDGE_LOOP ( 'NONE', ( #9845, #7914, #5600, #6010 ) ) ;
#8999 = AXIS2_PLACEMENT_3D ( 'NONE', #10545, #3290, #3874 ) ;
#9000 = ORIENTED_EDGE ( 'NONE', *, *, #1058, .T. ) ;
#9001 = EDGE_CURVE ( 'NONE', #5252, #1692, #7074, .T. ) ;
#9002 = CARTESIAN_POINT ( 'NONE',  ( 0.1748660461027979618, -0.6346983601050802948, -4.119991299149685204 ) ) ;
#9003 = DIRECTION ( 'NONE',  ( -0.000000000000000000, -0.000000000000000000, -1.000000000000000000 ) ) ;
#9004 = ORIENTED_EDGE ( 'NONE', *, *, #535, .F. ) ;
#9005 = CARTESIAN_POINT ( 'NONE',  ( 0.000000000000000000, 0.000000000000000000, -3.919999999999999929 ) ) ;
#9006 = CARTESIAN_POINT ( 'NONE',  ( 1.316355905140000004, -2.984962820148000073, -5.067693600243000418 ) ) ;
#9007 = CARTESIAN_POINT ( 'NONE',  ( 0.3172521472106220597, -0.5673192003539538897, -4.070000000000004725 ) ) ;
#9008 = CARTESIAN_POINT ( 'NONE',  ( 3.115000000000000213, 0.4077527692576673468, -6.935967200814471489 ) ) ;
#9009 = VECTOR ( 'NONE', #6026, 1000.000000000000114 ) ;
#9010 = CARTESIAN_POINT ( 'NONE',  ( 1.357269116177000079, 2.673875818538999916, -6.659860818405999972 ) ) ;
#9011 = ORIENTED_EDGE ( 'NONE', *, *, #1574, .T. ) ;
#9012 = CARTESIAN_POINT ( 'NONE',  ( 0.4415163173259569751, 0.4770359960578705594, -4.070000000000004725 ) ) ;
#9013 = DIRECTION ( 'NONE',  ( 1.000000000000000000, 0.000000000000000000, 0.000000000000000000 ) ) ;
#9014 = DIRECTION ( 'NONE',  ( -2.009217710927941181E-17, 0.9999999999999998890, -1.761137300222904581E-16 ) ) ;
#9015 = AXIS2_PLACEMENT_3D ( 'NONE', #2031, #4296, #3653 ) ;
#9016 = ADVANCED_FACE ( 'NONE', ( #437 ), #5217, .T. ) ;
#9017 = EDGE_CURVE ( 'NONE', #9892, #1239, #6133, .T. ) ;
#9018 = CARTESIAN_POINT ( 'NONE',  ( -0.4487928534307964457, -0.5041923985042258138, -4.370000000000000107 ) ) ;
#9019 = CARTESIAN_POINT ( 'NONE',  ( 0.000000000000000000, 0.000000000000000000, -4.070000000000005613 ) ) ;
#9020 = CARTESIAN_POINT ( 'NONE',  ( -3.478445380721962188, 3.404397331752656797, 0.5000000000000000000 ) ) ;
#9021 = DIRECTION ( 'NONE',  ( -0.000000000000000000, -0.000000000000000000, -1.000000000000000000 ) ) ;
#9022 = CARTESIAN_POINT ( 'NONE',  ( 2.325000000000000178, 0.2954740692471702901, -7.170000000000000817 ) ) ;
#9023 = ORIENTED_EDGE ( 'NONE', *, *, #1426, .T. ) ;
#9024 = CARTESIAN_POINT ( 'NONE',  ( -3.114979492752531165, -1.419137677822330057E-07, -7.303675650587218016 ) ) ;
#9025 = CARTESIAN_POINT ( 'NONE',  ( -2.040000000000000036, 0.000000000000000000, 0.000000000000000000 ) ) ;
#9026 = FACE_OUTER_BOUND ( 'NONE', #557, .T. ) ;
#9027 = CARTESIAN_POINT ( 'NONE',  ( -3.500000000000000000, 2.040000000000000036, 0.5000000000000000000 ) ) ;
#9028 = CARTESIAN_POINT ( 'NONE',  ( -1.201589648309383307, -2.873756120790651014, -6.465891603755387962 ) ) ;
#9029 = VECTOR ( 'NONE', #2062, 1000.000000000000000 ) ;
#9030 = EDGE_LOOP ( 'NONE', ( #7338, #3353, #1612, #10345, #3700 ) ) ;
#9031 = CARTESIAN_POINT ( 'NONE',  ( -0.1323402377513601402, -0.6449079034029722157, -4.119991299149684316 ) ) ;
#9032 = CARTESIAN_POINT ( 'NONE',  ( -2.426736444083999800, -1.983769050728000138, -8.037447197591999881 ) ) ;
#9033 = DIRECTION ( 'NONE',  ( -1.000000000000000000, 0.000000000000000000, 0.000000000000000000 ) ) ;
#9034 = VERTEX_POINT ( 'NONE', #9439 ) ;
#9035 = CARTESIAN_POINT ( 'NONE',  ( 0.000000000000000000, 0.000000000000000000, -4.219999999999999751 ) ) ;
#9036 = LINE ( 'NONE', #8281, #10213 ) ;
#9037 = B_SPLINE_CURVE_WITH_KNOTS ( 'NONE', 3,
 ( #4905, #8158, #7468, #8315 ),
 .UNSPECIFIED., .F., .F.,
 ( 4, 4 ),
 ( 2.034489221106783467E-07, 0.0001528154345942007075 ),
 .UNSPECIFIED. ) ;
#9038 = AXIS2_PLACEMENT_3D ( 'NONE', #4961, #8211, #926 ) ;
#9039 = CARTESIAN_POINT ( 'NONE',  ( -2.722058222367021330, -1.568910071645627458, -5.242207040149295061 ) ) ;
#9040 = EDGE_CURVE ( 'NONE', #1050, #8184, #5321, .T. ) ;
#9041 = CARTESIAN_POINT ( 'NONE',  ( 2.113232139791000108, -1.860024364305999933, -6.007095578286000048 ) ) ;
#9042 = ORIENTED_EDGE ( 'NONE', *, *, #7418, .T. ) ;
#9043 = ORIENTED_EDGE ( 'NONE', *, *, #617, .T. ) ;
#9044 = ORIENTED_EDGE ( 'NONE', *, *, #9696, .T. ) ;
#9045 = AXIS2_PLACEMENT_3D ( 'NONE', #5109, #6923, #10069 ) ;
#9046 = DIRECTION ( 'NONE',  ( 0.000000000000000000, 0.000000000000000000, -1.000000000000000000 ) ) ;
#9047 = CARTESIAN_POINT ( 'NONE',  ( 3.115000000024410909, 1.271591593129615950E-16, -4.839999999925216123 ) ) ;
#9048 = DIRECTION ( 'NONE',  ( 0.8386705679454277140, -0.5446390350150214221, 0.000000000000000000 ) ) ;
#9049 = CARTESIAN_POINT ( 'NONE',  ( 1.568774001556638042, -2.721844074902342481, -5.656381363542999807 ) ) ;
#9050 = VERTEX_POINT ( 'NONE', #6830 ) ;
#9051 = DIRECTION ( 'NONE',  ( 0.9335804264971999666, 0.3583679495453052088, 0.000000000000000000 ) ) ;
#9052 = EDGE_CURVE ( 'NONE', #3918, #4626, #8458, .T. ) ;
#9053 = CARTESIAN_POINT ( 'NONE',  ( 0.000000000000000000, 0.000000000000000000, -4.399999999918691174 ) ) ;
#9054 = ADVANCED_FACE ( 'NONE', ( #2148 ), #10024, .T. ) ;
#9055 = VERTEX_POINT ( 'NONE', #2822 ) ;
#9056 = ORIENTED_EDGE ( 'NONE', *, *, #9413, .F. ) ;
#9057 = VERTEX_POINT ( 'NONE', #10249 ) ;
#9058 = DIRECTION ( 'NONE',  ( 0.000000000000000000, -0.000000000000000000, 1.000000000000000000 ) ) ;
#9059 = VERTEX_POINT ( 'NONE', #331 ) ;
#9060 = CARTESIAN_POINT ( 'NONE',  ( 0.8972495999103650144, 2.567262413236420127, -4.415107387273043749 ) ) ;
#9061 = CARTESIAN_POINT ( 'NONE',  ( 2.901178699950000439, -0.4951575584570999666, -5.133825692464999868 ) ) ;
#9062 = CYLINDRICAL_SURFACE ( 'NONE', #7678, 0.6500000000000000222 ) ;
#9063 = CARTESIAN_POINT ( 'NONE',  ( -3.155566788854999860, -0.1985196649925000112, -7.218297029132999754 ) ) ;
#9064 = EDGE_CURVE ( 'NONE', #2405, #302, #6775, .T. ) ;
#9065 = EDGE_CURVE ( 'NONE', #2284, #2405, #3075, .T. ) ;
#9066 = EDGE_CURVE ( 'NONE', #8838, #4180, #8081, .T. ) ;
#9067 = VERTEX_POINT ( 'NONE', #384 ) ;
#9068 = DIRECTION ( 'NONE',  ( 0.000000000000000000, -1.000000000000000000, -0.000000000000000000 ) ) ;
#9069 = CARTESIAN_POINT ( 'NONE',  ( -1.829735949794007777, -2.520951261198367099, -7.313119793149261305 ) ) ;
#9070 = DIRECTION ( 'NONE',  ( 2.255140518769849223E-17, -1.000000000000000000, 1.665334536937734811E-16 ) ) ;
#9071 = CARTESIAN_POINT ( 'NONE',  ( 0.000000000000000000, 0.000000000000000000, -4.370000000000000107 ) ) ;
#9072 = CARTESIAN_POINT ( 'NONE',  ( -0.2265848896080999986, 2.680153681075000627, -4.374745666603000238 ) ) ;
#9073 = DIRECTION ( 'NONE',  ( 0.000000000000000000, 0.000000000000000000, 1.000000000000000000 ) ) ;
#9074 = CARTESIAN_POINT ( 'NONE',  ( 3.500000000000000000, 0.000000000000000000, -1.300000000000000266 ) ) ;
#9075 = CARTESIAN_POINT ( 'NONE',  ( 0.6375889273060109108, -0.1264134477687020308, -4.070000000000005613 ) ) ;
#9076 = CARTESIAN_POINT ( 'NONE',  ( 0.000000000000000000, 0.000000000000000000, -4.370000000000000107 ) ) ;
#9077 = EDGE_LOOP ( 'NONE', ( #525, #7642, #9673, #8766 ) ) ;
#9078 = CARTESIAN_POINT ( 'NONE',  ( 0.000000000000000000, 0.000000000000000000, -4.370000000000000107 ) ) ;
#9079 = EDGE_CURVE ( 'NONE', #9724, #7699, #3134, .T. ) ;
#9080 = EDGE_CURVE ( 'NONE', #4400, #4851, #10006, .T. ) ;
#9081 = DIRECTION ( 'NONE',  ( -0.000000000000000000, -0.000000000000000000, -1.000000000000000000 ) ) ;
#9082 = DIRECTION ( 'NONE',  ( 0.6293203910498392784, -0.7771459614569693475, 0.000000000000000000 ) ) ;
#9083 = CYLINDRICAL_SURFACE ( 'NONE', #1469, 0.6750000000000000444 ) ;
#9084 = LINE ( 'NONE', #2586, #561 ) ;
#9085 = CARTESIAN_POINT ( 'NONE',  ( -0.4020945224431224929, 0.5107053896536019044, -3.919999999999999929 ) ) ;
#9086 = CARTESIAN_POINT ( 'NONE',  ( -1.005573599645262606, 2.955198593715568922, -6.851897247374693301 ) ) ;
#9087 = ORIENTED_EDGE ( 'NONE', *, *, #3219, .F. ) ;
#9088 = CARTESIAN_POINT ( 'NONE',  ( -1.323654358909764461, 2.355352019012982190, -7.177451637967239506 ) ) ;
#9089 = ORIENTED_EDGE ( 'NONE', *, *, #9080, .T. ) ;
#9090 = EDGE_CURVE ( 'NONE', #1962, #9846, #992, .T. ) ;
#9091 = CARTESIAN_POINT ( 'NONE',  ( -2.040000000000000036, -2.040000000000000036, 4.400000000000000355 ) ) ;
#9092 = CARTESIAN_POINT ( 'NONE',  ( 0.000000000000000000, 0.000000000000000000, -3.919999999999999929 ) ) ;
#9093 = VERTEX_POINT ( 'NONE', #1800 ) ;
#9094 = CARTESIAN_POINT ( 'NONE',  ( -2.677850387814999955, -0.8686745524344999803, -5.631205545749000230 ) ) ;
#9095 = VERTEX_POINT ( 'NONE', #6793 ) ;
#9096 = ORIENTED_EDGE ( 'NONE', *, *, #8298, .F. ) ;
#9097 = DIRECTION ( 'NONE',  ( -0.7771459614569625751, -0.6293203910498477160, 0.000000000000000000 ) ) ;
#9098 = CARTESIAN_POINT ( 'NONE',  ( 1.762367194043999996, -2.267352514819000131, -7.393518741774999903 ) ) ;
#9099 = CARTESIAN_POINT ( 'NONE',  ( -3.033924144275844448, -0.8153473632882480837, -5.862296664783250399 ) ) ;
#9100 = ORIENTED_EDGE ( 'NONE', *, *, #2802, .T. ) ;
#9101 = CARTESIAN_POINT ( 'NONE',  ( -0.07342445647674590570, -0.6542392464464344970, -4.119991299149685204 ) ) ;
#9102 = ADVANCED_FACE ( 'NONE', ( #135, #239 ), #1096, .T. ) ;
#9103 = VECTOR ( 'NONE', #6723, 1000.000000000000000 ) ;
#9104 = CARTESIAN_POINT ( 'NONE',  ( 2.540000000000000036, 3.040000000000000036, 0.5000000000000000000 ) ) ;
#9105 = VERTEX_POINT ( 'NONE', #4378 ) ;
#9106 = VERTEX_POINT ( 'NONE', #1751 ) ;
#9107 = B_SPLINE_CURVE_WITH_KNOTS ( 'NONE', 3,
 ( #8808, #2370, #663, #1517, #3951, #3903, #4745, #10463, #7949, #8044, #710, #10522, #3055, #7897, #3996, #8903, #1466, #10312 ),
 .UNSPECIFIED., .F., .F.,
 ( 4, 2, 2, 2, 2, 2, 2, 2, 4 ),
 ( 0.000000000000000000, 0.1250000000000000278, 0.2500000000000000555, 0.3750000000000000000, 0.5000000000000000000, 0.6250000000000000000, 0.7500000000000000000, 0.8750000000000001110, 1.000000000000000000 ),
 .UNSPECIFIED. ) ;
#9108 = DIRECTION ( 'NONE',  ( -0.8386705679454296014, 0.5446390350150185355, 0.000000000000000000 ) ) ;
#9109 = EDGE_LOOP ( 'NONE', ( #10032, #6007, #3963, #7264, #4294, #5102 ) ) ;
#9110 = CARTESIAN_POINT ( 'NONE',  ( -1.946841232025870561, -1.855517588331888623, -8.285061183889972369 ) ) ;
#9111 = CARTESIAN_POINT ( 'NONE',  ( 3.100194253986999993, -0.1258477013355999985, -4.324905227329000290 ) ) ;
#9112 = DIRECTION ( 'NONE',  ( -1.000000000000000000, -0.000000000000000000, -0.000000000000000000 ) ) ;
#9113 = CARTESIAN_POINT ( 'NONE',  ( 0.4077500961316122829, 3.115000349910406197, -6.788928760809182172 ) ) ;
#9114 = CARTESIAN_POINT ( 'NONE',  ( 0.8384695174958000097, -2.879020821855000190, -6.928239089876999657 ) ) ;
#9115 = VECTOR ( 'NONE', #2946, 1000.000000000000000 ) ;
#9116 = ORIENTED_EDGE ( 'NONE', *, *, #4764, .F. ) ;
#9117 = CARTESIAN_POINT ( 'NONE',  ( -3.114999999999998881, 5.988603365233812565E-15, -6.712309133434341213 ) ) ;
#9118 = CARTESIAN_POINT ( 'NONE',  ( -2.681748179281724820, -1.585745223246788127, -7.358689124471874621 ) ) ;
#9119 = CARTESIAN_POINT ( 'NONE',  ( 1.001040302571467588, 2.956814994322646051, -6.219413821627782113 ) ) ;
#9120 = CARTESIAN_POINT ( 'NONE',  ( -1.536037890117822213, 2.665048484457201994, -3.300000000024283064 ) ) ;
#9121 = LINE ( 'NONE', #8208, #6719 ) ;
#9122 = LINE ( 'NONE', #6514, #5277 ) ;
#9123 = EDGE_CURVE ( 'NONE', #379, #2054, #5777, .T. ) ;
#9124 = EDGE_CURVE ( 'NONE', #6795, #5120, #7455, .T. ) ;
#9125 = DIRECTION ( 'NONE',  ( -1.000000000000000000, 0.000000000000000000, 0.000000000000000000 ) ) ;
#9126 = CARTESIAN_POINT ( 'NONE',  ( 1.154597589590177886, 2.043397794555179114, -7.169999999999999929 ) ) ;
#9127 = ORIENTED_EDGE ( 'NONE', *, *, #1056, .F. ) ;
#9128 = CARTESIAN_POINT ( 'NONE',  ( -0.6375889273060100226, 0.1264134477687066382, -4.070000000000005613 ) ) ;
#9129 = B_SPLINE_CURVE_WITH_KNOTS ( 'NONE', 3,
 ( #5006, #5701, #1731, #9012 ),
 .UNSPECIFIED., .F., .F.,
 ( 4, 4 ),
 ( 2.034489221106783467E-07, 0.0001528154345942016291 ),
 .UNSPECIFIED. ) ;
#9130 = B_SPLINE_CURVE_WITH_KNOTS ( 'NONE', 3,
 ( #6686, #2700, #5292, #7697, #9254, #3591 ),
 .UNSPECIFIED., .F., .F.,
 ( 4, 2, 4 ),
 ( 0.000000000000000000, 0.5000000000000000000, 1.000000000000000000 ),
 .UNSPECIFIED. ) ;
#9131 = CARTESIAN_POINT ( 'NONE',  ( 3.114924336646149428, 4.685311535728758217E-06, -5.538802828544262979 ) ) ;
#9132 = EDGE_LOOP ( 'NONE', ( #2940, #9689, #7288, #7983 ) ) ;
#9133 = CIRCLE ( 'NONE', #8953, 0.6750000000000000444 ) ;
#9134 = PLANE ( 'NONE',  #6925 ) ;
#9135 = AXIS2_PLACEMENT_3D ( 'NONE', #4798, #3997, #10464 ) ;
#9136 = DIRECTION ( 'NONE',  ( -0.2588190451025259575, 0.9659258262890669799, 0.000000000000000000 ) ) ;
#9137 = DIRECTION ( 'NONE',  ( 0.3090169943749383474, 0.9510565162951565288, 0.000000000000000000 ) ) ;
#9138 = DIRECTION ( 'NONE',  ( -0.000000000000000000, -0.000000000000000000, -1.000000000000000000 ) ) ;
#9139 = CARTESIAN_POINT ( 'NONE',  ( -0.7869742874000770216, -2.187886496405834880, -7.170000000000000817 ) ) ;
#9140 = EDGE_CURVE ( 'NONE', #1602, #1485, #292, .T. ) ;
#9141 = CARTESIAN_POINT ( 'NONE',  ( -0.6454470077100777914, -0.07679948071508499452, -4.370000000000000107 ) ) ;
#9142 = VERTEX_POINT ( 'NONE', #9141 ) ;
#9143 = CARTESIAN_POINT ( 'NONE',  ( 2.209058215040015760, -1.599197749391745971, -6.069990135229530459 ) ) ;
#9144 = AXIS2_PLACEMENT_3D ( 'NONE', #8058, #9725, #3962 ) ;
#9145 = AXIS2_PLACEMENT_3D ( 'NONE', #794, #4938, #903 ) ;
#9146 = ORIENTED_EDGE ( 'NONE', *, *, #421, .T. ) ;
#9147 = CARTESIAN_POINT ( 'NONE',  ( -0.7774095274980343806, -2.723591745535372866, -8.142914011609621028 ) ) ;
#9148 = CARTESIAN_POINT ( 'NONE',  ( 0.000000000000000000, 0.000000000000000000, -3.980000000000009752 ) ) ;
#9149 = DIRECTION ( 'NONE',  ( 1.000000000000000000, 0.000000000000000000, 0.000000000000000000 ) ) ;
#9150 = VECTOR ( 'NONE', #6889, 1000.000000000000000 ) ;
#9151 = AXIS2_PLACEMENT_3D ( 'NONE', #8668, #677, #2234 ) ;
#9152 = B_SPLINE_CURVE_WITH_KNOTS ( 'NONE', 3,
 ( #8251, #3202, #7401, #7460, #6613, #4037, #2613, #7243, #5858, #9113, #8945, #7296, #749, #864, #9868, #6, #9008, #1727 ),
 .UNSPECIFIED., .F., .F.,
 ( 4, 2, 2, 2, 2, 2, 2, 2, 4 ),
 ( 1.845606531521829985E-09, 0.1250000016149056259, 0.2500000013842047508, 0.3750000011535039590, 0.5000000009228031672, 0.6250000006921023754, 0.7500000004614015836, 0.8750000002307007918, 1.000000000000000000 ),
 .UNSPECIFIED. ) ;
#9153 = CARTESIAN_POINT ( 'NONE',  ( 0.5704320967256000241, 2.756825256507999811, -5.772422887135999936 ) ) ;
#9154 = DIRECTION ( 'NONE',  ( -1.000000000000000000, 0.000000000000000000, 0.000000000000000000 ) ) ;
#9155 = EDGE_CURVE ( 'NONE', #4770, #6958, #4516, .T. ) ;
#9156 = ORIENTED_EDGE ( 'NONE', *, *, #9733, .F. ) ;
#9157 = EDGE_LOOP ( 'NONE', ( #1604, #1109, #3207, #7805 ) ) ;
#9158 = CARTESIAN_POINT ( 'NONE',  ( 0.6350000000000000089, 0.000000000000000000, -11.16999999999999993 ) ) ;
#9159 = CARTESIAN_POINT ( 'NONE',  ( -0.1322074841943000068, 2.868683879909000201, -7.956136160051999973 ) ) ;
#9160 = CARTESIAN_POINT ( 'NONE',  ( 1.813444263257000255, -2.226691244029999961, -8.117066655933070862 ) ) ;
#9161 = ORIENTED_EDGE ( 'NONE', *, *, #8327, .T. ) ;
#9162 = CARTESIAN_POINT ( 'NONE',  ( 0.4020945224431262122, -0.5107053896535987958, -4.370000000000000107 ) ) ;
#9163 = VECTOR ( 'NONE', #1537, 1000.000000000000000 ) ;
#9164 = CIRCLE ( 'NONE', #1477, 0.6750000000000000444 ) ;
#9165 = DIRECTION ( 'NONE',  ( 1.000000000000000000, 0.000000000000000000, 0.000000000000000000 ) ) ;
#9166 = EDGE_LOOP ( 'NONE', ( #4615, #1979, #1057, #8633, #1448, #9195, #5680, #7210 ) ) ;
#9167 = VECTOR ( 'NONE', #4254, 1000.000000000000000 ) ;
#9168 = CARTESIAN_POINT ( 'NONE',  ( 3.097505413130030583, 9.785816076085511206E-06, -4.822720476537607048 ) ) ;
#9169 = DIRECTION ( 'NONE',  ( 0.7771459614569650176, 0.6293203910498447184, -0.000000000000000000 ) ) ;
#9170 = ORIENTED_EDGE ( 'NONE', *, *, #1046, .F. ) ;
#9171 = CARTESIAN_POINT ( 'NONE',  ( 0.6099637295171147500, 0.2245979712142831819, -4.070000000000004725 ) ) ;
#9172 = CARTESIAN_POINT ( 'NONE',  ( -2.755595216839000106, -0.3933717375395999749, -4.834382701851000164 ) ) ;
#9173 = FACE_OUTER_BOUND ( 'NONE', #4808, .T. ) ;
#9174 = DIRECTION ( 'NONE',  ( -0.000000000000000000, -1.000000000000000000, 0.000000000000000000 ) ) ;
#9175 = CARTESIAN_POINT ( 'NONE',  ( 0.4710429507601999743, 2.961403479012000073, -7.330806497083999673 ) ) ;
#9176 = AXIS2_PLACEMENT_3D ( 'NONE', #551, #8690, #695 ) ;
#9177 = ORIENTED_EDGE ( 'NONE', *, *, #266, .F. ) ;
#9178 = CARTESIAN_POINT ( 'NONE',  ( 2.176926157336999790, 2.451393161234999951, -6.160032470336999744 ) ) ;
#9179 = CARTESIAN_POINT ( 'NONE',  ( -3.073484485518662712, -0.5054405822543703852, -7.400365773193753327 ) ) ;
#9180 = EDGE_CURVE ( 'NONE', #220, #5510, #2567, .T. ) ;
#9181 = CARTESIAN_POINT ( 'NONE',  ( -0.7983310472888293097, 2.970616663812407854, -3.300000000024283953 ) ) ;
#9182 = CARTESIAN_POINT ( 'NONE',  ( -0.4770359960578659519, 0.4415163173259620266, -4.370000000000000107 ) ) ;
#9183 = CARTESIAN_POINT ( 'NONE',  ( -0.6738623340140244000, -0.03917339399607045608, -4.219999999999999751 ) ) ;
#9184 = CIRCLE ( 'NONE', #10543, 0.6499999999999999112 ) ;
#9185 = DIRECTION ( 'NONE',  ( 0.000000000000000000, -0.000000000000000000, 1.000000000000000000 ) ) ;
#9186 = CARTESIAN_POINT ( 'NONE',  ( -0.8929536894540330838, 2.146798435830464147, -7.170000000000002593 ) ) ;
#9187 = ORIENTED_EDGE ( 'NONE', *, *, #5887, .F. ) ;
#9188 = CARTESIAN_POINT ( 'NONE',  ( -0.7489956903209999961, -3.191761504456000598, -5.045337187377000987 ) ) ;
#9189 = ADVANCED_FACE ( 'NONE', ( #10315 ), #9556, .T. ) ;
#9190 = EDGE_LOOP ( 'NONE', ( #1430, #6717, #5991, #8675 ) ) ;
#9191 = EDGE_CURVE ( 'NONE', #29, #7215, #3002, .T. ) ;
#9192 = VECTOR ( 'NONE', #5186, 1000.000000000000114 ) ;
#9193 = LINE ( 'NONE', #2106, #7941 ) ;
#9194 = CARTESIAN_POINT ( 'NONE',  ( 2.741142657488467638, 0.7356526465684503080, -8.160097040097980425 ) ) ;
#9195 = ORIENTED_EDGE ( 'NONE', *, *, #8679, .T. ) ;
#9196 = DIRECTION ( 'NONE',  ( 0.000000000000000000, 0.000000000000000000, 1.000000000000000000 ) ) ;
#9197 = DIRECTION ( 'NONE',  ( -0.000000000000000000, -0.000000000000000000, -1.000000000000000000 ) ) ;
#9198 = CARTESIAN_POINT ( 'NONE',  ( 3.299999999999999822, -3.500000000000000000, -1.300000000000000266 ) ) ;
#9199 = CARTESIAN_POINT ( 'NONE',  ( 3.500000000000000000, -3.299999999999999822, -1.300000000000000266 ) ) ;
#9200 = CARTESIAN_POINT ( 'NONE',  ( -0.3643944005386645646, 0.5681916233596442378, -3.919999999999999929 ) ) ;
#9201 = ORIENTED_EDGE ( 'NONE', *, *, #8528, .F. ) ;
#9202 = CARTESIAN_POINT ( 'NONE',  ( -0.8396222973317741811, 2.595351962295604942, -5.787944224068684029 ) ) ;
#9203 = VECTOR ( 'NONE', #887, 1000.000000000000000 ) ;
#9204 = ORIENTED_EDGE ( 'NONE', *, *, #266, .T. ) ;
#9205 = CARTESIAN_POINT ( 'NONE',  ( -0.8356366348120016774, -2.699358891408489836, -8.148806479494297150 ) ) ;
#9206 = CARTESIAN_POINT ( 'NONE',  ( -0.000000000000000000, 0.000000000000000000, -4.370000000000000107 ) ) ;
#9207 = ADVANCED_FACE ( 'NONE', ( #2010 ), #8654, .T. ) ;
#9208 = DIRECTION ( 'NONE',  ( -1.000000000000000000, 0.000000000000000000, 0.000000000000000000 ) ) ;
#9209 = VECTOR ( 'NONE', #6934, 1000.000000000000000 ) ;
#9210 = CARTESIAN_POINT ( 'NONE',  ( -2.754283040609000199, 0.5825831322872999651, -5.596418368773999674 ) ) ;
#9211 = CARTESIAN_POINT ( 'NONE',  ( 2.540000000000000036, -3.040000000000000036, 0.5000000000000000000 ) ) ;
#9212 = EDGE_LOOP ( 'NONE', ( #1496, #5640, #1792, #8111 ) ) ;
#9213 = ORIENTED_EDGE ( 'NONE', *, *, #6978, .F. ) ;
#9214 = CARTESIAN_POINT ( 'NONE',  ( -2.765647453554000545, 0.7733173587900999957, -7.721747016935999852 ) ) ;
#9215 = DIRECTION ( 'NONE',  ( 0.000000000000000000, 0.000000000000000000, -1.000000000000000000 ) ) ;
#9216 = ORIENTED_EDGE ( 'NONE', *, *, #467, .F. ) ;
#9217 = VECTOR ( 'NONE', #763, 1000.000000000000000 ) ;
#9218 = CARTESIAN_POINT ( 'NONE',  ( 0.07679948071508724272, -0.6454470077100775693, -3.919999999999999929 ) ) ;
#9219 = CARTESIAN_POINT ( 'NONE',  ( -3.114948112812676140, 0.4078538037719395271, -5.200563741232879345 ) ) ;
#9220 = EDGE_CURVE ( 'NONE', #85, #8874, #4943, .T. ) ;
#9221 = FACE_OUTER_BOUND ( 'NONE', #7608, .T. ) ;
#9222 = ORIENTED_EDGE ( 'NONE', *, *, #10298, .F. ) ;
#9223 = AXIS2_PLACEMENT_3D ( 'NONE', #7087, #1491, #737 ) ;
#9224 = FACE_OUTER_BOUND ( 'NONE', #6748, .T. ) ;
#9225 = EDGE_LOOP ( 'NONE', ( #7652, #4599, #721, #8018 ) ) ;
#9226 = DIRECTION ( 'NONE',  ( 0.000000000000000000, 0.000000000000000000, 1.000000000000000000 ) ) ;
#9227 = CARTESIAN_POINT ( 'NONE',  ( 2.232094919784959774, 1.584357118461544589, -8.048382464065356956 ) ) ;
#9228 = CARTESIAN_POINT ( 'NONE',  ( 2.799508071524524855, -1.381182893973402770, -6.411216755100388909 ) ) ;
#9229 = DIRECTION ( 'NONE',  ( 0.000000000000000000, 0.000000000000000000, 1.000000000000000000 ) ) ;
#9230 = ORIENTED_EDGE ( 'NONE', *, *, #4289, .F. ) ;
#9231 = CARTESIAN_POINT ( 'NONE',  ( 2.340550325967000411, -2.060105253090999788, -6.247536204432999618 ) ) ;
#9232 = CARTESIAN_POINT ( 'NONE',  ( -0.7983310472888311971, -2.970616663812407410, -3.300000000024283953 ) ) ;
#9233 = DIRECTION ( 'NONE',  ( 0.4539904997395382003, 0.8910065241883721177, 0.000000000000000000 ) ) ;
#9234 = CARTESIAN_POINT ( 'NONE',  ( 3.033924837214338588, 0.8153449109605738210, -6.215293921253524978 ) ) ;
#9235 = AXIS2_PLACEMENT_3D ( 'NONE', #4427, #7686, #398 ) ;
#9236 = ORIENTED_EDGE ( 'NONE', *, *, #5785, .T. ) ;
#9237 = CARTESIAN_POINT ( 'NONE',  ( -3.500000000000000000, 0.000000000000000000, 0.000000000000000000 ) ) ;
#9238 = CYLINDRICAL_SURFACE ( 'NONE', #1043, 0.6750000000000000444 ) ;
#9239 = EDGE_LOOP ( 'NONE', ( #2447, #614, #4062, #9444 ) ) ;
#9240 = CARTESIAN_POINT ( 'NONE',  ( -0.4415163173259636364, 0.4770359960578644531, -4.370000000000000107 ) ) ;
#9241 = ADVANCED_FACE ( 'NONE', ( #9353 ), #514, .T. ) ;
#9242 = CARTESIAN_POINT ( 'NONE',  ( 3.033924938732108778, -0.8153444070945593536, -5.568131948725750568 ) ) ;
#9243 = ORIENTED_EDGE ( 'NONE', *, *, #5677, .F. ) ;
#9244 = LINE ( 'NONE', #9291, #6259 ) ;
#9245 = CARTESIAN_POINT ( 'NONE',  ( -3.500000000000000000, 0.000000000000000000, 0.5000000000000000000 ) ) ;
#9246 = CARTESIAN_POINT ( 'NONE',  ( -0.5402312602579620870, 0.3614556479571094383, -4.070000000000004725 ) ) ;
#9247 = CARTESIAN_POINT ( 'NONE',  ( 0.1264134477686998104, 0.6375889273060113549, -4.070000000000005613 ) ) ;
#9248 = CARTESIAN_POINT ( 'NONE',  ( -0.3408308473997834209, 0.5826313872945276806, -3.919999999999999929 ) ) ;
#9249 = DIRECTION ( 'NONE',  ( -0.000000000000000000, -0.000000000000000000, -1.000000000000000000 ) ) ;
#9250 = ORIENTED_EDGE ( 'NONE', *, *, #7950, .F. ) ;
#9251 = CARTESIAN_POINT ( 'NONE',  ( 1.906152155473344711, -1.950538861493450238, -6.088793195973670969 ) ) ;
#9252 = ORIENTED_EDGE ( 'NONE', *, *, #6991, .F. ) ;
#9253 = CARTESIAN_POINT ( 'NONE',  ( 0.09988777763022355094, -2.912910199305811521, -8.060472547536528864 ) ) ;
#9254 = CARTESIAN_POINT ( 'NONE',  ( 3.352359877559829560, -3.500000000000000444, 0.4999999999999000244 ) ) ;
#9255 = DIRECTION ( 'NONE',  ( 0.000000000000000000, 0.000000000000000000, 1.000000000000000000 ) ) ;
#9256 = CARTESIAN_POINT ( 'NONE',  ( -0.5947228146336001053, -2.751687291604000052, -5.373686175529999609 ) ) ;
#9257 = ORIENTED_EDGE ( 'NONE', *, *, #8259, .F. ) ;
#9258 = ORIENTED_EDGE ( 'NONE', *, *, #4245, .T. ) ;
#9259 = EDGE_CURVE ( 'NONE', #868, #9142, #2952, .T. ) ;
#9260 = EDGE_CURVE ( 'NONE', #7909, #5083, #3583, .T. ) ;
#9261 = CARTESIAN_POINT ( 'NONE',  ( 0.09959317480592999594, -2.870001176559000111, -7.463863309641999955 ) ) ;
#9262 = DIRECTION ( 'NONE',  ( -1.000000000000000000, 0.000000000000000000, 0.000000000000000000 ) ) ;
#9263 = ORIENTED_EDGE ( 'NONE', *, *, #7670, .T. ) ;
#9264 = LINE ( 'NONE', #5194, #3522 ) ;
#9265 = DIRECTION ( 'NONE',  ( -0.000000000000000000, -0.000000000000000000, -1.000000000000000000 ) ) ;
#9266 = B_SPLINE_SURFACE_WITH_KNOTS ( 'NONE', 3, 3, ( 
 ( #5030, #5183, #1100, #6636 ),
 ( #1959, #2533, #5943, #9032 ),
 ( #7485, #1752, #188, #8224 ),
 ( #2588, #4172, #5133, #4328 ),
 ( #8435, #4117, #3440, #5886 ),
 ( #8547, #7694, #1263, #2166 ),
 ( #9650, #2793, #7744, #3588 ),
 ( #6848, #8490, #9412, #3689 ),
 ( #10211, #2902, #7197, #8598 ),
 ( #2013, #517, #698, #4437 ),
 ( #405, #7174, #7963, #6481 ),
 ( #676, #9727, #5622, #10431 ),
 ( #4811, #776, #5567, #1637 ),
 ( #5674, #9621, #8867, #4864 ),
 ( #8119, #1534, #4758, #3964 ),
 ( #8012, #7219, #10474, #3169 ),
 ( #6424, #8060, #7057, #9406 ),
 ( #10310, #4534, #9608, #6147 ),
 ( #3107, #606, #2897, #5499 ),
 ( #1514, #2109, #3900, #5335 ),
 ( #10414, #3843, #7796, #8805 ),
 ( #564, #8591, #4742, #1307 ),
 ( #7109, #9509, #8751, #1463 ),
 ( #7011, #10203, #510, #4686 ),
 ( #4591, #5449, #7895, #7851 ),
 ( #1418, #660, #3742, #10260 ),
 ( #6951, #9560, #5392, #7155 ),
 ( #3797, #2948, #3681, #451 ),
 ( #6199, #2312, #7946, #6254 ),
 ( #5547, #9455, #6356, #2160 ),
 ( #2999, #2216, #8702, #10361 ),
 ( #4640, #3052, #6305, #2262 ),
 ( #6620, #9661, #5654, #7995 ),
 ( #707, #4794, #5704, #817 ),
 ( #6463, #9709, #3368, #10519 ),
 ( #9875, #2419, #4904, #8041 ),
 ( #6512, #3948, #919, #8954 ) ),
 .UNSPECIFIED., .F., .F., .F.,
 ( 4, 1, 1, 1, 1, 1, 1, 1, 1, 1, 1, 1, 1, 1, 1, 1, 1, 1, 1, 1, 1, 1, 1, 1, 1, 1, 1, 1, 1, 1, 1, 1, 1, 1, 4 ),
 ( 4, 4 ),
 ( -0.005919883135083000257, 0.000000000000000000, 0.01250640324189000036, 0.04500599766933000012, 0.07750559209677000683, 0.1100051865241999938, 0.1425047809516999942, 0.1750043753790999912, 0.2075039698065999916, 0.2400035642339000130, 0.2725031586614000134, 0.3050027530889000138, 0.3375023475162999831, 0.3700019419437999835, 0.4025015363712000083, 0.4350011307987000087, 0.4675007252260999779, 0.5000003196535000027, 0.5324999140809999476, 0.5649995085083999724, 0.5974991029359000283, 0.6299986973633000531, 0.6624982917907999980, 0.6949978862182000228, 0.7274974806456999676, 0.7599970750730999924, 0.7924966695005000172, 0.8249962639279999621, 0.8574958583553999869, 0.8899954527829000428, 0.9224950472102999566, 0.9549946416378000125, 0.9874942360652000373, 1.000000000000000000, 1.005919880448999937 ),
 ( 0.0009574077402521000320, 0.9999743456048999501 ),
 .UNSPECIFIED. ) ;
#9267 = LINE ( 'NONE', #6222, #7271 ) ;
#9268 = AXIS2_PLACEMENT_3D ( 'NONE', #3581, #511, #3743 ) ;
#9269 = ORIENTED_EDGE ( 'NONE', *, *, #4702, .T. ) ;
#9270 = ORIENTED_EDGE ( 'NONE', *, *, #2878, .F. ) ;
#9271 = APPLICATION_PROTOCOL_DEFINITION ( 'draft international standard', 'automotive_design', 1998, #8495 ) ;
#9272 = CARTESIAN_POINT ( 'NONE',  ( -2.540000000000000036, -3.040000000000000036, 2.450000000000000178 ) ) ;
#9273 = EDGE_LOOP ( 'NONE', ( #6342, #417, #8420, #5212 ) ) ;
#9274 = CARTESIAN_POINT ( 'NONE',  ( -0.5681916233596429056, -0.3643944005386663965, -4.220000000000000639 ) ) ;
#9275 = EDGE_CURVE ( 'NONE', #7311, #159, #7854, .T. ) ;
#9276 = CARTESIAN_POINT ( 'NONE',  ( 1.944357555794999914, 1.833609147355000024, -4.412356891318999885 ) ) ;
#9277 = CARTESIAN_POINT ( 'NONE',  ( 0.8094035026757467888, -3.014981341535761139, -6.506335837999855265 ) ) ;
#9278 = CARTESIAN_POINT ( 'NONE',  ( 0.000000000000000000, 0.000000000000000000, -4.070000000000005613 ) ) ;
#9279 = ORIENTED_EDGE ( 'NONE', *, *, #7198, .F. ) ;
#9280 = CARTESIAN_POINT ( 'NONE',  ( 2.460963006657000296, -2.166090069257999851, -6.336036988699000005 ) ) ;
#9281 = CARTESIAN_POINT ( 'NONE',  ( -2.665048484457202438, -1.536037890117822879, -3.300000000024283064 ) ) ;
#9282 = CARTESIAN_POINT ( 'NONE',  ( 2.970616663812407854, -0.7983310472888314191, -3.300000000024283953 ) ) ;
#9283 = ORIENTED_EDGE ( 'NONE', *, *, #4802, .F. ) ;
#9284 = EDGE_CURVE ( 'NONE', #4989, #3863, #5235, .T. ) ;
#9285 = CARTESIAN_POINT ( 'NONE',  ( -1.304228368278999906, -2.332731706351000245, -6.143099847386999990 ) ) ;
#9286 = CARTESIAN_POINT ( 'NONE',  ( 1.568774236087176810, 2.721843934664824882, -7.539109903070995600 ) ) ;
#9287 = ORIENTED_EDGE ( 'NONE', *, *, #1403, .F. ) ;
#9288 = B_SPLINE_CURVE_WITH_KNOTS ( 'NONE', 3,
 ( #2826, #6938, #10190, #8529 ),
 .UNSPECIFIED., .F., .F.,
 ( 4, 4 ),
 ( 2.034489218097485046E-07, 0.0001528154345922804228 ),
 .UNSPECIFIED. ) ;
#9289 = CARTESIAN_POINT ( 'NONE',  ( 1.893982246343999920, 2.058474784247000144, -5.190512044089000021 ) ) ;
#9290 = EDGE_LOOP ( 'NONE', ( #2364, #6963, #4790, #8345 ) ) ;
#9291 = CARTESIAN_POINT ( 'NONE',  ( 0.5402312602579648626, -0.3614556479571054970, -4.370000000000000107 ) ) ;
#9292 = CARTESIAN_POINT ( 'NONE',  ( 2.770283962889722673, -1.423828484981058518, -7.119025304033148593 ) ) ;
#9293 = CIRCLE ( 'NONE', #9809, 0.6500000000000000222 ) ;
#9294 = CARTESIAN_POINT ( 'NONE',  ( -0.4277782834789901067, -0.5221405368133842373, -4.220000000000000639 ) ) ;
#9295 = FACE_OUTER_BOUND ( 'NONE', #8455, .T. ) ;
#9296 = DIRECTION ( 'NONE',  ( -0.000000000000000000, -0.000000000000000000, -1.000000000000000000 ) ) ;
#9297 = DIRECTION ( 'NONE',  ( -1.000000000000000000, 0.000000000000000000, 0.000000000000000000 ) ) ;
#9298 = CARTESIAN_POINT ( 'NONE',  ( 0.4770359960578598457, 0.4415163173259685769, -4.370000000000000107 ) ) ;
#9299 = VERTEX_POINT ( 'NONE', #401 ) ;
#9300 = ORIENTED_EDGE ( 'NONE', *, *, #299, .F. ) ;
#9301 = CARTESIAN_POINT ( 'NONE',  ( 0.000000000000000000, 0.000000000000000000, -4.070000000000005613 ) ) ;
#9302 = AXIS2_PLACEMENT_3D ( 'NONE', #5320, #3784, #7672 ) ;
#9303 = DIRECTION ( 'NONE',  ( -0.05233595624293242016, -0.9986295347545744994, 0.000000000000000000 ) ) ;
#9304 = ORIENTED_EDGE ( 'NONE', *, *, #4150, .T. ) ;
#9305 = CIRCLE ( 'NONE', #5209, 0.6750000000000000444 ) ;
#9306 = PRODUCT_DEFINITION ( 'UNKNOWN', '', #1269, #7742 ) ;
#9307 = AXIS2_PLACEMENT_3D ( 'NONE', #4997, #5853, #7344 ) ;
#9308 = EDGE_CURVE ( 'NONE', #40, #7618, #2899, .T. ) ;
#9309 = VERTEX_POINT ( 'NONE', #8544 ) ;
#9310 = CARTESIAN_POINT ( 'NONE',  ( -2.040000000000000036, -2.040000000000000036, 2.200000000000000178 ) ) ;
#9311 = CARTESIAN_POINT ( 'NONE',  ( 2.774260047115999939, -0.7418369514553999622, -8.120319859964000742 ) ) ;
#9312 = LINE ( 'NONE', #2027, #8826 ) ;
#9313 = VERTEX_POINT ( 'NONE', #1371 ) ;
#9314 = CARTESIAN_POINT ( 'NONE',  ( 0.5145359387602918000, 0.4106980766010099870, -4.119991299149685204 ) ) ;
#9315 = CARTESIAN_POINT ( 'NONE',  ( -0.8156034380013883478, 3.034558201894622442, -5.332952347694907225 ) ) ;
#9316 = AXIS2_PLACEMENT_3D ( 'NONE', #2047, #6929, #10182 ) ;
#9317 = DIRECTION ( 'NONE',  ( 0.000000000000000000, 0.000000000000000000, 1.000000000000000000 ) ) ;
#9318 = VECTOR ( 'NONE', #8190, 1000.000000000000000 ) ;
#9319 = EDGE_CURVE ( 'NONE', #3518, #7473, #1259, .T. ) ;
#9320 = ADVANCED_FACE ( 'NONE', ( #4594 ), #4482, .T. ) ;
#9321 = VERTEX_POINT ( 'NONE', #10264 ) ;
#9322 = APPLICATION_PROTOCOL_DEFINITION ( 'draft international standard', 'automotive_design', 1998, #6377 ) ;
#9323 = CARTESIAN_POINT ( 'NONE',  ( -1.485425446850634712, -2.755235828566831469, -5.885730705377887340 ) ) ;
#9324 = ORIENTED_EDGE ( 'NONE', *, *, #8284, .T. ) ;
#9325 = CARTESIAN_POINT ( 'NONE',  ( 0.6495145696682953496, 0.02511620569690256599, -4.370000000000000107 ) ) ;
#9326 = CARTESIAN_POINT ( 'NONE',  ( -2.677558035632361388, 0.3610796910320090980, -7.779576653541746545 ) ) ;
#9327 = CIRCLE ( 'NONE', #3869, 0.6500000000000002442 ) ;
#9328 = CARTESIAN_POINT ( 'NONE',  ( -0.3408308473997790911, -0.5826313872945301231, -4.220000000000000639 ) ) ;
#9329 = ORIENTED_EDGE ( 'NONE', *, *, #8405, .T. ) ;
#9330 = EDGE_CURVE ( 'NONE', #3447, #1622, #5553, .T. ) ;
#9331 = AXIS2_PLACEMENT_3D ( 'NONE', #4445, #2801, #10157 ) ;
#9332 = CARTESIAN_POINT ( 'NONE',  ( 0.6317928848389000596, 3.053374085723000064, -6.012863513283999595 ) ) ;
#9333 = DIRECTION ( 'NONE',  ( -0.1045284632676583558, 0.9945218953682728458, 0.000000000000000000 ) ) ;
#9334 = MANIFOLD_SOLID_BREP ( 'Boss-Extrude2', #9942 ) ;
#9335 = CARTESIAN_POINT ( 'NONE',  ( -2.801379553025094471E-16, -3.049999999986676258, -3.300000000012142110 ) ) ;
#9336 = VERTEX_POINT ( 'NONE', #3157 ) ;
#9337 = DIRECTION ( 'NONE',  ( -0.000000000000000000, -0.000000000000000000, -1.000000000000000000 ) ) ;
#9338 = CARTESIAN_POINT ( 'NONE',  ( 1.643912475932896911, -2.139108803415131543, -3.299999999999998934 ) ) ;
#9339 = ORIENTED_EDGE ( 'NONE', *, *, #3933, .F. ) ;
#9340 = VECTOR ( 'NONE', #10438, 1000.000000000000000 ) ;
#9341 = CARTESIAN_POINT ( 'NONE',  ( 0.6657846630356357709, -0.03450974848226279895, -4.169991741848314781 ) ) ;
#9342 = CARTESIAN_POINT ( 'NONE',  ( -2.674999999999963851, 0.3501566811816269054, -3.299999999999999822 ) ) ;
#9343 = CARTESIAN_POINT ( 'NONE',  ( 2.219824177986000180, 2.412616118591000003, -5.456014396888999585 ) ) ;
#9344 = ORIENTED_EDGE ( 'NONE', *, *, #7575, .T. ) ;
#9345 = EDGE_CURVE ( 'NONE', #8140, #1998, #10366, .T. ) ;
#9346 = CARTESIAN_POINT ( 'NONE',  ( 3.250000000000000888, 0.4254240051736179473, -1.300000000000000044 ) ) ;
#9347 = CARTESIAN_POINT ( 'NONE',  ( 3.025314685724212360, -0.7514745035563735742, -7.093417259413262954 ) ) ;
#9348 = CARTESIAN_POINT ( 'NONE',  ( 0.000000000000000000, 0.000000000000000000, -3.919999999999999929 ) ) ;
#9349 = CARTESIAN_POINT ( 'NONE',  ( -0.4020945224431188292, -0.5107053896536045690, -4.070000000000005613 ) ) ;
#9350 = CARTESIAN_POINT ( 'NONE',  ( 0.000000000000000000, -3.500000000000000000, -1.300000000000000266 ) ) ;
#9351 = PRODUCT_DEFINITION_SHAPE ( 'NONE', 'NONE',  #10554 ) ;
#9352 = DIRECTION ( 'NONE',  ( -1.000000000000000000, 0.000000000000000000, 0.000000000000000000 ) ) ;
#9353 = FACE_OUTER_BOUND ( 'NONE', #7183, .T. ) ;
#9354 = CARTESIAN_POINT ( 'NONE',  ( -1.961274358267410811, -2.453581913900365397, -5.085041667518463981 ) ) ;
#9355 = SHAPE_REPRESENTATION ( 'HSG', ( #9235 ), #3273 ) ;
#9356 = UNCERTAINTY_MEASURE_WITH_UNIT (LENGTH_MEASURE( 1.000000000000000082E-05 ), #7303, 'distance_accuracy_value', 'NONE');
#9357 = VERTEX_POINT ( 'NONE', #3112 ) ;
#9358 = ORIENTED_EDGE ( 'NONE', *, *, #5722, .T. ) ;
#9359 = AXIS2_PLACEMENT_3D ( 'NONE', #2142, #7773, #3663 ) ;
#9360 = DIRECTION ( 'NONE',  ( -0.9945218953682745111, 0.1045284632676419800, 0.000000000000000000 ) ) ;
#9361 = CARTESIAN_POINT ( 'NONE',  ( 0.2724947409330272796, 0.5901242379057499710, -4.070000000000004725 ) ) ;
#9362 = ORIENTED_EDGE ( 'NONE', *, *, #4840, .F. ) ;
#9363 = VECTOR ( 'NONE', #7481, 1000.000000000000114 ) ;
#9364 = ORIENTED_EDGE ( 'NONE', *, *, #5920, .T. ) ;
#9365 = CARTESIAN_POINT ( 'NONE',  ( -0.6350000000000000089, 7.776507174585692903E-17, -11.36999999999999922 ) ) ;
#9366 = CARTESIAN_POINT ( 'NONE',  ( 1.710373279529000090, -2.306826568996000137, -6.736923066788000014 ) ) ;
#9367 = CARTESIAN_POINT ( 'NONE',  ( 2.756679201198000140, -0.8047020162675000421, -7.343276409391071624 ) ) ;
#9368 = ORIENTED_EDGE ( 'NONE', *, *, #1255, .T. ) ;
#9369 = CARTESIAN_POINT ( 'NONE',  ( -0.7306110762668995839, -3.070846827259923195, -6.447383947561417195 ) ) ;
#9370 = CARTESIAN_POINT ( 'NONE',  ( 0.000000000000000000, 0.000000000000000000, -9.036599999999999966 ) ) ;
#9371 = AXIS2_PLACEMENT_3D ( 'NONE', #5456, #10421, #2319 ) ;
#9372 = DIRECTION ( 'NONE',  ( -1.000000000000000000, 0.000000000000000000, 0.000000000000000000 ) ) ;
#9373 = EDGE_CURVE ( 'NONE', #9379, #6058, #1621, .T. ) ;
#9374 = DIRECTION ( 'NONE',  ( -0.9781476007338031353, -0.2079116908177705558, 0.000000000000000000 ) ) ;
#9375 = ORIENTED_EDGE ( 'NONE', *, *, #7980, .T. ) ;
#9376 = ITEM_DEFINED_TRANSFORMATION ( 'NONE', 'NONE', #1609,  #9235 ) ;
#9377 = CARTESIAN_POINT ( 'NONE',  ( 2.206394339040812724, -0.7350545971669614209, -7.170000000000002593 ) ) ;
#9378 = B_SPLINE_CURVE_WITH_KNOTS ( 'NONE', 3,
 ( #3262, #6460, #7516, #9707 ),
 .UNSPECIFIED., .F., .F.,
 ( 4, 4 ),
 ( 1.081755672164007486E-06, 0.0001536937413444423980 ),
 .UNSPECIFIED. ) ;
#9379 = VERTEX_POINT ( 'NONE', #2423 ) ;
#9380 = CARTESIAN_POINT ( 'NONE',  ( -0.5775513805099518061, -0.3330083229362784669, -4.169991741848313893 ) ) ;
#9381 = AXIS2_PLACEMENT_3D ( 'NONE', #4536, #9408, #1257 ) ;
#9382 = CARTESIAN_POINT ( 'NONE',  ( 2.013849772956000095, 1.759837393515000015, -4.416616933651000387 ) ) ;
#9383 = LINE ( 'NONE', #6232, #2168 ) ;
#9384 = EDGE_CURVE ( 'NONE', #5510, #5184, #1105, .T. ) ;
#9385 = ADVANCED_FACE ( 'NONE', ( #3057 ), #609, .T. ) ;
#9386 = CARTESIAN_POINT ( 'NONE',  ( -0.8892021061628000433, -2.683213222242999851, -6.290034052005999854 ) ) ;
#9387 = ORIENTED_EDGE ( 'NONE', *, *, #7286, .F. ) ;
#9388 = VECTOR ( 'NONE', #748, 1000.000000000000000 ) ;
#9389 = CARTESIAN_POINT ( 'NONE',  ( -1.304333835541999997, -2.332596879641999799, -6.223227450973999986 ) ) ;
#9390 = ORIENTED_EDGE ( 'NONE', *, *, #6037, .T. ) ;
#9391 = CARTESIAN_POINT ( 'NONE',  ( 3.039999999999999591, -2.040000000000000036, 0.5000000000000000000 ) ) ;
#9392 = CARTESIAN_POINT ( 'NONE',  ( 0.8153434416564584453, 3.033925232078594991, -6.097628181539626269 ) ) ;
#9393 = ORIENTED_EDGE ( 'NONE', *, *, #7670, .F. ) ;
#9394 = CARTESIAN_POINT ( 'NONE',  ( -3.500000000000000000, -2.040000000000000036, 2.200000000000000178 ) ) ;
#9395 = CARTESIAN_POINT ( 'NONE',  ( 0.1748660461027846114, 0.6346983601050837365, -4.119991299149684316 ) ) ;
#9396 = VECTOR ( 'NONE', #1041, 1000.000000000000000 ) ;
#9397 = EDGE_LOOP ( 'NONE', ( #4253, #5182, #9287, #8241, #1002, #897, #6116, #6990, #6025, #201, #8913, #1223, #9895, #6036, #2923, #8587, #1001, #7383, #1833, #10056, #896, #8646, #2811, #9116, #2145, #8924, #8231, #1101, #7952, #7525, #9945, #4173, #7834, #6043, #5351, #190, #3551, #6195, #6526, #9976, #7071, #4364, #2696, #5934, #9949, #682, #1068, #5050, #2095, #884, #539, #4420, #9550, #3722, #1695, #5406, #8689, #5005, #8436, #3148, #5243, #434, #5637, #10212, #4492, #6534, #8183, #554, #9693, #3603, #4381, #3887, #7899, #5247, #10354, #9300, #8883, #3036, #9056, #5360, #6450, #7062, #10066, #6228 ) ) ;
#9398 = CIRCLE ( 'NONE', #9223, 0.6750000000000000444 ) ;
#9399 = EDGE_CURVE ( 'NONE', #2401, #4018, #5660, .T. ) ;
#9400 = CARTESIAN_POINT ( 'NONE',  ( 0.01422049751907999982, -3.134318819508000065, -8.549126180130000918 ) ) ;
#9401 = CARTESIAN_POINT ( 'NONE',  ( 3.044749201943000028, -0.6721292566436001259, -5.484849958196999609 ) ) ;
#9402 = VERTEX_POINT ( 'NONE', #8810 ) ;
#9403 = CARTESIAN_POINT ( 'NONE',  ( 0.3408308473997749832, 0.5826313872945324546, -4.220000000000000639 ) ) ;
#9404 = CARTESIAN_POINT ( 'NONE',  ( 2.808625775072867814, -1.347502255081946210, -7.116016269458027566 ) ) ;
#9405 = CYLINDRICAL_SURFACE ( 'NONE', #717, 0.6500000000000000222 ) ;
#9406 = CARTESIAN_POINT ( 'NONE',  ( 3.210902621118000067, -0.9372943402978000105, -7.087355721299999800 ) ) ;
#9407 = CYLINDRICAL_SURFACE ( 'NONE', #7893, 3.250000000000000444 ) ;
#9408 = DIRECTION ( 'NONE',  ( -0.000000000000000000, -0.000000000000000000, -1.000000000000000000 ) ) ;
#9409 = CARTESIAN_POINT ( 'NONE',  ( 1.378112039024642854, 2.801007577972861373, -6.940538249366714041 ) ) ;
#9410 = CARTESIAN_POINT ( 'NONE',  ( -0.5107053896536032367, 0.4020945224431206055, -4.370000000000000107 ) ) ;
#9411 = ORIENTED_EDGE ( 'NONE', *, *, #1868, .F. ) ;
#9412 = CARTESIAN_POINT ( 'NONE',  ( 2.971856222946999804, 1.134794783348999969, -7.809028538334001013 ) ) ;
#9413 = EDGE_CURVE ( 'NONE', #10424, #7223, #3929, .T. ) ;
#9414 = CARTESIAN_POINT ( 'NONE',  ( 0.6375889273060109108, -0.1264134477687020308, -4.370000000000000107 ) ) ;
#9415 = VERTEX_POINT ( 'NONE', #7999 ) ;
#9416 = CARTESIAN_POINT ( 'NONE',  ( -0.8331745404570000124, 2.689107354158000174, -5.009736640898999838 ) ) ;
#9417 = VERTEX_POINT ( 'NONE', #4850 ) ;
#9418 = DIRECTION ( 'NONE',  ( -0.4999999999999999445, -0.8660254037844387076, -0.000000000000000000 ) ) ;
#9419 = EDGE_CURVE ( 'NONE', #3623, #10166, #7112, .T. ) ;
#9420 = CARTESIAN_POINT ( 'NONE',  ( -2.727625739909000036, 0.8982159067642000450, -6.268005655889999694 ) ) ;
#9421 = ORIENTED_EDGE ( 'NONE', *, *, #2543, .F. ) ;
#9422 = CARTESIAN_POINT ( 'NONE',  ( 0.6438629409820385563, 0.1729180543024470551, -4.169991741848314781 ) ) ;
#9423 = CYLINDRICAL_SURFACE ( 'NONE', #3867, 0.6500000000000000222 ) ;
#9424 = FACE_OUTER_BOUND ( 'NONE', #8093, .T. ) ;
#9425 = ORIENTED_EDGE ( 'NONE', *, *, #198, .F. ) ;
#9426 = ORIENTED_EDGE ( 'NONE', *, *, #7211, .T. ) ;
#9427 = CARTESIAN_POINT ( 'NONE',  ( 1.346616281344081179, -1.907529582639033494, -7.169999999999999929 ) ) ;
#9428 = ORIENTED_EDGE ( 'NONE', *, *, #4069, .F. ) ;
#9429 = CARTESIAN_POINT ( 'NONE',  ( -0.5724484814368472341, -0.3251505474397229367, -4.119991299149684316 ) ) ;
#9430 = CARTESIAN_POINT ( 'NONE',  ( 2.706997401015000193, 0.9986944684411999118, -4.369337839694999559 ) ) ;
#9431 = EDGE_CURVE ( 'NONE', #6284, #2297, #8982, .T. ) ;
#9432 = CARTESIAN_POINT ( 'NONE',  ( -2.798985131173267860, -1.382267116913631799, -6.661245117885358447 ) ) ;
#9433 = CARTESIAN_POINT ( 'NONE',  ( -1.996167579085818877, 1.820333532005645960, -6.435547600918424926 ) ) ;
#9434 = CARTESIAN_POINT ( 'NONE',  ( -0.6350000000000000089, 7.776507174585692903E-17, -11.36999999999999922 ) ) ;
#9435 = ORIENTED_EDGE ( 'NONE', *, *, #2282, .F. ) ;
#9436 = CARTESIAN_POINT ( 'NONE',  ( -2.660734334318000105, -0.8631222332392000096, -5.601189253601999596 ) ) ;
#9437 = VERTEX_POINT ( 'NONE', #1738 ) ;
#9438 = CARTESIAN_POINT ( 'NONE',  ( -0.5402312602579596446, -0.3614556479571132686, -3.919999999999999929 ) ) ;
#9439 = CARTESIAN_POINT ( 'NONE',  ( 0.1768241090289968120, -0.6254863983062313171, -4.070000000000005613 ) ) ;
#9440 = ORIENTED_EDGE ( 'NONE', *, *, #2981, .T. ) ;
#9441 = PLANE ( 'NONE',  #4532 ) ;
#9442 = CARTESIAN_POINT ( 'NONE',  ( -1.914310839267336917, 2.490963873512858306, -7.406664900844486255 ) ) ;
#9443 = EDGE_CURVE ( 'NONE', #8468, #1774, #4159, .T. ) ;
#9444 = ORIENTED_EDGE ( 'NONE', *, *, #2474, .F. ) ;
#9445 = CARTESIAN_POINT ( 'NONE',  ( 2.405503938494347071, -1.308805069813520294, -7.467761913333927914 ) ) ;
#9446 = LINE ( 'NONE', #2103, #2544 ) ;
#9447 = FACE_OUTER_BOUND ( 'NONE', #3783, .T. ) ;
#9448 = AXIS2_PLACEMENT_3D ( 'NONE', #709, #7256, #6464 ) ;
#9449 = DIRECTION ( 'NONE',  ( 0.000000000000000000, 0.000000000000000000, 1.000000000000000000 ) ) ;
#9450 = ORIENTED_EDGE ( 'NONE', *, *, #5677, .T. ) ;
#9451 = CARTESIAN_POINT ( 'NONE',  ( 1.773520691496756063, -2.066582315790891133, -5.996032285324249145 ) ) ;
#9452 = EDGE_CURVE ( 'NONE', #1126, #8789, #594, .T. ) ;
#9453 = CARTESIAN_POINT ( 'NONE',  ( -2.770000000000000018, -2.040000000000000036, 0.000000000000000000 ) ) ;
#9454 = EDGE_CURVE ( 'NONE', #10335, #1016, #3272, .T. ) ;
#9455 = CARTESIAN_POINT ( 'NONE',  ( -0.001774458455597000038, 3.017382081471000177, -6.350019751471999818 ) ) ;
#9456 = CARTESIAN_POINT ( 'NONE',  ( -0.6495145696682954606, -0.02511620569689803142, -4.370000000000000107 ) ) ;
#9457 = DIRECTION ( 'NONE',  ( -0.000000000000000000, -0.000000000000000000, -1.000000000000000000 ) ) ;
#9458 = PRODUCT_DEFINITION_CONTEXT ( 'detailed design', #6377, 'design' ) ;
#9459 = ORIENTED_EDGE ( 'NONE', *, *, #8153, .F. ) ;
#9460 = ORIENTED_EDGE ( 'NONE', *, *, #8843, .T. ) ;
#9461 = CYLINDRICAL_SURFACE ( 'NONE', #688, 3.115000000000000213 ) ;
#9462 = CARTESIAN_POINT ( 'NONE',  ( 0.5901242379057433096, 0.2724947409330416570, -3.919999999999999929 ) ) ;
#9463 = ORIENTED_EDGE ( 'NONE', *, *, #815, .T. ) ;
#9464 = ORIENTED_EDGE ( 'NONE', *, *, #7687, .F. ) ;
#9465 = B_SPLINE_CURVE_WITH_KNOTS ( 'NONE', 3,
 ( #9131, #4272, #9242, #7527, #4682, #9487, #9049, #3186, #6441, #5741, #6541, #8882, #8292, #9795, #7282, #9099, #5636, #10550 ),
 .UNSPECIFIED., .F., .F.,
 ( 4, 2, 2, 2, 2, 2, 2, 2, 4 ),
 ( 0.000000000000000000, 0.1250000000000000555, 0.2500000000000000555, 0.3750000000000000555, 0.5000000000000000000, 0.6250000000000000000, 0.7500000000000001110, 0.8750000000000001110, 1.000000000000000000 ),
 .UNSPECIFIED. ) ;
#9466 = ORIENTED_EDGE ( 'NONE', *, *, #55, .T. ) ;
#9467 = CARTESIAN_POINT ( 'NONE',  ( 1.180547621627544119, 2.458463157091743678, -5.167443219512411368 ) ) ;
#9468 = CARTESIAN_POINT ( 'NONE',  ( 1.681303862051999998, 2.328098325020000026, -6.479039359494000117 ) ) ;
#9469 = CIRCLE ( 'NONE', #958, 2.049999999999999822 ) ;
#9470 = ORIENTED_EDGE ( 'NONE', *, *, #782, .F. ) ;
#9471 = FACE_OUTER_BOUND ( 'NONE', #3990, .T. ) ;
#9472 = PLANE ( 'NONE',  #3671 ) ;
#9473 = CARTESIAN_POINT ( 'NONE',  ( -0.000000000000000000, 0.000000000000000000, -4.370000000000000107 ) ) ;
#9474 = ADVANCED_FACE ( 'NONE', ( #2521 ), #2578, .T. ) ;
#9475 = EDGE_CURVE ( 'NONE', #8677, #4134, #4431, .T. ) ;
#9476 = VECTOR ( 'NONE', #9174, 1000.000000000000000 ) ;
#9477 = VECTOR ( 'NONE', #692, 1000.000000000000000 ) ;
#9478 = CARTESIAN_POINT ( 'NONE',  ( -0.4861328560875978755, -0.4439538136245917976, -4.119991299149684316 ) ) ;
#9479 = VERTEX_POINT ( 'NONE', #1085 ) ;
#9480 = VERTEX_POINT ( 'NONE', #9974 ) ;
#9481 = CARTESIAN_POINT ( 'NONE',  ( -2.210236287818640566, -2.200264629714592246, -5.918641367186785018 ) ) ;
#9482 = ORIENTED_EDGE ( 'NONE', *, *, #1502, .T. ) ;
#9483 = DIRECTION ( 'NONE',  ( -0.000000000000000000, -0.000000000000000000, -1.000000000000000000 ) ) ;
#9484 = CARTESIAN_POINT ( 'NONE',  ( 0.000000000000000000, 0.000000000000000000, -4.370000000000000107 ) ) ;
#9485 = LINE ( 'NONE', #8681, #8532 ) ;
#9486 = CARTESIAN_POINT ( 'NONE',  ( -3.114999999999998881, 5.988603365233812565E-15, -6.712309133434341213 ) ) ;
#9487 = CARTESIAN_POINT ( 'NONE',  ( 1.914313728932571568, -2.490961658328221251, -5.641673127740123306 ) ) ;
#9488 = CARTESIAN_POINT ( 'NONE',  ( -2.248167369908701030, -1.540414912108919676, -6.285016347024714456 ) ) ;
#9489 = CIRCLE ( 'NONE', #10504, 0.6750000000000000444 ) ;
#9490 = AXIS2_PLACEMENT_3D ( 'NONE', #1190, #6078, #2204 ) ;
#9491 = ORIENTED_EDGE ( 'NONE', *, *, #420, .T. ) ;
#9492 = B_SPLINE_CURVE_WITH_KNOTS ( 'NONE', 3,
 ( #3315, #8370, #1898, #5707, #8209, #3469, #9818, #1081, #3370, #5869 ),
 .UNSPECIFIED., .F., .F.,
 ( 4, 2, 2, 2, 4 ),
 ( 0.000000000000000000, 0.2499999999999999445, 0.4999999999999998890, 0.7499999999999998890, 1.000000000000000000 ),
 .UNSPECIFIED. ) ;
#9493 = ORIENTED_EDGE ( 'NONE', *, *, #4463, .F. ) ;
#9494 = CIRCLE ( 'NONE', #4369, 0.6350000000000000089 ) ;
#9495 = VECTOR ( 'NONE', #956, 1000.000000000000000 ) ;
#9496 = FACE_OUTER_BOUND ( 'NONE', #9847, .T. ) ;
#9497 = ORIENTED_EDGE ( 'NONE', *, *, #7225, .F. ) ;
#9498 = CARTESIAN_POINT ( 'NONE',  ( -2.944332012103105800, 1.017646392091213770, -7.456339021397928590 ) ) ;
#9499 = CARTESIAN_POINT ( 'NONE',  ( -0.5901242379057470844, 0.2724947409330335524, -3.919999999999999929 ) ) ;
#9500 = DIRECTION ( 'NONE',  ( 0.9135454576425999784, 0.4067366430758023177, -0.000000000000000000 ) ) ;
#9501 = VERTEX_POINT ( 'NONE', #7524 ) ;
#9502 = CARTESIAN_POINT ( 'NONE',  ( 0.3553946096274000488, -2.972524296177999847, -8.447478198206999522 ) ) ;
#9503 = CARTESIAN_POINT ( 'NONE',  ( 0.000000000000000000, 0.000000000000000000, -4.219999999999999751 ) ) ;
#9504 = CARTESIAN_POINT ( 'NONE',  ( 0.000000000000000000, 0.000000000000000000, -4.370000000000000107 ) ) ;
#9505 = ORIENTED_EDGE ( 'NONE', *, *, #5498, .T. ) ;
#9506 = CARTESIAN_POINT ( 'NONE',  ( 1.656278443916678889, 2.162560444573564222, -5.090094782052880795 ) ) ;
#9507 = ADVANCED_FACE ( 'NONE', ( #5016 ), #2625, .F. ) ;
#9508 = CARTESIAN_POINT ( 'NONE',  ( 0.5466214772973635450, -3.067521408747501344, -7.222493168770170335 ) ) ;
#9509 = CARTESIAN_POINT ( 'NONE',  ( -2.853925151193000165, -0.9796474329715999518, -6.842431726546999826 ) ) ;
#9510 = FACE_OUTER_BOUND ( 'NONE', #7492, .T. ) ;
#9511 = CARTESIAN_POINT ( 'NONE',  ( -0.6738623340140247331, -0.03917339399607054629, -4.370000000000000107 ) ) ;
#9512 = AXIS2_PLACEMENT_3D ( 'NONE', #3292, #6489, #5736 ) ;
#9513 = CARTESIAN_POINT ( 'NONE',  ( -2.770000000000000018, -2.770000000000000018, 0.5000000000000000000 ) ) ;
#9514 = ORIENTED_EDGE ( 'NONE', *, *, #7211, .F. ) ;
#9515 = B_SPLINE_CURVE_WITH_KNOTS ( 'NONE', 3,
 ( #5353, #7031, #9530, #2969, #8718, #4606, #1431, #7126, #8611, #6372, #1482, #4706, #4760, #1330, #9893, #1584, #1639, #4866 ),
 .UNSPECIFIED., .F., .F.,
 ( 4, 2, 2, 2, 2, 2, 2, 2, 4 ),
 ( 0.000000000000000000, 0.1250000000000000833, 0.2500000000000001110, 0.3750000000000001110, 0.5000000000000001110, 0.6250000000000002220, 0.7500000000000001110, 0.8750000000000001110, 1.000000000000000000 ),
 .UNSPECIFIED. ) ;
#9516 = ADVANCED_FACE ( 'NONE', ( #5071 ), #3372, .F. ) ;
#9517 = B_SPLINE_CURVE_WITH_KNOTS ( 'NONE', 3,
 ( #9580, #6279, #3814, #8564 ),
 .UNSPECIFIED., .F., .F.,
 ( 4, 4 ),
 ( 2.034489220894431248E-07, 0.0001528154345938354940 ),
 .UNSPECIFIED. ) ;
#9518 = EDGE_CURVE ( 'NONE', #3224, #6632, #6656, .T. ) ;
#9519 = AXIS2_PLACEMENT_3D ( 'NONE', #2133, #8676, #4614 ) ;
#9520 = DIRECTION ( 'NONE',  ( -1.000000000000000000, -0.000000000000000000, 0.000000000000000000 ) ) ;
#9521 = EDGE_LOOP ( 'NONE', ( #235, #1117, #10081, #3342 ) ) ;
#9522 = ORIENTED_EDGE ( 'NONE', *, *, #9572, .F. ) ;
#9523 = CARTESIAN_POINT ( 'NONE',  ( 2.708231606385947732, 0.3239067948012034348, -5.280261583977631901 ) ) ;
#9524 = VECTOR ( 'NONE', #6750, 1000.000000000000000 ) ;
#9525 = CARTESIAN_POINT ( 'NONE',  ( -2.716161560210000214, -0.9323582641634000634, -6.901106766700999984 ) ) ;
#9526 = CARTESIAN_POINT ( 'NONE',  ( 0.4861328560876040372, -0.4439538136245849143, -4.119991299149684316 ) ) ;
#9527 = ORIENTED_EDGE ( 'NONE', *, *, #8391, .F. ) ;
#9528 = ADVANCED_FACE ( 'NONE', ( #5926 ), #5119, .T. ) ;
#9529 = DIRECTION ( 'NONE',  ( 0.000000000000000000, 0.000000000000000000, 1.000000000000000000 ) ) ;
#9530 = CARTESIAN_POINT ( 'NONE',  ( -1.996643987170046763, 0.5365831629365245270, -7.169999999999999929 ) ) ;
#9531 = B_SPLINE_SURFACE_WITH_KNOTS ( 'NONE', 3, 3, ( 
 ( #4869, #8125, #9844, #3286 ),
 ( #6532, #1702, #4928, #8182 ),
 ( #8442, #196, #3445, #945 ),
 ( #9896, #5996, #3484, #1967 ),
 ( #146, #248, #1757, #6801 ),
 ( #6689, #9943, #9041, #6745 ),
 ( #7539, #7647, #5787, #5139 ),
 ( #4334, #1159, #2751, #4982 ),
 ( #2649, #10050, #359, #5841 ),
 ( #8232, #8344, #9153, #4179 ),
 ( #1869, #6644, #4389, #7440 ),
 ( #2703, #3392, #7591, #4236 ),
 ( #5090, #2595, #9210, #1054 ),
 ( #9094, #1811, #3598, #5036 ),
 ( #5950, #4287, #305, #3541 ),
 ( #8287, #1000, #7491, #9256 ),
 ( #9997, #5188, #6855, #2540 ),
 ( #5894, #1921, #8390, #1107 ),
 ( #7906, #4548, #571, #10323 ),
 ( #7702, #1217, #4442, #3755 ),
 ( #412, #7752, #3645, #3697 ),
 ( #6902, #8553, #6964, #3011 ),
 ( #6267, #6159, #9416, #2961 ),
 ( #5347, #7811, #521, #7023 ),
 ( #5407, #3153, #7255, #8752 ),
 ( #8100, #10362, #2368, #3053 ),
 ( #818, #4743, #9609, #3949 ),
 ( #1464, #708, #8042, #661 ),
 ( #6306, #2263, #5656, #4688 ),
 ( #10520, #4047, #9761, #7947 ),
 ( #2468, #3901, #7156, #8901 ),
 ( #10415, #7205, #3108, #1617 ),
 ( #6357, #2313, #5549, #8806 ),
 ( #1515, #5606, #4795, #759 ),
 ( #3512, #1079, #2678, #9923 ),
 ( #3467, #6722, #5867, #272 ),
 ( #6773, #9072, #2621, #10022 ) ),
 .UNSPECIFIED., .F., .F., .F.,
 ( 4, 1, 1, 1, 1, 1, 1, 1, 1, 1, 1, 1, 1, 1, 1, 1, 1, 1, 1, 1, 1, 1, 1, 1, 1, 1, 1, 1, 1, 1, 1, 1, 1, 1, 4 ),
 ( 4, 4 ),
 ( -0.007643895106032999598, 0.000000000000000000, 0.01250292682876999982, 0.04500273170685999830, 0.07750253658493000408, 0.1100023414630000029, 0.1425021463410000022, 0.1750019512192000082, 0.2075017560973000108, 0.2400015609753000101, 0.2725013658534999883, 0.3050011707315000153, 0.3375009756096000180, 0.3700007804875999895, 0.4025005853658000232, 0.4350003902437999947, 0.4675001951218999974, 0.4999999999999000244, 0.5324998048781000026, 0.5649996097562000053, 0.5974994146341999768, 0.6299992195122999794, 0.6624990243903999820, 0.6949988292684999847, 0.7274986341464999562, 0.7599984390245999588, 0.7924982439026999614, 0.8249980487807999641, 0.8574978536588999667, 0.8899976585369000492, 0.9224974634150999719, 0.9549972682931000545, 0.9874970731711999461, 1.000000000000000000, 1.007643895106000054 ),
 ( 1.284194972583999956E-12, 1.000000000001000089 ),
 .UNSPECIFIED. ) ;
#9532 = DIRECTION ( 'NONE',  ( -1.000000000000000000, 0.000000000000000000, 0.000000000000000000 ) ) ;
#9533 = AXIS2_PLACEMENT_3D ( 'NONE', #6219, #8768, #3865 ) ;
#9534 = LINE ( 'NONE', #6168, #7588 ) ;
#9535 = ORIENTED_EDGE ( 'NONE', *, *, #4953, .F. ) ;
#9536 = VERTEX_POINT ( 'NONE', #6939 ) ;
#9537 = CARTESIAN_POINT ( 'NONE',  ( -2.413870974625971666, -1.974724235588776189, -5.929277927925623359 ) ) ;
#9538 = ORIENTED_EDGE ( 'NONE', *, *, #6399, .F. ) ;
#9539 = PLANE ( 'NONE',  #1510 ) ;
#9540 = CARTESIAN_POINT ( 'NONE',  ( 0.5681916233596401300, 0.3643944005386706708, -4.370000000000000107 ) ) ;
#9541 = CARTESIAN_POINT ( 'NONE',  ( 0.3634194331410914303, 0.5589154282082322567, -4.169991741848313893 ) ) ;
#9542 = CARTESIAN_POINT ( 'NONE',  ( -1.898219956066635072, -2.478141313643080323, -6.610132708513599020 ) ) ;
#9543 = CONICAL_SURFACE ( 'NONE', #7487, 3.115000000036616257, 0.7853981634620430530 ) ;
#9544 = EDGE_CURVE ( 'NONE', #3570, #9415, #5166, .T. ) ;
#9545 = CARTESIAN_POINT ( 'NONE',  ( -0.1750831052148436318, 2.733994730471008605, -6.521565460286693039 ) ) ;
#9546 = EDGE_LOOP ( 'NONE', ( #3971, #6598, #10487, #6545 ) ) ;
#9547 = ORIENTED_EDGE ( 'NONE', *, *, #10035, .F. ) ;
#9548 = CIRCLE ( 'NONE', #6139, 0.6500000000000000222 ) ;
#9549 = DIRECTION ( 'NONE',  ( 1.000000000000000000, 0.000000000000000000, 0.000000000000000000 ) ) ;
#9550 = ORIENTED_EDGE ( 'NONE', *, *, #3010, .F. ) ;
#9551 = CARTESIAN_POINT ( 'NONE',  ( -3.079637877333304630, 0.4758506237084451640, -7.435937579659655405 ) ) ;
#9552 = CARTESIAN_POINT ( 'NONE',  ( -1.656235488839000070, 2.432879543514000265, -5.577171074765000292 ) ) ;
#9553 = CARTESIAN_POINT ( 'NONE',  ( -1.347180772492157175, -2.337378588847638827, -3.300000000000000711 ) ) ;
#9554 = CARTESIAN_POINT ( 'NONE',  ( -3.094160311557999865, -1.217232417263000244, -7.978016943462000299 ) ) ;
#9555 = CARTESIAN_POINT ( 'NONE',  ( -1.221276027350533422, 2.118931991674201321, -9.099999999932606443 ) ) ;
#9556 = CONICAL_SURFACE ( 'NONE', #6826, 2.674999999840110831, 0.7853981633974482790 ) ;
#9557 = CARTESIAN_POINT ( 'NONE',  ( 3.115000000000000213, 0.000000000000000000, -7.086186982385999755 ) ) ;
#9558 = CARTESIAN_POINT ( 'NONE',  ( 2.653558226269006948, -0.6122110124873472170, -5.924978363499311840 ) ) ;
#9559 = CARTESIAN_POINT ( 'NONE',  ( 0.8253405999049397979, -3.003403459918633001, -7.211944236571078193 ) ) ;
#9560 = CARTESIAN_POINT ( 'NONE',  ( 2.876530232003000176, -0.9111375006462999471, -6.561053455076000240 ) ) ;
#9561 = DIRECTION ( 'NONE',  ( 0.000000000000000000, 0.000000000000000000, 1.000000000000000000 ) ) ;
#9562 = CYLINDRICAL_SURFACE ( 'NONE', #1036, 0.6350000000000000089 ) ;
#9563 = CIRCLE ( 'NONE', #1748, 0.6750000000000000444 ) ;
#9564 = PLANE ( 'NONE',  #1832 ) ;
#9565 = CARTESIAN_POINT ( 'NONE',  ( -1.530376636773740140, 1.757617266068084660, -7.170000000000000817 ) ) ;
#9566 = ORIENTED_EDGE ( 'NONE', *, *, #2022, .F. ) ;
#9567 = EDGE_CURVE ( 'NONE', #10424, #2251, #10252, .T. ) ;
#9568 = DIRECTION ( 'NONE',  ( 1.000000000000000000, 0.000000000000000000, 0.000000000000000000 ) ) ;
#9569 = DIRECTION ( 'NONE',  ( -0.000000000000000000, -0.000000000000000000, -1.000000000000000000 ) ) ;
#9570 = CARTESIAN_POINT ( 'NONE',  ( -3.250000000000000444, 2.388061258337339136E-16, -1.300000000000000266 ) ) ;
#9571 = ORIENTED_EDGE ( 'NONE', *, *, #5154, .F. ) ;
#9572 = EDGE_CURVE ( 'NONE', #7119, #9309, #2128, .T. ) ;
#9573 = ORIENTED_EDGE ( 'NONE', *, *, #2734, .T. ) ;
#9574 = CARTESIAN_POINT ( 'NONE',  ( -1.654734186740000057, -2.347057801388999998, -6.971312209905000223 ) ) ;
#9575 = ORIENTED_EDGE ( 'NONE', *, *, #2929, .T. ) ;
#9576 = DIRECTION ( 'NONE',  ( -0.000000000000000000, -0.000000000000000000, 1.000000000000000000 ) ) ;
#9577 = CARTESIAN_POINT ( 'NONE',  ( -0.02511620569689576241, 0.6495145696682955716, -3.919999999999999929 ) ) ;
#9578 = CARTESIAN_POINT ( 'NONE',  ( -2.424999999953100893, -2.055269133141599186E-16, -9.099999999982301802 ) ) ;
#9579 = CARTESIAN_POINT ( 'NONE',  ( -2.424999999846042975, 0.000000000000000000, -9.099999999875763024 ) ) ;
#9580 = CARTESIAN_POINT ( 'NONE',  ( -0.5221405368133797964, -0.4277782834789953803, -4.219999999999999751 ) ) ;
#9581 = ORIENTED_EDGE ( 'NONE', *, *, #2119, .F. ) ;
#9582 = EDGE_CURVE ( 'NONE', #8350, #5789, #10266, .T. ) ;
#9583 = ADVANCED_FACE ( 'NONE', ( #4467 ), #9238, .T. ) ;
#9584 = EDGE_LOOP ( 'NONE', ( #3405, #2643, #8402, #1890 ) ) ;
#9585 = CYLINDRICAL_SURFACE ( 'NONE', #10372, 2.325000000000000178 ) ;
#9586 = VERTEX_POINT ( 'NONE', #5220 ) ;
#9587 = FACE_OUTER_BOUND ( 'NONE', #7329, .T. ) ;
#9588 = CARTESIAN_POINT ( 'NONE',  ( 0.4277782834789977118, -0.5221405368133781311, -3.919999999999999929 ) ) ;
#9589 = DIRECTION ( 'NONE',  ( -0.8090169943749466741, -0.5877852522924742473, 0.000000000000000000 ) ) ;
#9590 = CARTESIAN_POINT ( 'NONE',  ( 0.4415163173259669671, -0.4770359960578613445, -4.370000000000000107 ) ) ;
#9591 = LINE ( 'NONE', #5527, #1839 ) ;
#9592 = VERTEX_POINT ( 'NONE', #5323 ) ;
#9593 = VERTEX_POINT ( 'NONE', #1134 ) ;
#9594 = EDGE_CURVE ( 'NONE', #4180, #6080, #4280, .T. ) ;
#9595 = EDGE_CURVE ( 'NONE', #1218, #3355, #5804, .T. ) ;
#9596 = CARTESIAN_POINT ( 'NONE',  ( -0.3634194331410996459, 0.5589154282082271497, -4.169991741848314781 ) ) ;
#9597 = ORIENTED_EDGE ( 'NONE', *, *, #4610, .F. ) ;
#9598 = CARTESIAN_POINT ( 'NONE',  ( -1.513618575377636555, 2.739110443234155312, -7.538474290518140108 ) ) ;
#9599 = CARTESIAN_POINT ( 'NONE',  ( -1.566421476239000299, 2.300949829745000397, -5.665655293663999892 ) ) ;
#9600 = LINE ( 'NONE', #4676, #9388 ) ;
#9601 = CARTESIAN_POINT ( 'NONE',  ( 2.619702720162000009, -2.047680107062999966, -8.447678918533002346 ) ) ;
#9602 = DIRECTION ( 'NONE',  ( -1.000000000000000000, 0.000000000000000000, 0.000000000000000000 ) ) ;
#9603 = CARTESIAN_POINT ( 'NONE',  ( 0.000000000000000000, 0.000000000000000000, -4.070000000000005613 ) ) ;
#9604 = ORIENTED_EDGE ( 'NONE', *, *, #6511, .F. ) ;
#9605 = CARTESIAN_POINT ( 'NONE',  ( 2.202720820732469775, -1.717504098348244135, -5.267729586615807591 ) ) ;
#9606 = CARTESIAN_POINT ( 'NONE',  ( -0.7802484315636732948, -3.016372119182097578, -7.270664206338076418 ) ) ;
#9607 = EDGE_CURVE ( 'NONE', #4984, #1931, #6194, .T. ) ;
#9608 = CARTESIAN_POINT ( 'NONE',  ( 2.996883534365000212, 1.066947884306000072, -7.105582859659000050 ) ) ;
#9609 = CARTESIAN_POINT ( 'NONE',  ( -1.924362569741000062, -2.054825256007999812, -4.775063949748999725 ) ) ;
#9610 = CARTESIAN_POINT ( 'NONE',  ( -0.03450974848226976560, -0.6657846630356354378, -4.169991741848314781 ) ) ;
#9611 = FACE_OUTER_BOUND ( 'NONE', #546, .T. ) ;
#9612 = CARTESIAN_POINT ( 'NONE',  ( 0.000000000000000000, 0.000000000000000000, -11.36999999999999922 ) ) ;
#9613 = CARTESIAN_POINT ( 'NONE',  ( 0.07006679138116637950, -0.6629862630698557524, -4.169991741848314781 ) ) ;
#9614 = B_SPLINE_CURVE_WITH_KNOTS ( 'NONE', 3,
 ( #1398, #10341, #2395, #7137 ),
 .UNSPECIFIED., .F., .F.,
 ( 4, 4 ),
 ( 2.034489220894522304E-07, 0.0001528154345938355211 ),
 .UNSPECIFIED. ) ;
#9615 = ORIENTED_EDGE ( 'NONE', *, *, #6346, .T. ) ;
#9616 = CYLINDRICAL_SURFACE ( 'NONE', #117, 0.6500000000000000222 ) ;
#9617 = DIRECTION ( 'NONE',  ( -0.05233595624294268972, -0.9986295347545740553, -0.000000000000000000 ) ) ;
#9618 = ORIENTED_EDGE ( 'NONE', *, *, #8338, .F. ) ;
#9619 = DIRECTION ( 'NONE',  ( -0.000000000000000000, -0.000000000000000000, -1.000000000000000000 ) ) ;
#9620 = ORIENTED_EDGE ( 'NONE', *, *, #2956, .F. ) ;
#9621 = CARTESIAN_POINT ( 'NONE',  ( -1.682156749211999980, -2.504984337338000078, -7.475532837356000826 ) ) ;
#9622 = CARTESIAN_POINT ( 'NONE',  ( 0.6254863983062343147, -0.1768241090289858763, -4.070000000000004725 ) ) ;
#9623 = DIRECTION ( 'NONE',  ( 0.000000000000000000, 0.000000000000000000, 1.000000000000000000 ) ) ;
#9624 = VECTOR ( 'NONE', #3526, 999.9999999999998863 ) ;
#9625 = CARTESIAN_POINT ( 'NONE',  ( 0.000000000000000000, 0.000000000000000000, -4.839999999887822923 ) ) ;
#9626 = EDGE_CURVE ( 'NONE', #5149, #1712, #9600, .T. ) ;
#9627 = CARTESIAN_POINT ( 'NONE',  ( -0.4770359960578659519, 0.4415163173259620266, -3.919999999999999929 ) ) ;
#9628 = DIRECTION ( 'NONE',  ( 0.000000000000000000, 0.000000000000000000, 1.000000000000000000 ) ) ;
#9629 = VERTEX_POINT ( 'NONE', #6242 ) ;
#9630 = FACE_OUTER_BOUND ( 'NONE', #8491, .T. ) ;
#9631 = AXIS2_PLACEMENT_3D ( 'NONE', #3421, #9816, #173 ) ;
#9632 = ORIENTED_EDGE ( 'NONE', *, *, #325, .T. ) ;
#9633 = DIRECTION ( 'NONE',  ( -1.000000000000000000, 0.000000000000000000, 0.000000000000000000 ) ) ;
#9634 = CYLINDRICAL_SURFACE ( 'NONE', #4161, 0.6500000000000000222 ) ;
#9635 = CARTESIAN_POINT ( 'NONE',  ( 0.000000000000000000, 0.000000000000000000, -4.219999999999999751 ) ) ;
#9636 = DIRECTION ( 'NONE',  ( -1.000000000000000000, 0.000000000000000000, 0.000000000000000000 ) ) ;
#9637 = EDGE_CURVE ( 'NONE', #9313, #8350, #4772, .T. ) ;
#9638 = EDGE_CURVE ( 'NONE', #8456, #10253, #194, .T. ) ;
#9639 = VECTOR ( 'NONE', #6166, 1000.000000000000000 ) ;
#9640 = VECTOR ( 'NONE', #3407, 1000.000000000000000 ) ;
#9641 = ORIENTED_EDGE ( 'NONE', *, *, #10451, .T. ) ;
#9642 = DIRECTION ( 'NONE',  ( -0.000000000000000000, -0.000000000000000000, -1.000000000000000000 ) ) ;
#9643 = ORIENTED_EDGE ( 'NONE', *, *, #10268, .F. ) ;
#9644 = CARTESIAN_POINT ( 'NONE',  ( 1.032418909760344228, -1.791262096126228442, -7.170000000000000817 ) ) ;
#9645 = VECTOR ( 'NONE', #4488, 1000.000000000000000 ) ;
#9646 = CARTESIAN_POINT ( 'NONE',  ( -0.2413471931310000040, -3.093329421172000160, -5.211595991929000249 ) ) ;
#9647 = DIRECTION ( 'NONE',  ( -1.000000000000000000, 0.000000000000000000, 0.000000000000000000 ) ) ;
#9648 = CIRCLE ( 'NONE', #466, 0.6750000000000000444 ) ;
#9649 = CARTESIAN_POINT ( 'NONE',  ( -0.1441063982436970592, -0.6594379015382944020, -3.919999999999999929 ) ) ;
#9650 = CARTESIAN_POINT ( 'NONE',  ( 2.756765437378000172, -0.7371588939793000117, -8.056516518655000070 ) ) ;
#9651 = CARTESIAN_POINT ( 'NONE',  ( 3.086413382668999894, 0.6863412036314000542, -7.553769868472000049 ) ) ;
#9652 = DIRECTION ( 'NONE',  ( -1.000000000000000000, 0.000000000000000000, -0.000000000000000000 ) ) ;
#9653 = EDGE_CURVE ( 'NONE', #3181, #1126, #2403, .T. ) ;
#9654 = CARTESIAN_POINT ( 'NONE',  ( 2.720408780519000036, -0.6510544260638001512, -4.603830316214000185 ) ) ;
#9655 = ORIENTED_EDGE ( 'NONE', *, *, #2557, .F. ) ;
#9656 = AXIS2_PLACEMENT_3D ( 'NONE', #5148, #4040, #9165 ) ;
#9657 = CARTESIAN_POINT ( 'NONE',  ( 2.580656774417494859, 0.8694275504369766150, -4.450609485624976713 ) ) ;
#9658 = AXIS2_PLACEMENT_3D ( 'NONE', #6272, #7758, #1481 ) ;
#9659 = B_SPLINE_CURVE_WITH_KNOTS ( 'NONE', 3,
 ( #8148, #9807, #3256, #6504 ),
 .UNSPECIFIED., .F., .F.,
 ( 4, 4 ),
 ( 1.247385019369302221E-06, 0.0001538593706907422131 ),
 .UNSPECIFIED. ) ;
#9660 = CARTESIAN_POINT ( 'NONE',  ( 0.3553955589224189748, -3.094839326325697026, -7.229631196505784452 ) ) ;
#9661 = CARTESIAN_POINT ( 'NONE',  ( -2.875521443844000213, -0.9145218202728999657, -6.138986047869000373 ) ) ;
#9662 = CARTESIAN_POINT ( 'NONE',  ( -0.2710233481495825658, -0.6182000847280681999, -4.370000000000000107 ) ) ;
#9663 = PLANE ( 'NONE',  #869 ) ;
#9664 = FACE_OUTER_BOUND ( 'NONE', #5226, .T. ) ;
#9665 = DIRECTION ( 'NONE',  ( 1.000000000000000000, 0.000000000000000000, 0.000000000000000000 ) ) ;
#9666 = VERTEX_POINT ( 'NONE', #3890 ) ;
#9667 = AXIS2_PLACEMENT_3D ( 'NONE', #4816, #5678, #9532 ) ;
#9668 = VECTOR ( 'NONE', #2396, 1000.000000000000000 ) ;
#9669 = ADVANCED_FACE ( 'NONE', ( #3985 ), #7242, .F. ) ;
#9670 = DIRECTION ( 'NONE',  ( -0.9659258262890652036, -0.2588190451025326744, -0.000000000000000000 ) ) ;
#9671 = DIRECTION ( 'NONE',  ( -0.000000000000000000, 0.000000000000000000, 1.000000000000000000 ) ) ;
#9672 = CARTESIAN_POINT ( 'NONE',  ( -1.636761686205425281, -2.839805762151337287, -1.300000000000000044 ) ) ;
#9673 = ORIENTED_EDGE ( 'NONE', *, *, #6978, .T. ) ;
#9674 = VECTOR ( 'NONE', #9418, 1000.000000000000000 ) ;
#9675 = VERTEX_POINT ( 'NONE', #6393 ) ;
#9676 = DIRECTION ( 'NONE',  ( -1.000000000000000000, 0.000000000000000000, 0.000000000000000000 ) ) ;
#9677 = VERTEX_POINT ( 'NONE', #8087 ) ;
#9678 = CARTESIAN_POINT ( 'NONE',  ( 1.154782383710049043, -2.779509872835209450, -7.964317222204491564 ) ) ;
#9679 = DIRECTION ( 'NONE',  ( -0.000000000000000000, -0.000000000000000000, -1.000000000000000000 ) ) ;
#9680 = CARTESIAN_POINT ( 'NONE',  ( 2.325000000000000178, 0.000000000000000000, -9.036599999999999966 ) ) ;
#9681 = CARTESIAN_POINT ( 'NONE',  ( 0.000000000000000000, 0.000000000000000000, -4.370000000000000107 ) ) ;
#9682 = CARTESIAN_POINT ( 'NONE',  ( -2.040000000000000036, -3.500000000000000000, 0.5000000000000000000 ) ) ;
#9683 = ORIENTED_EDGE ( 'NONE', *, *, #716, .T. ) ;
#9684 = DIRECTION ( 'NONE',  ( -0.7071067811865474617, 8.659560562354932858E-17, 0.7071067811865474617 ) ) ;
#9685 = ORIENTED_EDGE ( 'NONE', *, *, #2723, .F. ) ;
#9686 = CARTESIAN_POINT ( 'NONE',  ( -0.6099637295171179696, 0.2245979712142745777, -4.070000000000005613 ) ) ;
#9687 = CARTESIAN_POINT ( 'NONE',  ( 1.118704024039182787, -2.944905291656095603, -7.792379213654526460 ) ) ;
#9688 = LINE ( 'NONE', #5635, #7421 ) ;
#9689 = ORIENTED_EDGE ( 'NONE', *, *, #1566, .T. ) ;
#9690 = CARTESIAN_POINT ( 'NONE',  ( -1.037598876496352407, -2.481522229392231882, -6.153652165248825412 ) ) ;
#9691 = EDGE_CURVE ( 'NONE', #3999, #7826, #1507, .T. ) ;
#9692 = AXIS2_PLACEMENT_3D ( 'NONE', #9370, #8562, #7547 ) ;
#9693 = ORIENTED_EDGE ( 'NONE', *, *, #617, .F. ) ;
#9694 = ORIENTED_EDGE ( 'NONE', *, *, #5498, .F. ) ;
#9695 = CARTESIAN_POINT ( 'NONE',  ( 0.000000000000000000, 0.000000000000000000, -3.919999999999999929 ) ) ;
#9696 = EDGE_CURVE ( 'NONE', #868, #8820, #9716, .T. ) ;
#9697 = ORIENTED_EDGE ( 'NONE', *, *, #8312, .T. ) ;
#9698 = CARTESIAN_POINT ( 'NONE',  ( 0.000000000000000000, 0.000000000000000000, -11.36999999999999922 ) ) ;
#9699 = ADVANCED_FACE ( 'NONE', ( #1408 ), #8892, .T. ) ;
#9700 = VECTOR ( 'NONE', #3430, 1000.000000000000000 ) ;
#9701 = CARTESIAN_POINT ( 'NONE',  ( -0.9722019266149000138, -2.500663647649000065, -6.127473413959999782 ) ) ;
#9702 = CARTESIAN_POINT ( 'NONE',  ( -0.4770359960578628988, -0.4415163173259653573, -4.370000000000000107 ) ) ;
#9703 = CARTESIAN_POINT ( 'NONE',  ( -1.874333339881999905, -2.746335247094000120, -7.910922375593999689 ) ) ;
#9704 = CARTESIAN_POINT ( 'NONE',  ( 1.582457803887482806, -2.059142119112985281, -9.100000000046295057 ) ) ;
#9705 = ORIENTED_EDGE ( 'NONE', *, *, #433, .F. ) ;
#9706 = AXIS2_PLACEMENT_3D ( 'NONE', #10364, #5658, #7207 ) ;
#9707 = CARTESIAN_POINT ( 'NONE',  ( 0.6182000847280632039, 0.2710233481495934460, -4.220000000000000639 ) ) ;
#9708 = CARTESIAN_POINT ( 'NONE',  ( 1.898645611626599727, -2.471665516608979818, -7.168986297921675188 ) ) ;
#9709 = CARTESIAN_POINT ( 'NONE',  ( -1.205325235020999974, -2.572661657317000472, -6.046324724054000121 ) ) ;
#9710 = DIRECTION ( 'NONE',  ( -0.000000000000000000, -0.000000000000000000, -1.000000000000000000 ) ) ;
#9711 = CARTESIAN_POINT ( 'NONE',  ( 0.000000000000000000, 0.000000000000000000, -4.370000000000000107 ) ) ;
#9712 = EDGE_CURVE ( 'NONE', #2556, #3027, #1607, .T. ) ;
#9713 = DIRECTION ( 'NONE',  ( -1.000000000000000000, 0.000000000000000000, -0.000000000000000000 ) ) ;
#9714 = DIRECTION ( 'NONE',  ( 0.000000000000000000, 0.000000000000000000, 1.000000000000000000 ) ) ;
#9715 = ORIENTED_EDGE ( 'NONE', *, *, #2816, .T. ) ;
#9716 = CIRCLE ( 'NONE', #5113, 0.6750000000000000444 ) ;
#9717 = CARTESIAN_POINT ( 'NONE',  ( -0.1709788014541384626, -0.6529864083220313642, -3.919999999999999929 ) ) ;
#9718 = CARTESIAN_POINT ( 'NONE',  ( -3.039999999999999591, 2.040000000000000036, 4.400000000000000355 ) ) ;
#9719 = DIRECTION ( 'NONE',  ( -1.000000000000000000, 0.000000000000000000, 0.000000000000000000 ) ) ;
#9720 = ORIENTED_EDGE ( 'NONE', *, *, #7878, .T. ) ;
#9721 = CIRCLE ( 'NONE', #886, 0.6500000000000000222 ) ;
#9722 = EDGE_CURVE ( 'NONE', #2765, #2656, #3834, .T. ) ;
#9723 = EDGE_CURVE ( 'NONE', #9666, #582, #10396, .T. ) ;
#9724 = VERTEX_POINT ( 'NONE', #4728 ) ;
#9725 = DIRECTION ( 'NONE',  ( 0.000000000000000000, 0.000000000000000000, -1.000000000000000000 ) ) ;
#9726 = VERTEX_POINT ( 'NONE', #3041 ) ;
#9727 = CARTESIAN_POINT ( 'NONE',  ( -2.905920966796000204, 0.8125399801113000198, -7.616221973091000130 ) ) ;
#9728 = DIRECTION ( 'NONE',  ( -1.000000000000000000, 0.000000000000000000, 0.000000000000000000 ) ) ;
#9729 =( NAMED_UNIT ( * ) PLANE_ANGLE_UNIT ( ) SI_UNIT ( $, .RADIAN. ) );
#9730 = CARTESIAN_POINT ( 'NONE',  ( 0.000000000000000000, 0.000000000000000000, -4.219999999999999751 ) ) ;
#9731 = DIRECTION ( 'NONE',  ( 1.000000000000000000, 0.000000000000000000, 0.000000000000000000 ) ) ;
#9732 = PRESENTATION_LAYER_ASSIGNMENT (  '', '', ( #4786 ) ) ;
#9733 = EDGE_CURVE ( 'NONE', #576, #2974, #9563, .T. ) ;
#9734 = ORIENTED_EDGE ( 'NONE', *, *, #483, .T. ) ;
#9735 = CARTESIAN_POINT ( 'NONE',  ( -2.040000000000000036, -3.500000000000000000, 2.200000000000000178 ) ) ;
#9736 = EDGE_LOOP ( 'NONE', ( #4930, #3401, #1746, #6940 ) ) ;
#9737 = DIRECTION ( 'NONE',  ( -0.9659258262890693114, 0.2588190451025172978, 0.000000000000000000 ) ) ;
#9738 = DIRECTION ( 'NONE',  ( 0.000000000000000000, 0.000000000000000000, -1.000000000000000000 ) ) ;
#9739 = CARTESIAN_POINT ( 'NONE',  ( 0.000000000000000000, 0.000000000000000000, -7.086186982385999755 ) ) ;
#9740 = CARTESIAN_POINT ( 'NONE',  ( -0.2245979712142722462, -0.6099637295171187468, -3.919999999999999929 ) ) ;
#9741 = PLANE ( 'NONE',  #840 ) ;
#9742 = VERTEX_POINT ( 'NONE', #4036 ) ;
#9743 = FACE_OUTER_BOUND ( 'NONE', #1950, .T. ) ;
#9744 = DIRECTION ( 'NONE',  ( 0.000000000000000000, 0.000000000000000000, -1.000000000000000000 ) ) ;
#9745 = ORIENTED_EDGE ( 'NONE', *, *, #4356, .F. ) ;
#9746 = VERTEX_POINT ( 'NONE', #1558 ) ;
#9747 = B_SPLINE_CURVE_WITH_KNOTS ( 'NONE', 3,
 ( #3845, #5500, #9610, #8753 ),
 .UNSPECIFIED., .F., .F.,
 ( 4, 4 ),
 ( 1.247385019370179112E-06, 0.0001538593706907430262 ),
 .UNSPECIFIED. ) ;
#9748 = ADVANCED_FACE ( 'NONE', ( #6298 ), #2357, .T. ) ;
#9749 = ORIENTED_EDGE ( 'NONE', *, *, #3126, .T. ) ;
#9750 = DIRECTION ( 'NONE',  ( -0.000000000000000000, -0.000000000000000000, -1.000000000000000000 ) ) ;
#9751 = CARTESIAN_POINT ( 'NONE',  ( -3.262040531854999870, -0.04344509134983000342, -5.289366291393000630 ) ) ;
#9752 = CARTESIAN_POINT ( 'NONE',  ( 0.000000000000000000, 6.462348535570528710E-24, 0.000000000000000000 ) ) ;
#9753 = CARTESIAN_POINT ( 'NONE',  ( -0.6716940394054633501, -0.06672418922079191572, -4.220000000000000639 ) ) ;
#9754 = CARTESIAN_POINT ( 'NONE',  ( -2.861572399810000000, 1.693188165035999893, -7.374165832653000408 ) ) ;
#9755 = CARTESIAN_POINT ( 'NONE',  ( -2.271612929159317197E-14, -2.574999999961028241, -9.100000000023147351 ) ) ;
#9756 = ORIENTED_EDGE ( 'NONE', *, *, #9864, .F. ) ;
#9757 = CARTESIAN_POINT ( 'NONE',  ( 0.6099637295171147500, 0.2245979712142831819, -4.370000000000000107 ) ) ;
#9758 = CARTESIAN_POINT ( 'NONE',  ( -2.948022125384483605, -1.006265680981255128, -7.382124279221649488 ) ) ;
#9759 = DIRECTION ( 'NONE',  ( -0.000000000000000000, -0.000000000000000000, -1.000000000000000000 ) ) ;
#9760 = EDGE_CURVE ( 'NONE', #333, #8712, #2408, .T. ) ;
#9761 = CARTESIAN_POINT ( 'NONE',  ( 2.046319111109000666, -1.933405004274000305, -4.599059431387000352 ) ) ;
#9762 = DIRECTION ( 'NONE',  ( -1.000000000000000000, 0.000000000000000000, 0.000000000000000000 ) ) ;
#9763 = CARTESIAN_POINT ( 'NONE',  ( -3.500000000000000000, 3.299999999999999822, 0.5000000000000000000 ) ) ;
#9764 = DIRECTION ( 'NONE',  ( -0.000000000000000000, -0.000000000000000000, -1.000000000000000000 ) ) ;
#9765 = ORIENTED_EDGE ( 'NONE', *, *, #934, .T. ) ;
#9766 = VECTOR ( 'NONE', #6952, 1000.000000000000114 ) ;
#9767 = EDGE_CURVE ( 'NONE', #2424, #9803, #863, .T. ) ;
#9768 = CARTESIAN_POINT ( 'NONE',  ( -2.490961782804424818, -1.914313586092690089, -7.230114262038084050 ) ) ;
#9769 = EDGE_CURVE ( 'NONE', #2752, #6104, #3413, .T. ) ;
#9770 = FACE_OUTER_BOUND ( 'NONE', #2240, .T. ) ;
#9771 = DIRECTION ( 'NONE',  ( 0.000000000000000000, 0.000000000000000000, -1.000000000000000000 ) ) ;
#9772 = ORIENTED_EDGE ( 'NONE', *, *, #7436, .F. ) ;
#9773 = CARTESIAN_POINT ( 'NONE',  ( -0.6454470077100784575, 0.07679948071508034546, -4.070000000000006501 ) ) ;
#9774 = ORIENTED_EDGE ( 'NONE', *, *, #10107, .F. ) ;
#9775 = AXIS2_PLACEMENT_3D ( 'NONE', #4266, #9073, #8159 ) ;
#9776 = LINE ( 'NONE', #3227, #4012 ) ;
#9777 = ORIENTED_EDGE ( 'NONE', *, *, #8691, .T. ) ;
#9778 = CARTESIAN_POINT ( 'NONE',  ( 0.5917848470353741508, -2.899009104059044883, -8.015786172818387456 ) ) ;
#9779 = DIRECTION ( 'NONE',  ( -1.000000000000000000, 0.000000000000000000, 0.000000000000000000 ) ) ;
#9780 = EDGE_CURVE ( 'NONE', #8297, #9724, #5001, .T. ) ;
#9781 = ADVANCED_FACE ( 'NONE', ( #4143 ), #4894, .F. ) ;
#9782 = DIRECTION ( 'NONE',  ( -0.000000000000000000, -0.000000000000000000, -1.000000000000000000 ) ) ;
#9783 = CIRCLE ( 'NONE', #2799, 0.6500000000000000222 ) ;
#9784 = DIRECTION ( 'NONE',  ( 0.000000000000000000, 0.000000000000000000, -1.000000000000000000 ) ) ;
#9785 = CARTESIAN_POINT ( 'NONE',  ( -0.6454470077100777914, -0.07679948071508499452, -4.070000000000004725 ) ) ;
#9786 = ORIENTED_EDGE ( 'NONE', *, *, #4415, .T. ) ;
#9787 = FACE_OUTER_BOUND ( 'NONE', #1817, .T. ) ;
#9788 = B_SPLINE_CURVE_WITH_KNOTS ( 'NONE', 3,
 ( #5705, #1840, #974, #5922 ),
 .UNSPECIFIED., .F., .F.,
 ( 4, 4 ),
 ( 1.086223446153478348E-06, 0.0001536982091184087784 ),
 .UNSPECIFIED. ) ;
#9789 = VERTEX_POINT ( 'NONE', #1019 ) ;
#9790 = DIRECTION ( 'NONE',  ( -0.000000000000000000, -0.000000000000000000, -1.000000000000000000 ) ) ;
#9791 = DIRECTION ( 'NONE',  ( -0.000000000000000000, -0.000000000000000000, -1.000000000000000000 ) ) ;
#9792 = CARTESIAN_POINT ( 'NONE',  ( 0.3174317576937339958, -2.424999999902866410, -9.099999999932606443 ) ) ;
#9793 = CARTESIAN_POINT ( 'NONE',  ( 2.191270088505244740, 2.270070954467998003, -4.857874885183915303 ) ) ;
#9794 = AXIS2_PLACEMENT_3D ( 'NONE', #6538, #9791, #2492 ) ;
#9795 = CARTESIAN_POINT ( 'NONE',  ( -2.490960725693958988, -1.914314942503253736, -5.818171957374623560 ) ) ;
#9796 = ORIENTED_EDGE ( 'NONE', *, *, #7575, .F. ) ;
#9797 = FACE_OUTER_BOUND ( 'NONE', #8605, .T. ) ;
#9798 = EDGE_CURVE ( 'NONE', #4660, #1705, #6662, .T. ) ;
#9799 = EDGE_CURVE ( 'NONE', #4624, #4519, #5121, .T. ) ;
#9800 = ORIENTED_EDGE ( 'NONE', *, *, #1585, .F. ) ;
#9801 = ORIENTED_EDGE ( 'NONE', *, *, #1046, .T. ) ;
#9802 = DIRECTION ( 'NONE',  ( -1.000000000000000000, 0.000000000000000000, 0.000000000000000000 ) ) ;
#9803 = VERTEX_POINT ( 'NONE', #5755 ) ;
#9804 = CARTESIAN_POINT ( 'NONE',  ( 2.049999999999999378, -0.2683443724941287356, -7.169999999999999041 ) ) ;
#9805 = CARTESIAN_POINT ( 'NONE',  ( 1.522800054886999988, -2.518552452029000133, -4.524225791803000440 ) ) ;
#9806 = DIRECTION ( 'NONE',  ( -1.000000000000000000, 0.000000000000000000, 0.000000000000000000 ) ) ;
#9807 = CARTESIAN_POINT ( 'NONE',  ( -0.6576705912447020630, 0.02982508694954807624, -4.119991299149685204 ) ) ;
#9808 = CARTESIAN_POINT ( 'NONE',  ( 2.985629325587999983, -0.2789434405098000780, -6.794049954142000303 ) ) ;
#9809 = AXIS2_PLACEMENT_3D ( 'NONE', #780, #7274, #10435 ) ;
#9810 = ORIENTED_EDGE ( 'NONE', *, *, #7108, .T. ) ;
#9811 = DIRECTION ( 'NONE',  ( 0.1045284632676657666, -0.9945218953682720686, 0.000000000000000000 ) ) ;
#9812 = DIRECTION ( 'NONE',  ( -0.000000000000000000, 0.000000000000000000, 1.000000000000000000 ) ) ;
#9813 = CARTESIAN_POINT ( 'NONE',  ( 0.000000000000000000, 0.000000000000000000, 0.000000000000000000 ) ) ;
#9814 = AXIS2_PLACEMENT_3D ( 'NONE', #8819, #3281, #8010 ) ;
#9815 = DIRECTION ( 'NONE',  ( -0.7071067811865561215, 0.7071067811865389130, 0.000000000000000000 ) ) ;
#9816 = DIRECTION ( 'NONE',  ( -0.000000000000000000, -0.000000000000000000, -1.000000000000000000 ) ) ;
#9817 = CARTESIAN_POINT ( 'NONE',  ( 0.03450974848226976560, 0.6657846630356354378, -4.169991741848314781 ) ) ;
#9818 = CARTESIAN_POINT ( 'NONE',  ( -1.296818874415836653, -2.249999949944107680, -9.100000000046295057 ) ) ;
#9819 = CARTESIAN_POINT ( 'NONE',  ( 2.040000000000000036, -3.040000000000000036, 2.200000000000000178 ) ) ;
#9820 = CARTESIAN_POINT ( 'NONE',  ( 0.5681916233596401300, 0.3643944005386706708, -4.220000000000000639 ) ) ;
#9821 = VERTEX_POINT ( 'NONE', #8249 ) ;
#9822 = VECTOR ( 'NONE', #2512, 1000.000000000000000 ) ;
#9823 = ADVANCED_FACE ( 'NONE', ( #4304 ), #9062, .T. ) ;
#9824 = CARTESIAN_POINT ( 'NONE',  ( -3.114999884878157932, -0.4077533893180009805, -7.288944413032417025 ) ) ;
#9825 = CARTESIAN_POINT ( 'NONE',  ( 2.049999999999999822, 0.000000000000000000, -6.950000000000000178 ) ) ;
#9826 = DIRECTION ( 'NONE',  ( -1.000000000000000000, 0.000000000000000000, 0.000000000000000000 ) ) ;
#9827 = ORIENTED_EDGE ( 'NONE', *, *, #659, .T. ) ;
#9828 = CYLINDRICAL_SURFACE ( 'NONE', #3778, 0.6750000000000000444 ) ;
#9829 = LINE ( 'NONE', #1042, #9203 ) ;
#9830 = CIRCLE ( 'NONE', #4377, 0.6500000000000000222 ) ;
#9831 = ORIENTED_EDGE ( 'NONE', *, *, #3322, .T. ) ;
#9832 = CARTESIAN_POINT ( 'NONE',  ( 0.4755909110399985651, 3.058456789024440958, -4.807514141838127308 ) ) ;
#9833 = AXIS2_PLACEMENT_3D ( 'NONE', #2433, #5675, #9728 ) ;
#9834 = EDGE_CURVE ( 'NONE', #10094, #3472, #54, .T. ) ;
#9835 = VERTEX_POINT ( 'NONE', #217 ) ;
#9836 = CARTESIAN_POINT ( 'NONE',  ( 2.668737165014139823, 0.5609908113325448031, -5.975974831509064167 ) ) ;
#9837 = EDGE_CURVE ( 'NONE', #3395, #9034, #6664, .T. ) ;
#9838 = LINE ( 'NONE', #8976, #8106 ) ;
#9839 = ORIENTED_EDGE ( 'NONE', *, *, #4282, .F. ) ;
#9840 = CARTESIAN_POINT ( 'NONE',  ( 0.3617760222103097445, -2.917448046168782394, -8.036714436836401632 ) ) ;
#9841 = CIRCLE ( 'NONE', #8990, 0.4349999999999996092 ) ;
#9842 = CARTESIAN_POINT ( 'NONE',  ( 2.721496406185822003, -1.568646751268561124, -5.006801239526881275 ) ) ;
#9843 = B_SPLINE_CURVE_WITH_KNOTS ( 'NONE', 3,
 ( #10029, #2731, #5769, #5826 ),
 .UNSPECIFIED., .F., .F.,
 ( 4, 4 ),
 ( 1.104406263092004425E-06, 0.0001537163919352552773 ),
 .UNSPECIFIED. ) ;
#9844 = CARTESIAN_POINT ( 'NONE',  ( -1.333833985544000011, -2.335690768356000646, -6.160800672374000087 ) ) ;
#9845 = ORIENTED_EDGE ( 'NONE', *, *, #8747, .F. ) ;
#9846 = VERTEX_POINT ( 'NONE', #3461 ) ;
#9847 = EDGE_LOOP ( 'NONE', ( #4858, #822, #9966, #162, #1380, #310, #6581, #1978 ) ) ;
#9848 = EDGE_CURVE ( 'NONE', #5790, #5992, #8705, .T. ) ;
#9849 = AXIS2_PLACEMENT_3D ( 'NONE', #7038, #482, #6285 ) ;
#9850 = CARTESIAN_POINT ( 'NONE',  ( 3.250000000000000444, -0.4254240051736188355, -1.300000000000000044 ) ) ;
#9851 = LINE ( 'NONE', #1709, #10401 ) ;
#9852 = CARTESIAN_POINT ( 'NONE',  ( 1.813444263257000255, -2.226691244029999961, -8.096964420448999888 ) ) ;
#9853 = DIRECTION ( 'NONE',  ( 1.000000000000000000, 0.000000000000000000, 0.000000000000000000 ) ) ;
#9854 = EDGE_LOOP ( 'NONE', ( #2778, #4919 ) ) ;
#9855 = CARTESIAN_POINT ( 'NONE',  ( 0.000000000000000000, 0.000000000000000000, -3.136000000000000121 ) ) ;
#9856 = CARTESIAN_POINT ( 'NONE',  ( -0.6375889273060100226, 0.1264134477687066382, -4.370000000000000107 ) ) ;
#9857 = VERTEX_POINT ( 'NONE', #9007 ) ;
#9858 = CIRCLE ( 'NONE', #10193, 0.6500000000000000222 ) ;
#9859 = EDGE_LOOP ( 'NONE', ( #2756, #3839, #10244, #8969 ) ) ;
#9860 = B_SPLINE_CURVE_WITH_KNOTS ( 'NONE', 3,
 ( #2896, #7795, #6789, #9246 ),
 .UNSPECIFIED., .F., .F.,
 ( 4, 4 ),
 ( 2.034489221467692294E-07, 0.0001528154345944020710 ),
 .UNSPECIFIED. ) ;
#9861 = CYLINDRICAL_SURFACE ( 'NONE', #8822, 0.6750000000000000444 ) ;
#9862 = ORIENTED_EDGE ( 'NONE', *, *, #4119, .T. ) ;
#9863 = DIRECTION ( 'NONE',  ( 1.000000000000000000, 0.000000000000000000, 0.000000000000000000 ) ) ;
#9864 = EDGE_CURVE ( 'NONE', #4187, #3486, #1726, .T. ) ;
#9865 = ADVANCED_FACE ( 'NONE', ( #6502 ), #110, .F. ) ;
#9866 = CARTESIAN_POINT ( 'NONE',  ( -1.260489949519999930, -2.659545835568999816, -4.635062137378000102 ) ) ;
#9867 = CARTESIAN_POINT ( 'NONE',  ( -3.115000000036616257, 0.000000000000000000, -4.839999999887822923 ) ) ;
#9868 = CARTESIAN_POINT ( 'NONE',  ( 2.721844177917421170, 1.568773913594414759, -6.891855668812883806 ) ) ;
#9869 = AXIS2_PLACEMENT_3D ( 'NONE', #8048, #3216, #6568 ) ;
#9870 = CARTESIAN_POINT ( 'NONE',  ( 0.9297217855631999539, -3.192350256452999968, -7.105787561181999834 ) ) ;
#9871 = ORIENTED_EDGE ( 'NONE', *, *, #9712, .F. ) ;
#9872 = CARTESIAN_POINT ( 'NONE',  ( -0.6495145696682954606, -0.02511620569689803142, -3.919999999999999929 ) ) ;
#9873 = CARTESIAN_POINT ( 'NONE',  ( -3.088616683632446680, -0.4075036171924711903, -7.403861564673357876 ) ) ;
#9874 = AXIS2_PLACEMENT_3D ( 'NONE', #2434, #3333, #9779 ) ;
#9875 = CARTESIAN_POINT ( 'NONE',  ( -0.8410641804371000729, -2.538304530906000167, -6.121602479853000212 ) ) ;
#9876 = DIRECTION ( 'NONE',  ( 0.9781476007338039125, 0.2079116908177676415, -0.000000000000000000 ) ) ;
#9877 = DIRECTION ( 'NONE',  ( -0.9135454576425985351, -0.4067366430758054818, 0.000000000000000000 ) ) ;
#9878 = LINE ( 'NONE', #9074, #6141 ) ;
#9879 = EDGE_CURVE ( 'NONE', #3710, #3906, #5661, .T. ) ;
#9880 = CARTESIAN_POINT ( 'NONE',  ( 0.6521892349848643633, -0.1382365438067717500, -4.169991741848314781 ) ) ;
#9881 = CARTESIAN_POINT ( 'NONE',  ( 0.5589154282082231529, 0.3634194331411056966, -4.169991741848314781 ) ) ;
#9882 = ORIENTED_EDGE ( 'NONE', *, *, #4579, .T. ) ;
#9883 = AXIS2_PLACEMENT_3D ( 'NONE', #1103, #6742, #4330 ) ;
#9884 = DIRECTION ( 'NONE',  ( -0.8910065241883673437, -0.4539904997395477482, 0.000000000000000000 ) ) ;
#9885 = DIRECTION ( 'NONE',  ( 1.000000000000000000, 0.000000000000000000, 0.000000000000000000 ) ) ;
#9886 = CARTESIAN_POINT ( 'NONE',  ( -0.3810165655794190975, 2.918039568032069653, -8.057682861637266214 ) ) ;
#9887 = LINE ( 'NONE', #3325, #4621 ) ;
#9888 = DIRECTION ( 'NONE',  ( 0.000000000000000000, 0.000000000000000000, 1.000000000000000000 ) ) ;
#9889 = CARTESIAN_POINT ( 'NONE',  ( -1.380360144512740472, 2.799818362687618301, -6.837506176048026241 ) ) ;
#9890 = ADVANCED_FACE ( 'NONE', ( #2667 ), #7459, .T. ) ;
#9891 = CARTESIAN_POINT ( 'NONE',  ( 0.9593910246359972360, 2.552576610765939780, -5.863156467044878362 ) ) ;
#9892 = VERTEX_POINT ( 'NONE', #5912 ) ;
#9893 = CARTESIAN_POINT ( 'NONE',  ( 1.791262096126228442, 1.032418909760343784, -7.170000000000000817 ) ) ;
#9894 = CARTESIAN_POINT ( 'NONE',  ( 0.000000000000000000, 0.000000000000000000, -3.919999999999999929 ) ) ;
#9895 = ORIENTED_EDGE ( 'NONE', *, *, #5665, .F. ) ;
#9896 = CARTESIAN_POINT ( 'NONE',  ( -0.2487329540582000065, -2.742091444315000182, -6.205854582955000254 ) ) ;
#9897 = FACE_OUTER_BOUND ( 'NONE', #6380, .T. ) ;
#9898 = ORIENTED_EDGE ( 'NONE', *, *, #1980, .T. ) ;
#9899 = ORIENTED_EDGE ( 'NONE', *, *, #5873, .F. ) ;
#9900 = VECTOR ( 'NONE', #2612, 1000.000000000000000 ) ;
#9901 = CARTESIAN_POINT ( 'NONE',  ( 0.6375889273060080242, 0.1264134477687159364, -3.919999999999999929 ) ) ;
#9902 = CARTESIAN_POINT ( 'NONE',  ( 2.682795825839999981, 1.024417898972999952, -8.096825295786999277 ) ) ;
#9903 = CARTESIAN_POINT ( 'NONE',  ( 3.114830957396320876, -1.063753449706756729E-05, -7.065707961520873326 ) ) ;
#9904 = ORIENTED_EDGE ( 'NONE', *, *, #9848, .T. ) ;
#9905 = LINE ( 'NONE', #7284, #1322 ) ;
#9906 = DIRECTION ( 'NONE',  ( 1.000000000000000000, 0.000000000000000000, 0.000000000000000000 ) ) ;
#9907 = VECTOR ( 'NONE', #6146, 1000.000000000000000 ) ;
#9908 = ADVANCED_FACE ( 'NONE', ( #9173 ), #1887, .T. ) ;
#9909 = ADVANCED_FACE ( 'NONE', ( #5313 ), #4508, .T. ) ;
#9910 = VERTEX_POINT ( 'NONE', #6121 ) ;
#9911 = CARTESIAN_POINT ( 'NONE',  ( 0.2720018533266428395, 0.5995290936948559635, -4.119991299149684316 ) ) ;
#9912 = CARTESIAN_POINT ( 'NONE',  ( 0.3172521472106220597, -0.5673192003539538897, -3.919999999999999929 ) ) ;
#9913 = ORIENTED_EDGE ( 'NONE', *, *, #3566, .F. ) ;
#9914 = CARTESIAN_POINT ( 'NONE',  ( 0.6287759193777660016, 0.2454910247048658900, -4.219999999999999751 ) ) ;
#9915 = CARTESIAN_POINT ( 'NONE',  ( 2.671116945245000096, -1.578618228167000037, -4.380323400116999721 ) ) ;
#9916 = DIRECTION ( 'NONE',  ( 1.000000000000000000, 0.000000000000000000, 0.000000000000000000 ) ) ;
#9917 = CARTESIAN_POINT ( 'NONE',  ( -0.9757476393759001443, -3.007478738086999837, -7.084107893398000400 ) ) ;
#9918 = ORIENTED_EDGE ( 'NONE', *, *, #1926, .F. ) ;
#9919 = EDGE_CURVE ( 'NONE', #8448, #10234, #7768, .T. ) ;
#9920 = CARTESIAN_POINT ( 'NONE',  ( -1.389320178956263918, -2.791364305653265543, -7.875926506907640956 ) ) ;
#9921 = CARTESIAN_POINT ( 'NONE',  ( -2.954609870102198332, -0.9868064865605544744, -7.382853778916328658 ) ) ;
#9922 = CARTESIAN_POINT ( 'NONE',  ( -2.058920351147417893, 2.346350161278343727, -6.102465570614099555 ) ) ;
#9923 = CARTESIAN_POINT ( 'NONE',  ( 0.1739084733880000011, 2.696019786946000085, -4.298012782256000364 ) ) ;
#9924 = LINE ( 'NONE', #4958, #9103 ) ;
#9925 = CYLINDRICAL_SURFACE ( 'NONE', #186, 0.4500000000000000111 ) ;
#9926 = CARTESIAN_POINT ( 'NONE',  ( 0.000000000000000000, 0.000000000000000000, -4.219999999999999751 ) ) ;
#9927 = CARTESIAN_POINT ( 'NONE',  ( 1.416835266639977942, 1.871316525228711614, -7.170000000000000817 ) ) ;
#9928 = ORIENTED_EDGE ( 'NONE', *, *, #9544, .T. ) ;
#9929 = CARTESIAN_POINT ( 'NONE',  ( -0.2715115008446680744, -0.6088855764286584815, -4.169991741848313893 ) ) ;
#9930 = EDGE_CURVE ( 'NONE', #4072, #629, #9721, .T. ) ;
#9931 = DIRECTION ( 'NONE',  ( -1.000000000000000000, 0.000000000000000000, 0.000000000000000000 ) ) ;
#9932 = CARTESIAN_POINT ( 'NONE',  ( 2.476694459460798914, 1.426320390512814118, -8.141476280377762720 ) ) ;
#9933 = CYLINDRICAL_SURFACE ( 'NONE', #4111, 0.6500000000000000222 ) ;
#9934 = CARTESIAN_POINT ( 'NONE',  ( 0.000000000000000000, 0.000000000000000000, -4.219999999999999751 ) ) ;
#9935 = CARTESIAN_POINT ( 'NONE',  ( -3.015710751446624815, 0.8061577132772859144, -6.742470677730028505 ) ) ;
#9936 = ORIENTED_EDGE ( 'NONE', *, *, #3911, .F. ) ;
#9937 = FACE_OUTER_BOUND ( 'NONE', #5531, .T. ) ;
#9938 = VERTEX_POINT ( 'NONE', #2040 ) ;
#9939 = CARTESIAN_POINT ( 'NONE',  ( 0.6099637295171147500, 0.2245979712142831819, -4.370000000000000107 ) ) ;
#9940 = PLANE ( 'NONE',  #1683 ) ;
#9941 = ORIENTED_EDGE ( 'NONE', *, *, #8664, .F. ) ;
#9942 = CLOSED_SHELL ( 'NONE', ( #9748, #1179, #3608, #866, #4578, #2615, #10229, #6730, #1634, #7251, #8, #5411, #8004, #4153, #9528, #6863, #7452, #6697, #90, #3831, #6262, #8167, #3972, #1730, #7382, #4940, #2418, #5357, #10171, #1432, #9189, #973, #5778, #2069, #8451, #816, #7684, #2508, #656, #6291, #1010, #8977, #8272, #8085, #5888, #9385, #10441, #246, #9102, #5199, #3251, #498, #9241, #8274, #3535, #5197, #7534, #9890, #6569, #1116, #3725, #6014, #5100, #5389, #7190, #5088, #5627, #6430, #4355, #3699, #8644, #7, #6754, #5737 ) ) ;
#9943 = CARTESIAN_POINT ( 'NONE',  ( 2.113232139791000108, -1.860024364305999933, -6.053823253167000651 ) ) ;
#9944 = ORIENTED_EDGE ( 'NONE', *, *, #10170, .T. ) ;
#9945 = ORIENTED_EDGE ( 'NONE', *, *, #2099, .F. ) ;
#9946 = CARTESIAN_POINT ( 'NONE',  ( 2.424999999953075580, 2.055269133127676531E-16, -9.099999999982301802 ) ) ;
#9947 = CARTESIAN_POINT ( 'NONE',  ( 1.573755509965000021, 2.402107008934000199, -7.885930716846999644 ) ) ;
#9948 = CARTESIAN_POINT ( 'NONE',  ( -1.654734186740000057, -2.347057801388999998, -6.850864434317071705 ) ) ;
#9949 = ORIENTED_EDGE ( 'NONE', *, *, #393, .F. ) ;
#9950 = CARTESIAN_POINT ( 'NONE',  ( -0.5681916233596429056, -0.3643944005386663965, -4.220000000000000639 ) ) ;
#9951 = CARTESIAN_POINT ( 'NONE',  ( 0.000000000000000000, 0.000000000000000000, -8.299999999962892616 ) ) ;
#9952 = DIRECTION ( 'NONE',  ( -0.6293203910498323950, -0.7771459614569748986, 0.000000000000000000 ) ) ;
#9953 = EDGE_CURVE ( 'NONE', #8403, #2834, #4387, .T. ) ;
#9954 = ORIENTED_EDGE ( 'NONE', *, *, #3769, .T. ) ;
#9955 = DIRECTION ( 'NONE',  ( -0.000000000000000000, -0.000000000000000000, -1.000000000000000000 ) ) ;
#9956 = DIRECTION ( 'NONE',  ( -0.6293203910498447184, 0.7771459614569650176, 0.000000000000000000 ) ) ;
#9957 = ORIENTED_EDGE ( 'NONE', *, *, #5066, .T. ) ;
#9958 = PLANE ( 'NONE',  #2200 ) ;
#9959 = CARTESIAN_POINT ( 'NONE',  ( -3.062964305397000153, 1.122962859592999907, -4.624348217942999995 ) ) ;
#9960 = DIRECTION ( 'NONE',  ( 0.000000000000000000, 0.000000000000000000, -1.000000000000000000 ) ) ;
#9961 = CARTESIAN_POINT ( 'NONE',  ( 2.955841741613924878, -1.003947821188162060, -6.396932308398120881 ) ) ;
#9962 = ADVANCED_FACE ( 'NONE', ( #2926 ), #1342, .T. ) ;
#9963 = EDGE_CURVE ( 'NONE', #9309, #7480, #4761, .T. ) ;
#9964 = CARTESIAN_POINT ( 'NONE',  ( -1.275558591218999949, 2.713805871342000131, -7.263711929215999952 ) ) ;
#9965 = VECTOR ( 'NONE', #883, 1000.000000000000000 ) ;
#9966 = ORIENTED_EDGE ( 'NONE', *, *, #6977, .T. ) ;
#9967 = CARTESIAN_POINT ( 'NONE',  ( 2.805160830385000637, 0.9373955458563001386, -6.041699074592999708 ) ) ;
#9968 = CARTESIAN_POINT ( 'NONE',  ( -3.076931349197116194, -0.4842687475972178857, -7.401121580041316150 ) ) ;
#9969 = CARTESIAN_POINT ( 'NONE',  ( -3.115000000000002434, 2.605062131780113328E-15, -6.006318024332016670 ) ) ;
#9970 = CARTESIAN_POINT ( 'NONE',  ( -0.3992440663902143139, 3.049999999973351805, -3.300000000024283064 ) ) ;
#9971 = CARTESIAN_POINT ( 'NONE',  ( 0.000000000000000000, -0.000000000000000000, -4.370000000000000107 ) ) ;
#9972 = DIRECTION ( 'NONE',  ( -0.000000000000000000, -0.000000000000000000, -1.000000000000000000 ) ) ;
#9973 = CARTESIAN_POINT ( 'NONE',  ( 0.000000000000000000, 0.000000000000000000, -3.919999999999999929 ) ) ;
#9974 = CARTESIAN_POINT ( 'NONE',  ( -0.6350000000000000089, 7.776507174585692903E-17, 0.000000000000000000 ) ) ;
#9975 = VECTOR ( 'NONE', #5115, 999.9999999999998863 ) ;
#9976 = ORIENTED_EDGE ( 'NONE', *, *, #7888, .F. ) ;
#9977 = EDGE_CURVE ( 'NONE', #670, #4559, #9485, .T. ) ;
#9978 = ORIENTED_EDGE ( 'NONE', *, *, #4813, .T. ) ;
#9979 = VECTOR ( 'NONE', #674, 1000.000000000000000 ) ;
#9980 = CARTESIAN_POINT ( 'NONE',  ( 2.361883740826038913, 0.6347386195458298852, -9.099999999932609995 ) ) ;
#9981 = CIRCLE ( 'NONE', #10333, 0.6500000000000000222 ) ;
#9982 = CARTESIAN_POINT ( 'NONE',  ( 0.000000000000000000, 0.000000000000000000, -4.421999999999999709 ) ) ;
#9983 = LINE ( 'NONE', #8330, #8515 ) ;
#9984 = DIRECTION ( 'NONE',  ( -0.3583679495452998798, -0.9335804264972018540, -0.000000000000000000 ) ) ;
#9985 = EDGE_LOOP ( 'NONE', ( #9004, #6825, #8299, #2819 ) ) ;
#9986 = CARTESIAN_POINT ( 'NONE',  ( -0.6223837193442958160, -2.655558534985125618, -6.201611560436540493 ) ) ;
#9987 = EDGE_CURVE ( 'NONE', #10533, #2391, #3879, .T. ) ;
#9988 = VECTOR ( 'NONE', #8496, 1000.000000000000000 ) ;
#9989 = VECTOR ( 'NONE', #5380, 1000.000000000000000 ) ;
#9990 = ORIENTED_EDGE ( 'NONE', *, *, #10096, .T. ) ;
#9991 = LINE ( 'NONE', #2699, #2021 ) ;
#9992 = DIRECTION ( 'NONE',  ( -1.000000000000000000, 0.000000000000000000, 0.000000000000000000 ) ) ;
#9993 = B_SPLINE_CURVE_WITH_KNOTS ( 'NONE', 3,
 ( #9914, #10116, #2610, #9171 ),
 .UNSPECIFIED., .F., .F.,
 ( 4, 4 ),
 ( 2.034489217396893507E-07, 0.0001528154345917704412 ),
 .UNSPECIFIED. ) ;
#9994 = CARTESIAN_POINT ( 'NONE',  ( 0.6495145696682956826, -0.02511620569688895882, -4.370000000000000107 ) ) ;
#9995 = AXIS2_PLACEMENT_3D ( 'NONE', #8846, #4789, #3989 ) ;
#9996 = VECTOR ( 'NONE', #577, 1000.000000000000000 ) ;
#9997 = CARTESIAN_POINT ( 'NONE',  ( 0.8568577999815000235, -2.681654878555999932, -5.455201027387000856 ) ) ;
#9998 = LINE ( 'NONE', #9211, #4830 ) ;
#9999 = ORIENTED_EDGE ( 'NONE', *, *, #5555, .F. ) ;
#10000 = CARTESIAN_POINT ( 'NONE',  ( 2.756679201198000140, -0.8047020162675000421, -7.370024177598001103 ) ) ;
#10001 = CARTESIAN_POINT ( 'NONE',  ( 2.705388832218000417, 0.9631701925333000514, -7.272931841523071483 ) ) ;
#10002 = EDGE_LOOP ( 'NONE', ( #2992, #4097, #8674, #9428 ) ) ;
#10003 = FACE_OUTER_BOUND ( 'NONE', #4444, .T. ) ;
#10004 = AXIS2_PLACEMENT_3D ( 'NONE', #88, #7437, #1104 ) ;
#10005 = FACE_OUTER_BOUND ( 'NONE', #8736, .T. ) ;
#10006 = B_SPLINE_CURVE_WITH_KNOTS ( 'NONE', 3,
 ( #3531, #9031, #2695, #2743 ),
 .UNSPECIFIED., .F., .F.,
 ( 4, 4 ),
 ( 1.390037340139355724E-06, 0.0001540020230106109206 ),
 .UNSPECIFIED. ) ;
#10007 = CARTESIAN_POINT ( 'NONE',  ( -0.4463787728736440252, 0.4951829272113524305, -4.169991741848314781 ) ) ;
#10008 = ORIENTED_EDGE ( 'NONE', *, *, #1178, .T. ) ;
#10009 = VECTOR ( 'NONE', #215, 1000.000000000000114 ) ;
#10010 = CARTESIAN_POINT ( 'NONE',  ( 2.603880732614135329, 1.461691612844389754, -4.686992268787796512 ) ) ;
#10011 = VERTEX_POINT ( 'NONE', #3033 ) ;
#10012 = PLANE ( 'NONE',  #2362 ) ;
#10013 = CARTESIAN_POINT ( 'NONE',  ( 3.215827796735000188, -0.5488601719957000302, -4.956857254667999868 ) ) ;
#10014 = EDGE_CURVE ( 'NONE', #5150, #85, #9614, .T. ) ;
#10015 = LINE ( 'NONE', #1074, #9476 ) ;
#10016 = CARTESIAN_POINT ( 'NONE',  ( -1.973981271762000222, -2.141809362547999918, -6.338147223818999976 ) ) ;
#10017 = VECTOR ( 'NONE', #6817, 1000.000000000000000 ) ;
#10018 = EDGE_LOOP ( 'NONE', ( #8565, #411, #6591, #2453, #4781, #5484, #8445, #6898, #6205 ) ) ;
#10019 = CARTESIAN_POINT ( 'NONE',  ( 1.001288037426000255, -2.952935149169999995, -6.306204377221000357 ) ) ;
#10020 = EDGE_CURVE ( 'NONE', #6397, #4080, #2496, .T. ) ;
#10021 = CARTESIAN_POINT ( 'NONE',  ( 0.6254863983062306509, 0.1768241090289989770, -3.919999999999999929 ) ) ;
#10022 = CARTESIAN_POINT ( 'NONE',  ( -0.2265848896080999986, 2.680153681075000627, -4.281290316839999832 ) ) ;
#10023 = DIRECTION ( 'NONE',  ( -1.000000000000000000, -0.000000000000000000, -0.000000000000000000 ) ) ;
#10024 = CYLINDRICAL_SURFACE ( 'NONE', #2732, 2.049999999999999822 ) ;
#10025 = ORIENTED_EDGE ( 'NONE', *, *, #5720, .F. ) ;
#10026 = CARTESIAN_POINT ( 'NONE',  ( -0.6454470077100784575, 0.07679948071508034546, -4.370000000000000107 ) ) ;
#10027 = CARTESIAN_POINT ( 'NONE',  ( 2.154956041635573971, 0.8730122453922126713, -7.170000000000000817 ) ) ;
#10028 = ORIENTED_EDGE ( 'NONE', *, *, #1315, .F. ) ;
#10029 = CARTESIAN_POINT ( 'NONE',  ( -0.6254863983062319832, -0.1768241090289946471, -4.070000000000005613 ) ) ;
#10030 = CARTESIAN_POINT ( 'NONE',  ( -2.050103025994000294, 1.903040927081000033, -5.014507525725999670 ) ) ;
#10031 = CARTESIAN_POINT ( 'NONE',  ( 2.530403651577003199, 1.884025315882984053, -4.839969995449187046 ) ) ;
#10032 = ORIENTED_EDGE ( 'NONE', *, *, #5425, .F. ) ;
#10033 = VECTOR ( 'NONE', #6055, 1000.000000000000000 ) ;
#10034 = DIRECTION ( 'NONE',  ( -0.000000000000000000, -0.000000000000000000, -1.000000000000000000 ) ) ;
#10035 = EDGE_CURVE ( 'NONE', #10095, #3486, #4952, .T. ) ;
#10036 = CARTESIAN_POINT ( 'NONE',  ( 3.114661914792736130, -0.07129133418166312686, -7.068103328398708030 ) ) ;
#10037 = CARTESIAN_POINT ( 'NONE',  ( -2.770000000000000018, -2.040000000000000036, 0.5000000000000000000 ) ) ;
#10038 = ADVANCED_FACE ( 'NONE', ( #3776 ), #2980, .T. ) ;
#10039 = DIRECTION ( 'NONE',  ( -1.000000000000000000, 0.000000000000000000, 0.000000000000000000 ) ) ;
#10040 = CARTESIAN_POINT ( 'NONE',  ( -0.08292385760030548947, 3.080923547710729071, -4.794575836834697569 ) ) ;
#10041 = DIRECTION ( 'NONE',  ( 1.000000000000000000, 0.000000000000000000, 0.000000000000000000 ) ) ;
#10042 = ORIENTED_EDGE ( 'NONE', *, *, #5122, .T. ) ;
#10043 = AXIS2_PLACEMENT_3D ( 'NONE', #5137, #10098, #9360 ) ;
#10044 = VERTEX_POINT ( 'NONE', #3132 ) ;
#10045 = CARTESIAN_POINT ( 'NONE',  ( -0.4770359960578628988, -0.4415163173259653573, -3.919999999999999929 ) ) ;
#10046 = CARTESIAN_POINT ( 'NONE',  ( -0.6350000000000000089, 7.776507174585692903E-17, 0.000000000000000000 ) ) ;
#10047 = ORIENTED_EDGE ( 'NONE', *, *, #1793, .T. ) ;
#10048 = AXIS2_PLACEMENT_3D ( 'NONE', #4325, #5989, #5029 ) ;
#10049 = EDGE_CURVE ( 'NONE', #214, #1717, #711, .T. ) ;
#10050 = CARTESIAN_POINT ( 'NONE',  ( 1.869329327256999962, 2.105014501059999876, -5.877818734805000389 ) ) ;
#10051 = ORIENTED_EDGE ( 'NONE', *, *, #3246, .T. ) ;
#10052 = LINE ( 'NONE', #6105, #318 ) ;
#10053 = CARTESIAN_POINT ( 'NONE',  ( 0.5681916233596480126, -0.3643944005386582363, -4.219999999999999751 ) ) ;
#10054 = CARTESIAN_POINT ( 'NONE',  ( -2.694266588254000006, -0.9938576882401000123, -7.651402449067999711 ) ) ;
#10055 = CARTESIAN_POINT ( 'NONE',  ( 1.681303862051999998, 2.328098325020000026, -6.499141594978071090 ) ) ;
#10056 = ORIENTED_EDGE ( 'NONE', *, *, #2748, .F. ) ;
#10057 = DIRECTION ( 'NONE',  ( -0.000000000000000000, -1.000000000000000000, 0.000000000000000000 ) ) ;
#10058 = DIRECTION ( 'NONE',  ( 0.4539904997395510233, -0.8910065241883656784, 0.000000000000000000 ) ) ;
#10059 = FACE_OUTER_BOUND ( 'NONE', #3636, .T. ) ;
#10060 = VERTEX_POINT ( 'NONE', #5582 ) ;
#10061 = EDGE_CURVE ( 'NONE', #159, #10044, #3762, .T. ) ;
#10062 = ORIENTED_EDGE ( 'NONE', *, *, #3375, .T. ) ;
#10063 = CARTESIAN_POINT ( 'NONE',  ( -1.301042606982605321E-15, 0.4999999999999970579, -3.469446951953614189E-15 ) ) ;
#10064 = VECTOR ( 'NONE', #4628, 1000.000000000000000 ) ;
#10065 = DIRECTION ( 'NONE',  ( -1.000000000000000000, 0.000000000000000000, 0.000000000000000000 ) ) ;
#10066 = ORIENTED_EDGE ( 'NONE', *, *, #7371, .F. ) ;
#10067 = DIRECTION ( 'NONE',  ( 0.2588190451025106364, 0.9659258262890710878, -0.000000000000000000 ) ) ;
#10068 = CARTESIAN_POINT ( 'NONE',  ( 2.360254488977000076, 2.062549135344999840, -4.151164276954999899 ) ) ;
#10069 = DIRECTION ( 'NONE',  ( 1.000000000000000000, 0.000000000000000000, 0.000000000000000000 ) ) ;
#10070 = CARTESIAN_POINT ( 'NONE',  ( 0.3614556479571154335, -0.5402312602579583123, -3.919999999999999929 ) ) ;
#10071 = DIRECTION ( 'NONE',  ( 1.000000000000000000, 0.000000000000000000, 0.000000000000000000 ) ) ;
#10072 = ORIENTED_EDGE ( 'NONE', *, *, #7746, .T. ) ;
#10073 = PLANE ( 'NONE',  #9316 ) ;
#10074 = EDGE_CURVE ( 'NONE', #2226, #10424, #78, .T. ) ;
#10075 = CARTESIAN_POINT ( 'NONE',  ( -0.5402312602579596446, -0.3614556479571132686, -3.919999999999999929 ) ) ;
#10076 = CARTESIAN_POINT ( 'NONE',  ( -0.4077541807791641992, 3.114999802528481521, -6.053503529146912143 ) ) ;
#10077 =( GEOMETRIC_REPRESENTATION_CONTEXT ( 3 ) GLOBAL_UNCERTAINTY_ASSIGNED_CONTEXT ( ( #4435 ) ) GLOBAL_UNIT_ASSIGNED_CONTEXT ( ( #2108, #2007, #3578 ) ) REPRESENTATION_CONTEXT ( 'NONE', 'WORKASPACE' ) );
#10078 = EDGE_LOOP ( 'NONE', ( #3938, #7300, #4870, #2555 ) ) ;
#10079 = FACE_OUTER_BOUND ( 'NONE', #3587, .T. ) ;
#10080 = CARTESIAN_POINT ( 'NONE',  ( 1.874367495907114156, 2.438983869293139595, -3.300000000024283509 ) ) ;
#10081 = ORIENTED_EDGE ( 'NONE', *, *, #3566, .T. ) ;
#10082 = DIRECTION ( 'NONE',  ( 0.000000000000000000, 0.000000000000000000, -1.000000000000000000 ) ) ;
#10083 = CARTESIAN_POINT ( 'NONE',  ( -3.195033248311999863, 0.7349139096608999777, -5.221341705739999561 ) ) ;
#10084 = ORIENTED_EDGE ( 'NONE', *, *, #4109, .T. ) ;
#10085 = PLANE ( 'NONE',  #8972 ) ;
#10086 = ADVANCED_FACE ( 'NONE', ( #10443 ), #4718, .F. ) ;
#10087 = CARTESIAN_POINT ( 'NONE',  ( 2.875252619621188721, -1.200771100931286028, -7.110337129593355954 ) ) ;
#10088 = DIRECTION ( 'NONE',  ( -0.000000000000000000, -0.000000000000000000, -1.000000000000000000 ) ) ;
#10089 = LINE ( 'NONE', #4592, #6712 ) ;
#10090 = DIRECTION ( 'NONE',  ( 0.000000000000000000, 0.000000000000000000, -1.000000000000000000 ) ) ;
#10091 = DIRECTION ( 'NONE',  ( 0.000000000000000000, -0.000000000000000000, 1.000000000000000000 ) ) ;
#10092 = CARTESIAN_POINT ( 'NONE',  ( 3.014555067270886290, 0.8105959689821444769, -7.036437730971617732 ) ) ;
#10093 = CARTESIAN_POINT ( 'NONE',  ( 0.02511620569689576241, -0.6495145696682955716, -4.370000000000000107 ) ) ;
#10094 = VERTEX_POINT ( 'NONE', #2195 ) ;
#10095 = VERTEX_POINT ( 'NONE', #1594 ) ;
#10096 = EDGE_CURVE ( 'NONE', #856, #6170, #9398, .T. ) ;
#10097 = EDGE_CURVE ( 'NONE', #5533, #4072, #2000, .T. ) ;
#10098 = DIRECTION ( 'NONE',  ( 0.1045284632676419800, 0.9945218953682745111, -0.000000000000000000 ) ) ;
#10099 = CARTESIAN_POINT ( 'NONE',  ( -0.4415163173259603613, -0.4770359960578675618, -4.370000000000000107 ) ) ;
#10100 = VERTEX_POINT ( 'NONE', #2290 ) ;
#10101 = ORIENTED_EDGE ( 'NONE', *, *, #5985, .F. ) ;
#10102 = DIRECTION ( 'NONE',  ( -0.000000000000000000, -0.000000000000000000, 1.000000000000000000 ) ) ;
#10103 = CARTESIAN_POINT ( 'NONE',  ( 0.5221405368133860136, -0.4277782834789880528, -3.919999999999999929 ) ) ;
#10104 = CARTESIAN_POINT ( 'NONE',  ( 1.762367194043999996, -2.267352514819000131, -7.440368745466000355 ) ) ;
#10105 = CARTESIAN_POINT ( 'NONE',  ( -0.4277782834789934374, 0.5221405368133812397, -4.219999999999999751 ) ) ;
#10106 = ORIENTED_EDGE ( 'NONE', *, *, #1553, .T. ) ;
#10107 = EDGE_CURVE ( 'NONE', #6935, #3474, #8730, .T. ) ;
#10108 = FACE_OUTER_BOUND ( 'NONE', #4721, .T. ) ;
#10109 = CARTESIAN_POINT ( 'NONE',  ( 0.000000000000000000, 0.000000000000000000, -3.919999999999999929 ) ) ;
#10110 = PRODUCT ( 'HSG', 'HSG', '', ( #10113 ) ) ;
#10111 = DIRECTION ( 'NONE',  ( 0.000000000000000000, 0.000000000000000000, -1.000000000000000000 ) ) ;
#10112 = EDGE_LOOP ( 'NONE', ( #258, #6143, #9393, #357 ) ) ;
#10113 = PRODUCT_CONTEXT ( 'NONE', #731, 'mechanical' ) ;
#10114 = CARTESIAN_POINT ( 'NONE',  ( 0.000000000000000000, 0.000000000000000000, -3.919999999999999929 ) ) ;
#10115 = ORIENTED_EDGE ( 'NONE', *, *, #3267, .F. ) ;
#10116 = CARTESIAN_POINT ( 'NONE',  ( 0.6225347434767848354, 0.2385594966419856133, -4.169991741848313893 ) ) ;
#10117 = CARTESIAN_POINT ( 'NONE',  ( -0.7353147096325141074, -2.636775325110805479, -7.618293167227239593 ) ) ;
#10118 = CARTESIAN_POINT ( 'NONE',  ( 0.000000000000000000, 0.000000000000000000, -4.219999999999999751 ) ) ;
#10119 = CIRCLE ( 'NONE', #6886, 0.6500000000000000222 ) ;
#10120 = CARTESIAN_POINT ( 'NONE',  ( 0.000000000000000000, 0.000000000000000000, -4.370000000000000107 ) ) ;
#10121 = ORIENTED_EDGE ( 'NONE', *, *, #2855, .F. ) ;
#10122 = CARTESIAN_POINT ( 'NONE',  ( -2.441770007761999928, 2.187714598577000569, -5.984027951976000459 ) ) ;
#10123 = CIRCLE ( 'NONE', #8244, 0.6500000000000001332 ) ;
#10124 = CARTESIAN_POINT ( 'NONE',  ( -0.6182000847280670897, 0.2710233481495848418, -3.919999999999999929 ) ) ;
#10125 = CARTESIAN_POINT ( 'NONE',  ( -3.033925626942142628, 0.8153419723521484475, -5.921129571968777761 ) ) ;
#10126 = ORIENTED_EDGE ( 'NONE', *, *, #9595, .F. ) ;
#10127 = CARTESIAN_POINT ( 'NONE',  ( 0.000000000000000000, -3.500000000000000000, 0.5000000000000000000 ) ) ;
#10128 = CARTESIAN_POINT ( 'NONE',  ( 2.337378588847638383, -1.347180772492157175, -3.299999999999999822 ) ) ;
#10129 = ORIENTED_EDGE ( 'NONE', *, *, #395, .T. ) ;
#10130 = LINE ( 'NONE', #1361, #9009 ) ;
#10131 = CARTESIAN_POINT ( 'NONE',  ( 2.675000000000000266, 0.3501566811813509039, -3.300000000000000266 ) ) ;
#10132 = CARTESIAN_POINT ( 'NONE',  ( 0.7208178766175999952, 3.198242877820999919, -5.397346224101999823 ) ) ;
#10133 = DIRECTION ( 'NONE',  ( -1.000000000000000000, 0.000000000000000000, 0.000000000000000000 ) ) ;
#10134 = VERTEX_POINT ( 'NONE', #3974 ) ;
#10135 = CARTESIAN_POINT ( 'NONE',  ( -1.037523131846830315, -2.481329283453775236, -6.120248823232184776 ) ) ;
#10136 = CARTESIAN_POINT ( 'NONE',  ( 2.481063781225816722, -1.883328606371727387, -7.138497254097181610 ) ) ;
#10137 = DIRECTION ( 'NONE',  ( -0.5446390350150159820, -0.8386705679454312667, 0.000000000000000000 ) ) ;
#10138 = VECTOR ( 'NONE', #3369, 1000.000000000000000 ) ;
#10139 = CARTESIAN_POINT ( 'NONE',  ( 0.3172521472106220597, -0.5673192003539538897, -4.070000000000004725 ) ) ;
#10140 = CARTESIAN_POINT ( 'NONE',  ( 0.6350000000000000089, 0.000000000000000000, 0.000000000000000000 ) ) ;
#10141 = PLANE ( 'NONE',  #5240 ) ;
#10142 = CARTESIAN_POINT ( 'NONE',  ( -0.2245979712142767426, 0.6099637295171173035, -4.370000000000000107 ) ) ;
#10143 = CARTESIAN_POINT ( 'NONE',  ( -3.299999999999999822, 3.500000000000000000, -0.4000000000000000222 ) ) ;
#10144 = CARTESIAN_POINT ( 'NONE',  ( 1.447773885788892434, -2.786711110190920770, -4.955425945094922291 ) ) ;
#10145 = EDGE_LOOP ( 'NONE', ( #2593, #3674, #306, #7113 ) ) ;
#10146 = ADVANCED_FACE ( 'NONE', ( #7231 ), #3184, .F. ) ;
#10147 = ORIENTED_EDGE ( 'NONE', *, *, #7408, .F. ) ;
#10149 = AXIS2_PLACEMENT_3D ( 'NONE', #4145, #8893, #2564 ) ;
#10148 = CARTESIAN_POINT ( 'NONE',  ( 0.5107053896535974635, 0.4020945224431279330, -3.919999999999999929 ) ) ;
#10150 = AXIS2_PLACEMENT_3D ( 'NONE', #6548, #9169, #9956 ) ;
#10151 = CARTESIAN_POINT ( 'NONE',  ( -0.1768241090289923989, 0.6254863983062325383, -4.370000000000000107 ) ) ;
#10152 = VERTEX_POINT ( 'NONE', #5040 ) ;
#10153 = EDGE_CURVE ( 'NONE', #10152, #4041, #2741, .T. ) ;
#10154 = EDGE_CURVE ( 'NONE', #3395, #2752, #1004, .T. ) ;
#10155 = VECTOR ( 'NONE', #6625, 1000.000000000000000 ) ;
#10156 = ORIENTED_EDGE ( 'NONE', *, *, #9454, .T. ) ;
#10157 = DIRECTION ( 'NONE',  ( -0.9986295347545732781, -0.05233595624295529075, 0.000000000000000000 ) ) ;
#10158 = CARTESIAN_POINT ( 'NONE',  ( -0.001688802477108999976, 2.871728159633000654, -6.549244802698000356 ) ) ;
#10159 = CARTESIAN_POINT ( 'NONE',  ( -1.918495194022000083, -2.013862559072999936, -6.161843933042700172 ) ) ;
#10160 = ORIENTED_EDGE ( 'NONE', *, *, #10035, .T. ) ;
#10161 = CARTESIAN_POINT ( 'NONE',  ( 1.301295788257041730, -2.875851535236249923, -6.373684459787083867 ) ) ;
#10162 = CARTESIAN_POINT ( 'NONE',  ( -1.568592561771333438, 2.721615066113369785, -5.303532657369953718 ) ) ;
#10163 = VECTOR ( 'NONE', #114, 1000.000000000000114 ) ;
#10164 = DIRECTION ( 'NONE',  ( 1.000000000000000000, 0.000000000000000000, -0.000000000000000000 ) ) ;
#10165 = VECTOR ( 'NONE', #8744, 1000.000000000000000 ) ;
#10166 = VERTEX_POINT ( 'NONE', #6649 ) ;
#10167 = DIRECTION ( 'NONE',  ( 0.000000000000000000, 0.000000000000000000, 1.000000000000000000 ) ) ;
#10168 = ORIENTED_EDGE ( 'NONE', *, *, #5142, .T. ) ;
#10169 = CONTEXT_DEPENDENT_SHAPE_REPRESENTATION ( #6865, #3812 ) ;
#10170 = EDGE_CURVE ( 'NONE', #1760, #9629, #9851, .T. ) ;
#10171 = ADVANCED_FACE ( 'NONE', ( #4021 ), #3074, .T. ) ;
#10172 = CARTESIAN_POINT ( 'NONE',  ( 0.6182000847280690881, -0.2710233481495804564, -3.919999999999999929 ) ) ;
#10173 = ORIENTED_EDGE ( 'NONE', *, *, #9930, .T. ) ;
#10174 = DIRECTION ( 'NONE',  ( 1.000000000000000000, 0.000000000000000000, 0.000000000000000000 ) ) ;
#10175 = CIRCLE ( 'NONE', #1856, 0.6750000000000000444 ) ;
#10176 = CARTESIAN_POINT ( 'NONE',  ( 1.309342711812780280, -2.406130958872060965, -7.532275307859684688 ) ) ;
#10177 = VECTOR ( 'NONE', #2900, 1000.000000000000114 ) ;
#10178 = DIRECTION ( 'NONE',  ( 0.1045284632676623110, -0.9945218953682722907, 0.000000000000000000 ) ) ;
#10179 = CARTESIAN_POINT ( 'NONE',  ( 0.6287759193777713307, -0.2454910247048528171, -4.220000000000000639 ) ) ;
#10180 = ORIENTED_EDGE ( 'NONE', *, *, #4258, .T. ) ;
#10181 = VECTOR ( 'NONE', #6660, 1000.000000000000000 ) ;
#10182 = DIRECTION ( 'NONE',  ( 1.000000000000000000, 0.000000000000000000, -0.000000000000000000 ) ) ;
#10183 = ORIENTED_EDGE ( 'NONE', *, *, #3009, .T. ) ;
#10184 = EDGE_CURVE ( 'NONE', #9142, #9379, #9548, .T. ) ;
#10185 = ADVANCED_FACE ( 'NONE', ( #5899 ), #4077, .T. ) ;
#10186 = CARTESIAN_POINT ( 'NONE',  ( -1.536037890117823768, -2.665048484457201106, -3.300000000024283509 ) ) ;
#10187 = CARTESIAN_POINT ( 'NONE',  ( 0.000000000000000000, 0.000000000000000000, -6.950000000000000178 ) ) ;
#10188 = VERTEX_POINT ( 'NONE', #3344 ) ;
#10189 = CARTESIAN_POINT ( 'NONE',  ( -3.007348527952880435, 0.8152432629746879655, -7.448604696247430823 ) ) ;
#10190 = CARTESIAN_POINT ( 'NONE',  ( 0.6449079034029698843, 0.1323402377513716588, -4.119991299149684316 ) ) ;
#10191 = CARTESIAN_POINT ( 'NONE',  ( -3.114999496528068956, 0.4077562324630739088, -7.318368232693483577 ) ) ;
#10192 = VERTEX_POINT ( 'NONE', #2548 ) ;
#10193 = AXIS2_PLACEMENT_3D ( 'NONE', #7607, #319, #10065 ) ;
#10194 = CARTESIAN_POINT ( 'NONE',  ( -0.1047637812702000154, -3.130416298389000040, -8.553394725213999905 ) ) ;
#10195 = CARTESIAN_POINT ( 'NONE',  ( -0.3501566811812130697, 2.675000000000017586, -3.299999999999999822 ) ) ;
#10196 = CARTESIAN_POINT ( 'NONE',  ( -2.726043039258000178, 0.6270379029559000061, -4.955839352938999909 ) ) ;
#10197 = ORIENTED_EDGE ( 'NONE', *, *, #6657, .F. ) ;
#10198 = DIRECTION ( 'NONE',  ( 1.000000000000000000, 0.000000000000000000, 0.000000000000000000 ) ) ;
#10199 = CARTESIAN_POINT ( 'NONE',  ( 2.963175389828217376, -0.9606101024561862767, -7.101307416735920697 ) ) ;
#10200 = FACE_OUTER_BOUND ( 'NONE', #10400, .T. ) ;
#10201 = VECTOR ( 'NONE', #6824, 1000.000000000000000 ) ;
#10202 = EDGE_CURVE ( 'NONE', #1943, #6058, #1762, .T. ) ;
#10203 = CARTESIAN_POINT ( 'NONE',  ( -1.738662229548000093, -2.466100466478999831, -6.772087158678999685 ) ) ;
#10204 = CARTESIAN_POINT ( 'NONE',  ( 0.03917339399606812461, 0.6738623340140247331, -4.370000000000000107 ) ) ;
#10205 = CARTESIAN_POINT ( 'NONE',  ( 0.000000000000000000, 0.000000000000000000, -3.919999999999999929 ) ) ;
#10206 = PLANE ( 'NONE',  #4861 ) ;
#10207 = CARTESIAN_POINT ( 'NONE',  ( 0.000000000000000000, 0.000000000000000000, 0.000000000000000000 ) ) ;
#10208 = CARTESIAN_POINT ( 'NONE',  ( 2.630689275169353358, -1.714465362191044173, -4.897818957351091740 ) ) ;
#10209 = UNCERTAINTY_MEASURE_WITH_UNIT (LENGTH_MEASURE( 1.000000000000000082E-05 ), #563, 'distance_accuracy_value', 'NONE');
#10210 = VERTEX_POINT ( 'NONE', #2444 ) ;
#10211 = CARTESIAN_POINT ( 'NONE',  ( 1.563831336310999909, 2.386959213139999925, -7.915827382921000854 ) ) ;
#10212 = ORIENTED_EDGE ( 'NONE', *, *, #10020, .F. ) ;
#10213 = VECTOR ( 'NONE', #9679, 1000.000000000000000 ) ;
#10214 = DIRECTION ( 'NONE',  ( 0.05233595624293896353, 0.9986295347545741663, -0.000000000000000000 ) ) ;
#10215 = VERTEX_POINT ( 'NONE', #9158 ) ;
#10216 = B_SPLINE_CURVE_WITH_KNOTS ( 'NONE', 3,
 ( #8696, #9342, #5442, #1411, #1362, #6246, #2831, #391, #10195, #3791, #2889, #6140, #7003, #4632, #3625, #3044, #10131, #7052 ),
 .UNSPECIFIED., .F., .F.,
 ( 4, 2, 2, 2, 2, 2, 2, 2, 4 ),
 ( 0.000000000000000000, 0.1250000000000000000, 0.2500000000000000000, 0.3750000000000000000, 0.5000000000000000000, 0.6250000000000000000, 0.7500000000000000000, 0.8750000000000000000, 1.000000000000000000 ),
 .UNSPECIFIED. ) ;
#10217 = EDGE_CURVE ( 'NONE', #10437, #1904, #950, .T. ) ;
#10218 = CIRCLE ( 'NONE', #5612, 0.6750000000000000444 ) ;
#10219 = ORIENTED_EDGE ( 'NONE', *, *, #10496, .T. ) ;
#10220 = VERTEX_POINT ( 'NONE', #4184 ) ;
#10221 = CARTESIAN_POINT ( 'NONE',  ( 0.5681916233596483456, -0.3643944005386582918, -3.919999999999999929 ) ) ;
#10222 = CARTESIAN_POINT ( 'NONE',  ( -0.001688802477108999976, 2.871728159633000654, -6.502394799007999993 ) ) ;
#10223 = ORIENTED_EDGE ( 'NONE', *, *, #6203, .T. ) ;
#10224 = CARTESIAN_POINT ( 'NONE',  ( 0.6254863983062306509, 0.1768241090289989770, -4.070000000000005613 ) ) ;
#10225 = DIRECTION ( 'NONE',  ( 0.000000000000000000, -1.000000000000000000, -0.000000000000000000 ) ) ;
#10226 = DIRECTION ( 'NONE',  ( -0.000000000000000000, -0.000000000000000000, 1.000000000000000000 ) ) ;
#10227 = AXIS2_PLACEMENT_3D ( 'NONE', #10262, #3798, #820 ) ;
#10228 = LINE ( 'NONE', #6167, #2852 ) ;
#10229 = ADVANCED_FACE ( 'NONE', ( #10548 ), #3240, .T. ) ;
#10230 = CARTESIAN_POINT ( 'NONE',  ( 0.000000000000000000, 0.000000000000000000, -7.086186982385999755 ) ) ;
#10231 = EDGE_LOOP ( 'NONE', ( #3193, #10440, #4260, #615 ) ) ;
#10232 = CONTEXT_DEPENDENT_SHAPE_REPRESENTATION ( #2376, #9351 ) ;
#10233 = CARTESIAN_POINT ( 'NONE',  ( 2.043397794554990821, -1.154597589590367290, -7.170000000000000817 ) ) ;
#10234 = VERTEX_POINT ( 'NONE', #7444 ) ;
#10235 = CARTESIAN_POINT ( 'NONE',  ( 0.4770359960578690606, -0.4415163173259586404, -4.070000000000004725 ) ) ;
#10236 =( GEOMETRIC_REPRESENTATION_CONTEXT ( 3 ) GLOBAL_UNCERTAINTY_ASSIGNED_CONTEXT ( ( #515 ) ) GLOBAL_UNIT_ASSIGNED_CONTEXT ( ( #8905, #5709, #666 ) ) REPRESENTATION_CONTEXT ( 'NONE', 'WORKASPACE' ) );
#10237 = CARTESIAN_POINT ( 'NONE',  ( 3.000586447163999804, 1.107008483180000002, -4.192369401897999559 ) ) ;
#10238 = CARTESIAN_POINT ( 'NONE',  ( 0.000000000000000000, 0.000000000000000000, -4.070000000000005613 ) ) ;
#10239 = CARTESIAN_POINT ( 'NONE',  ( -2.475754858624647614, -1.901322456815086159, -6.638643417386823842 ) ) ;
#10240 = CARTESIAN_POINT ( 'NONE',  ( 2.421688598256193981, 1.280219270478880622, -6.650592249338409090 ) ) ;
#10241 = CARTESIAN_POINT ( 'NONE',  ( -1.260125113866999991, -2.715565614328999899, -6.391682445586999606 ) ) ;
#10242 = ADVANCED_FACE ( 'NONE', ( #6692 ), #8187, .T. ) ;
#10243 = EDGE_CURVE ( 'NONE', #5112, #29, #10374, .T. ) ;
#10244 = ORIENTED_EDGE ( 'NONE', *, *, #1853, .T. ) ;
#10245 = VECTOR ( 'NONE', #2507, 1000.000000000000000 ) ;
#10246 = CARTESIAN_POINT ( 'NONE',  ( -1.983323254140999747, -2.194098463288999934, -5.631021865081001110 ) ) ;
#10247 = ORIENTED_EDGE ( 'NONE', *, *, #7712, .T. ) ;
#10248 = FACE_OUTER_BOUND ( 'NONE', #2869, .T. ) ;
#10249 = CARTESIAN_POINT ( 'NONE',  ( -0.3643944005386645646, 0.5681916233596442378, -4.220000000000000639 ) ) ;
#10250 = EDGE_LOOP ( 'NONE', ( #5296, #3785, #4008, #5204 ) ) ;
#10251 = DIRECTION ( 'NONE',  ( 0.8660254037844324904, 0.5000000000000106581, 0.000000000000000000 ) ) ;
#10252 = LINE ( 'NONE', #3673, #879 ) ;
#10253 = VERTEX_POINT ( 'NONE', #9047 ) ;
#10254 = FACE_BOUND ( 'NONE', #7441, .T. ) ;
#10255 = ADVANCED_FACE ( 'NONE', ( #3294 ), #4131, .T. ) ;
#10256 = DIRECTION ( 'NONE',  ( 0.000000000000000000, 0.000000000000000000, 1.000000000000000000 ) ) ;
#10257 = EDGE_LOOP ( 'NONE', ( #5522, #4998, #9641, #8876 ) ) ;
#10258 = CARTESIAN_POINT ( 'NONE',  ( -0.5673192003539549999, -0.3172521472106200613, -4.370000000000000107 ) ) ;
#10259 = FACE_OUTER_BOUND ( 'NONE', #2704, .T. ) ;
#10260 = CARTESIAN_POINT ( 'NONE',  ( 1.992194827713999805, -2.686926891487000368, -6.454254610490000488 ) ) ;
#10261 = LINE ( 'NONE', #7852, #3306 ) ;
#10262 = CARTESIAN_POINT ( 'NONE',  ( 0.4020945224431149989, 0.5107053896536076776, -3.919999999999999929 ) ) ;
#10263 = DIRECTION ( 'NONE',  ( 1.000000000000000000, 0.000000000000000000, 0.000000000000000000 ) ) ;
#10264 = CARTESIAN_POINT ( 'NONE',  ( -2.040000000000000036, 2.040000000000000036, 4.400000000000000355 ) ) ;
#10265 = LINE ( 'NONE', #9200, #7792 ) ;
#10266 = B_SPLINE_CURVE_WITH_KNOTS ( 'NONE', 3,
 ( #2886, #1357, #9395, #7841 ),
 .UNSPECIFIED., .F., .F.,
 ( 4, 4 ),
 ( 2.034489221241010131E-07, 0.0001528154345942873624 ),
 .UNSPECIFIED. ) ;
#10267 = ORIENTED_EDGE ( 'NONE', *, *, #8392, .F. ) ;
#10268 = EDGE_CURVE ( 'NONE', #3715, #5831, #8203, .T. ) ;
#10269 = CARTESIAN_POINT ( 'NONE',  ( -2.507979642345020466, 0.6740008022047450087, -9.100000000046295057 ) ) ;
#10270 = DIRECTION ( 'NONE',  ( -0.6293203910498392784, 0.7771459614569694585, 0.000000000000000000 ) ) ;
#10271 = ORIENTED_EDGE ( 'NONE', *, *, #3335, .T. ) ;
#10272 = B_SPLINE_CURVE_WITH_KNOTS ( 'NONE', 3,
 ( #1472, #8003, #5343, #3006, #8601, #7807 ),
 .UNSPECIFIED., .F., .F.,
 ( 4, 2, 4 ),
 ( 0.000000000000000000, 0.5000009244207452852, 1.000001848841490348 ),
 .UNSPECIFIED. ) ;
#10273 = B_SPLINE_CURVE_WITH_KNOTS ( 'NONE', 3,
 ( #1628, #4806, #3958, #4856, #826, #7317, #4697, #1424, #7957, #26, #669, #1527, #3276, #6519, #5458, #3913, #7168 ),
 .UNSPECIFIED., .F., .F.,
 ( 4, 2, 2, 2, 1, 1, 1, 2, 2, 4 ),
 ( 0.000000000000000000, 0.2500000000000028866, 0.3750000000000043854, 0.4375000000000049405, 0.4687500000000050515, 0.4843750000000054401, 0.4921875000000062172, 0.4960937500000063838, 0.5000000000000065503, 1.000000000000000000 ),
 .UNSPECIFIED. ) ;
#10274 = ORIENTED_EDGE ( 'NONE', *, *, #4056, .T. ) ;
#10275 = CARTESIAN_POINT ( 'NONE',  ( -0.2043665855038266366, -2.719346236016358276, -4.772578943886309766 ) ) ;
#10276 = CARTESIAN_POINT ( 'NONE',  ( 1.681303862051999998, 2.328098325020000026, -6.619589370566000497 ) ) ;
#10277 = ORIENTED_EDGE ( 'NONE', *, *, #3219, .T. ) ;
#10278 = CARTESIAN_POINT ( 'NONE',  ( -0.6449079034029707724, -0.1323402377513668848, -4.119991299149685204 ) ) ;
#10279 = LINE ( 'NONE', #10330, #6114 ) ;
#10280 = CARTESIAN_POINT ( 'NONE',  ( 0.2245979712142810447, -0.6099637295171156381, -4.070000000000005613 ) ) ;
#10281 = CARTESIAN_POINT ( 'NONE',  ( -0.5826313872945263483, -0.3408308473997854193, -4.219999999999999751 ) ) ;
#10282 = LINE ( 'NONE', #4501, #7245 ) ;
#10283 = ORIENTED_EDGE ( 'NONE', *, *, #1392, .F. ) ;
#10284 = ORIENTED_EDGE ( 'NONE', *, *, #8586, .F. ) ;
#10285 = CARTESIAN_POINT ( 'NONE',  ( 2.304594724996269051, -0.3658294867941895290, -7.170000000000000817 ) ) ;
#10286 = EDGE_LOOP ( 'NONE', ( #6087, #2189, #3118, #8889 ) ) ;
#10287 = CARTESIAN_POINT ( 'NONE',  ( -2.540000000000000036, -3.040000000000000036, 0.5000000000000000000 ) ) ;
#10288 = DIRECTION ( 'NONE',  ( -1.000000000000000000, 0.000000000000000000, 0.000000000000000000 ) ) ;
#10289 = CARTESIAN_POINT ( 'NONE',  ( 0.6529864083220319193, -0.1709788014541365198, -3.919999999999999929 ) ) ;
#10290 = FACE_OUTER_BOUND ( 'NONE', #2046, .T. ) ;
#10291 = B_SPLINE_CURVE_WITH_KNOTS ( 'NONE', 3,
 ( #7842, #4204, #8199, #1608 ),
 .UNSPECIFIED., .F., .F.,
 ( 4, 4 ),
 ( 1.182502168370620256E-06, 0.0001537944878401166222 ),
 .UNSPECIFIED. ) ;
#10292 = CARTESIAN_POINT ( 'NONE',  ( 2.447595602714265350, -1.230174737697989906, -6.758114573548390069 ) ) ;
#10293 = EDGE_CURVE ( 'NONE', #2750, #1682, #4393, .T. ) ;
#10294 = CARTESIAN_POINT ( 'NONE',  ( 0.000000000000000000, 0.000000000000000000, -3.919999999999999929 ) ) ;
#10295 = ORIENTED_EDGE ( 'NONE', *, *, #1664, .T. ) ;
#10296 = ORIENTED_EDGE ( 'NONE', *, *, #467, .T. ) ;
#10297 = CARTESIAN_POINT ( 'NONE',  ( -2.040000000000000036, 3.039999999999999591, 0.5000000000000000000 ) ) ;
#10298 = EDGE_CURVE ( 'NONE', #6632, #10044, #6806, .T. ) ;
#10299 = VERTEX_POINT ( 'NONE', #236 ) ;
#10300 = CARTESIAN_POINT ( 'NONE',  ( 0.000000000000000000, 0.000000000000000000, -3.919999999999999929 ) ) ;
#10301 = EDGE_CURVE ( 'NONE', #8531, #9480, #3432, .T. ) ;
#10302 = DIRECTION ( 'NONE',  ( 0.000000000000000000, 0.000000000000000000, 1.000000000000000000 ) ) ;
#10303 = CARTESIAN_POINT ( 'NONE',  ( -3.114979492752531165, -1.419137677822330057E-07, -7.303675650587218016 ) ) ;
#10304 = ORIENTED_EDGE ( 'NONE', *, *, #5027, .F. ) ;
#10305 = CARTESIAN_POINT ( 'NONE',  ( -0.5901242379057451970, -0.2724947409330378822, -4.070000000000005613 ) ) ;
#10306 = LINE ( 'NONE', #2211, #7114 ) ;
#10307 = VERTEX_POINT ( 'NONE', #5880 ) ;
#10308 = CARTESIAN_POINT ( 'NONE',  ( -1.478266416684414608, 2.287712230828500726, -5.658526156655115713 ) ) ;
#10309 = CARTESIAN_POINT ( 'NONE',  ( 1.720345533879114264, -2.596819914395714690, -7.176751009486775246 ) ) ;
#10310 = CARTESIAN_POINT ( 'NONE',  ( 2.688328527486000041, 0.9570963975948999503, -7.282726272112999943 ) ) ;
#10311 = CARTESIAN_POINT ( 'NONE',  ( 3.115000000036616257, 3.814774779388847357E-16, -4.839999999887822923 ) ) ;
#10312 = CARTESIAN_POINT ( 'NONE',  ( 3.114916269155037387, -3.587745545047033954E-06, -5.653994187101426760 ) ) ;
#10313 = EDGE_CURVE ( 'NONE', #1016, #5854, #4971, .T. ) ;
#10314 = DIRECTION ( 'NONE',  ( 0.9335804264971973021, 0.3583679495453118147, 0.000000000000000000 ) ) ;
#10315 = FACE_OUTER_BOUND ( 'NONE', #4931, .T. ) ;
#10316 = CIRCLE ( 'NONE', #5020, 0.6500000000000000222 ) ;
#10317 = B_SPLINE_CURVE_WITH_KNOTS ( 'NONE', 3,
 ( #1535, #8120, #8919, #726 ),
 .UNSPECIFIED., .F., .F.,
 ( 4, 4 ),
 ( 1.288069082848327714E-06, 0.0001539000547539754154 ),
 .UNSPECIFIED. ) ;
#10318 = ORIENTED_EDGE ( 'NONE', *, *, #7879, .T. ) ;
#10319 = B_SPLINE_CURVE_WITH_KNOTS ( 'NONE', 3,
 ( #851, #4882, #9101, #954 ),
 .UNSPECIFIED., .F., .F.,
 ( 4, 4 ),
 ( 2.034489220663171137E-07, 0.0001528154345939505279 ),
 .UNSPECIFIED. ) ;
#10320 = CARTESIAN_POINT ( 'NONE',  ( -2.249999949944131217, 1.296818874415812672, -9.100000000046293280 ) ) ;
#10321 = CARTESIAN_POINT ( 'NONE',  ( -0.5041923985042210399, -0.4487928534308017192, -4.220000000000000639 ) ) ;
#10322 = ORIENTED_EDGE ( 'NONE', *, *, #10349, .F. ) ;
#10323 = CARTESIAN_POINT ( 'NONE',  ( 2.749038035952999781, -0.6068509322266001371, -5.197681657168000235 ) ) ;
#10324 = ADVANCED_FACE ( 'NONE', ( #828 ), #6681, .T. ) ;
#10325 = CARTESIAN_POINT ( 'NONE',  ( -0.6625617896056144041, -2.646068431439912771, -4.791382004630353464 ) ) ;
#10326 = CARTESIAN_POINT ( 'NONE',  ( 0.000000000000000000, 0.000000000000000000, -4.219999999999999751 ) ) ;
#10327 = CIRCLE ( 'NONE', #4855, 0.6750000000000000444 ) ;
#10328 = ORIENTED_EDGE ( 'NONE', *, *, #7099, .T. ) ;
#10329 = CARTESIAN_POINT ( 'NONE',  ( -0.5107053896536032367, 0.4020945224431206055, -4.370000000000000107 ) ) ;
#10330 = CARTESIAN_POINT ( 'NONE',  ( 0.6529864083220282556, 0.1709788014541502033, -3.919999999999999929 ) ) ;
#10331 = CARTESIAN_POINT ( 'NONE',  ( -1.221276027350532978, -2.118931991674200876, -9.099999999932608219 ) ) ;
#10332 = DIRECTION ( 'NONE',  ( -0.000000000000000000, -0.000000000000000000, -1.000000000000000000 ) ) ;
#10333 = AXIS2_PLACEMENT_3D ( 'NONE', #4724, #1451, #2298 ) ;
#10334 = DIRECTION ( 'NONE',  ( 1.000000000000000000, 0.000000000000000000, 0.000000000000000000 ) ) ;
#10335 = VERTEX_POINT ( 'NONE', #5079 ) ;
#10336 = ORIENTED_EDGE ( 'NONE', *, *, #7960, .T. ) ;
#10337 = PLANE ( 'NONE',  #6960 ) ;
#10338 = ORIENTED_EDGE ( 'NONE', *, *, #740, .T. ) ;
#10339 = DIRECTION ( 'NONE',  ( -0.000000000000000000, -0.000000000000000000, -1.000000000000000000 ) ) ;
#10340 = CARTESIAN_POINT ( 'NONE',  ( 0.03917339399606812461, -0.6738623340140245110, -4.219999999999999751 ) ) ;
#10341 = CARTESIAN_POINT ( 'NONE',  ( 0.4192573791286259288, -0.5183467857718223604, -4.169991741848313893 ) ) ;
#10342 = DIRECTION ( 'NONE',  ( 1.000000000000000000, 0.000000000000000000, 0.000000000000000000 ) ) ;
#10343 = VECTOR ( 'NONE', #410, 1000.000000000000000 ) ;
#10344 = AXIS2_PLACEMENT_3D ( 'NONE', #7717, #3717, #6174 ) ;
#10345 = ORIENTED_EDGE ( 'NONE', *, *, #2723, .T. ) ;
#10346 = ORIENTED_EDGE ( 'NONE', *, *, #4623, .F. ) ;
#10347 = AXIS2_PLACEMENT_3D ( 'NONE', #9603, #5384, #5542 ) ;
#10348 = AXIS2_PLACEMENT_3D ( 'NONE', #5597, #8845, #9602 ) ;
#10349 = EDGE_CURVE ( 'NONE', #8537, #3724, #1758, .T. ) ;
#10350 = DIRECTION ( 'NONE',  ( -0.5446390350150291937, 0.8386705679454227180, 0.000000000000000000 ) ) ;
#10351 = ORIENTED_EDGE ( 'NONE', *, *, #10096, .F. ) ;
#10352 = CARTESIAN_POINT ( 'NONE',  ( -1.215740034420000004, -2.382140790827000476, -6.138839804434000236 ) ) ;
#10353 = CARTESIAN_POINT ( 'NONE',  ( -0.6099637295171164153, -0.2245979712142789353, -4.070000000000005613 ) ) ;
#10354 = ORIENTED_EDGE ( 'NONE', *, *, #4991, .F. ) ;
#10355 = CARTESIAN_POINT ( 'NONE',  ( 1.343935218044000068, -2.936819776061000198, -8.501013831631999196 ) ) ;
#10356 = CARTESIAN_POINT ( 'NONE',  ( -2.028420765420533342E-14, 2.424999999951432894, -9.099999999966303932 ) ) ;
#10357 = CARTESIAN_POINT ( 'NONE',  ( 0.000000000000000000, 0.000000000000000000, -4.370000000000000107 ) ) ;
#10358 = ORIENTED_EDGE ( 'NONE', *, *, #2498, .T. ) ;
#10359 = CARTESIAN_POINT ( 'NONE',  ( -0.9527406546115310126, -2.551122383036003693, -5.409837430266584590 ) ) ;
#10360 = CARTESIAN_POINT ( 'NONE',  ( 1.704241083036048154, -2.607427354895108351, -7.177433351130579453 ) ) ;
#10361 = CARTESIAN_POINT ( 'NONE',  ( -1.961531481053000237, 2.709396861609000062, -6.102531771150999873 ) ) ;
#10362 = CARTESIAN_POINT ( 'NONE',  ( -2.692755196316000355, -0.8213084948033999577, -4.880459797418000178 ) ) ;
#10363 = CARTESIAN_POINT ( 'NONE',  ( -0.6254863983062319832, -0.1768241090289946471, -4.370000000000000107 ) ) ;
#10364 = CARTESIAN_POINT ( 'NONE',  ( 0.4020945224431262122, -0.5107053896535987958, -3.919999999999999929 ) ) ;
#10365 = AXIS2_PLACEMENT_3D ( 'NONE', #9071, #10461, #9815 ) ;
#10366 = LINE ( 'NONE', #3905, #8697 ) ;
#10367 = EDGE_LOOP ( 'NONE', ( #489, #902, #7803, #1805 ) ) ;
#10368 = EDGE_CURVE ( 'NONE', #93, #4187, #4966, .T. ) ;
#10369 = CARTESIAN_POINT ( 'NONE',  ( -2.049999999999999822, 2.510525938252073693E-16, -6.950000000000000178 ) ) ;
#10370 = EDGE_CURVE ( 'NONE', #3302, #7843, #385, .T. ) ;
#10371 = ADVANCED_FACE ( 'NONE', ( #184 ), #9933, .T. ) ;
#10372 = AXIS2_PLACEMENT_3D ( 'NONE', #5082, #3081, #2440 ) ;
#10373 = CARTESIAN_POINT ( 'NONE',  ( -0.1264134477687045288, -0.6375889273060103557, -4.070000000000004725 ) ) ;
#10374 = B_SPLINE_CURVE_WITH_KNOTS ( 'NONE', 3,
 ( #6539, #151, #2493, #899 ),
 .UNSPECIFIED., .F., .F.,
 ( 4, 4 ),
 ( 1.104406263092004425E-06, 0.0001537163919352552502 ),
 .UNSPECIFIED. ) ;
#10375 = CARTESIAN_POINT ( 'NONE',  ( 2.839805762151335955, -1.636761686205424615, -1.300000000000000044 ) ) ;
#10376 = ORIENTED_EDGE ( 'NONE', *, *, #8002, .F. ) ;
#10377 = ORIENTED_EDGE ( 'NONE', *, *, #934, .F. ) ;
#10378 = VECTOR ( 'NONE', #7729, 1000.000000000000000 ) ;
#10379 = CARTESIAN_POINT ( 'NONE',  ( -1.918495194022000083, -2.013862559072999936, -6.282291708629999860 ) ) ;
#10380 = ORIENTED_EDGE ( 'NONE', *, *, #5655, .T. ) ;
#10381 = FACE_OUTER_BOUND ( 'NONE', #1299, .T. ) ;
#10382 = DIRECTION ( 'NONE',  ( -0.000000000000000000, -0.000000000000000000, -1.000000000000000000 ) ) ;
#10383 = CARTESIAN_POINT ( 'NONE',  ( -2.118931991674221305, -1.221276027350514104, -9.099999999932606443 ) ) ;
#10384 = EDGE_CURVE ( 'NONE', #4281, #8820, #4917, .T. ) ;
#10385 = DIRECTION ( 'NONE',  ( 3.491481338843133355E-15, -1.000000000000000000, 0.000000000000000000 ) ) ;
#10386 = CIRCLE ( 'NONE', #344, 0.6500000000000000222 ) ;
#10387 = CARTESIAN_POINT ( 'NONE',  ( 2.040000000000000036, -2.040000000000000036, 2.200000000000000178 ) ) ;
#10388 = ORIENTED_EDGE ( 'NONE', *, *, #5066, .F. ) ;
#10389 = VERTEX_POINT ( 'NONE', #885 ) ;
#10390 = DIRECTION ( 'NONE',  ( 0.1045284632676385661, 0.9945218953682749552, 0.000000000000000000 ) ) ;
#10391 = ORIENTED_EDGE ( 'NONE', *, *, #2658, .T. ) ;
#10392 = CYLINDRICAL_SURFACE ( 'NONE', #2863, 0.6500000000000000222 ) ;
#10393 = DIRECTION ( 'NONE',  ( 0.000000000000000000, 0.000000000000000000, -1.000000000000000000 ) ) ;
#10394 = CARTESIAN_POINT ( 'NONE',  ( 0.3643944005386561824, 0.5681916233596491228, -4.219999999999999751 ) ) ;
#10395 = CARTESIAN_POINT ( 'NONE',  ( 2.987008771148084385, -1.020623727284856175, -5.690862241308166425 ) ) ;
#10396 = B_SPLINE_CURVE_WITH_KNOTS ( 'NONE', 3,
 ( #7098, #8741, #7986, #10353 ),
 .UNSPECIFIED., .F., .F.,
 ( 4, 4 ),
 ( 2.034489217396893243E-07, 0.0001528154345917695468 ),
 .UNSPECIFIED. ) ;
#10397 = DIRECTION ( 'NONE',  ( -0.9335804264971960809, -0.3583679495453150343, 0.000000000000000000 ) ) ;
#10398 = EDGE_CURVE ( 'NONE', #9034, #2118, #9887, .T. ) ;
#10399 = ORIENTED_EDGE ( 'NONE', *, *, #3596, .T. ) ;
#10400 = EDGE_LOOP ( 'NONE', ( #5742, #4468, #7927, #9435 ) ) ;
#10401 = VECTOR ( 'NONE', #5739, 1000.000000000000114 ) ;
#10402 = AXIS2_PLACEMENT_3D ( 'NONE', #5977, #1187, #8419 ) ;
#10403 = DIRECTION ( 'NONE',  ( 0.7071067811865474617, 8.659560562354932858E-17, -0.7071067811865474617 ) ) ;
#10404 = ORIENTED_EDGE ( 'NONE', *, *, #5251, .T. ) ;
#10405 = CARTESIAN_POINT ( 'NONE',  ( -3.114833532465345556, 1.243418425438771086E-05, -7.418713884419258164 ) ) ;
#10406 = B_SPLINE_CURVE_WITH_KNOTS ( 'NONE', 3,
 ( #685, #2394, #5633, #8880 ),
 .UNSPECIFIED., .F., .F.,
 ( 4, 4 ),
 ( 1.118379690038491057E-06, 0.0001537303653621302870 ),
 .UNSPECIFIED. ) ;
#10407 = CARTESIAN_POINT ( 'NONE',  ( -0.3252939578805000287, -3.024369859086000201, -5.920665861424000198 ) ) ;
#10408 = DIRECTION ( 'NONE',  ( 0.000000000000000000, 0.000000000000000000, -1.000000000000000000 ) ) ;
#10409 = CARTESIAN_POINT ( 'NONE',  ( 1.215135779979999997, 2.561887507917000040, -7.980072507975000562 ) ) ;
#10410 = FACE_OUTER_BOUND ( 'NONE', #6983, .T. ) ;
#10411 = CARTESIAN_POINT ( 'NONE',  ( 3.500000000000000000, 3.299999999999999822, 0.5000000000000000000 ) ) ;
#10412 = CARTESIAN_POINT ( 'NONE',  ( 1.288448614348953969, 2.399069937406038466, -5.072331301596451070 ) ) ;
#10413 = CARTESIAN_POINT ( 'NONE',  ( -0.3744488338946345696, -3.095440326721157209, -7.255937920090715032 ) ) ;
#10414 = CARTESIAN_POINT ( 'NONE',  ( -1.725532066978000101, 2.272813866519999948, -7.071692568509000409 ) ) ;
#10415 = CARTESIAN_POINT ( 'NONE',  ( 2.699887333262000144, 0.7975268648469000521, -4.575178435574000169 ) ) ;
#10416 = LINE ( 'NONE', #6307, #5508 ) ;
#10417 = CARTESIAN_POINT ( 'NONE',  ( 0.000000000000000000, 0.000000000000000000, -11.36999999999999922 ) ) ;
#10418 = VECTOR ( 'NONE', #4202, 1000.000000000000000 ) ;
#10419 = VERTEX_POINT ( 'NONE', #75 ) ;
#10420 = EDGE_CURVE ( 'NONE', #7838, #3485, #8329, .T. ) ;
#10421 = DIRECTION ( 'NONE',  ( 0.9986295347545735002, 0.05233595624295178661, -0.000000000000000000 ) ) ;
#10422 = LINE ( 'NONE', #3161, #5047 ) ;
#10423 = DIRECTION ( 'NONE',  ( -0.6293203910498292863, -0.7771459614569774521, 0.000000000000000000 ) ) ;
#10424 = VERTEX_POINT ( 'NONE', #9773 ) ;
#10425 = ORIENTED_EDGE ( 'NONE', *, *, #7063, .T. ) ;
#10426 = AXIS2_PLACEMENT_3D ( 'NONE', #6735, #4060, #7319 ) ;
#10427 = EDGE_CURVE ( 'NONE', #8637, #10253, #28, .T. ) ;
#10428 = ADVANCED_FACE ( 'NONE', ( #6575 ), #9828, .T. ) ;
#10429 = CARTESIAN_POINT ( 'NONE',  ( 0.000000000000000000, 0.000000000000000000, -3.919999999999999929 ) ) ;
#10430 = ORIENTED_EDGE ( 'NONE', *, *, #9064, .T. ) ;
#10431 = CARTESIAN_POINT ( 'NONE',  ( -3.221348589944999841, 0.9007383714594000557, -7.439078560638000326 ) ) ;
#10432 = CARTESIAN_POINT ( 'NONE',  ( 0.6716940394054629060, 0.06672418922079689785, -4.220000000000000639 ) ) ;
#10433 = CARTESIAN_POINT ( 'NONE',  ( -0.2710233481495870067, 0.6182000847280659794, -3.919999999999999929 ) ) ;
#10434 = LINE ( 'NONE', #9680, #5061 ) ;
#10435 = DIRECTION ( 'NONE',  ( -1.000000000000000000, 0.000000000000000000, 0.000000000000000000 ) ) ;
#10436 = CARTESIAN_POINT ( 'NONE',  ( -2.049999999999999822, 2.510525938252073693E-16, -7.263399999999999856 ) ) ;
#10437 = VERTEX_POINT ( 'NONE', #9027 ) ;
#10438 = DIRECTION ( 'NONE',  ( -0.000000000000000000, -0.000000000000000000, -1.000000000000000000 ) ) ;
#10439 = B_SPLINE_CURVE_WITH_KNOTS ( 'NONE', 3,
 ( #2663, #50, #8143, #5052, #5907, #1773 ),
 .UNSPECIFIED., .F., .F.,
 ( 4, 2, 4 ),
 ( 0.000000000000000000, 0.5000000000000000000, 1.000000000000000000 ),
 .UNSPECIFIED. ) ;
#10440 = ORIENTED_EDGE ( 'NONE', *, *, #3312, .T. ) ;
#10441 = ADVANCED_FACE ( 'NONE', ( #1747 ), #931, .T. ) ;
#10442 = CYLINDRICAL_SURFACE ( 'NONE', #8595, 0.6500000000000000222 ) ;
#10443 = FACE_OUTER_BOUND ( 'NONE', #2714, .T. ) ;
#10444 = DIRECTION ( 'NONE',  ( -0.7431448254774031259, 0.6691306063588484676, 0.000000000000000000 ) ) ;
#10445 = ORIENTED_EDGE ( 'NONE', *, *, #1540, .F. ) ;
#10446 = ORIENTED_EDGE ( 'NONE', *, *, #9723, .T. ) ;
#10447 = CARTESIAN_POINT ( 'NONE',  ( 0.5826313872945314554, -0.3408308473997770371, -4.370000000000000107 ) ) ;
#10448 = CARTESIAN_POINT ( 'NONE',  ( -1.163627251034071719, 2.825853702076853047, -4.768699226827923354 ) ) ;
#10449 = ORIENTED_EDGE ( 'NONE', *, *, #155, .T. ) ;
#10450 = CARTESIAN_POINT ( 'NONE',  ( -0.6375889273060090234, -0.1264134477687112179, -4.070000000000005613 ) ) ;
#10451 = EDGE_CURVE ( 'NONE', #7503, #10234, #9084, .T. ) ;
#10452 = CARTESIAN_POINT ( 'NONE',  ( -1.763392696944000138, -2.744675227239000037, -5.178529945818000968 ) ) ;
#10453 = CARTESIAN_POINT ( 'NONE',  ( -2.675000000000000266, -0.3501566811813619506, -3.299999999999999378 ) ) ;
#10454 = CARTESIAN_POINT ( 'NONE',  ( 2.938238268830000166, -1.167804646286999981, -7.620864436338999681 ) ) ;
#10455 = DIRECTION ( 'NONE',  ( 0.000000000000000000, 0.000000000000000000, 1.000000000000000000 ) ) ;
#10456 = CARTESIAN_POINT ( 'NONE',  ( -0.1057596127007000009, 2.825758383556999931, -4.485231670453000419 ) ) ;
#10457 = ORIENTED_EDGE ( 'NONE', *, *, #4168, .T. ) ;
#10458 = CARTESIAN_POINT ( 'NONE',  ( -2.579177587477103462, 0.8759165802588696481, -4.876933016577053692 ) ) ;
#10459 = CIRCLE ( 'NONE', #1445, 0.6750000000000000444 ) ;
#10460 = CARTESIAN_POINT ( 'NONE',  ( -1.105857411872318119, -2.911777081462598282, -7.282868755784523529 ) ) ;
#10461 = DIRECTION ( 'NONE',  ( 0.000000000000000000, 0.000000000000000000, 1.000000000000000000 ) ) ;
#10462 = FACE_OUTER_BOUND ( 'NONE', #6609, .T. ) ;
#10463 = CARTESIAN_POINT ( 'NONE',  ( -0.8151036005307348287, 3.033490619770821350, -5.448087159676761715 ) ) ;
#10464 = DIRECTION ( 'NONE',  ( -1.000000000000000000, 0.000000000000000000, 0.000000000000000000 ) ) ;
#10465 = CARTESIAN_POINT ( 'NONE',  ( 0.000000000000000000, 0.000000000000000000, -4.070000000000005613 ) ) ;
#10466 = ORIENTED_EDGE ( 'NONE', *, *, #10498, .F. ) ;
#10467 = LINE ( 'NONE', #7902, #522 ) ;
#10468 = CARTESIAN_POINT ( 'NONE',  ( -2.040000000000000036, 3.040000000000000036, 2.200000000000000178 ) ) ;
#10469 = LINE ( 'NONE', #3854, #6042 ) ;
#10470 = ORIENTED_EDGE ( 'NONE', *, *, #6828, .F. ) ;
#10471 = ADVANCED_FACE ( 'NONE', ( #1202 ), #2839, .F. ) ;
#10472 = CARTESIAN_POINT ( 'NONE',  ( 0.000000000000000000, 0.000000000000000000, -4.219999999999999751 ) ) ;
#10473 = ORIENTED_EDGE ( 'NONE', *, *, #5801, .F. ) ;
#10474 = CARTESIAN_POINT ( 'NONE',  ( 1.952255129617000096, -2.511650575825000065, -7.246271995394000243 ) ) ;
#10475 = CARTESIAN_POINT ( 'NONE',  ( 1.533391706577445612, -2.632737682078101660, -7.929287191260117496 ) ) ;
#10476 = CARTESIAN_POINT ( 'NONE',  ( 0.6182000847280632039, 0.2710233481495934460, -4.220000000000000639 ) ) ;
#10477 = AXIS2_PLACEMENT_3D ( 'NONE', #397, #4590, #3739 ) ;
#10478 = FACE_OUTER_BOUND ( 'NONE', #6706, .T. ) ;
#10479 = ADVANCED_FACE ( 'NONE', ( #8483 ), #5987, .T. ) ;
#10480 = EDGE_CURVE ( 'NONE', #1302, #10188, #6842, .T. ) ;
#10481 = B_SPLINE_CURVE_WITH_KNOTS ( 'NONE', 3,
 ( #1711, #4935, #3346, #99 ),
 .UNSPECIFIED., .F., .F.,
 ( 4, 4 ),
 ( 1.081755672164007486E-06, 0.0001536937413444423980 ),
 .UNSPECIFIED. ) ;
#10482 = DIRECTION ( 'NONE',  ( 0.000000000000000000, 0.000000000000000000, -1.000000000000000000 ) ) ;
#10483 = LINE ( 'NONE', #10436, #8055 ) ;
#10484 = EDGE_LOOP ( 'NONE', ( #9904, #5289, #2324, #10121 ) ) ;
#10485 = CARTESIAN_POINT ( 'NONE',  ( -0.6716940394054641272, 0.06672418922078703074, -4.370000000000000107 ) ) ;
#10486 = AXIS2_PLACEMENT_3D ( 'NONE', #9438, #9333, #3617 ) ;
#10487 = ORIENTED_EDGE ( 'NONE', *, *, #4702, .F. ) ;
#10488 = CARTESIAN_POINT ( 'NONE',  ( -0.3172521472106138996, -0.5673192003539585526, -3.919999999999999929 ) ) ;
#10489 = DIRECTION ( 'NONE',  ( 0.000000000000000000, 0.000000000000000000, 1.000000000000000000 ) ) ;
#10490 = DIRECTION ( 'NONE',  ( -0.000000000000000000, -0.000000000000000000, -1.000000000000000000 ) ) ;
#10491 = CARTESIAN_POINT ( 'NONE',  ( 0.1648275784904000008, -2.867053868245999837, -8.261008995698000845 ) ) ;
#10492 = CARTESIAN_POINT ( 'NONE',  ( 3.117653505853468232, 0.000000000000000000, -7.857346494176908891 ) ) ;
#10493 = DIRECTION ( 'NONE',  ( 0.000000000000000000, 0.000000000000000000, -1.000000000000000000 ) ) ;
#10494 = CIRCLE ( 'NONE', #8269, 0.6750000000000000444 ) ;
#10495 = CIRCLE ( 'NONE', #4007, 0.6500000000000000222 ) ;
#10496 = EDGE_CURVE ( 'NONE', #8456, #9055, #8960, .T. ) ;
#10497 = ORIENTED_EDGE ( 'NONE', *, *, #5014, .T. ) ;
#10498 = EDGE_CURVE ( 'NONE', #2380, #7394, #4477, .T. ) ;
#10499 = ORIENTED_EDGE ( 'NONE', *, *, #8068, .T. ) ;
#10500 = CARTESIAN_POINT ( 'NONE',  ( 3.114999999999999769, 0.2057738294466706086, -6.351875312854603273 ) ) ;
#10501 = DIRECTION ( 'NONE',  ( -0.000000000000000000, -0.000000000000000000, -1.000000000000000000 ) ) ;
#10502 = EDGE_LOOP ( 'NONE', ( #10446, #793, #10295, #8961 ) ) ;
#10503 = DIRECTION ( 'NONE',  ( -0.000000000000000000, -0.000000000000000000, -1.000000000000000000 ) ) ;
#10504 = AXIS2_PLACEMENT_3D ( 'NONE', #6369, #31, #6525 ) ;
#10505 = CARTESIAN_POINT ( 'NONE',  ( -2.434022387824000155, -1.350400446494999906, -5.499400775300999911 ) ) ;
#10506 = CARTESIAN_POINT ( 'NONE',  ( 0.4487928534307929485, 0.5041923985042289225, -3.919999999999999929 ) ) ;
#10507 = VECTOR ( 'NONE', #9185, 1000.000000000000000 ) ;
#10508 = DIRECTION ( 'NONE',  ( 0.000000000000000000, 0.000000000000000000, -1.000000000000000000 ) ) ;
#10509 = CARTESIAN_POINT ( 'NONE',  ( 1.942819392369999898, 2.065254512545999788, -7.309126829300000239 ) ) ;
#10510 = CARTESIAN_POINT ( 'NONE',  ( 0.000000000000000000, 0.000000000000000000, -4.370000000000000107 ) ) ;
#10511 = VERTEX_POINT ( 'NONE', #450 ) ;
#10512 = EDGE_CURVE ( 'NONE', #7006, #5072, #5282, .T. ) ;
#10513 = ADVANCED_FACE ( 'NONE', ( #8379 ), #7010, .F. ) ;
#10514 = CIRCLE ( 'NONE', #991, 0.6500000000000002442 ) ;
#10515 = CARTESIAN_POINT ( 'NONE',  ( -0.003273280600419164414, -2.723504556598563831, -4.663771251101259452 ) ) ;
#10516 = VECTOR ( 'NONE', #10536, 1000.000000000000000 ) ;
#10517 = CARTESIAN_POINT ( 'NONE',  ( 0.8757026406407643071, -2.989045445755007968, -7.210025396371753104 ) ) ;
#10518 =( LENGTH_UNIT ( ) NAMED_UNIT ( * ) SI_UNIT ( .MILLI., .METRE. ) );
#10519 = CARTESIAN_POINT ( 'NONE',  ( -1.336159100893999918, -2.851915140467000231, -5.869181311600000228 ) ) ;
#10520 = CARTESIAN_POINT ( 'NONE',  ( 2.046319111109000666, -1.933405004274000305, -4.692514781148999781 ) ) ;
#10521 = FACE_OUTER_BOUND ( 'NONE', #5838, .T. ) ;
#10522 = CARTESIAN_POINT ( 'NONE',  ( 1.568774033998155071, 2.722043531250124104, -5.536304361299445809 ) ) ;
#10523 = CARTESIAN_POINT ( 'NONE',  ( 0.3172521472106099583, 0.5673192003539606620, -3.919999999999999929 ) ) ;
#10524 = VERTEX_POINT ( 'NONE', #8541 ) ;
#10525 = LINE ( 'NONE', #24, #8335 ) ;
#10526 = EDGE_CURVE ( 'NONE', #8574, #8448, #4284, .T. ) ;
#10527 = LINE ( 'NONE', #3007, #3510 ) ;
#10528 = CARTESIAN_POINT ( 'NONE',  ( -1.997276839918473934, -2.598917237794085899, -1.300000000000000266 ) ) ;
#10529 = ORIENTED_EDGE ( 'NONE', *, *, #9595, .T. ) ;
#10530 = AXIS2_PLACEMENT_3D ( 'NONE', #2573, #1733, #3264 ) ;
#10531 = B_SPLINE_CURVE_WITH_KNOTS ( 'NONE', 3,
 ( #6630, #5713, #8966, #2583, #5829, #1905, #4425, #5229, #7576, #7008, #8481, #2737, #7794, #4320, #5984, #1303, #9346, #1090 ),
 .UNSPECIFIED., .F., .F.,
 ( 4, 2, 2, 2, 2, 2, 2, 2, 4 ),
 ( 0.000000000000000000, 0.1250000000000000000, 0.2500000000000000000, 0.3750000000000000000, 0.5000000000000000000, 0.6250000000000000000, 0.7500000000000000000, 0.8750000000000000000, 1.000000000000000000 ),
 .UNSPECIFIED. ) ;
#10532 = B_SPLINE_CURVE_WITH_KNOTS ( 'NONE', 3,
 ( #1368, #6200, #3632, #10139 ),
 .UNSPECIFIED., .F., .F.,
 ( 4, 4 ),
 ( 2.034489219220365125E-07, 0.0001528154345930491493 ),
 .UNSPECIFIED. ) ;
#10533 = VERTEX_POINT ( 'NONE', #3527 ) ;
#10534 = DIRECTION ( 'NONE',  ( 0.000000000000000000, 0.000000000000000000, 1.000000000000000000 ) ) ;
#10535 = EDGE_LOOP ( 'NONE', ( #7364, #3924, #4088, #6419 ) ) ;
#10536 = DIRECTION ( 'NONE',  ( -0.000000000000000000, -0.000000000000000000, 1.000000000000000000 ) ) ;
#10537 = CIRCLE ( 'NONE', #5937, 0.6500000000000000222 ) ;
#10538 = FACE_OUTER_BOUND ( 'NONE', #6869, .T. ) ;
#10539 = CARTESIAN_POINT ( 'NONE',  ( -3.040000000000000036, 2.540000000000000036, 2.450000000000000178 ) ) ;
#10540 = ADVANCED_FACE ( 'NONE', ( #10200 ), #9405, .T. ) ;
#10541 = CARTESIAN_POINT ( 'NONE',  ( 0.1441063982436922297, 0.6594379015382956233, -4.220000000000000639 ) ) ;
#10542 = EDGE_LOOP ( 'NONE', ( #2977, #8686, #5726, #6324 ) ) ;
#10543 = AXIS2_PLACEMENT_3D ( 'NONE', #10120, #2091, #2770 ) ;
#10544 = ORIENTED_EDGE ( 'NONE', *, *, #524, .T. ) ;
#10545 = CARTESIAN_POINT ( 'NONE',  ( 0.000000000000000000, 0.000000000000000000, -4.370000000000000107 ) ) ;
#10546 = ORIENTED_EDGE ( 'NONE', *, *, #2957, .T. ) ;
#10547 = DIRECTION ( 'NONE',  ( -0.000000000000000000, -0.000000000000000000, -1.000000000000000000 ) ) ;
#10548 = FACE_OUTER_BOUND ( 'NONE', #9030, .T. ) ;
#10549 = CARTESIAN_POINT ( 'NONE',  ( 1.778779524647196464, -2.104449124323786169, -8.240643197008052923 ) ) ;
#10550 = CARTESIAN_POINT ( 'NONE',  ( -3.114926364599339248, -6.070556684458046565E-06, -5.891798313444852830 ) ) ;
#10551 = ORIENTED_EDGE ( 'NONE', *, *, #9987, .F. ) ;
#10552 = ORIENTED_EDGE ( 'NONE', *, *, #905, .F. ) ;
#10553 = NEXT_ASSEMBLY_USAGE_OCCURRENCE ( 'NAUO1', ' ', ' ', #9306, #5840, $ ) ;
#10554 = NEXT_ASSEMBLY_USAGE_OCCURRENCE ( 'NAUO2', ' ', ' ', #9306, #8519, $ ) ;
#10555 = NEXT_ASSEMBLY_USAGE_OCCURRENCE ( 'NAUO3', ' ', ' ', #9306, #2854, $ ) ;
ENDSEC;
END-ISO-10303-21;
